Club ID,Club Name,Rotaract Club Name,Rotaract Club ID,Rotaract Club Status,Rotaract Club Base,Country/Geographic Area,Sponsor Clubs,President / Advisor Term Reported,District,Zone,RI Zone,Total Reported Members,Arrears,Officers,isArrears,outstanding,outstandingUSD,outstandingINR,isAtRisk,isNoOfficers,officerRole,officerLastReported,myRotaryAccount,trfTotal,trfAnnual,trfPolio,trfOther,trfEndowment,afPerCapita,isNewClub,charterDate,charterMembers,sponsoredInteractClubs,sponsoredInteractCount
8824847,Aarupadai Veedu Medical College & Hospital,Aarupadai Veedu Medical College & Hospital,8824847,Active,University,India,Pondicherry Beach Town (Rotary),2022 - 2023,2981,Zone 5,Zone 5,1,Yes,No,TRUE,2018,21.02,2018,FALSE,TRUE,Rotaract President,2022 - 2023,N,0,0,0,0,0,0,FALSE,,0,,0
8824656,A.D.M. College for Women,A.D.M. College for Women,8824656,Active,University,India,Nagapattinam (Rotary),2021 - 2022,2981,Zone 5,Zone 5,1,No,No,FALSE,0,0,0,FALSE,TRUE,Rotaract President,2021 - 2022,N,0,0,0,0,0,0,FALSE,,0,,0
8828530,A. G. Padmavathi College of Nursing,A. G. Padmavathi College of Nursing,8828530,Active,University,India,Puducherry City (Rotary),2026 - 2027,2981,Zone 5,Zone 5,20,No,Yes,FALSE,0,0,0,FALSE,FALSE,N/A,N/A,N/A,0,0,0,0,0,0,FALSE,,0,,0
8824022,Arvindar Arts and Science College,Arvindar Arts and Science College,8824022,Active,University,India,Pondicherry Agaram (Rotary),2021 - 2022,2981,Zone 5,Zone 5,1,Yes,No,TRUE,531,5.53,531,FALSE,TRUE,Rotaract President,2021 - 2022,N,0,0,0,0,0,0,FALSE,,0,,0
91146,A.V.C. Polytechnic College,A.V.C. Polytechnic College,91146,Active,University,India,Mayiladuthurai Kings (Rotary),2019 - 2020,2981,Zone 5,Zone 5,3,Yes,No,TRUE,6053,63.05,6053,FALSE,TRUE,Rotaract President,2019 - 2020,N,0,0,0,0,0,0,FALSE,,0,,0
217173,Avvaiyar Govt. College for Women,Avvaiyar Govt. College for Women,217173,Active,University,India,Karaikal (Rotary),2019 - 2020,2981,Zone 5,Zone 5,1,Yes,No,TRUE,2018,21.02,2018,FALSE,TRUE,Rotaract President,2019 - 2020,N,0,0,0,0,0,0,FALSE,,0,,0
8828003,A.V.V.M. Sri Pushpam College,A.V.V.M. Sri Pushpam College,8828003,Active,University,India,Thanjavur Mid-Town (Rotary),2026 - 2027,2981,Zone 5,Zone 5,19,No,Yes,FALSE,0,0,0,FALSE,FALSE,N/A,N/A,N/A,0,0,0,0,0,0,FALSE,,0,,0
8824269,Best Arts and Science College,Best Arts and Science College,8824269,Active,University,India,Sirkali (Rotary),2021 - 2022,2981,Zone 5,Zone 5,1,No,No,FALSE,0,0,0,FALSE,TRUE,Rotaract President,2021 - 2022,N,0,0,0,0,0,0,FALSE,,0,,0
8824648,Bharath College of Science & Management,Bharath College of Science & Management,8824648,Active,University,India,Thanjavur Granary (Rotary),2021 - 2022,2981,Zone 5,Zone 5,1,Yes,No,TRUE,2018,21.02,2018,FALSE,TRUE,Rotaract President,2021 - 2022,N,0,0,0,0,0,0,FALSE,,0,,0
8823534,"Bharathidasan Government College for Women, Puducherry","Bharathidasan Government College for Women, Puducherry",8823534,Active,University,India,Pondicherry Eves (Rotary),2020 - 2021,2981,Zone 5,Zone 5,1,Yes,No,TRUE,531,5.53,531,FALSE,TRUE,Rotaract President,2020 - 2021,N,0,0,0,0,0,0,FALSE,,0,,0
218701,Bhuvanagiri Ragavendhra,Bhuvanagiri Ragavendhra,218701,Active,Community,India,,2020 - 2021,2981,Zone 5,Zone 5,1,Yes,No,TRUE,3228,33.63,3228,FALSE,TRUE,Rotaract President,2020 - 2021,N,0,0,0,0,0,0,FALSE,,0,,0
8823823,"Bon Secours Arts & Science College For Women, Mannargudi","Bon Secours Arts & Science College For Women, Mannargudi",8823823,Active,University,India,Mannargudi Mid Town (Rotary),2020 - 2021,2981,Zone 5,Zone 5,1,Yes,No,TRUE,2018,21.02,2018,FALSE,TRUE,Rotaract President,2020 - 2021,N,0,0,0,0,0,0,FALSE,,0,,0
8828028,Bon Secours College for Women Thanjavur,Bon Secours College for Women Thanjavur,8828028,Active,University,India,Thanjavur South (Rotary),2026 - 2027,2981,Zone 5,Zone 5,20,No,Yes,FALSE,0,0,0,FALSE,FALSE,N/A,N/A,N/A,0,0,0,0,0,0,FALSE,,0,,0
8824874,Bon Secours-Literati,Bon Secours-Literati,8824874,Active,University,India,Thanjavur Granary (Rotary),2022 - 2023,2981,Zone 5,Zone 5,1,Yes,No,TRUE,2018,21.02,2018,FALSE,TRUE,Rotaract President,2022 - 2023,N,0,0,0,0,0,0,FALSE,,0,,0
8824590,B.P.J College of Arts & Science,B.P.J College of Arts & Science,8824590,Active,University,India,Srimushnam (Rotary),2021 - 2022,2981,Zone 5,Zone 5,1,Yes,No,TRUE,2018,21.02,2018,FALSE,TRUE,Rotaract President,2021 - 2022,N,0,0,0,0,0,0,FALSE,,0,,0
218035,CSM College of Arts & Science,CSM College of Arts & Science,218035,Active,University,India,Vridhachalam (Rotary),2019 - 2020,2981,Zone 5,Zone 5,1,Yes,No,TRUE,2018,21.02,2018,FALSE,TRUE,Rotaract President,2019 - 2020,N,0,0,0,0,0,0,FALSE,,0,,0
8827767,Cuddalore Waves,Cuddalore Waves,8827767,Active,Community,India,Cuddalore Central (Rotary); Cuddalore Coastal City (Rotary),2026 - 2027,2981,Zone 5,Zone 5,17,Yes,Yes,TRUE,14443,150.45,14443,TRUE,FALSE,N/A,N/A,N/A,0,0,0,0,0,0,FALSE,,0,,0
8825038,Dhamapuram Adhinam Arts College,Dhamapuram Adhinam Arts College,8825038,Active,University,India,Mayiladuthurai (Rotary),2022 - 2023,2981,Zone 5,Zone 5,1,Yes,No,TRUE,531,5.53,531,FALSE,TRUE,Rotaract President,2022 - 2023,N,0,0,0,0,0,0,FALSE,,0,,0
217872,"Dr. Kalam Polytechnic College, Avanam","Dr. Kalam Polytechnic College, Avanam",217872,Active,University,India,Pattukkottai (Rotary),2019 - 2020,2981,Zone 5,Zone 5,1,Yes,No,TRUE,2018,21.02,2018,FALSE,TRUE,Rotaract President,2019 - 2020,N,0,0,0,0,0,0,FALSE,,0,,0
8828177,Dr. M.S. Swaminathan Agricultural College and Research Institute Thanjavur,Dr. M.S. Swaminathan Agricultural College and Research Institute Thanjavur,8828177,Active,University,India,Thanjavur Heritage (Rotary),2026 - 2027,2981,Zone 5,Zone 5,20,No,Yes,FALSE,0,0,0,FALSE,FALSE,N/A,N/A,N/A,0,0,0,0,0,0,FALSE,,0,,0
217505,Engineering and Technology Annamalai Nagar,Engineering and Technology Annamalai Nagar,217505,Active,University,India,Chidambaram (Rotary),2019 - 2020,2981,Zone 5,Zone 5,1,Yes,No,TRUE,2018,21.02,2018,FALSE,TRUE,Rotaract President,2019 - 2020,N,0,0,0,0,0,0,FALSE,,0,,0
8826662,God City Kumbakonam,God City Kumbakonam,8826662,Active,Community,India,,2025 - 2026,2981,Zone 5,Zone 5,15,Yes,No,TRUE,18340,191.04,18340,TRUE,TRUE,Rotaract President,2025 - 2026,N,0,0,0,0,0,0,FALSE,,0,,0
8828499,Idhaya College for Women Kumbakonam,Idhaya College for Women Kumbakonam,8828499,Active,University,India,Kumbakonam Sakthi (Rotary),2026 - 2027,2981,Zone 5,Zone 5,13,No,Yes,FALSE,0,0,0,FALSE,FALSE,N/A,N/A,N/A,0,0,0,0,0,0,FALSE,,0,,0
8823811,Idhaya College of Arts & Science for Women,Idhaya College of Arts & Science for Women,8823811,Active,University,India,Pondicherry Eves (Rotary),2020 - 2021,2981,Zone 5,Zone 5,1,Yes,No,TRUE,1039,10.82,1039,FALSE,TRUE,Rotaract President,2020 - 2021,N,0,0,0,0,0,0,FALSE,,0,,0
8827706,Indira Gandhi Medical College & Research Institute,Indira Gandhi Medical College & Research Institute,8827706,Active,University,India,Pondicherry Beach Town (Rotary),2026 - 2027,2981,Zone 5,Zone 5,18,Yes,Yes,TRUE,12744,132.75,12744,TRUE,FALSE,N/A,N/A,N/A,0,0,0,0,0,0,FALSE,,0,,0
8824780,Indirani College Of Nursing,Indirani College Of Nursing,8824780,Active,University,India,Nagapattinam Holytown (Rotary),2022 - 2023,2981,Zone 5,Zone 5,1,Yes,No,TRUE,2018,21.02,2018,FALSE,TRUE,Rotaract President,2022 - 2023,N,0,0,0,0,0,0,FALSE,,0,,0
8827978,Kasturba Gandhi Nursing College,Kasturba Gandhi Nursing College,8827978,Active,University,India,Pondicherry Central (Rotary),2026 - 2027,2981,Zone 5,Zone 5,21,No,Yes,FALSE,0,0,0,FALSE,FALSE,N/A,N/A,N/A,0,0,0,0,0,0,FALSE,,0,,0
8824167,Konagarnadu Sakthi,Konagarnadu Sakthi,8824167,Active,University,India,Kumbakonam Sakthi (Rotary),2021 - 2022,2981,Zone 5,Zone 5,1,Yes,No,TRUE,1039,10.82,1039,FALSE,TRUE,Rotaract President,2021 - 2022,N,0,0,0,0,0,0,FALSE,,0,,0
8824653,Kurinjipadi,Kurinjipadi,8824653,Active,University,India,Vadalur Central (Rotary),2021 - 2022,2981,Zone 5,Zone 5,1,Yes,No,TRUE,2018,21.02,2018,FALSE,TRUE,Rotaract President,2021 - 2022,N,0,0,0,0,0,0,FALSE,,0,,0
8824468,Marutu Pandiyar College,Marutu Pandiyar College,8824468,Active,University,India,Thanjavur Kings (Rotary),2021 - 2022,2981,Zone 5,Zone 5,1,Yes,No,TRUE,2018,21.02,2018,FALSE,TRUE,Rotaract President,2021 - 2022,N,0,0,0,0,0,0,FALSE,,0,,0
218694,Meyyathur,Meyyathur,218694,Active,Community,India,Chidambaram Central (Rotary),2020 - 2021,2981,Zone 5,Zone 5,1,Yes,No,TRUE,3228,33.63,3228,FALSE,TRUE,Rotaract President,2020 - 2021,N,0,0,0,0,0,0,FALSE,,0,,0
8824108,Mother Teresa Nursing College,Mother Teresa Nursing College,8824108,Active,University,India,Pondicherry Auro City (Rotary),2021 - 2022,2981,Zone 5,Zone 5,1,Yes,No,TRUE,531,5.53,531,FALSE,TRUE,Rotaract President,2021 - 2022,N,0,0,0,0,0,0,FALSE,,0,,0
213168,M.R.G. Arts College Mannargudi,M.R.G. Arts College Mannargudi,213168,Active,University,India,Mannargudi Mid Town (Rotary),2019 - 2020,2981,Zone 5,Zone 5,2,Yes,No,TRUE,4035,42.03,4035,FALSE,TRUE,Rotaract President,2019 - 2020,N,0,0,0,0,0,0,FALSE,,0,,0
8825010,M R K Arts and Science College,M R K Arts and Science College,8825010,Active,University,India,Katturmannarkoil Galaxy (Rotary),2022 - 2023,2981,Zone 5,Zone 5,1,Yes,No,TRUE,2018,21.02,2018,FALSE,TRUE,Rotaract President,2022 - 2023,N,0,0,0,0,0,0,FALSE,,0,,0
8827976,MVIT (MBA) Pondicherry,MVIT (MBA) Pondicherry,8827976,Active,University,India,Pondicherry Divine City (Rotary),2026 - 2027,2981,Zone 5,Zone 5,12,No,Yes,FALSE,0,0,0,FALSE,FALSE,N/A,N/A,N/A,0,0,0,0,0,0,FALSE,,0,,0
8825000,National Institute of Technology Puducherry,National Institute of Technology Puducherry,8825000,Active,University,India,Karaikal (Rotary),2022 - 2023,2981,Zone 5,Zone 5,1,Yes,No,TRUE,2018,21.02,2018,FALSE,TRUE,Rotaract President,2022 - 2023,N,0,0,0,0,0,0,FALSE,,0,,0
8824168,Pattukkottai,Pattukkottai,8824168,Active,Community,India,Pattukkottai (Rotary),2021 - 2022,2981,Zone 5,Zone 5,1,Yes,No,TRUE,2445,25.47,2445,FALSE,TRUE,Rotaract President,2021 - 2022,N,0,0,0,0,0,0,FALSE,,0,,0
217698,PERUNTHALAIVAR KAMARAJAR COLLEGE OF EDUCATION,PERUNTHALAIVAR KAMARAJAR COLLEGE OF EDUCATION,217698,Active,University,India,Karaikal Centennial (Rotary),2019 - 2020,2981,Zone 5,Zone 5,1,Yes,No,TRUE,2018,21.02,2018,FALSE,TRUE,Rotaract President,2019 - 2020,N,0,0,0,0,0,0,FALSE,,0,,0
8824298,Physiotherapy SBV University,Physiotherapy SBV University,8824298,Active,University,India,Pondicherry Heritage (Rotary),2021 - 2022,2981,Zone 5,Zone 5,2,Yes,No,TRUE,4035,42.03,4035,FALSE,TRUE,Rotaract President,2021 - 2022,N,0,0,0,0,0,0,FALSE,,0,,0
8828473,Pondicherry Alpha League,Pondicherry Alpha League,8828473,Active,Community,India,Pondicherry Eves (Rotary),2026 - 2027,2981,Zone 5,Zone 5,21,No,Yes,FALSE,0,0,0,FALSE,FALSE,N/A,N/A,N/A,0,0,0,0,0,0,FALSE,,0,,0
8823979,Pondicherry Beachtown,Pondicherry Beachtown,8823979,Active,Community,India,Pondicherry Beach Town (Rotary),2021 - 2022,2981,Zone 5,Zone 5,1,Yes,No,TRUE,3228,33.63,3228,FALSE,TRUE,Rotaract President,2021 - 2022,N,0,0,0,0,0,0,FALSE,,0,,0
8824848,Pondicherry Celebrities,Pondicherry Celebrities,8824848,Active,University,India,Pondicherry Beach Town (Rotary),2026 - 2027,2981,Zone 5,Zone 5,3,No,Yes,FALSE,0,0,0,FALSE,FALSE,N/A,N/A,N/A,0,0,0,0,0,0,FALSE,,0,,0
8824169,Pondicherry Cosmos,Pondicherry Cosmos,8824169,Active,Community,India,Pondicherry-Cosmos (Rotary),2021 - 2022,2981,Zone 5,Zone 5,1,Yes,No,TRUE,3228,33.63,3228,FALSE,TRUE,Rotaract President,2021 - 2022,N,0,0,0,0,0,0,FALSE,,0,,0
8824119,Pondicherry Engineering College,Pondicherry Engineering College,8824119,Active,University,India,Pondicherry Auro City (Rotary),2021 - 2022,2981,Zone 5,Zone 5,1,Yes,No,TRUE,531,5.53,531,FALSE,TRUE,Rotaract President,2021 - 2022,N,0,0,0,0,0,0,FALSE,,0,,0
8823990,Pondicherry River,Pondicherry River,8823990,Active,University,India,Pondicherry (Rotary),2021 - 2022,2981,Zone 5,Zone 5,1,Yes,No,TRUE,531,5.53,531,FALSE,TRUE,Rotaract President,2021 - 2022,N,0,0,0,0,0,0,FALSE,,0,,0
8828361,Pope John Paul II College of Education,Pope John Paul II College of Education,8828361,Active,University,India,Pondicherry Shine (Rotary),2026 - 2027,2981,Zone 5,Zone 5,12,No,Yes,FALSE,0,0,0,FALSE,FALSE,N/A,N/A,N/A,0,0,0,0,0,0,FALSE,,0,,0
8824787,Prime College of Architecture and Planning,Prime College of Architecture and Planning,8824787,Active,University,India,Pondicherry Agaram (Rotary),2022 - 2023,2981,Zone 5,Zone 5,1,Yes,No,TRUE,2018,21.02,2018,FALSE,TRUE,Rotaract President,2022 - 2023,N,0,0,0,0,0,0,FALSE,,0,,0
217629,PRIST,PRIST,217629,Active,University,India,Kumbakonam Midtown (Rotary),2019 - 2020,2981,Zone 5,Zone 5,1,Yes,No,TRUE,2018,21.02,2018,FALSE,TRUE,Rotaract President,2019 - 2020,N,0,0,0,0,0,0,FALSE,,0,,0
217623,PRPOLY,PRPOLY,217623,Active,University,India,Kumbakonam Midtown (Rotary),2019 - 2020,2981,Zone 5,Zone 5,1,Yes,No,TRUE,2018,21.02,2018,FALSE,TRUE,Rotaract President,2019 - 2020,N,0,0,0,0,0,0,FALSE,,0,,0
8824268,"PS.PT MGR Govt Arts and Science College, Puthur","PS.PT MGR Govt Arts and Science College, Puthur",8824268,Active,University,India,Sirkali (Rotary),2021 - 2022,2981,Zone 5,Zone 5,1,No,No,FALSE,0,0,0,FALSE,TRUE,Rotaract President,2021 - 2022,N,0,0,0,0,0,0,FALSE,,0,,0
8824121,Saradha Gangadharan College,Saradha Gangadharan College,8824121,Active,University,India,Pondicherry Auro City (Rotary),2021 - 2022,2981,Zone 5,Zone 5,1,Yes,No,TRUE,531,5.53,531,FALSE,TRUE,Rotaract President,2021 - 2022,N,0,0,0,0,0,0,FALSE,,0,,0
8824654,Sir Issac Newton College of Engineering and Technology,Sir Issac Newton College of Engineering and Technology,8824654,Active,University,India,Nagapattinam (Rotary),2021 - 2022,2981,Zone 5,Zone 5,1,No,No,FALSE,0,0,0,FALSE,TRUE,Rotaract President,2021 - 2022,N,0,0,0,0,0,0,FALSE,,0,,0
217306,SJCET Thanjavur,SJCET Thanjavur,217306,Active,University,India,Thanjavur Cosmos (Rotary),2019 - 2020,2981,Zone 5,Zone 5,1,Yes,No,TRUE,2018,21.02,2018,FALSE,TRUE,Rotaract President,2019 - 2020,N,0,0,0,0,0,0,FALSE,,0,,0
8824272,Srinivasa Subbaraya Government Polytechnic College,Srinivasa Subbaraya Government Polytechnic College,8824272,Active,University,India,Sirkali (Rotary),2021 - 2022,2981,Zone 5,Zone 5,1,No,No,FALSE,0,0,0,FALSE,TRUE,Rotaract President,2021 - 2022,N,0,0,0,0,0,0,FALSE,,0,,0
8824582,Sri Raghavendra School of Nursing,Sri Raghavendra School of Nursing,8824582,Active,University,India,Nagapattinam Holytown (Rotary),2021 - 2022,2981,Zone 5,Zone 5,1,Yes,No,TRUE,2018,21.02,2018,FALSE,TRUE,Rotaract President,2021 - 2022,N,0,0,0,0,0,0,FALSE,,0,,0
8824471,Sri Venkateshwaraa Medical College Hospital & Research Centre,Sri Venkateshwaraa Medical College Hospital & Research Centre,8824471,Active,University,India,Pondicherry Eves (Rotary),2021 - 2022,2981,Zone 5,Zone 5,1,Yes,No,TRUE,2018,21.02,2018,FALSE,TRUE,Rotaract President,2021 - 2022,N,0,0,0,0,0,0,FALSE,,0,,0
8823721,Sri Venkateshwara College of Engineering & Technology,Sri Venkateshwara College of Engineering & Technology,8823721,Active,University,India,Pondicherry Beach Town (Rotary),2020 - 2021,2981,Zone 5,Zone 5,1,Yes,No,TRUE,2018,21.02,2018,FALSE,TRUE,Rotaract President,2020 - 2021,N,0,0,0,0,0,0,FALSE,,0,,0
217466,STET Women's College,STET Women's College,217466,Active,University,India,Mannargudi (Rotary),2019 - 2020,2981,Zone 5,Zone 5,1,Yes,No,TRUE,2018,21.02,2018,FALSE,TRUE,Rotaract President,2019 - 2020,N,0,0,0,0,0,0,FALSE,,0,,0
8827972,St. Joseph College of Arts and Science Cuddalore,St. Joseph College of Arts and Science Cuddalore,8827972,Active,University,India,Cuddalore (Rotary),2026 - 2027,2981,Zone 5,Zone 5,20,No,Yes,FALSE,0,0,0,FALSE,FALSE,N/A,N/A,N/A,0,0,0,0,0,0,FALSE,,0,,0
217307,Thanjavur AVASC,Thanjavur AVASC,217307,Active,University,India,Thanjavur Cosmos (Rotary),2019 - 2020,2981,Zone 5,Zone 5,1,Yes,No,TRUE,2018,21.02,2018,FALSE,TRUE,Rotaract President,2019 - 2020,N,0,0,0,0,0,0,FALSE,,0,,0
8825011,Vadalur Poosalikuppam,Vadalur Poosalikuppam,8825011,Active,University,India,Vadalur (Rotary),2022 - 2023,2981,Zone 5,Zone 5,1,Yes,No,TRUE,2018,21.02,2018,FALSE,TRUE,Rotaract President,2022 - 2023,N,0,0,0,0,0,0,FALSE,,0,,0
215940,Vaigarai Community College,Vaigarai Community College,215940,Active,University,India,Thiruvaiyaru (Rotary),2019 - 2020,2981,Zone 5,Zone 5,1,No,No,FALSE,0,0,0,FALSE,TRUE,Rotaract President,2019 - 2020,N,0,0,0,0,0,0,FALSE,,0,,0
8824273,Vasanthamurugu Polytechnic College,Vasanthamurugu Polytechnic College,8824273,Active,University,India,Sirkali (Rotary),2021 - 2022,2981,Zone 5,Zone 5,1,No,No,FALSE,0,0,0,FALSE,TRUE,Rotaract President,2021 - 2022,N,0,0,0,0,0,0,FALSE,,0,,0
218166,Venkateswara Educational Institutions,Venkateswara Educational Institutions,218166,Active,Community,India,Kumbakonam (Rotary),2019 - 2020,2981,Zone 5,Zone 5,1,Yes,No,TRUE,3228,33.63,3228,FALSE,TRUE,Rotaract President,2019 - 2020,N,0,0,0,0,0,0,FALSE,,0,,0
8824315,Vivekanandha Arts & Science College for Women,Vivekanandha Arts & Science College for Women,8824315,Active,University,India,Sirkali (Rotary),2021 - 2022,2981,Zone 5,Zone 5,1,No,No,FALSE,0,0,0,FALSE,TRUE,Rotaract President,2021 - 2022,N,0,0,0,0,0,0,FALSE,,0,,0
8827242,Angels College of Education,Angels College of Education,8827242,Active,University,India,Namakkal Poultry Town (Rotary),2026 - 2027,2982,Zone 5,Zone 5,20,Yes,Yes,TRUE,10620,110.63,10620,TRUE,FALSE,N/A,N/A,N/A,0,0,0,0,0,0,FALSE,,0,,0
8828171,Bharathi Women's College,Bharathi Women's College,8828171,Active,University,India,Kallakurichi (Rotary),2026 - 2027,2982,Zone 5,Zone 5,12,No,Yes,FALSE,0,0,0,FALSE,FALSE,N/A,N/A,N/A,0,0,0,0,0,0,FALSE,,0,,0
215368,Dhirajlal Gandhi College of Technology,Dhirajlal Gandhi College of Technology,215368,Active,University,India,Salem Smart City (Rotary),2019 - 2020,2982,Zone 5,Zone 5,3,Yes,No,TRUE,6053,63.05,6053,FALSE,TRUE,Rotaract President,2019 - 2020,N,0,0,0,0,0,0,FALSE,,0,,0
68825,Dr. Hahnemann Homeopathy Medical College & Research C.,Dr. Hahnemann Homeopathy Medical College & Research C.,68825,Active,University,India,Rasipuram (Rotary),2022 - 2023,2982,Zone 5,Zone 5,12,No,No,FALSE,0,0,0,FALSE,TRUE,Rotaract President,2022 - 2023,N,0,0,0,0,0,0,FALSE,,0,,0
8826388,Government Arts and Science College Sendamangalam,Government Arts and Science College Sendamangalam,8826388,Active,University,India,Rasipuram (Rotary),2024 - 2025,2982,Zone 5,Zone 5,15,No,No,FALSE,0,0,0,FALSE,TRUE,Rotaract President,2024 - 2025,N,0,0,0,0,0,0,FALSE,,0,,0
8828432,Hosur,Hosur,8828432,Active,Community,India,Hosur (Rotary),2026 - 2027,2982,Zone 5,Zone 5,22,No,Yes,FALSE,0,0,0,FALSE,FALSE,N/A,N/A,N/A,0,0,0,0,0,0,FALSE,,0,,0
8828622,Hosur Dynamic,Hosur Dynamic,8828622,Active,Community,India,Hosur Legends (Rotary),2026 - 2027,2982,Zone 5,Zone 5,14,No,Yes,FALSE,0,0,0,FALSE,FALSE,N/A,N/A,N/A,0,0,0,0,0,0,TRUE,10-Aug-2026,14,,0
8826466,Hosur Midtown Youngsters,Hosur Midtown Youngsters,8826466,Active,Community,India,Hosur Midtown (Rotary),2026 - 2027,2982,Zone 5,Zone 5,13,Yes,Yes,TRUE,14452,150.54,14452,TRUE,FALSE,N/A,N/A,N/A,0,0,0,0,0,0,FALSE,,0,,0
8827524,Idappadi,Idappadi,8827524,Active,Community,India,Idappadi (Rotary),2026 - 2027,2982,Zone 5,Zone 5,19,No,Yes,FALSE,0,0,0,FALSE,FALSE,N/A,N/A,N/A,0,0,0,0,0,0,FALSE,,0,,0
217206,Jalakandapuram,Jalakandapuram,217206,Active,Community,India,Jalakandapuram (Rotary),2026 - 2027,2982,Zone 5,Zone 5,16,No,Yes,FALSE,0,0,0,FALSE,FALSE,N/A,N/A,N/A,0,0,0,0,0,0,FALSE,,0,,0
8827145,Jayarani Arts and Science College for Women,Jayarani Arts and Science College for Women,8827145,Active,University,India,Salem Junction (Rotary),2026 - 2027,2982,Zone 5,Zone 5,32,No,Yes,FALSE,0,0,0,FALSE,FALSE,N/A,N/A,N/A,0,0,0,0,0,0,FALSE,,0,,0
8827624,Kailash Women's College,Kailash Women's College,8827624,Active,University,India,Jalakandapuram (Rotary),2026 - 2027,2982,Zone 5,Zone 5,16,Yes,Yes,TRUE,8496,88.5,8496,TRUE,FALSE,N/A,N/A,N/A,0,0,0,0,0,0,FALSE,,0,,0
92193,Knowledge Institute of Technology,Knowledge Institute of Technology,92193,Active,University,India,Salem Mid-Town (Rotary),2026 - 2027,2982,Zone 5,Zone 5,12,No,Yes,FALSE,0,0,0,FALSE,FALSE,N/A,N/A,N/A,0,0,0,0,0,0,FALSE,,0,,0
8826185,K. S. Rangasamy College of Arts and Science,K. S. Rangasamy College of Arts and Science,8826185,Active,University,India,Tiruchengodu Hi-Tech (Rotary),2025 - 2026,2982,Zone 5,Zone 5,12,Yes,No,TRUE,6372,66.38,6372,FALSE,TRUE,Rotaract President,2025 - 2026,N,0,0,0,0,0,0,FALSE,,0,,0
8826183,K. S. Rangasamy College of Technology,K. S. Rangasamy College of Technology,8826183,Active,University,India,Tiruchengodu Hi-Tech (Rotary),2024 - 2025,2982,Zone 5,Zone 5,12,No,No,FALSE,0,0,0,FALSE,TRUE,Rotaract President,2024 - 2025,N,0,0,0,0,0,0,FALSE,,0,,0
8826186,K. S. Rangasamy Institute of Technology,K. S. Rangasamy Institute of Technology,8826186,Active,University,India,Tiruchengodu Hi-Tech (Rotary),2024 - 2025,2982,Zone 5,Zone 5,12,Yes,No,TRUE,7302,76.06,7302,TRUE,TRUE,Rotaract President,2024 - 2025,N,0,0,0,0,0,0,FALSE,,0,,0
8826179,K. S. R. College of Arts and Science for Women,K. S. R. College of Arts and Science for Women,8826179,Active,University,India,Komarapalayam (Rotary),2025 - 2026,2982,Zone 5,Zone 5,12,Yes,No,TRUE,6372,66.38,6372,FALSE,TRUE,Rotaract President,2025 - 2026,N,0,0,0,0,0,0,FALSE,,0,,0
8826184,K. S. R. College of Engineering,K. S. R. College of Engineering,8826184,Active,University,India,Komarapalayam (Rotary),2025 - 2026,2982,Zone 5,Zone 5,12,Yes,No,TRUE,6372,66.38,6372,FALSE,TRUE,Rotaract President,2025 - 2026,N,0,0,0,0,0,0,FALSE,,0,,0
8826180,K. S. R. College of Nursing and Allied Health Science,K. S. R. College of Nursing and Allied Health Science,8826180,Active,University,India,Tiruchengodu Hi-Tech (Rotary),2025 - 2026,2982,Zone 5,Zone 5,12,Yes,No,TRUE,7302,76.06,7302,TRUE,TRUE,Rotaract President,2025 - 2026,N,0,0,0,0,0,0,FALSE,,0,,0
8826204,K. S. R. Institute for Engineering and Technology,K. S. R. Institute for Engineering and Technology,8826204,Active,University,India,Komarapalayam (Rotary),2025 - 2026,2982,Zone 5,Zone 5,13,Yes,No,TRUE,6903,71.91,6903,FALSE,TRUE,Rotaract President,2025 - 2026,N,0,0,0,0,0,0,FALSE,,0,,0
8826181,K. S. R. Institute of Dental Science and Research,K. S. R. Institute of Dental Science and Research,8826181,Active,University,India,Tiruchengodu Hi-Tech (Rotary),2025 - 2026,2982,Zone 5,Zone 5,12,Yes,No,TRUE,6372,66.38,6372,FALSE,TRUE,Rotaract President,2025 - 2026,N,0,0,0,0,0,0,FALSE,,0,,0
8827527,Mettur Dam City,Mettur Dam City,8827527,Active,Community,India,Mettur Dam City (Rotary),2026 - 2027,2982,Zone 5,Zone 5,15,No,Yes,FALSE,0,0,0,FALSE,FALSE,N/A,N/A,N/A,0,0,0,0,0,0,FALSE,,0,,0
8828031,Mettur Government Arts and Science College,Mettur Government Arts and Science College,8828031,Active,University,India,Mettur Dam City (Rotaract),2026 - 2027,2982,Zone 5,Zone 5,25,No,Yes,FALSE,0,0,0,FALSE,FALSE,N/A,N/A,N/A,0,0,0,0,0,0,FALSE,,0,,0
8827493,Mettur Grand,Mettur Grand,8827493,Active,Community,India,Mettur Grand (Rotary),2026 - 2027,2982,Zone 5,Zone 5,12,Yes,Yes,TRUE,10195,106.2,10195,TRUE,FALSE,N/A,N/A,N/A,0,0,0,0,0,0,FALSE,,0,,0
8828128,Muruga Polytechnic College,Muruga Polytechnic College,8828128,Active,University,India,Kallakurichi (Rotary),2026 - 2027,2982,Zone 5,Zone 5,12,No,Yes,FALSE,0,0,0,FALSE,FALSE,N/A,N/A,N/A,0,0,0,0,0,0,FALSE,,0,,0
8826589,Namakkal,Namakkal,8826589,Active,Community,India,Namakkal Evergreen City (Rotary),2025 - 2026,2982,Zone 5,Zone 5,12,Yes,No,TRUE,10195,106.2,10195,TRUE,TRUE,Rotaract President,2025 - 2026,N,0,0,0,0,0,0,FALSE,,0,,0
8827246,NKR Government Arts College for Women,NKR Government Arts College for Women,8827246,Active,University,India,Namakkal Poultry Town (Rotary),2026 - 2027,2982,Zone 5,Zone 5,21,Yes,Yes,TRUE,11151,116.16,11151,TRUE,FALSE,N/A,N/A,N/A,0,0,0,0,0,0,FALSE,,0,,0
8825242,Phoenix Vizhigal,Phoenix Vizhigal,8825242,Active,Community,India,Salem Phoenix (Rotary),2024 - 2025,2982,Zone 5,Zone 5,24,Yes,No,TRUE,20390,212.4,20390,TRUE,TRUE,Rotaract President,2024 - 2025,N,0,0,0,0,0,0,FALSE,,0,,0
8827055,Salem,Salem,8827055,Active,Community,India,Salem (Rotary),2026 - 2027,2982,Zone 5,Zone 5,14,No,Yes,FALSE,0,0,0,FALSE,FALSE,N/A,N/A,N/A,0,0,0,0,0,0,FALSE,,0,,0
8827068,Salem Central,Salem Central,8827068,Active,Community,India,Salem Central (Rotary),2026 - 2027,2982,Zone 5,Zone 5,18,Yes,Yes,TRUE,17143,178.57,17143,TRUE,FALSE,N/A,N/A,N/A,0,0,0,0,0,0,FALSE,,0,,0
8824120,Salem Gems,Salem Gems,8824120,Active,Community,India,Salem (Rotary),2026 - 2027,2982,Zone 5,Zone 5,11,No,Yes,FALSE,0,0,0,FALSE,FALSE,N/A,N/A,N/A,0,0,0,0,0,0,FALSE,,0,,0
222275,Salem Gugai,Salem Gugai,222275,Active,Community,India,Salem Gugai (Rotary),2026 - 2027,2982,Zone 5,Zone 5,19,No,Yes,FALSE,0,0,0,FALSE,FALSE,N/A,N/A,N/A,0,0,0,0,0,0,FALSE,,0,,0
8826592,Salem Metropolis,Salem Metropolis,8826592,Active,Community,India,Salem Metropolis (Rotary),2026 - 2027,2982,Zone 5,Zone 5,11,No,Yes,FALSE,0,0,0,FALSE,FALSE,N/A,N/A,N/A,0,0,0,0,0,0,FALSE,,0,,0
8826803,Salem Midtown,Salem Midtown,8826803,Active,Community,India,Salem Mid-Town (Rotary),2026 - 2027,2982,Zone 5,Zone 5,16,No,Yes,FALSE,0,0,0,FALSE,FALSE,N/A,N/A,N/A,0,0,0,0,0,0,FALSE,,0,,0
8826649,Salem Polytechnic College,Salem Polytechnic College,8826649,Active,University,India,Salem Mid-Town (Rotary),2025 - 2026,2982,Zone 5,Zone 5,12,Yes,No,TRUE,6372,66.38,6372,FALSE,TRUE,Rotaract President,2025 - 2026,N,0,0,0,0,0,0,FALSE,,0,,0
8825619,Salem Royals,Salem Royals,8825619,Active,Community,India,Salem (Rotary),2025 - 2026,2982,Zone 5,Zone 5,19,No,No,FALSE,0,0,0,FALSE,TRUE,Rotaract President,2025 - 2026,N,0,0,0,0,0,0,FALSE,,0,,0
8827765,Salem Vysya College,Salem Vysya College,8827765,Active,University,India,Salem Wings (Rotary),2026 - 2027,2982,Zone 5,Zone 5,13,No,Yes,FALSE,0,0,0,FALSE,FALSE,N/A,N/A,N/A,0,0,0,0,0,0,FALSE,,0,,0
8828633,Shri Sakthikailassh Women's College,Shri Sakthikailassh Women's College,8828633,Active,University,India,Salem Sigaram (Rotary),2026 - 2027,2982,Zone 5,Zone 5,4,No,Yes,FALSE,0,0,0,FALSE,FALSE,N/A,N/A,N/A,0,0,0,0,0,0,TRUE,05-Aug-2026,4,,0
8827859,Shri Sowdesvari Women’s College Salem,Shri Sowdesvari Women’s College Salem,8827859,Active,University,India,Salem Gymkhana (Rotary),2026 - 2027,2982,Zone 5,Zone 5,12,Yes,Yes,TRUE,6372,66.38,6372,FALSE,FALSE,N/A,N/A,N/A,0,0,0,0,0,0,FALSE,,0,,0
8828634,Sivaraj Medical College Salem,Sivaraj Medical College Salem,8828634,Active,University,India,Salem Happy (Rotary),2026 - 2027,2982,Zone 5,Zone 5,4,No,Yes,FALSE,0,0,0,FALSE,FALSE,N/A,N/A,N/A,0,0,0,0,0,0,TRUE,07-Aug-2026,4,,0
8827548,SKS College of Nursing,SKS College of Nursing,8827548,Active,University,India,Salem Galaxy (Rotary),2026 - 2027,2982,Zone 5,Zone 5,22,No,Yes,FALSE,0,0,0,FALSE,FALSE,N/A,N/A,N/A,0,0,0,0,0,0,FALSE,,0,,0
217328,Sri Ayyappa Polytechnic,Sri Ayyappa Polytechnic,217328,Active,University,India,Ulundurpet (Rotary),2019 - 2020,2982,Zone 5,Zone 5,1,Yes,No,TRUE,2018,21.02,2018,FALSE,TRUE,Rotaract President,2019 - 2020,N,0,0,0,0,0,0,FALSE,,0,,0
8827241,Sri Vijay Vidyalaya College of Nursing,Sri Vijay Vidyalaya College of Nursing,8827241,Active,University,India,Dharmapuri Elite (Rotary),2025 - 2026,2982,Zone 5,Zone 5,20,Yes,No,TRUE,10620,110.63,10620,TRUE,TRUE,Rotaract President,2025 - 2026,N,0,0,0,0,0,0,FALSE,,0,,0
8826590,"St. Peter's Medical College, Hospital & Research Institute","St. Peter's Medical College, Hospital & Research Institute",8826590,Active,University,India,Hosur Sipcot (Rotary),2026 - 2027,2982,Zone 5,Zone 5,75,No,Yes,FALSE,0,0,0,FALSE,FALSE,N/A,N/A,N/A,0,0,0,0,0,0,FALSE,,0,,0
8825577,Theivanai Ammal College for Women,Theivanai Ammal College for Women,8825577,Active,University,India,Villupuram (Rotary),2026 - 2027,2982,Zone 5,Zone 5,13,No,Yes,FALSE,0,0,0,FALSE,FALSE,N/A,N/A,N/A,0,0,0,0,0,0,FALSE,,0,,0
8827570,The Kaavery Paramedical Institutions,The Kaavery Paramedical Institutions,8827570,Active,University,India,Mettur Dam City (Rotary),2026 - 2027,2982,Zone 5,Zone 5,12,Yes,Yes,TRUE,6372,66.38,6372,FALSE,FALSE,N/A,N/A,N/A,0,0,0,0,0,0,FALSE,,0,,0
8827700,The Kavery Engineering College,The Kavery Engineering College,8827700,Active,University,India,Jalakandapuram (Rotary),2026 - 2027,2982,Zone 5,Zone 5,15,Yes,Yes,TRUE,7965,82.97,7965,TRUE,FALSE,N/A,N/A,N/A,0,0,0,0,0,0,FALSE,,0,,0
89704,Thiruvalluvar Govt. Arts College,Thiruvalluvar Govt. Arts College,89704,Active,University,India,Rasipuram (Rotary),2022 - 2023,2982,Zone 5,Zone 5,11,No,No,FALSE,0,0,0,FALSE,TRUE,Rotaract President,2022 - 2023,N,0,0,0,0,0,0,FALSE,,0,,0
8828580,Valapady,Valapady,8828580,Active,Community,India,Salem City (Rotary),2026 - 2027,2982,Zone 5,Zone 5,17,No,Yes,FALSE,0,0,0,FALSE,FALSE,N/A,N/A,N/A,0,0,0,0,0,0,TRUE,14-Jul-2026,17,,0
8827476,Vanavasi,Vanavasi,8827476,Active,Community,India,Salem Young Town (Rotary),2026 - 2027,2982,Zone 5,Zone 5,21,No,Yes,FALSE,0,0,0,FALSE,FALSE,N/A,N/A,N/A,0,0,0,0,0,0,FALSE,,0,,0
8825576,Vinayaka Missions College of Pharmacy,Vinayaka Missions College of Pharmacy,8825576,Active,University,India,Salem South (Rotary),2024 - 2025,2982,Zone 5,Zone 5,14,Yes,No,TRUE,7434,77.44,7434,TRUE,TRUE,Rotaract President,2024 - 2025,N,0,0,0,0,0,0,FALSE,,0,,0
8826712,Agricultural Engineering College Kumulur,Agricultural Engineering College Kumulur,8826712,Active,University,India,Tiruchirappalli Success (Rotary),2025 - 2026,3000,Zone 5,Zone 5,21,No,No,FALSE,0,0,0,FALSE,TRUE,Rotaract President,2025 - 2026,N,0,0,0,0,0,0,FALSE,,0,,0
89035,Agriculture College Madurai,Agriculture College Madurai,89035,Active,University,India,Madurai West (Rotary),2022 - 2023,3000,Zone 5,Zone 5,20,No,No,FALSE,0,0,0,FALSE,TRUE,Rotaract President,2022 - 2023,N,0,0,0,0,0,0,FALSE,,0,,0
8825175,Agri-Horti Trichy,Agri-Horti Trichy,8825175,Active,University,India,Tiruchirappalli Success (Rotary),2025 - 2026,3000,Zone 5,Zone 5,3,Yes,No,TRUE,62658,652.69,62658,TRUE,TRUE,Rotaract President,2025 - 2026,N,0,0,0,0,0,0,FALSE,,0,,0
8828435,Allied Health Sciences TSRMMCHRC,Allied Health Sciences TSRMMCHRC,8828435,Active,University,India,Trichy One Health (Rotary),2026 - 2027,3000,Zone 5,Zone 5,50,No,Yes,FALSE,0,0,0,FALSE,FALSE,N/A,N/A,N/A,0,0,0,0,0,0,FALSE,,0,,0
83779,Annai Women's College,Annai Women's College,83779,Active,University,India,Karur Angels (Rotary),2025 - 2026,3000,Zone 5,Zone 5,3,No,No,FALSE,0,0,0,FALSE,TRUE,Rotaract President,2025 - 2026,N,0,0,0,0,0,0,FALSE,,0,,0
214971,Anna Nagar (OFT),Anna Nagar (OFT),214971,Active,Community,India,Bhel City Tiruchirapalli (Rotary),2023 - 2024,3000,Zone 5,Zone 5,2,Yes,No,TRUE,6588,68.62,6588,FALSE,TRUE,Rotaract President,2023 - 2024,N,0,0,0,0,0,0,FALSE,,0,,0
91279,Anna University,Anna University,91279,Active,University,India,Tiruchirapalli Fort (Rotary),2026 - 2027,3000,Zone 5,Zone 5,15,No,Yes,FALSE,0,0,0,FALSE,FALSE,N/A,N/A,N/A,0,0,0,0,0,0,FALSE,,0,,0
8824958,Aranthangi,Aranthangi,8824958,Active,Community,India,,2026 - 2027,3000,Zone 5,Zone 5,15,No,Yes,FALSE,0,0,0,FALSE,FALSE,N/A,N/A,N/A,0,0,0,0,0,0,FALSE,,0,,0
212960,Arasu College of Education for Women,Arasu College of Education for Women,212960,Active,University,India,Karur Angels (Rotary),2021 - 2022,3000,Zone 5,Zone 5,3,Yes,No,TRUE,6053,63.05,6053,FALSE,TRUE,Rotaract President,2021 - 2022,N,0,0,0,0,0,0,FALSE,,0,,0
8827736,Arputha Arts & Science College,Arputha Arts & Science College,8827736,Active,University,India,Gandharvakottai Bharath (Rotary),2026 - 2027,3000,Zone 5,Zone 5,14,Yes,Yes,TRUE,7434,77.44,7434,TRUE,FALSE,N/A,N/A,N/A,0,0,0,0,0,0,FALSE,,0,,0
217904,Arul Anandar College,Arul Anandar College,217904,Active,University,India,Madurai North West (Rotary),2019 - 2020,3000,Zone 5,Zone 5,1,Yes,No,TRUE,531,5.53,531,FALSE,TRUE,Rotaract President,2019 - 2020,N,0,0,0,0,0,0,FALSE,,0,,0
8826794,Arulmigu Palaniandavar Arts College for Women,Arulmigu Palaniandavar Arts College for Women,8826794,Active,University,India,Palani (Rotary),2025 - 2026,3000,Zone 5,Zone 5,15,Yes,No,TRUE,9126,95.06,9126,TRUE,TRUE,Rotaract President,2025 - 2026,N,0,0,0,0,0,0,FALSE,,0,,0
8826798,Arulmigu Palaniandavar Polytechnic College,Arulmigu Palaniandavar Polytechnic College,8826798,Active,University,India,Palani (Rotary),2025 - 2026,3000,Zone 5,Zone 5,15,Yes,No,TRUE,7965,82.97,7965,TRUE,TRUE,Rotaract President,2025 - 2026,N,0,0,0,0,0,0,FALSE,,0,,0
91800,Arulmurugan College of Engineering,Arulmurugan College of Engineering,91800,Active,University,India,Karur (Rotary),2020 - 2021,3000,Zone 5,Zone 5,3,Yes,No,TRUE,6053,63.05,6053,FALSE,TRUE,Rotaract President,2020 - 2021,N,0,0,0,0,0,0,FALSE,,0,,0
91794,Arulmurugan Polytechnic College,Arulmurugan Polytechnic College,91794,Active,University,India,Karur (Rotary),2020 - 2021,3000,Zone 5,Zone 5,3,Yes,No,TRUE,6053,63.05,6053,FALSE,TRUE,Rotaract President,2020 - 2021,N,0,0,0,0,0,0,FALSE,,0,,0
8828205,Bharathidasan Institute of Management,Bharathidasan Institute of Management,8828205,Active,University,India,Tiruchirapalli Butterflies (Rotary),2026 - 2027,3000,Zone 5,Zone 5,14,No,Yes,FALSE,0,0,0,FALSE,FALSE,N/A,N/A,N/A,0,0,0,0,0,0,FALSE,,0,,0
8827667,Bharathidasan University,Bharathidasan University,8827667,Active,University,India,Tiruchirapalli (Rotary),2026 - 2027,3000,Zone 5,Zone 5,28,No,Yes,FALSE,0,0,0,FALSE,FALSE,N/A,N/A,N/A,0,0,0,0,0,0,FALSE,,0,,0
8828256,BHC Midtown Sprinklers,BHC Midtown Sprinklers,8828256,Active,University,India,Tiruchirapalli Midtown (Rotary),2026 - 2027,3000,Zone 5,Zone 5,12,No,Yes,FALSE,0,0,0,FALSE,FALSE,N/A,N/A,N/A,0,0,0,0,0,0,FALSE,,0,,0
50296,Bishop Heber College,Bishop Heber College,50296,Active,University,India,Tiruchirapalli Fort (Rotary),2021 - 2022,3000,Zone 5,Zone 5,9,Yes,No,TRUE,4779,49.78,4779,FALSE,TRUE,Rotaract President,2021 - 2022,N,0,0,0,0,0,0,FALSE,,0,,0
214848,Boiler City Trichy,Boiler City Trichy,214848,Active,Community,India,Bhel City Tiruchirapalli (Rotary),2025 - 2026,3000,Zone 5,Zone 5,18,Yes,No,TRUE,19989,208.22,19989,TRUE,TRUE,Rotaract President,2025 - 2026,N,0,0,0,0,0,0,FALSE,,0,,0
8826231,Care College of Engineering,Care College of Engineering,8826231,Active,University,India,Tiruchirapalli Greater (Rotary),2025 - 2026,3000,Zone 5,Zone 5,29,Yes,No,TRUE,17644,183.79,17644,TRUE,TRUE,Rotaract President,2025 - 2026,N,0,0,0,0,0,0,FALSE,,0,,0
55980,Cauvery College for Women,Cauvery College for Women,55980,Active,University,India,Tiruchirapalli Midtown (Rotary),2023 - 2024,3000,Zone 5,Zone 5,9,No,No,FALSE,0,0,0,FALSE,TRUE,Rotaract President,2022 - 2023,N,0,0,0,0,0,0,FALSE,,0,,0
8828450,Chendur Institute of Hotel Management and Health Science Pudukkottai,Chendur Institute of Hotel Management and Health Science Pudukkottai,8828450,Active,University,India,Pudukkottai Midtown (Rotary),2026 - 2027,3000,Zone 5,Zone 5,13,No,Yes,FALSE,0,0,0,FALSE,FALSE,N/A,N/A,N/A,0,0,0,0,0,0,FALSE,,0,,0
83898,Chettinad College of Engineering & Tech.,Chettinad College of Engineering & Tech.,83898,Active,University,India,Karur Angels (Rotary),2026 - 2027,3000,Zone 5,Zone 5,8,No,Yes,FALSE,0,0,0,FALSE,FALSE,N/A,N/A,N/A,0,0,0,0,0,0,FALSE,,0,,0
90543,Dindigul Rock Fort,Dindigul Rock Fort,90543,Active,Community,India,Dindigul Queencity (Rotary),2026 - 2027,3000,Zone 5,Zone 5,12,Yes,Yes,TRUE,9630,100.31,9630,TRUE,FALSE,N/A,N/A,N/A,0,0,0,0,0,0,FALSE,,0,,0
8828463,Doctor's College of Nursing Pudukkottai,Doctor's College of Nursing Pudukkottai,8828463,Active,University,India,Pudukkottai Maharani (Rotary),2026 - 2027,3000,Zone 5,Zone 5,21,No,Yes,FALSE,0,0,0,FALSE,FALSE,N/A,N/A,N/A,0,0,0,0,0,0,FALSE,,0,,0
8827036,E.M.G. Yadava Women's College,E.M.G. Yadava Women's College,8827036,Active,University,India,Madurai Blossom (Rotary),2026 - 2027,3000,Zone 5,Zone 5,12,No,Yes,FALSE,0,0,0,FALSE,FALSE,N/A,N/A,N/A,0,0,0,0,0,0,FALSE,,0,,0
5081,Fatima College,Fatima College,5081,Active,University,India,Madurai West (Rotary),2021 - 2022,3000,Zone 5,Zone 5,6,No,No,FALSE,0,0,0,FALSE,TRUE,Rotaract President,2021 - 2022,N,0,0,0,0,0,0,FALSE,,0,,0
8827101,Glanis,Glanis,8827101,Active,University,India,Tirumangalam (Rotary),2026 - 2027,3000,Zone 5,Zone 5,15,Yes,Yes,TRUE,7965,82.97,7965,TRUE,FALSE,N/A,N/A,N/A,0,0,0,0,0,0,FALSE,,0,,0
8826756,Government Arts and Science College for Women Kodaikanal,Government Arts and Science College for Women Kodaikanal,8826756,Active,University,India,Kodaikanal (Rotary),2026 - 2027,3000,Zone 5,Zone 5,15,Yes,Yes,TRUE,7965,82.97,7965,TRUE,FALSE,N/A,N/A,N/A,0,0,0,0,0,0,FALSE,,0,,0
8826926,Government Arts and Science College Kappalur,Government Arts and Science College Kappalur,8826926,Active,University,India,Madurai Innovators (Rotary),2026 - 2027,3000,Zone 5,Zone 5,12,Yes,Yes,TRUE,6372,66.38,6372,FALSE,FALSE,N/A,N/A,N/A,0,0,0,0,0,0,FALSE,,0,,0
89500,Government Arts College-Karur,Government Arts College-Karur,89500,Active,University,India,Karur Central (Rotary),2026 - 2027,3000,Zone 5,Zone 5,9,No,Yes,FALSE,0,0,0,FALSE,FALSE,N/A,N/A,N/A,0,0,0,0,0,0,FALSE,,0,,0
8827674,Government Arts & Science College Kurumbalur,Government Arts & Science College Kurumbalur,8827674,Active,University,India,Perambalur (Rotary),2026 - 2027,3000,Zone 5,Zone 5,15,Yes,Yes,TRUE,7965,82.97,7965,TRUE,FALSE,N/A,N/A,N/A,0,0,0,0,0,0,FALSE,,0,,0
8828341,Government College of Education Pudukkottai,Government College of Education Pudukkottai,8828341,Active,University,India,Pudukkottai Maharani (Rotary),2026 - 2027,3000,Zone 5,Zone 5,25,No,Yes,FALSE,0,0,0,FALSE,FALSE,N/A,N/A,N/A,0,0,0,0,0,0,FALSE,,0,,0
8827663,Government ITI Pudukkottai,Government ITI Pudukkottai,8827663,Active,University,India,Pudukkottai City (Rotary),2026 - 2027,3000,Zone 5,Zone 5,12,Yes,Yes,TRUE,6372,66.38,6372,FALSE,FALSE,N/A,N/A,N/A,0,0,0,0,0,0,FALSE,,0,,0
8827050,Government Polytechnic College Gandarvakottai,Government Polytechnic College Gandarvakottai,8827050,Active,University,India,Gandarvakottai (Rotary),2025 - 2026,3000,Zone 5,Zone 5,14,Yes,No,TRUE,7434,77.44,7434,TRUE,TRUE,Rotaract President,2025 - 2026,N,0,0,0,0,0,0,FALSE,,0,,0
8828078,G.T.N. Arts and Science College,G.T.N. Arts and Science College,8828078,Active,University,India,Dindigul West (Rotary),2026 - 2027,3000,Zone 5,Zone 5,24,No,Yes,FALSE,0,0,0,FALSE,FALSE,N/A,N/A,N/A,0,0,0,0,0,0,FALSE,,0,,0
8827924,GTN Medical College of Naturopathy and Yogic Science Research Centre,GTN Medical College of Naturopathy and Yogic Science Research Centre,8827924,Active,University,India,Dindigul Mid-Town (Rotary),2026 - 2027,3000,Zone 5,Zone 5,33,Yes,Yes,TRUE,18054,188.06,18054,TRUE,FALSE,N/A,N/A,N/A,0,0,0,0,0,0,FALSE,,0,,0
5063,Holy Cross College,Holy Cross College,5063,Active,University,India,Tiruchirapalli Fort (Rotary),2026 - 2027,3000,Zone 5,Zone 5,4,No,Yes,FALSE,0,0,0,FALSE,FALSE,N/A,N/A,N/A,0,0,0,0,0,0,FALSE,,0,,0
8826860,Horticultural College and Research Institute Periyakulam,Horticultural College and Research Institute Periyakulam,8826860,Active,University,India,Periyakulam (Rotary); Theni Central Gems (Rotary),2026 - 2027,3000,Zone 5,Zone 5,45,No,Yes,FALSE,0,0,0,FALSE,FALSE,N/A,N/A,N/A,0,0,0,0,0,0,FALSE,,0,,0
5061,Jamal Mohamed College,Jamal Mohamed College,5061,Active,University,India,Tiruchirapalli (Rotary),2026 - 2027,3000,Zone 5,Zone 5,7,No,Yes,FALSE,0,0,0,FALSE,FALSE,N/A,N/A,N/A,0,0,0,0,0,0,FALSE,,0,,0
86531,Jamal Mohamed College for Women,Jamal Mohamed College for Women,86531,Active,University,India,Tiruchirapalli (Rotary),2025 - 2026,3000,Zone 5,Zone 5,8,No,No,FALSE,0,0,0,FALSE,TRUE,Rotaract President,2025 - 2026,N,0,0,0,0,0,0,FALSE,,0,,0
8828540,Jayaraj Annapackiam College for Women (Autonomous),Jayaraj Annapackiam College for Women (Autonomous),8828540,Active,University,India,Theni United Inspirers (Rotary),2026 - 2027,3000,Zone 5,Zone 5,2119,No,Yes,FALSE,0,0,0,FALSE,FALSE,N/A,N/A,N/A,0,0,0,0,0,0,FALSE,,0,,0
212787,J.R. Polytechnic College-Alundur,J.R. Polytechnic College-Alundur,212787,Active,University,India,Tiruchirapalli Shakthi (Rotary),2020 - 2021,3000,Zone 5,Zone 5,4,Yes,No,TRUE,2124,22.13,2124,FALSE,TRUE,Rotaract President,2020 - 2021,N,0,0,0,0,0,0,FALSE,,0,,0
8827925,KAPV Govt. Medical College,KAPV Govt. Medical College,8827925,Active,University,India,Tiruchirapalli (Rotary),2026 - 2027,3000,Zone 5,Zone 5,20,No,Yes,FALSE,0,0,0,FALSE,FALSE,N/A,N/A,N/A,0,0,0,0,0,0,FALSE,,0,,0
5057,Karur,Karur,5057,Active,Community,India,Karur (Rotary),2026 - 2027,3000,Zone 5,Zone 5,25,No,Yes,FALSE,0,0,0,FALSE,FALSE,N/A,N/A,N/A,0,0,0,0,0,0,FALSE,,0,,0
8825632,Karur Aram,Karur Aram,8825632,Active,Community,India,Karur Young Gen (Rotary),2026 - 2027,3000,Zone 5,Zone 5,10,No,Yes,FALSE,0,0,0,FALSE,FALSE,N/A,N/A,N/A,0,0,0,0,0,0,FALSE,,0,,0
215181,Karur Ilanthalir,Karur Ilanthalir,215181,Active,Community,India,Karur Texcity (Rotary),2025 - 2026,3000,Zone 5,Zone 5,15,No,No,FALSE,0,0,0,FALSE,TRUE,Rotaract President,2025 - 2026,N,0,0,0,0,0,0,FALSE,,0,,0
8827501,Karur Kings,Karur Kings,8827501,Active,Community,India,Karur Wings (Rotary),2026 - 2027,3000,Zone 5,Zone 5,25,No,Yes,FALSE,0,0,0,FALSE,FALSE,N/A,N/A,N/A,0,0,0,0,0,0,FALSE,,0,,0
8827974,Karur Royals,Karur Royals,8827974,Active,Community,India,,2026 - 2027,3000,Zone 5,Zone 5,6,No,Yes,FALSE,0,0,0,FALSE,FALSE,N/A,N/A,N/A,0,0,0,0,0,0,FALSE,,0,,0
8828318,Karur Thullal Elite,Karur Thullal Elite,8828318,Active,Community,India,Karur Angels (Rotary),2026 - 2027,3000,Zone 5,Zone 5,15,No,Yes,FALSE,0,0,0,FALSE,FALSE,N/A,N/A,N/A,0,0,0,0,0,0,FALSE,,0,,0
8828328,Karur United,Karur United,8828328,Active,Community,India,,2026 - 2027,3000,Zone 5,Zone 5,12,No,Yes,FALSE,0,0,0,FALSE,FALSE,N/A,N/A,N/A,0,0,0,0,0,0,FALSE,,0,,0
212871,Karur Valalar College of Arts and Science for Women,Karur Valalar College of Arts and Science for Women,212871,Active,University,India,Karur Angels (Rotary),2021 - 2022,3000,Zone 5,Zone 5,4,Yes,No,TRUE,8071,84.07,8071,TRUE,TRUE,Rotaract President,2021 - 2022,N,0,0,0,0,0,0,FALSE,,0,,0
8827894,KDM Agri Crown,KDM Agri Crown,8827894,Active,University,India,Pudukkottai Crown City (Rotary),2026 - 2027,3000,Zone 5,Zone 5,20,Yes,No,TRUE,10620,110.63,10620,TRUE,TRUE,Rotaract President,2025 - 2026,N,0,0,0,0,0,0,FALSE,,0,,0
8827902,KDM NATRIVA,KDM NATRIVA,8827902,Active,University,India,Pudukkottai Crown City (Rotary),2026 - 2027,3000,Zone 5,Zone 5,29,Yes,No,TRUE,15399,160.41,15399,TRUE,TRUE,Rotaract President,2025 - 2026,N,0,0,0,0,0,0,FALSE,,0,,0
8826737,K.L.N. College of Engineering,K.L.N. College of Engineering,8826737,Active,University,India,,2026 - 2027,3000,Zone 5,Zone 5,3,No,Yes,FALSE,0,0,0,FALSE,FALSE,N/A,N/A,N/A,0,0,0,0,0,0,FALSE,,0,,0
8827676,KMC College of Nursing,KMC College of Nursing,8827676,Active,University,India,Tiruchirapalli Shakthi (Rotary),2026 - 2027,3000,Zone 5,Zone 5,25,No,Yes,FALSE,0,0,0,FALSE,FALSE,N/A,N/A,N/A,0,0,0,0,0,0,FALSE,,0,,0
8825940,Kongu College,Kongu College,8825940,Active,University,India,Karur (Rotary),2026 - 2027,3000,Zone 5,Zone 5,8,No,Yes,FALSE,0,0,0,FALSE,FALSE,N/A,N/A,N/A,0,0,0,0,0,0,FALSE,,0,,0
214597,Kongu College of Arts & Science (women),Kongu College of Arts & Science (women),214597,Active,University,India,Karur Angels (Rotary),2021 - 2022,3000,Zone 5,Zone 5,4,Yes,No,TRUE,6112,63.67,6112,FALSE,TRUE,Rotaract President,2021 - 2022,N,0,0,0,0,0,0,FALSE,,0,,0
8827582,Kongunadu College of Engineering and Technology,Kongunadu College of Engineering and Technology,8827582,Active,University,India,Tiruchirapalli Chola (Rotary),2026 - 2027,3000,Zone 5,Zone 5,15,No,Yes,FALSE,0,0,0,FALSE,FALSE,N/A,N/A,N/A,0,0,0,0,0,0,FALSE,,0,,0
8828528,K.P. National College of Arts & Science,K.P. National College of Arts & Science,8828528,Active,University,India,Batlagundu New Generation (Rotary),2026 - 2027,3000,Zone 5,Zone 5,547,No,Yes,FALSE,0,0,0,FALSE,FALSE,N/A,N/A,N/A,0,0,0,0,0,0,FALSE,,0,,0
91278,Lady Doak College Madurai,Lady Doak College Madurai,91278,Active,University,India,Madurai West (Rotary),2024 - 2025,3000,Zone 5,Zone 5,15,No,No,FALSE,0,0,0,FALSE,TRUE,Rotaract President,2024 - 2025,N,0,0,0,0,0,0,FALSE,,0,,0
215568,Madurai Elite,Madurai Elite,215568,Active,Community,India,Madurai Elite (Rotary),2026 - 2027,3000,Zone 5,Zone 5,8,No,Yes,FALSE,0,0,0,FALSE,FALSE,N/A,N/A,N/A,0,0,0,0,0,0,FALSE,,0,,0
212346,Madurai Gandhi NMR Subbaraman College for Women,Madurai Gandhi NMR Subbaraman College for Women,212346,Active,University,India,Madurai West (Rotary),2021 - 2022,3000,Zone 5,Zone 5,3,No,No,FALSE,0,0,0,FALSE,TRUE,Rotaract President,2021 - 2022,N,0,0,0,0,0,0,FALSE,,0,,0
8827221,Madurai Institute of Social Sciences,Madurai Institute of Social Sciences,8827221,Active,University,India,Madurai Meenakshi (Rotary),2026 - 2027,3000,Zone 5,Zone 5,14,Yes,Yes,TRUE,7434,77.44,7434,TRUE,FALSE,N/A,N/A,N/A,0,0,0,0,0,0,FALSE,,0,,0
8827563,Madurai Kalasam,Madurai Kalasam,8827563,Active,Community,India,,2026 - 2027,3000,Zone 5,Zone 5,12,Yes,Yes,TRUE,10195,106.2,10195,TRUE,FALSE,N/A,N/A,N/A,0,0,0,0,0,0,FALSE,,0,,0
8828398,Madurai Kamaraj University Evening College Dindigul,Madurai Kamaraj University Evening College Dindigul,8828398,Active,University,India,Dindigul Kingtown (Rotary),2026 - 2027,3000,Zone 5,Zone 5,15,No,Yes,FALSE,0,0,0,FALSE,FALSE,N/A,N/A,N/A,0,0,0,0,0,0,FALSE,,0,,0
8825897,Madurai Medical College,Madurai Medical College,8825897,Active,University,India,Madurai Star (Rotary),2026 - 2027,3000,Zone 5,Zone 5,14,No,Yes,FALSE,0,0,0,FALSE,FALSE,N/A,N/A,N/A,0,0,0,0,0,0,FALSE,,0,,0
47480,Madurai North,Madurai North,47480,Active,Community,India,Madurai North (Rotary),2026 - 2027,3000,Zone 5,Zone 5,24,No,Yes,FALSE,0,0,0,FALSE,FALSE,N/A,N/A,N/A,0,0,0,0,0,0,FALSE,,0,,0
8826744,Madurai Pandyas,Madurai Pandyas,8826744,Active,Community,India,Madurai Meenakshi (Rotary),2025 - 2026,3000,Zone 5,Zone 5,7,No,No,FALSE,0,0,0,FALSE,TRUE,Rotaract President,2025 - 2026,N,0,0,0,0,0,0,FALSE,,0,,0
8823943,Madurai Preceptors,Madurai Preceptors,8823943,Active,Community,India,Madurai West (Rotary),2026 - 2027,3000,Zone 5,Zone 5,24,No,Yes,FALSE,0,0,0,FALSE,FALSE,N/A,N/A,N/A,0,0,0,0,0,0,FALSE,,0,,0
86373,Madurai Sivakasi Nadars Pioneer Meenakshi Wom. Coll.,Madurai Sivakasi Nadars Pioneer Meenakshi Wom. Coll.,86373,Active,University,India,Madurai West (Rotary),2021 - 2022,3000,Zone 5,Zone 5,5,No,No,FALSE,0,0,0,FALSE,TRUE,Rotaract President,2021 - 2022,N,0,0,0,0,0,0,FALSE,,0,,0
91277,Mahalakshmi Engineering College,Mahalakshmi Engineering College,91277,Active,University,India,Tiruchirapalli (Rotary),2019 - 2020,3000,Zone 5,Zone 5,3,Yes,No,TRUE,1593,16.59,1593,FALSE,TRUE,Rotaract President,2019 - 2020,N,0,0,0,0,0,0,FALSE,,0,,0
8828074,Malligai,Malligai,8828074,Active,University,India,Dindigul West (Rotary),2026 - 2027,3000,Zone 5,Zone 5,24,No,Yes,FALSE,0,0,0,FALSE,FALSE,N/A,N/A,N/A,0,0,0,0,0,0,FALSE,,0,,0
8825998,M.A.M. Business School,M.A.M. Business School,8825998,Active,University,India,Tiruchirapalli Phoenix (Rotary),2025 - 2026,3000,Zone 5,Zone 5,20,Yes,No,TRUE,10620,110.63,10620,TRUE,TRUE,Rotaract President,2025 - 2026,N,0,0,0,0,0,0,FALSE,,0,,0
8828546,M.A.M College of Engineering and Technology,M.A.M College of Engineering and Technology,8828546,Active,University,India,Dalmiapuram (Rotary),2026 - 2027,3000,Zone 5,Zone 5,18,No,Yes,FALSE,0,0,0,FALSE,FALSE,N/A,N/A,N/A,0,0,0,0,0,0,FALSE,,0,,0
215928,Mannar Thirumalai Naicker College,Mannar Thirumalai Naicker College,215928,Active,University,India,Madurai North West (Rotary),2025 - 2026,3000,Zone 5,Zone 5,3,Yes,No,TRUE,1593,16.59,1593,FALSE,TRUE,Rotaract President,2025 - 2026,N,0,0,0,0,0,0,FALSE,,0,,0
8825924,Mannar Thirumalai Naicker College (SF),Mannar Thirumalai Naicker College (SF),8825924,Active,University,India,Madurai Down Town (Rotary),2024 - 2025,3000,Zone 5,Zone 5,7,No,No,FALSE,0,0,0,FALSE,TRUE,Rotaract President,2024 - 2025,N,0,0,0,0,0,0,FALSE,,0,,0
8828465,Meenakshi Arts and Science College Dindigul,Meenakshi Arts and Science College Dindigul,8828465,Active,University,India,Vathalagundu (Rotary),2026 - 2027,3000,Zone 5,Zone 5,15,No,Yes,FALSE,0,0,0,FALSE,FALSE,N/A,N/A,N/A,0,0,0,0,0,0,FALSE,,0,,0
8827564,Mookambigai College of Engineering,Mookambigai College of Engineering,8827564,Active,University,India,Tiruchirappalli Success (Rotary),2026 - 2027,3000,Zone 5,Zone 5,21,No,Yes,FALSE,0,0,0,FALSE,FALSE,N/A,N/A,N/A,0,0,0,0,0,0,FALSE,,0,,0
8826761,Mother Teresa Women's University,Mother Teresa Women's University,8826761,Active,University,India,Kodaikanal (Rotary),2026 - 2027,3000,Zone 5,Zone 5,15,Yes,Yes,TRUE,7965,82.97,7965,TRUE,FALSE,N/A,N/A,N/A,0,0,0,0,0,0,FALSE,,0,,0
8828403,Mount Zion College of Nursing,Mount Zion College of Nursing,8828403,Active,University,India,Pudukkottai Maharani (Rotary),2026 - 2027,3000,Zone 5,Zone 5,48,No,Yes,FALSE,0,0,0,FALSE,FALSE,N/A,N/A,N/A,0,0,0,0,0,0,FALSE,,0,,0
214644,M.S Polytechnic,M.S Polytechnic,214644,Active,University,India,Arantangi The Fort City (Rotary),2024 - 2025,3000,Zone 5,Zone 5,6,Yes,No,TRUE,4713,49.09,4713,FALSE,TRUE,Rotaract President,2024 - 2025,N,0,0,0,0,0,0,FALSE,,0,,0
8826919,MSS Wakf Board College,MSS Wakf Board College,8826919,Active,University,India,Madurai Blossom (Rotary),2026 - 2027,3000,Zone 5,Zone 5,14,No,Yes,FALSE,0,0,0,FALSE,FALSE,N/A,N/A,N/A,0,0,0,0,0,0,FALSE,,0,,0
8828089,Naina Mohamed College,Naina Mohamed College,8828089,Active,University,India,Aranthangi (Rotary),2026 - 2027,3000,Zone 5,Zone 5,15,No,Yes,FALSE,0,0,0,FALSE,FALSE,N/A,N/A,N/A,0,0,0,0,0,0,FALSE,,0,,0
5019,National College,National College,5019,Active,University,India,Tiruchirapalli (Rotary),2023 - 2024,3000,Zone 5,Zone 5,9,No,No,FALSE,0,0,0,FALSE,TRUE,Rotaract President,2022 - 2023,N,0,0,0,0,0,0,FALSE,,0,,0
8827095,N.M.S. Sermathai Vasan College For Women,N.M.S. Sermathai Vasan College For Women,8827095,Active,University,India,Madurai Gems (Rotary),2026 - 2027,3000,Zone 5,Zone 5,15,Yes,Yes,TRUE,7965,82.97,7965,TRUE,FALSE,N/A,N/A,N/A,0,0,0,0,0,0,FALSE,,0,,0
8827092,N.M.S S. Vellaichamy Nadar College,N.M.S S. Vellaichamy Nadar College,8827092,Active,University,India,Madurai Gems (Rotary),2026 - 2027,3000,Zone 5,Zone 5,15,Yes,Yes,TRUE,7965,82.97,7965,TRUE,FALSE,N/A,N/A,N/A,0,0,0,0,0,0,FALSE,,0,,0
8827922,NPR Arts and Science College,NPR Arts and Science College,8827922,Active,University,India,Dindigul Mid-Town (Rotary),2026 - 2027,3000,Zone 5,Zone 5,33,Yes,Yes,TRUE,11151,116.16,11151,TRUE,FALSE,N/A,N/A,N/A,0,0,0,0,0,0,FALSE,,0,,0
8827929,NPR College of Engineering and Technology,NPR College of Engineering and Technology,8827929,Active,University,India,Dindigul Mid-Town (Rotary),2026 - 2027,3000,Zone 5,Zone 5,25,Yes,Yes,TRUE,13275,138.28,13275,TRUE,FALSE,N/A,N/A,N/A,0,0,0,0,0,0,FALSE,,0,,0
8827572,NR IAS Academy,NR IAS Academy,8827572,Active,University,India,Tiruchirappalli Success (Rotary),2026 - 2027,3000,Zone 5,Zone 5,17,No,Yes,FALSE,0,0,0,FALSE,FALSE,N/A,N/A,N/A,0,0,0,0,0,0,FALSE,,0,,0
8827544,NRT Educational Institutions,NRT Educational Institutions,8827544,Active,University,India,Theni Stars (Rotary),2026 - 2027,3000,Zone 5,Zone 5,15,No,Yes,FALSE,0,0,0,FALSE,FALSE,N/A,N/A,N/A,0,0,0,0,0,0,FALSE,,0,,0
91714,Pandian Saraswathy Yadav Engineering College,Pandian Saraswathy Yadav Engineering College,91714,Active,University,India,Madurai Next Gen (Rotary),2020 - 2021,3000,Zone 5,Zone 5,4,No,No,FALSE,0,0,0,FALSE,TRUE,Rotaract President,2020 - 2021,N,0,0,0,0,0,0,FALSE,,0,,0
8825919,Parvathy's Arts and Science College,Parvathy's Arts and Science College,8825919,Active,University,India,Dindigul Mid-Town (Rotary),2026 - 2027,3000,Zone 5,Zone 5,7,No,Yes,FALSE,0,0,0,FALSE,FALSE,N/A,N/A,N/A,0,0,0,0,0,0,FALSE,,0,,0
8826721,Perambalur,Perambalur,8826721,Active,Community,India,Perambalur (Rotary),2025 - 2026,3000,Zone 5,Zone 5,13,Yes,No,TRUE,11045,115.05,11045,TRUE,TRUE,Rotaract President,2025 - 2026,N,0,0,0,0,0,0,FALSE,,0,,0
8828209,Popular College,Popular College,8828209,Active,University,India,Mimisal Kings (Rotary),2026 - 2027,3000,Zone 5,Zone 5,12,No,Yes,FALSE,0,0,0,FALSE,FALSE,N/A,N/A,N/A,0,0,0,0,0,0,FALSE,,0,,0
8825890,PSNA College of Engg. and Technology,PSNA College of Engg. and Technology,8825890,Active,University,India,Dindigul (Rotary),2025 - 2026,3000,Zone 5,Zone 5,34,No,No,FALSE,0,0,0,FALSE,TRUE,Rotaract President,2025 - 2026,N,0,0,0,0,0,0,FALSE,,0,,0
8827735,PSV Polytechnic College,PSV Polytechnic College,8827735,Active,University,India,Pudukkottai City (Rotary),2026 - 2027,3000,Zone 5,Zone 5,15,No,Yes,FALSE,0,0,0,FALSE,FALSE,N/A,N/A,N/A,0,0,0,0,0,0,FALSE,,0,,0
8826776,Pudukkottai Agal,Pudukkottai Agal,8826776,Active,Community,India,Pudukkottai Crown City (Rotary),2026 - 2027,3000,Zone 5,Zone 5,18,No,Yes,FALSE,0,0,0,FALSE,FALSE,N/A,N/A,N/A,0,0,0,0,0,0,FALSE,,0,,0
8826902,Pudukkottai Yugan,Pudukkottai Yugan,8826902,Active,Community,India,,2025 - 2026,3000,Zone 5,Zone 5,14,Yes,No,TRUE,11965,124.64,11965,TRUE,TRUE,Rotaract President,2025 - 2026,N,0,0,0,0,0,0,FALSE,,0,,0
8827090,Queens College of Arts and Science for Women,Queens College of Arts and Science for Women,8827090,Active,University,India,Gandarvakottai (Rotary),2026 - 2027,3000,Zone 5,Zone 5,15,Yes,Yes,TRUE,7965,82.97,7965,TRUE,FALSE,N/A,N/A,N/A,0,0,0,0,0,0,FALSE,,0,,0
214136,Raja College of Engineering and Technology,Raja College of Engineering and Technology,214136,Active,University,India,Madurai North (Rotary),2023 - 2024,3000,Zone 5,Zone 5,5,Yes,No,TRUE,8844,92.12,8844,TRUE,TRUE,Rotaract President,2021 - 2022,N,0,0,0,0,0,0,FALSE,,0,,0
8828467,Ramasmay Chellapapu ITI Eragudi,Ramasmay Chellapapu ITI Eragudi,8828467,Active,University,India,Trichy Dynamic (Rotary),2026 - 2027,3000,Zone 5,Zone 5,15,No,Yes,FALSE,0,0,0,FALSE,FALSE,N/A,N/A,N/A,0,0,0,0,0,0,FALSE,,0,,0
8828468,RC Institute of Hotel Management Eragudi,RC Institute of Hotel Management Eragudi,8828468,Active,University,India,Trichy Dynamic (Rotary),2026 - 2027,3000,Zone 5,Zone 5,12,No,Yes,FALSE,0,0,0,FALSE,FALSE,N/A,N/A,N/A,0,0,0,0,0,0,FALSE,,0,,0
90984,RC Institution,RC Institution,90984,Active,University,India,Thuraiyur Perumal Malai (Rotary),2020 - 2021,3000,Zone 5,Zone 5,4,Yes,No,TRUE,8071,84.07,8071,TRUE,TRUE,Rotaract President,2020 - 2021,N,0,0,0,0,0,0,FALSE,,0,,0
217934,RVS Kumaran Arts & Science College,RVS Kumaran Arts & Science College,217934,Active,University,India,Dindigul (Rotary),2023 - 2024,3000,Zone 5,Zone 5,3,Yes,No,TRUE,6053,63.05,6053,FALSE,TRUE,Rotaract President,2022 - 2023,N,0,0,0,0,0,0,FALSE,,0,,0
8827254,SACS MAVMM Engineering College,SACS MAVMM Engineering College,8827254,Active,University,India,Tirunagar-Madurai (Rotary),2026 - 2027,3000,Zone 5,Zone 5,15,Yes,Yes,TRUE,7965,82.97,7965,TRUE,FALSE,N/A,N/A,N/A,0,0,0,0,0,0,FALSE,,0,,0
8827407,Saraswathi Narayanan College,Saraswathi Narayanan College,8827407,Active,University,India,Madurai North (Rotaract),2025 - 2026,3000,Zone 5,Zone 5,15,Yes,No,TRUE,7965,82.97,7965,TRUE,TRUE,Rotaract President,2025 - 2026,N,0,0,0,0,0,0,FALSE,,0,,0
8826257,Seethalakshmi Ramasamy College,Seethalakshmi Ramasamy College,8826257,Active,University,India,Trichy Gems Innovators (Rotary),2025 - 2026,3000,Zone 5,Zone 5,24,Yes,No,TRUE,12744,132.75,12744,TRUE,TRUE,Rotaract President,2025 - 2026,N,0,0,0,0,0,0,FALSE,,0,,0
8826092,Servite Arts and Science College for Women,Servite Arts and Science College for Women,8826092,Active,University,India,Vaiyampatti (Rotary),2025 - 2026,3000,Zone 5,Zone 5,30,Yes,No,TRUE,15930,165.94,15930,TRUE,TRUE,Rotaract President,2025 - 2026,N,0,0,0,0,0,0,FALSE,,0,,0
212873,Servite B. Ed,Servite B. Ed,212873,Active,University,India,Karur Wings (Rotary),2023 - 2024,3000,Zone 5,Zone 5,7,Yes,No,TRUE,3717,38.72,3717,FALSE,TRUE,Rotaract President,2023 - 2024,N,0,0,0,0,0,0,FALSE,,0,,0
8828203,Seshasayee Institute of Technology,Seshasayee Institute of Technology,8828203,Active,University,India,Trichy Next Gen (Rotary),2026 - 2027,3000,Zone 5,Zone 5,19,No,Yes,FALSE,0,0,0,FALSE,FALSE,N/A,N/A,N/A,0,0,0,0,0,0,FALSE,,0,,0
213044,Sethu Institute of Technology,Sethu Institute of Technology,213044,Active,University,India,Madurai North (Rotary),2024 - 2025,3000,Zone 5,Zone 5,11,No,No,FALSE,0,0,0,FALSE,TRUE,Rotaract President,2024 - 2025,N,0,0,0,0,0,0,FALSE,,0,,0
8828388,Shanmuganathan Engineering College,Shanmuganathan Engineering College,8828388,Active,University,India,Pudukkottai Maharani (Rotary),2026 - 2027,3000,Zone 5,Zone 5,226,No,Yes,FALSE,0,0,0,FALSE,FALSE,N/A,N/A,N/A,0,0,0,0,0,0,FALSE,,0,,0
8827779,Shrimati Indira Gandhi College,Shrimati Indira Gandhi College,8827779,Active,University,India,Tiruchirapalli Fort (Rotary),2026 - 2027,3000,Zone 5,Zone 5,15,Yes,Yes,TRUE,7965,82.97,7965,TRUE,FALSE,N/A,N/A,N/A,0,0,0,0,0,0,FALSE,,0,,0
8827835,SLS MAVMM Ayira Vaisyar College,SLS MAVMM Ayira Vaisyar College,8827835,Active,University,India,Madurai Down Town (Rotary),2026 - 2027,3000,Zone 5,Zone 5,20,Yes,Yes,TRUE,10620,110.63,10620,TRUE,FALSE,N/A,N/A,N/A,0,0,0,0,0,0,FALSE,,0,,0
8827398,Solamalai College of Engineering,Solamalai College of Engineering,8827398,Active,University,India,Madurai North (Rotary),2026 - 2027,3000,Zone 5,Zone 5,15,Yes,Yes,TRUE,7965,82.97,7965,TRUE,FALSE,N/A,N/A,N/A,0,0,0,0,0,0,FALSE,,0,,0
8828059,Sourashtra College,Sourashtra College,8828059,Active,University,India,Madurai Metro Heritage (Rotary),2026 - 2027,3000,Zone 5,Zone 5,21,No,Yes,FALSE,0,0,0,FALSE,FALSE,N/A,N/A,N/A,0,0,0,0,0,0,FALSE,,0,,0
8828055,Sourashtra College for Women,Sourashtra College for Women,8828055,Active,University,India,Madurai Metro Heritage (Rotary),2026 - 2027,3000,Zone 5,Zone 5,20,No,Yes,FALSE,0,0,0,FALSE,FALSE,N/A,N/A,N/A,0,0,0,0,0,0,FALSE,,0,,0
8828314,Sourashtra College Self Finance Wing,Sourashtra College Self Finance Wing,8828314,Active,University,India,Madurai Metro Heritage (Rotary),2026 - 2027,3000,Zone 5,Zone 5,20,No,Yes,FALSE,0,0,0,FALSE,FALSE,N/A,N/A,N/A,0,0,0,0,0,0,FALSE,,0,,0
217254,Sri Amaravathi College of Arts & Science,Sri Amaravathi College of Arts & Science,217254,Active,University,India,Karur Texcity (Rotary),2026 - 2027,3000,Zone 5,Zone 5,5,No,Yes,FALSE,0,0,0,FALSE,FALSE,N/A,N/A,N/A,0,0,0,0,0,0,FALSE,,0,,0
8825306,Sri Bharathi Arts & Science College for Women,Sri Bharathi Arts & Science College for Women,8825306,Active,University,India,Pudukkottai Crown City (Rotary),2024 - 2025,3000,Zone 5,Zone 5,10,Yes,No,TRUE,10383,108.16,10383,TRUE,TRUE,Rotaract President,2024 - 2025,N,0,0,0,0,0,0,FALSE,,0,,0
8826765,Sri Bharathi Engineering College for Women,Sri Bharathi Engineering College for Women,8826765,Active,University,India,Pudukkottai Maharani (Rotary),2026 - 2027,3000,Zone 5,Zone 5,15,Yes,Yes,TRUE,7965,82.97,7965,TRUE,FALSE,N/A,N/A,N/A,0,0,0,0,0,0,FALSE,,0,,0
8828054,Srimad Andavan Arts and Science College,Srimad Andavan Arts and Science College,8828054,Active,University,India,Srirangam (Rotary),2026 - 2027,3000,Zone 5,Zone 5,14,No,Yes,FALSE,0,0,0,FALSE,FALSE,N/A,N/A,N/A,0,0,0,0,0,0,FALSE,,0,,0
8825432,Srinivasan College of Arts and Science,Srinivasan College of Arts and Science,8825432,Active,Community,India,Perambalur (Rotary),2024 - 2025,3000,Zone 5,Zone 5,12,Yes,No,TRUE,10195,106.2,10195,TRUE,TRUE,Rotaract President,2024 - 2025,N,0,0,0,0,0,0,FALSE,,0,,0
8827391,Sri Solamalai Polytechnic College,Sri Solamalai Polytechnic College,8827391,Active,University,India,Madurai North (Rotary),2026 - 2027,3000,Zone 5,Zone 5,14,Yes,Yes,TRUE,7434,77.44,7434,TRUE,FALSE,N/A,N/A,N/A,0,0,0,0,0,0,FALSE,,0,,0
8828343,Sri Vinayaga College of Education,Sri Vinayaga College of Education,8828343,Active,University,India,Pudukkottai Maharani (Rotary),2026 - 2027,3000,Zone 5,Zone 5,36,No,Yes,FALSE,0,0,0,FALSE,FALSE,N/A,N/A,N/A,0,0,0,0,0,0,FALSE,,0,,0
8828427,SRM Trichy College of Nursing,SRM Trichy College of Nursing,8828427,Active,University,India,Trichy One Health (Rotary),2026 - 2027,3000,Zone 5,Zone 5,50,No,Yes,FALSE,0,0,0,FALSE,FALSE,N/A,N/A,N/A,0,0,0,0,0,0,FALSE,,0,,0
8827361,SSM College of Arts and Science,SSM College of Arts and Science,8827361,Active,University,India,Dindigul (Rotary),2026 - 2027,3000,Zone 5,Zone 5,19,Yes,Yes,TRUE,10089,105.09,10089,TRUE,FALSE,N/A,N/A,N/A,0,0,0,0,0,0,FALSE,,0,,0
8826745,St. Antony's College,St. Antony's College,8826745,Active,University,India,Dindigul Queencity (Rotary),2025 - 2026,3000,Zone 5,Zone 5,15,No,No,FALSE,0,0,0,FALSE,TRUE,Rotaract President,2025 - 2026,N,0,0,0,0,0,0,FALSE,,0,,0
8826704,Subramanian Polytechnic College,Subramanian Polytechnic College,8826704,Active,University,India,Pudukkottai King Town (Rotary),2025 - 2026,3000,Zone 5,Zone 5,15,Yes,No,TRUE,7965,82.97,7965,TRUE,TRUE,Rotaract President,2025 - 2026,N,0,0,0,0,0,0,FALSE,,0,,0
8826499,The Yadava College,The Yadava College,8826499,Active,University,India,Madurai Mid-Town (Rotary),2025 - 2026,3000,Zone 5,Zone 5,15,Yes,No,TRUE,7965,82.97,7965,TRUE,TRUE,Rotaract President,2025 - 2026,N,0,0,0,0,0,0,FALSE,,0,,0
91605,Thiagarajar College,Thiagarajar College,91605,Active,University,India,Madurai North (Rotary),2026 - 2027,3000,Zone 5,Zone 5,11,Yes,Yes,TRUE,7585,79.01,7585,TRUE,FALSE,N/A,N/A,N/A,0,0,0,0,0,0,FALSE,,0,,0
8827165,Thiagarajar College of Engineering,Thiagarajar College of Engineering,8827165,Active,University,India,Madurai North (Rotary),2026 - 2027,3000,Zone 5,Zone 5,3,Yes,Yes,TRUE,7965,82.97,7965,TRUE,FALSE,N/A,N/A,N/A,0,0,0,0,0,0,FALSE,,0,,0
8826470,Tiruchirapalli Yara,Tiruchirapalli Yara,8826470,Active,Community,India,Tiruchirapalli Butterflies (Rotary),2024 - 2025,3000,Zone 5,Zone 5,12,No,No,FALSE,0,0,0,FALSE,TRUE,Rotaract President,2024 - 2025,N,0,0,0,0,0,0,FALSE,,0,,0
8827360,Trichy Celestial,Trichy Celestial,8827360,Active,Community,India,Tiruchirapalli Midtown (Rotary),2026 - 2027,3000,Zone 5,Zone 5,15,No,Yes,FALSE,0,0,0,FALSE,FALSE,N/A,N/A,N/A,0,0,0,0,0,0,FALSE,,0,,0
8826764,Trichy Diamonds,Trichy Diamonds,8826764,Active,Community,India,Trichy Diamond City Queens (Rotary),2026 - 2027,3000,Zone 5,Zone 5,11,No,Yes,FALSE,0,0,0,FALSE,FALSE,N/A,N/A,N/A,0,0,0,0,0,0,FALSE,,0,,0
8828425,Trichy SRM Arts & Science College,Trichy SRM Arts & Science College,8828425,Active,University,India,Trichy One Health (Rotary),2026 - 2027,3000,Zone 5,Zone 5,51,No,Yes,FALSE,0,0,0,FALSE,FALSE,N/A,N/A,N/A,0,0,0,0,0,0,FALSE,,0,,0
8828452,Trichy SRM Medical College Hospital and Research Centre,Trichy SRM Medical College Hospital and Research Centre,8828452,Active,University,India,Trichy One Health (Rotary),2026 - 2027,3000,Zone 5,Zone 5,1854,No,Yes,FALSE,0,0,0,FALSE,FALSE,N/A,N/A,N/A,0,0,0,0,0,0,FALSE,,0,,0
8828052,Urumu Dhanalakshmi College,Urumu Dhanalakshmi College,8828052,Active,University,India,Tiruchirapalli Fort (Rotary),2026 - 2027,3000,Zone 5,Zone 5,40,No,Yes,FALSE,0,0,0,FALSE,FALSE,N/A,N/A,N/A,0,0,0,0,0,0,FALSE,,0,,0
91798,Valluvar College of Science & Management,Valluvar College of Science & Management,91798,Active,University,India,Karur (Rotary),2026 - 2027,3000,Zone 5,Zone 5,5,No,Yes,FALSE,0,0,0,FALSE,FALSE,N/A,N/A,N/A,0,0,0,0,0,0,FALSE,,0,,0
8824426,"Velammal College Of Engineering & Technology, Madurai","Velammal College Of Engineering & Technology, Madurai",8824426,Active,University,India,Madurai Metro Heritage (Rotary),2024 - 2025,3000,Zone 5,Zone 5,24,Yes,No,TRUE,12744,132.75,12744,TRUE,TRUE,Rotaract President,2024 - 2025,N,0,0,0,0,0,0,FALSE,,0,,0
8825381,Venkateswara College of Education Pudukkottai,Venkateswara College of Education Pudukkottai,8825381,Active,University,India,Pudukkottai Maharani (Rotary),2024 - 2025,3000,Zone 5,Zone 5,4,Yes,No,TRUE,2124,22.13,2124,FALSE,TRUE,Rotaract President,2023 - 2024,N,0,0,0,0,0,0,FALSE,,0,,0
8826095,Venkateswara Polytechnic College,Venkateswara Polytechnic College,8826095,Active,University,India,Pudukkottai (Rotary),2025 - 2026,3000,Zone 5,Zone 5,8,Yes,No,TRUE,4248,44.25,4248,FALSE,TRUE,Rotaract President,2025 - 2026,N,0,0,0,0,0,0,FALSE,,0,,0
8827404,Vidiyal Aranthangi,Vidiyal Aranthangi,8827404,Active,Community,India,,2026 - 2027,3000,Zone 5,Zone 5,17,Yes,Yes,TRUE,14443,150.45,14443,TRUE,FALSE,N/A,N/A,N/A,0,0,0,0,0,0,FALSE,,0,,0
217587,Vijay Institute of Management,Vijay Institute of Management,217587,Active,University,India,Dindigul (Rotary),2023 - 2024,3000,Zone 5,Zone 5,13,Yes,No,TRUE,6903,71.91,6903,FALSE,TRUE,Rotaract President,2023 - 2024,N,0,0,0,0,0,0,FALSE,,0,,0
8827688,Vikas College of Arts & Science,Vikas College of Arts & Science,8827688,Active,University,India,Tiruchirappalli Success (Rotary),2026 - 2027,3000,Zone 5,Zone 5,556,Yes,Yes,TRUE,295236,3075.38,295236,TRUE,FALSE,N/A,N/A,N/A,0,0,0,0,0,0,FALSE,,0,,0
8826543,Activa Delhi IHE,Activa Delhi IHE,8826543,Active,University,India,Activa Delhi (Rotary),2025 - 2026,3011,Zone 4,Zone 4,45,Yes,No,TRUE,29020,302.29,29020,TRUE,TRUE,Rotaract President,2025 - 2026,N,0,0,0,0,0,0,FALSE,,0,,0
8823523,Apeejay Stya University-Gurugram,Apeejay Stya University-Gurugram,8823523,Active,University,India,Delhi Premier (Rotary),2025 - 2026,3011,Zone 4,Zone 4,15,No,No,FALSE,0,0,0,FALSE,TRUE,Rotaract President,2025 - 2026,N,0,0,0,0,0,0,FALSE,,0,,0
216041,College of Vocational Studies,College of Vocational Studies,216041,Active,University,India,Delhi South West (Rotary),2026 - 2027,3011,Zone 4,Zone 4,17,No,Yes,FALSE,0,0,0,FALSE,FALSE,N/A,N/A,N/A,0,0,0,0,0,0,FALSE,,0,,0
215193,Davim Faridabad,Davim Faridabad,215193,Active,University,India,Faridabad (Rotary),2025 - 2026,3011,Zone 4,Zone 4,22,No,No,FALSE,0,0,0,FALSE,TRUE,Rotaract President,2025 - 2026,N,0,0,0,0,0,0,FALSE,,0,,0
8826452,Delhi Allure Midwest,Delhi Allure Midwest,8826452,Active,Community,India,Delhi Midwest (Rotary),2024 - 2025,3011,Zone 4,Zone 4,16,Yes,No,TRUE,16908,176.13,16908,TRUE,TRUE,Rotaract President,2024 - 2025,N,0,0,0,0,0,0,FALSE,,0,,0
8828423,Delhi Capital Circle,Delhi Capital Circle,8828423,Active,Community,India,Delhi Shine (Rotary),2026 - 2027,3011,Zone 4,Zone 4,17,No,Yes,FALSE,0,0,0,FALSE,FALSE,N/A,N/A,N/A,0,0,0,0,0,0,FALSE,,0,,0
8828587,Delhi Catalyst,Delhi Catalyst,8828587,Active,Community,India,,2026 - 2027,3011,Zone 4,Zone 4,12,No,Yes,FALSE,0,0,0,FALSE,FALSE,N/A,N/A,N/A,0,0,0,0,0,0,TRUE,23-Jul-2026,12,,0
8825852,Delhi Dynamic Leaders,Delhi Dynamic Leaders,8825852,Active,Community,India,,2026 - 2027,3011,Zone 4,Zone 4,13,No,Yes,FALSE,0,0,0,FALSE,FALSE,N/A,N/A,N/A,0,0,0,0,0,0,FALSE,,0,,0
8825072,Delhi Ehsaas,Delhi Ehsaas,8825072,Active,Community,India,Delhi Inspire (Rotary),2025 - 2026,3011,Zone 4,Zone 4,20,No,No,FALSE,0,0,0,FALSE,TRUE,Rotaract President,2025 - 2026,N,0,0,0,0,0,0,FALSE,,0,,0
217240,Delhi Elite,Delhi Elite,217240,Active,Community,India,Delhi Heights (Rotary),2026 - 2027,3011,Zone 4,Zone 4,18,No,Yes,FALSE,0,0,0,FALSE,FALSE,N/A,N/A,N/A,0,0,0,0,0,0,FALSE,,0,,1
8827498,Delhi Genesis,Delhi Genesis,8827498,Active,Community,India,Delhi Genesis (Rotary),2026 - 2027,3011,Zone 4,Zone 4,8,Yes,Yes,TRUE,15226,158.6,15226,TRUE,FALSE,N/A,N/A,N/A,0,0,0,0,0,0,FALSE,,0,,1
8826199,Delhi Genesis Midwest,Delhi Genesis Midwest,8826199,Active,Community,India,Delhi Midwest (Rotary),2026 - 2027,3011,Zone 4,Zone 4,21,No,Yes,FALSE,0,0,0,FALSE,FALSE,N/A,N/A,N/A,0,0,0,0,0,0,FALSE,,0,,0
8826601,Delhi Heights,Delhi Heights,8826601,Active,Community,India,Delhi Heights (Rotary),2026 - 2027,3011,Zone 4,Zone 4,37,No,Yes,FALSE,0,0,0,FALSE,FALSE,N/A,N/A,N/A,0,0,0,0,0,0,FALSE,,0,,1
8828605,Delhi Imperia,Delhi Imperia,8828605,Active,Community,India,Delhi Imperia (Rotary),2026 - 2027,3011,Zone 4,Zone 4,15,No,Yes,FALSE,0,0,0,FALSE,FALSE,N/A,N/A,N/A,0,0,0,0,0,0,TRUE,29-Jul-2026,15,,0
212976,Delhi Janak,Delhi Janak,212976,Active,Community,India,Delhi Janak (Rotary),2026 - 2027,3011,Zone 4,Zone 4,12,No,Yes,FALSE,0,0,0,FALSE,FALSE,N/A,N/A,N/A,0,0,0,0,0,0,FALSE,,0,,0
8825116,Delhi MAIMS,Delhi MAIMS,8825116,Active,University,India,,2026 - 2027,3011,Zone 4,Zone 4,40,No,Yes,FALSE,0,0,0,FALSE,FALSE,N/A,N/A,N/A,0,0,0,0,0,0,FALSE,,0,,0
8826105,Delhi Midtown Maitreyi,Delhi Midtown Maitreyi,8826105,Active,University,India,Delhi Mid-Town (Rotary),2025 - 2026,3011,Zone 4,Zone 4,22,No,No,FALSE,0,0,0,FALSE,TRUE,Rotaract President,2025 - 2026,N,0,0,0,0,0,0,FALSE,,0,,0
8827666,Delhi Nexus,Delhi Nexus,8827666,Active,Community,India,Delhi-West (Rotary),2025 - 2026,3011,Zone 4,Zone 4,10,Yes,No,TRUE,10408,108.42,10408,TRUE,TRUE,Rotaract President,2025 - 2026,N,0,0,0,0,0,0,FALSE,,0,,0
8824348,Delhi-Pankh,Delhi-Pankh,8824348,Active,Community,India,Delhi Okhla City (Rotary),2024 - 2025,3011,Zone 4,Zone 4,14,Yes,No,TRUE,11894,123.9,11894,TRUE,TRUE,Rotaract President,2024 - 2025,N,0,0,0,0,0,0,FALSE,,0,,1
217446,Delhi Philanthropists,Delhi Philanthropists,217446,Active,Community,India,Delhi Central Next (Rotary),2024 - 2025,3011,Zone 4,Zone 4,8,Yes,No,TRUE,6797,70.8,6797,FALSE,TRUE,Rotaract President,2024 - 2025,N,0,0,0,0,0,0,FALSE,,0,,0
8826443,Delhi Phoenix Midwest,Delhi Phoenix Midwest,8826443,Active,Community,India,Delhi Midwest (Rotary),2025 - 2026,3011,Zone 4,Zone 4,1,Yes,No,TRUE,5340,55.63,5340,FALSE,TRUE,Rotaract President,2024 - 2025,N,0,0,0,0,0,0,FALSE,,0,,0
212618,Delhi Rajdhani,Delhi Rajdhani,212618,Active,Community,India,Delhi Rajdhani (Rotary),2026 - 2027,3011,Zone 4,Zone 4,24,No,Yes,FALSE,0,0,0,FALSE,FALSE,N/A,N/A,N/A,0,0,0,0,0,0,FALSE,,0,,0
5211,Delhi South,Delhi South,5211,Active,Community,India,Delhi South (Rotary),2026 - 2027,3011,Zone 4,Zone 4,27,No,Yes,FALSE,0,0,0,FALSE,FALSE,N/A,N/A,N/A,0,0,0,0,0,0,FALSE,,0,,0
8823652,Delhi South Central,Delhi South Central,8823652,Active,Community,India,Delhi South Central (Rotary),2026 - 2027,3011,Zone 4,Zone 4,30,No,Yes,FALSE,0,0,0,FALSE,FALSE,N/A,N/A,N/A,0,0,0,0,0,0,FALSE,,0,,0
8826153,Delhi South East,Delhi South East,8826153,Active,Community,India,Delhi South East (Rotary),2026 - 2027,3011,Zone 4,Zone 4,21,No,Yes,FALSE,0,0,0,FALSE,FALSE,N/A,N/A,N/A,0,0,0,0,0,0,FALSE,,0,,0
8826450,Delhi Valiant Midwest,Delhi Valiant Midwest,8826450,Active,Community,India,Delhi Midwest (Rotary),2025 - 2026,3011,Zone 4,Zone 4,26,No,No,FALSE,0,0,0,FALSE,TRUE,Rotaract President,2025 - 2026,N,0,0,0,0,0,0,FALSE,,0,,0
8825160,Delhi Yuva,Delhi Yuva,8825160,Active,Community,India,Delhi Heights (Rotary),2026 - 2027,3011,Zone 4,Zone 4,8,No,Yes,FALSE,0,0,0,FALSE,FALSE,N/A,N/A,N/A,0,0,0,0,0,0,FALSE,,0,,0
8826360,Don Bosco Institute of Technology (Sankalp),Don Bosco Institute of Technology (Sankalp),8826360,Active,University,India,Indraprastha-Okhla (Rotary),2025 - 2026,3011,Zone 4,Zone 4,2,No,No,FALSE,0,0,0,FALSE,TRUE,Rotaract President,2025 - 2026,N,0,0,0,0,0,0,FALSE,,0,,0
217457,DPSRU,DPSRU,217457,Active,University,India,Delhi Central (Rotary),2026 - 2027,3011,Zone 4,Zone 4,35,No,Yes,FALSE,0,0,0,FALSE,FALSE,N/A,N/A,N/A,0,0,0,0,0,0,FALSE,,0,,0
8826826,Dronacharya Govt. College (Gurugram),Dronacharya Govt. College (Gurugram),8826826,Active,University,India,Gurgaon (Rotary),2025 - 2026,3011,Zone 4,Zone 4,12,Yes,No,TRUE,12462,129.81,12462,TRUE,TRUE,Rotaract President,2025 - 2026,N,0,0,0,0,0,0,FALSE,,0,,0
89542,DTU Regency,DTU Regency,89542,Active,University,India,Delhi Regency (Rotary),2025 - 2026,3011,Zone 4,Zone 4,33,No,No,FALSE,0,0,0,FALSE,TRUE,Rotaract President,2025 - 2026,N,0,0,0,0,0,0,FALSE,,0,,0
218073,DUSC,DUSC,218073,Active,Community,India,Delhi Khubsurat (Rotary),2026 - 2027,3011,Zone 4,Zone 4,6,No,Yes,FALSE,0,0,0,FALSE,FALSE,N/A,N/A,N/A,0,0,0,0,0,0,FALSE,,0,,0
218427,Faridabad Aravalli,Faridabad Aravalli,218427,Active,Community,India,Faridabad Aravalli (Rotary),2024 - 2025,3011,Zone 4,Zone 4,40,Yes,No,TRUE,33984,354,33984,TRUE,TRUE,Rotaract President,2024 - 2025,N,0,0,0,0,0,0,FALSE,,0,,0
88674,Galgotia Educational Institute,Galgotia Educational Institute,88674,Active,University,India,Delhi South End (Rotary),2026 - 2027,3011,Zone 4,Zone 4,36,No,Yes,FALSE,0,0,0,FALSE,FALSE,N/A,N/A,N/A,0,0,0,0,0,0,FALSE,,0,,0
8828087,Galgotias University,Galgotias University,8828087,Active,University,India,Delhi South End (Rotary),2026 - 2027,3011,Zone 4,Zone 4,21,No,Yes,FALSE,0,0,0,FALSE,FALSE,N/A,N/A,N/A,0,0,0,0,0,0,FALSE,,0,,0
8826750,"GD Goenka University, Sohna","GD Goenka University, Sohna",8826750,Active,Community,India,Gurgaon (Rotary),2025 - 2026,3011,Zone 4,Zone 4,26,No,No,FALSE,0,0,0,FALSE,TRUE,Rotaract President,2025 - 2026,N,0,0,0,0,0,0,FALSE,,0,,0
8823740,Guru Tegh Bahadur Institute of Technology,Guru Tegh Bahadur Institute of Technology,8823740,Active,University,India,Delhi Westend (Rotary),2021 - 2022,3011,Zone 4,Zone 4,4,Yes,No,TRUE,8071,84.07,8071,TRUE,TRUE,Rotaract President,2021 - 2022,N,0,0,0,0,0,0,FALSE,,0,,0
8826684,IILM University Gurugram,IILM University Gurugram,8826684,Active,University,India,Gurgaon (Rotary),2025 - 2026,3011,Zone 4,Zone 4,8,No,No,FALSE,0,0,0,FALSE,TRUE,Rotaract President,2025 - 2026,N,0,0,0,0,0,0,FALSE,,0,,0
212955,Indira Gandhi Delhi Technical University for Women,Indira Gandhi Delhi Technical University for Women,212955,Active,University,India,New Delhi (Rotary),2026 - 2027,3011,Zone 4,Zone 4,37,No,Yes,FALSE,0,0,0,FALSE,FALSE,N/A,N/A,N/A,0,0,0,0,0,0,FALSE,,0,,0
8826848,Indraprastha College For Women (DU),Indraprastha College For Women (DU),8826848,Active,University,India,Delhi South (Rotary),2025 - 2026,3011,Zone 4,Zone 4,12,Yes,No,TRUE,6372,66.38,6372,FALSE,TRUE,Rotaract President,2025 - 2026,N,0,0,0,0,0,0,FALSE,,0,,0
218201,Ingenious Minds,Ingenious Minds,218201,Active,Community,India,Delhi Panchshila Park (Rotary),2026 - 2027,3011,Zone 4,Zone 4,19,No,Yes,FALSE,0,0,0,FALSE,FALSE,N/A,N/A,N/A,0,0,0,0,0,0,FALSE,,0,,0
8826897,Jagannath Institute of Management Sciences,Jagannath Institute of Management Sciences,8826897,Active,University,India,Delhi Vasant Kunj (Rotary),2026 - 2027,3011,Zone 4,Zone 4,23,No,Yes,FALSE,0,0,0,FALSE,FALSE,N/A,N/A,N/A,0,0,0,0,0,0,FALSE,,0,,0
8828216,Kirori Mal College,Kirori Mal College,8828216,Active,University,India,Delhi Govinda (Rotary),2026 - 2027,3011,Zone 4,Zone 4,16,No,Yes,FALSE,0,0,0,FALSE,FALSE,N/A,N/A,N/A,0,0,0,0,0,0,FALSE,,0,,0
8826451,KR Manglam University,KR Manglam University,8826451,Active,University,India,Delhi Midwest (Rotary),2024 - 2025,3011,Zone 4,Zone 4,2,Yes,No,TRUE,2076,21.63,2076,FALSE,TRUE,Rotaract President,2024 - 2025,N,0,0,0,0,0,0,FALSE,,0,,0
8826403,"Lady Shri Ram College, New Delhi","Lady Shri Ram College, New Delhi",8826403,Active,University,India,Delhi Compassion and Hope (Rotary),2025 - 2026,3011,Zone 4,Zone 4,18,Yes,No,TRUE,16985,176.93,16985,TRUE,TRUE,Rotaract President,2025 - 2026,N,0,0,0,0,0,0,FALSE,,0,,0
8826646,Lakshmibai College,Lakshmibai College,8826646,Active,University,India,Delhi West Metro (Rotary),2026 - 2027,3011,Zone 4,Zone 4,33,No,Yes,FALSE,0,0,0,FALSE,FALSE,N/A,N/A,N/A,0,0,0,0,0,0,FALSE,,0,,0
216061,Maharaja Agarsain,Maharaja Agarsain,216061,Active,Community,India,New Delhi (Rotary),2026 - 2027,3011,Zone 4,Zone 4,15,No,Yes,FALSE,0,0,0,FALSE,FALSE,N/A,N/A,N/A,0,0,0,0,0,0,FALSE,,0,,0
8823679,Meraki,Meraki,8823679,Active,Community,India,Faridabad Midtown Next (Rotary),2026 - 2027,3011,Zone 4,Zone 4,12,No,Yes,FALSE,0,0,0,FALSE,FALSE,N/A,N/A,N/A,0,0,0,0,0,0,FALSE,,0,,0
8827485,National Association for Blind,National Association for Blind,8827485,Active,University,India,Delhi Heights (Rotaract); Delhi Heights (Rotary),2026 - 2027,3011,Zone 4,Zone 4,17,No,No,FALSE,0,0,0,FALSE,TRUE,Rotaract President,2025 - 2026,N,0,0,0,0,0,0,FALSE,,0,,0
216303,N D I M,N D I M,216303,Active,University,India,Delhi South West (Rotary),2025 - 2026,3011,Zone 4,Zone 4,7,No,No,FALSE,0,0,0,FALSE,TRUE,Rotaract President,2025 - 2026,N,0,0,0,0,0,0,FALSE,,0,,0
5141,New Delhi,New Delhi,5141,Active,Community,India,Delhi Heights (Rotary),2026 - 2027,3011,Zone 4,Zone 4,58,Yes,Yes,TRUE,992,10.33,992,FALSE,FALSE,N/A,N/A,N/A,0,0,0,0,0,0,FALSE,,0,,0
84694,N.S.I.T. Regency,N.S.I.T. Regency,84694,Active,University,India,Delhi Regency (Rotary),2026 - 2027,3011,Zone 4,Zone 4,13,No,Yes,FALSE,0,0,0,FALSE,FALSE,N/A,N/A,N/A,0,0,0,0,0,0,FALSE,,0,,0
217706,Ramanujan College,Ramanujan College,217706,Active,University,India,Delhi Southex (Rotary),2025 - 2026,3011,Zone 4,Zone 4,34,Yes,No,TRUE,24566,255.9,24566,TRUE,TRUE,Rotaract President,2024 - 2025,N,0,0,0,0,0,0,FALSE,,0,,0
8824372,Resilience,Resilience,8824372,Active,Community,India,Delhi Sainik Farms (Rotary),2026 - 2027,3011,Zone 4,Zone 4,17,No,Yes,FALSE,0,0,0,FALSE,FALSE,N/A,N/A,N/A,0,0,0,0,0,0,FALSE,,0,,0
218552,Rever,Rever,218552,Active,Community,India,Delhi Midwest (Rotary),2026 - 2027,3011,Zone 4,Zone 4,10,No,Yes,FALSE,0,0,0,FALSE,FALSE,N/A,N/A,N/A,0,0,0,0,0,0,FALSE,,0,,0
215722,Saksham,Saksham,215722,Active,Community,India,Gurgaon South City (Rotary),2025 - 2026,3011,Zone 4,Zone 4,15,No,No,FALSE,0,0,0,FALSE,TRUE,Rotaract President,2025 - 2026,N,0,0,0,0,0,0,FALSE,,0,,0
8827668,SGT University,SGT University,8827668,Active,University,India,Gurgaon Qutab Enclave (Rotary),2026 - 2027,3011,Zone 4,Zone 4,27,No,Yes,FALSE,0,0,0,FALSE,FALSE,N/A,N/A,N/A,0,0,0,0,0,0,FALSE,,0,,0
8826151,Shaheed Bhagat Singh College,Shaheed Bhagat Singh College,8826151,Active,University,India,Delhi Mankind (Rotary),2025 - 2026,3011,Zone 4,Zone 4,25,Yes,No,TRUE,26121,272.09,26121,TRUE,TRUE,Rotaract President,2025 - 2026,N,0,0,0,0,0,0,FALSE,,0,,0
91072,Shri Aurobindo College,Shri Aurobindo College,91072,Active,University,India,Delhi South West (Rotary),2025 - 2026,3011,Zone 4,Zone 4,12,No,No,FALSE,0,0,0,FALSE,TRUE,Rotaract President,2025 - 2026,N,0,0,0,0,0,0,FALSE,,0,,0
8827675,Shri Ram College of Commerce,Shri Ram College of Commerce,8827675,Active,University,India,Delhi South East (Rotary),2026 - 2027,3011,Zone 4,Zone 4,8,No,Yes,FALSE,0,0,0,FALSE,FALSE,N/A,N/A,N/A,0,0,0,0,0,0,FALSE,,0,,0
88900,Sri Guru Gobind Singh College of Commerce,Sri Guru Gobind Singh College of Commerce,88900,Active,University,India,New Delhi (Rotary),2026 - 2027,3011,Zone 4,Zone 4,18,No,Yes,FALSE,0,0,0,FALSE,FALSE,N/A,N/A,N/A,0,0,0,0,0,0,FALSE,,0,,0
8826337,Sri Guru Tegh Bahadur Khalsa College,Sri Guru Tegh Bahadur Khalsa College,8826337,Active,University,India,Delhi Midwest (Rotary),2026 - 2027,3011,Zone 4,Zone 4,11,No,Yes,FALSE,0,0,0,FALSE,FALSE,N/A,N/A,N/A,0,0,0,0,0,0,FALSE,,0,,0
8826477,Starex University,Starex University,8826477,Active,University,India,Delhi Midwest (Rotary),2024 - 2025,3011,Zone 4,Zone 4,9,Yes,No,TRUE,9644,100.46,9644,TRUE,TRUE,Rotaract President,2024 - 2025,N,0,0,0,0,0,0,FALSE,,0,,0
218560,Sushant University,Sushant University,218560,Active,University,India,Gurgaon (Rotary),2026 - 2027,3011,Zone 4,Zone 4,23,No,Yes,FALSE,0,0,0,FALSE,FALSE,N/A,N/A,N/A,0,0,0,0,0,0,FALSE,,0,,0
214806,The North'Cap University,The North'Cap University,214806,Active,University,India,Gurgaon (Rotary),2024 - 2025,3011,Zone 4,Zone 4,26,No,No,FALSE,0,0,0,FALSE,TRUE,Rotaract President,2024 - 2025,N,0,0,0,0,0,0,FALSE,,0,,0
8824525,Trinity Institute Dwarka,Trinity Institute Dwarka,8824525,Active,University,India,New Delhi (Rotary),2026 - 2027,3011,Zone 4,Zone 4,6,No,Yes,FALSE,0,0,0,FALSE,FALSE,N/A,N/A,N/A,0,0,0,0,0,0,FALSE,,0,,0
8823269,Unified Spirits,Unified Spirits,8823269,Active,Community,India,Delhi Humanity (Rotary),2025 - 2026,3011,Zone 4,Zone 4,16,No,No,FALSE,0,0,0,FALSE,TRUE,Rotaract President,2025 - 2026,N,0,0,0,0,0,0,FALSE,,0,,0
8825068,Virasat,Virasat,8825068,Active,Community,India,,2023 - 2024,3011,Zone 4,Zone 4,2,Yes,No,TRUE,7921,82.51,7921,TRUE,TRUE,Rotaract President,2023 - 2024,N,0,0,0,0,0,0,FALSE,,0,,0
215103,Visioners League,Visioners League,215103,Active,Community,India,Delhi South West (Rotary),2025 - 2026,3011,Zone 4,Zone 4,19,No,No,FALSE,0,0,0,FALSE,TRUE,Rotaract President,2025 - 2026,N,0,0,0,0,0,0,FALSE,,0,,0
8826620,World Without Childhood Blindness,World Without Childhood Blindness,8826620,Active,Community,India,Gurgaon Passion (Rotary),2026 - 2027,3011,Zone 4,Zone 4,13,No,Yes,FALSE,0,0,0,FALSE,FALSE,N/A,N/A,N/A,0,0,0,0,0,0,FALSE,,0,,0
217456,Young Souvenirs,Young Souvenirs,217456,Active,Community,India,Gurgaon Cosmopolitan (Rotary),2026 - 2027,3011,Zone 4,Zone 4,13,No,Yes,FALSE,0,0,0,FALSE,FALSE,N/A,N/A,N/A,0,0,0,0,0,0,FALSE,,0,,1
213097,Young Visionaries,Young Visionaries,213097,Active,Community,India,Delhi Rendezvous (Rotary),2025 - 2026,3011,Zone 4,Zone 4,0,No,No,FALSE,0,0,0,FALSE,TRUE,Rotaract President,2025 - 2026,N,35,35,0,0,0,0,FALSE,,0,,0
215308,ABES Sapphire,ABES Sapphire,215308,Active,University,India,Ghaziabad Sapphire (Rotary),2020 - 2021,3012,Zone 4,Zone 4,2,Yes,No,TRUE,2076,21.63,2076,FALSE,TRUE,Rotaract President,2020 - 2021,N,0,0,0,0,0,0,FALSE,,0,,0
8828619,Ajay Kumar Garg Institute of Management,Ajay Kumar Garg Institute of Management,8828619,Active,University,India,Ghaziabad (Rotary),2026 - 2027,3012,Zone 4,Zone 4,12,No,Yes,FALSE,0,0,0,FALSE,FALSE,N/A,N/A,N/A,0,0,0,0,0,0,TRUE,31-Jul-2026,12,,0
8823176,Ardent Creators,Ardent Creators,8823176,Active,Community,India,,2026 - 2027,3012,Zone 4,Zone 4,10,Yes,Yes,TRUE,11970,124.69,11970,TRUE,FALSE,N/A,N/A,N/A,0,0,0,0,0,0,FALSE,,0,,0
216961,Ashoka Artisans,Ashoka Artisans,216961,Active,Community,India,Delhi Ashoka (Rotary),2026 - 2027,3012,Zone 4,Zone 4,12,No,Yes,FALSE,0,0,0,FALSE,FALSE,N/A,N/A,N/A,0,0,0,0,0,0,FALSE,,0,,0
8826904,Ashoka University Youth,Ashoka University Youth,8826904,Active,University,India,Sonepat Midtown (Rotary),2026 - 2027,3012,Zone 4,Zone 4,15,No,Yes,FALSE,0,0,0,FALSE,FALSE,N/A,N/A,N/A,0,0,0,0,0,0,FALSE,,0,,0
213233,Capital City New Delhi,Capital City New Delhi,213233,Active,Community,India,Capital City New Delhi (Rotary),2025 - 2026,3012,Zone 4,Zone 4,13,Yes,No,TRUE,12540,130.62,12540,TRUE,TRUE,Rotaract President,2025 - 2026,N,0,0,0,0,0,0,FALSE,,0,,0
8828188,Delhi,Delhi,8828188,Active,Community,India,Delhi Vikas (Rotary),2026 - 2027,3012,Zone 4,Zone 4,3,No,Yes,FALSE,0,0,0,FALSE,FALSE,N/A,N/A,N/A,0,0,0,0,0,0,FALSE,,0,,0
222285,Delhi Achievers,Delhi Achievers,222285,Active,Community,India,Delhi Achievers (Rotary),2020 - 2021,3012,Zone 4,Zone 4,1,Yes,No,TRUE,3228,33.63,3228,FALSE,TRUE,Rotaract President,2020 - 2021,N,0,0,0,0,0,0,FALSE,,0,,0
8823738,Delhi Ananta,Delhi Ananta,8823738,Active,Community,India,Delhi Ananta (Rotary),2022 - 2023,3012,Zone 4,Zone 4,1,Yes,No,TRUE,2445,25.47,2445,FALSE,TRUE,Rotaract President,2022 - 2023,N,0,0,0,0,0,0,FALSE,,0,,0
8823185,Delhi Capitol,Delhi Capitol,8823185,Active,Community,India,Delhi Capitol (Rotary),2024 - 2025,3012,Zone 4,Zone 4,2,Yes,No,TRUE,6456,67.25,6456,FALSE,TRUE,Rotaract President,2024 - 2025,N,0,0,0,0,0,0,FALSE,,0,,0
8827880,Delhi City Nirvana,Delhi City Nirvana,8827880,Active,Community,India,Delhi City (Rotary),2025 - 2026,3012,Zone 4,Zone 4,5,No,No,FALSE,0,0,0,FALSE,TRUE,Rotaract President,2025 - 2026,N,0,0,0,0,0,0,FALSE,,0,,0
8827082,Delhi Institute of Higher Education,Delhi Institute of Higher Education,8827082,Active,University,India,Green Greater Noida (Rotary),2025 - 2026,3012,Zone 4,Zone 4,27,Yes,No,TRUE,14337,149.34,14337,TRUE,TRUE,Rotaract President,2025 - 2026,N,0,0,0,0,0,0,FALSE,,0,,0
8827939,Delhi Mayur Vihar,Delhi Mayur Vihar,8827939,Active,Community,India,Delhi Mayur Vihar (Rotary),2026 - 2027,3012,Zone 4,Zone 4,16,No,Yes,FALSE,0,0,0,FALSE,FALSE,N/A,N/A,N/A,0,0,0,0,0,0,FALSE,,0,,0
8827649,Delhi Metropolitan Education,Delhi Metropolitan Education,8827649,Active,University,India,Noida (Rotary),2026 - 2027,3012,Zone 4,Zone 4,26,Yes,Yes,TRUE,13806,143.81,13806,TRUE,FALSE,N/A,N/A,N/A,0,0,0,0,0,0,FALSE,,0,,0
8825114,Delhi North,Delhi North,8825114,Active,Community,India,Delhi North (Rotary),2025 - 2026,3012,Zone 4,Zone 4,13,Yes,No,TRUE,17751,184.91,17751,TRUE,TRUE,Rotaract President,2025 - 2026,N,0,0,0,0,0,0,FALSE,,0,,0
8823374,Delhi Pegasus,Delhi Pegasus,8823374,Active,Community,India,Delhi East End (Rotary),2026 - 2027,3012,Zone 4,Zone 4,10,No,Yes,FALSE,0,0,0,FALSE,FALSE,N/A,N/A,N/A,0,0,0,0,0,0,FALSE,,0,,0
8823178,Delhi Regals,Delhi Regals,8823178,Active,Community,India,Delhi Regals (Rotary),2020 - 2021,3012,Zone 4,Zone 4,1,Yes,No,TRUE,3228,33.63,3228,FALSE,TRUE,Rotaract President,2020 - 2021,N,0,0,0,0,0,0,FALSE,,0,,0
8827801,Delhi Rohini Saanjh,Delhi Rohini Saanjh,8827801,Active,Community,India,Delhi Rohini (Rotary),2026 - 2027,3012,Zone 4,Zone 4,2,No,Yes,FALSE,0,0,0,FALSE,FALSE,N/A,N/A,N/A,0,0,0,0,0,0,FALSE,,0,,0
218612,Delhi Royals,Delhi Royals,218612,Active,Community,India,Delhi Royals (Rotary),2020 - 2021,3012,Zone 4,Zone 4,1,Yes,No,TRUE,3228,33.63,3228,FALSE,TRUE,Rotaract President,2020 - 2021,N,0,0,0,0,0,0,FALSE,,0,,0
89636,Delhi School of Professional Study & Research,Delhi School of Professional Study & Research,89636,Active,University,India,Delhi Maurya (Rotary),2025 - 2026,3012,Zone 4,Zone 4,6,No,No,FALSE,0,0,0,FALSE,TRUE,Rotaract President,2025 - 2026,N,0,0,0,0,0,0,FALSE,,0,,0
8827656,Delhi Shahadra,Delhi Shahadra,8827656,Active,Community,India,Delhi Shahdara (Rotary),2026 - 2027,3012,Zone 4,Zone 4,12,Yes,Yes,TRUE,10195,106.2,10195,TRUE,FALSE,N/A,N/A,N/A,0,0,0,0,0,0,FALSE,,0,,0
8823373,Delhi Vibrance,Delhi Vibrance,8823373,Active,Community,India,Delhi Preet Vihar (Rotary),2024 - 2025,3012,Zone 4,Zone 4,8,Yes,No,TRUE,6797,70.8,6797,FALSE,TRUE,Rotaract President,2024 - 2025,N,0,0,0,0,0,0,FALSE,,0,,0
214267,'DRISHTI' Bhagwan Parshuram Institute of Technology,'DRISHTI' Bhagwan Parshuram Institute of Technology,214267,Active,University,India,Delhi Rohini (Rotary),2026 - 2027,3012,Zone 4,Zone 4,6,No,Yes,FALSE,0,0,0,FALSE,FALSE,N/A,N/A,N/A,0,0,0,0,0,0,FALSE,,0,,0
8823169,Dyal Singh College,Dyal Singh College,8823169,Active,University,India,Capital City New Delhi (Rotary),2026 - 2027,3012,Zone 4,Zone 4,10,No,Yes,FALSE,0,0,0,FALSE,FALSE,N/A,N/A,N/A,0,0,0,0,0,0,FALSE,,0,,0
8824922,Ganaur,Ganaur,8824922,Active,Community,India,Ganaur (Rotary),2022 - 2023,3012,Zone 4,Zone 4,1,Yes,No,TRUE,3228,33.63,3228,FALSE,TRUE,Rotaract President,2022 - 2023,N,0,0,0,0,0,0,FALSE,,0,,0
8828620,Ghaziabad Altruism,Ghaziabad Altruism,8828620,Active,Community,India,Ghaziabad Greater Next (Rotary),2026 - 2027,3012,Zone 4,Zone 4,13,No,Yes,FALSE,0,0,0,FALSE,FALSE,N/A,N/A,N/A,0,0,0,0,0,0,TRUE,03-Aug-2026,13,,0
8824849,Ghaziabad Golf Links,Ghaziabad Golf Links,8824849,Active,Community,India,Ghaziabad Golf Links (Rotary),2022 - 2023,3012,Zone 4,Zone 4,1,Yes,No,TRUE,3228,33.63,3228,FALSE,TRUE,Rotaract President,2022 - 2023,N,0,0,0,0,0,0,FALSE,,0,,0
8824892,Ghaziabad Ideal Umang,Ghaziabad Ideal Umang,8824892,Active,Community,India,Ghaziabad Ideal (Rotary),2026 - 2027,3012,Zone 4,Zone 4,11,No,Yes,FALSE,0,0,0,FALSE,FALSE,N/A,N/A,N/A,0,0,0,0,0,0,FALSE,,0,,0
8823174,Ghaziabad Metro,Ghaziabad Metro,8823174,Active,Community,India,Ghaziabad Metro (Rotary),2020 - 2021,3012,Zone 4,Zone 4,1,Yes,No,TRUE,3228,33.63,3228,FALSE,TRUE,Rotaract President,2020 - 2021,N,0,0,0,0,0,0,FALSE,,0,,0
222263,Ghaziabad Prime,Ghaziabad Prime,222263,Active,Community,India,Ghaziabad Chiranjeev Vihar (Rotary),2020 - 2021,3012,Zone 4,Zone 4,1,Yes,No,TRUE,3228,33.63,3228,FALSE,TRUE,Rotaract President,2020 - 2021,N,0,0,0,0,0,0,FALSE,,0,,0
212235,G.I. Bajaj Institute of Technology & Management,G.I. Bajaj Institute of Technology & Management,212235,Active,University,India,Delhi Imperial (Rotary),2026 - 2027,3012,Zone 4,Zone 4,14,No,Yes,FALSE,0,0,0,FALSE,FALSE,N/A,N/A,N/A,0,0,0,0,0,0,FALSE,,0,,0
8827670,Gita Vidya Mandir Girls College,Gita Vidya Mandir Girls College,8827670,Active,University,India,Sonepat Midtown (Rotary),2026 - 2027,3012,Zone 4,Zone 4,19,Yes,Yes,TRUE,10089,105.09,10089,TRUE,FALSE,N/A,N/A,N/A,0,0,0,0,0,0,FALSE,,0,,0
218044,GVM ITM,GVM ITM,218044,Active,University,India,Sonepat Midtown (Rotary),2024 - 2025,3012,Zone 4,Zone 4,5,Yes,No,TRUE,3726,38.81,3726,FALSE,TRUE,Rotaract President,2024 - 2025,N,0,0,0,0,0,0,FALSE,,0,,0
217052,Hansraj College,Hansraj College,217052,Active,University,India,Delhi Uptown (Rotary),2024 - 2025,3012,Zone 4,Zone 4,8,Yes,No,TRUE,9330,97.19,9330,TRUE,TRUE,Rotaract President,2024 - 2025,N,0,0,0,0,0,0,FALSE,,0,,0
8825931,Ideal Institute of Management and Technology,Ideal Institute of Management and Technology,8825931,Active,University,India,Delhi Vivek (Rotary),2024 - 2025,3012,Zone 4,Zone 4,6,No,No,FALSE,0,0,0,FALSE,TRUE,Rotaract President,2024 - 2025,N,0,0,0,0,0,0,FALSE,,0,,0
8828604,IIMT College of Engineering,IIMT College of Engineering,8828604,Active,University,India,Greater Noida (Rotary),2026 - 2027,3012,Zone 4,Zone 4,23,No,Yes,FALSE,0,0,0,FALSE,FALSE,N/A,N/A,N/A,0,0,0,0,0,0,TRUE,29-Jul-2026,23,,0
8828589,Inmantec Institution,Inmantec Institution,8828589,Active,University,India,Sahibabad (Rotary),2026 - 2027,3012,Zone 4,Zone 4,14,No,Yes,FALSE,0,0,0,FALSE,FALSE,N/A,N/A,N/A,0,0,0,0,0,0,TRUE,24-Jul-2026,14,,0
8827379,IPEM Group of Institutions Ghaziabad,IPEM Group of Institutions Ghaziabad,8827379,Active,University,India,Ghaziabad Greater (Rotary),2025 - 2026,3012,Zone 4,Zone 4,22,Yes,No,TRUE,11950,124.48,11950,TRUE,TRUE,Rotaract President,2025 - 2026,N,0,0,0,0,0,0,FALSE,,0,,0
216062,"Jagannath International Management School, Vasant Kunj","Jagannath International Management School, Vasant Kunj",216062,Active,University,India,Delhi Imperial (Rotary),2026 - 2027,3012,Zone 4,Zone 4,2,No,Yes,FALSE,0,0,0,FALSE,FALSE,N/A,N/A,N/A,0,0,0,0,0,0,FALSE,,0,,0
8827895,Miranda House,Miranda House,8827895,Active,University,India,New Delhi One (Rotary),2026 - 2027,3012,Zone 4,Zone 4,12,No,Yes,FALSE,0,0,0,FALSE,FALSE,N/A,N/A,N/A,0,0,0,0,0,0,FALSE,,0,,0
8824852,Noida Gen Z,Noida Gen Z,8824852,Active,University,India,Noida (Rotary),2022 - 2023,3012,Zone 4,Zone 4,2,Yes,No,TRUE,4035,42.03,4035,FALSE,TRUE,Rotaract President,2022 - 2023,N,0,0,0,0,0,0,FALSE,,0,,0
8827464,Noida Institute of Engineering and Technology,Noida Institute of Engineering and Technology,8827464,Active,University,India,Green Greater Noida (Rotary),2026 - 2027,3012,Zone 4,Zone 4,12,Yes,Yes,TRUE,6372,66.38,6372,FALSE,FALSE,N/A,N/A,N/A,0,0,0,0,0,0,FALSE,,0,,0
213222,Noida Youth,Noida Youth,213222,Active,Community,India,,2025 - 2026,3012,Zone 4,Zone 4,27,Yes,No,TRUE,3904,40.67,3904,FALSE,TRUE,Rotaract President,2025 - 2026,N,0,0,0,0,0,0,FALSE,,0,,0
91079,O.P. Jindal Global University,O.P. Jindal Global University,91079,Active,University,India,Sonepat (Rotary),2026 - 2027,3012,Zone 4,Zone 4,14,No,Yes,FALSE,0,0,0,FALSE,FALSE,N/A,N/A,N/A,0,0,0,0,0,0,FALSE,,0,,0
8823777,O.P. Jindal Global University Alumnus,O.P. Jindal Global University Alumnus,8823777,Active,Community,India,O.P. Jindal Global University (Rotaract),2020 - 2021,3012,Zone 4,Zone 4,1,Yes,No,TRUE,3228,33.63,3228,FALSE,TRUE,Rotaract President,2020 - 2021,N,0,0,0,0,0,0,FALSE,,0,,0
214944,PGDAV (Eve) College,PGDAV (Eve) College,214944,Active,University,India,Delhi North (Rotary),2024 - 2025,3012,Zone 4,Zone 4,13,Yes,No,TRUE,6903,71.91,6903,FALSE,TRUE,Rotaract President,2024 - 2025,N,0,0,0,0,0,0,FALSE,,0,,0
216147,Physiotherapy Scholars,Physiotherapy Scholars,216147,Active,Community,India,Delhi Monarch (Rotary),2023 - 2024,3012,Zone 4,Zone 4,3,Yes,No,TRUE,4984,51.92,4984,FALSE,TRUE,Rotaract President,2023 - 2024,N,0,0,0,0,0,0,FALSE,,0,,0
8828607,Ram Chameli Chadha Vishvas Girls College,Ram Chameli Chadha Vishvas Girls College,8828607,Active,University,India,Ghaziabad (North) (Rotary),2026 - 2027,3012,Zone 4,Zone 4,26,No,Yes,FALSE,0,0,0,FALSE,FALSE,N/A,N/A,N/A,0,0,0,0,0,0,TRUE,29-Jul-2026,26,,0
215549,Ram Eesh Institute,Ram Eesh Institute,215549,Active,University,India,Green Greater Noida (Rotary),2020 - 2021,3012,Zone 4,Zone 4,1,Yes,No,TRUE,2018,21.02,2018,FALSE,TRUE,Rotaract President,2020 - 2021,N,0,0,0,0,0,0,FALSE,,0,,0
8824011,Rishihood University,Rishihood University,8824011,Active,University,India,Kundli (Rotary),2021 - 2022,3012,Zone 4,Zone 4,1,Yes,No,TRUE,2018,21.02,2018,FALSE,TRUE,Rotaract President,2021 - 2022,N,0,0,0,0,0,0,FALSE,,0,,0
8825455,Shaheed Bhagat Singh Evening College,Shaheed Bhagat Singh Evening College,8825455,Active,University,India,Delhi Preet Vihar (Rotary),2026 - 2027,3012,Zone 4,Zone 4,4,No,Yes,FALSE,0,0,0,FALSE,FALSE,N/A,N/A,N/A,0,0,0,0,0,0,FALSE,,0,,0
216304,Shaheed Sukhdev College of Business,Shaheed Sukhdev College of Business,216304,Active,University,India,Delhi Maurya (Rotary),2025 - 2026,3012,Zone 4,Zone 4,7,No,No,FALSE,0,0,0,FALSE,TRUE,Rotaract President,2025 - 2026,N,0,0,0,0,0,0,FALSE,,0,,0
8823168,Shatabdi Elite,Shatabdi Elite,8823168,Active,Community,India,,2020 - 2021,3012,Zone 4,Zone 4,1,Yes,No,TRUE,3228,33.63,3228,FALSE,TRUE,Rotaract President,2020 - 2021,N,0,0,0,0,0,0,FALSE,,0,,0
218274,Sonepat,Sonepat,218274,Active,Community,India,Sonepat (Rotary),2026 - 2027,3012,Zone 4,Zone 4,6,No,Yes,FALSE,0,0,0,FALSE,FALSE,N/A,N/A,N/A,0,0,0,0,0,0,FALSE,,0,,0
8827915,Sri Ramaswamy Memorial University,Sri Ramaswamy Memorial University,8827915,Active,University,India,Kundli (Rotary),2026 - 2027,3012,Zone 4,Zone 4,12,Yes,Yes,TRUE,6372,66.38,6372,FALSE,FALSE,N/A,N/A,N/A,0,0,0,0,0,0,FALSE,,0,,0
215327,USME,USME,215327,Active,University,India,Delhi Maurya (Rotary),2026 - 2027,3012,Zone 4,Zone 4,17,No,Yes,FALSE,0,0,0,FALSE,FALSE,N/A,N/A,N/A,0,0,0,0,0,0,FALSE,,0,,0
8824093,Vaishali Excellence,Vaishali Excellence,8824093,Active,Community,India,Vaishali (Rotary),2021 - 2022,3012,Zone 4,Zone 4,1,Yes,No,TRUE,3228,33.63,3228,FALSE,TRUE,Rotaract President,2021 - 2022,N,0,0,0,0,0,0,FALSE,,0,,0
216150,Verve,Verve,216150,Active,Community,India,Ghaziabad Sapphire (Rotary),2025 - 2026,3012,Zone 4,Zone 4,7,No,No,FALSE,0,0,0,FALSE,TRUE,Rotaract President,2025 - 2026,N,0,0,0,0,0,0,FALSE,,0,,0
8826955,Aarunya of Aditya Degree College,Aarunya of Aditya Degree College,8826955,Active,University,India,Vijayawada (Rotary),2026 - 2027,3020,Zone 7,Zone 7,18,No,Yes,FALSE,0,0,0,FALSE,FALSE,N/A,N/A,N/A,0,0,0,0,0,0,FALSE,,0,,0
8824456,Aditya Degree College,Aditya Degree College,8824456,Active,University,India,Kakinada Golden Jubilee (Rotary),2022 - 2023,3020,Zone 7,Zone 7,1,Yes,No,TRUE,531,5.53,531,FALSE,TRUE,Rotaract President,2022 - 2023,N,0,0,0,0,0,0,FALSE,,0,,0
218399,Aikya Kakinada,Aikya Kakinada,218399,Active,Community,India,Kakinada (Rotary),2025 - 2026,3020,Zone 7,Zone 7,10,No,No,FALSE,0,0,0,FALSE,TRUE,Rotaract President,2025 - 2026,N,0,0,0,0,0,0,FALSE,,0,,0
8827979,A. S. Raja Mahila Junior College,A. S. Raja Mahila Junior College,8827979,Active,University,India,Visakhapatnam (Rotary),2026 - 2027,3020,Zone 7,Zone 7,22,No,Yes,FALSE,0,0,0,FALSE,FALSE,N/A,N/A,N/A,0,0,0,0,0,0,FALSE,,0,,0
8826954,Atoma of Aditya Degree College,Atoma of Aditya Degree College,8826954,Active,University,India,Vijayawada (Rotary),2025 - 2026,3020,Zone 7,Zone 7,16,Yes,No,TRUE,10593,110.34,10593,TRUE,TRUE,Rotaract President,2025 - 2026,N,0,0,0,0,0,0,FALSE,,0,,0
8823977,Coastal Andhra (Tuni),Coastal Andhra (Tuni),8823977,Active,Community,India,Vijayawada Mid-Town (Rotaract),2026 - 2027,3020,Zone 7,Zone 7,15,Yes,Yes,TRUE,6822,71.06,6822,FALSE,FALSE,N/A,N/A,N/A,0,0,0,0,0,0,FALSE,,0,,0
212347,Dharmapuri,Dharmapuri,212347,Active,Community,India,Vizianagaram Central (Rotary),2026 - 2027,3020,Zone 7,Zone 7,12,Yes,Yes,TRUE,11192,116.58,11192,TRUE,FALSE,N/A,N/A,N/A,0,0,0,0,0,0,FALSE,,0,,0
218510,Gayatri Vidya Parishad,Gayatri Vidya Parishad,218510,Active,University,India,Waltair (Rotary),2026 - 2027,3020,Zone 7,Zone 7,28,No,Yes,FALSE,0,0,0,FALSE,FALSE,N/A,N/A,N/A,0,0,0,0,0,0,FALSE,,0,,0
76140,GITAM University,GITAM University,76140,Active,University,India,Visakhapatnam (Rotary),2026 - 2027,3020,Zone 7,Zone 7,14,No,Yes,FALSE,0,0,0,FALSE,FALSE,N/A,N/A,N/A,0,0,0,0,0,0,FALSE,,0,,0
8827164,Idaya of Madonna College,Idaya of Madonna College,8827164,Active,University,India,Vijayawada (Rotary),2025 - 2026,3020,Zone 7,Zone 7,40,Yes,No,TRUE,21240,221.25,21240,TRUE,TRUE,Rotaract President,2025 - 2026,N,0,0,0,0,0,0,FALSE,,0,,0
8827369,Kakinada Elite City,Kakinada Elite City,8827369,Active,Community,India,Kakinada Elite (Rotary),2026 - 2027,3020,Zone 7,Zone 7,19,Yes,Yes,TRUE,16142,168.15,16142,TRUE,FALSE,N/A,N/A,N/A,0,0,0,0,0,0,FALSE,,0,,0
8827051,Kakinada Yoda,Kakinada Yoda,8827051,Active,Community,India,Kakinada (Rotary),2025 - 2026,3020,Zone 7,Zone 7,34,Yes,No,TRUE,28886,300.9,28886,TRUE,TRUE,Rotaract President,2025 - 2026,N,0,0,0,0,0,0,FALSE,,0,,0
8826952,KVSR Siddhartha College of Pharmaceutical Sciences,KVSR Siddhartha College of Pharmaceutical Sciences,8826952,Active,University,India,Amaravathi (Rotary),2025 - 2026,3020,Zone 7,Zone 7,14,Yes,No,TRUE,7434,77.44,7434,TRUE,TRUE,Rotaract President,2025 - 2026,N,0,0,0,0,0,0,FALSE,,0,,0
8823862,M. R. College,M. R. College,8823862,Active,University,India,Vizianagaram (Rotary),2021 - 2022,3020,Zone 7,Zone 7,1,Yes,No,TRUE,531,5.53,531,FALSE,TRUE,Rotaract President,2021 - 2022,N,0,0,0,0,0,0,FALSE,,0,,0
8826262,Naipunya Aditya Degree College Tuni,Naipunya Aditya Degree College Tuni,8826262,Active,University,India,Tuni (Rotary),2025 - 2026,3020,Zone 7,Zone 7,9,Yes,No,TRUE,10198,106.23,10198,TRUE,TRUE,Rotaract President,2025 - 2026,N,0,0,0,0,0,0,FALSE,,0,,0
8826956,Narthanasala Dance Academy,Narthanasala Dance Academy,8826956,Active,University,India,Vizianagaram (Rotary),2026 - 2027,3020,Zone 7,Zone 7,13,No,Yes,FALSE,0,0,0,FALSE,FALSE,N/A,N/A,N/A,0,0,0,0,0,0,FALSE,,0,,0
8827174,Padmavathi of Pithapur Raja Govt. College,Padmavathi of Pithapur Raja Govt. College,8827174,Active,University,India,Kakinada Green City (Rotary),2026 - 2027,3020,Zone 7,Zone 7,24,Yes,Yes,TRUE,12744,132.75,12744,TRUE,FALSE,N/A,N/A,N/A,0,0,0,0,0,0,FALSE,,0,,0
8825926,Phalguna Kshetram Vijayawada,Phalguna Kshetram Vijayawada,8825926,Active,Community,India,Vijayawada Midtown (Rotary),2024 - 2025,3020,Zone 7,Zone 7,6,Yes,No,TRUE,5098,53.1,5098,FALSE,TRUE,Rotaract President,2024 - 2025,N,0,0,0,0,0,0,FALSE,,0,,0
212314,Pragati Surampalem Central,Pragati Surampalem Central,212314,Active,University,India,Kakinada Central (Rotary),2022 - 2023,3020,Zone 7,Zone 7,3,Yes,No,TRUE,4584,47.75,4584,FALSE,TRUE,Rotaract President,2022 - 2023,N,0,0,0,0,0,0,FALSE,,0,,0
8823836,PSCMR College of Engineering & Technology,PSCMR College of Engineering & Technology,8823836,Active,University,India,Vijayawada Midtown (Rotary),2026 - 2027,3020,Zone 7,Zone 7,22,No,Yes,FALSE,0,0,0,FALSE,FALSE,N/A,N/A,N/A,0,0,0,0,0,0,FALSE,,0,,0
217138,PVP Siddhartha Institute of Technology,PVP Siddhartha Institute of Technology,217138,Active,University,India,Vijayawada (Rotary),2026 - 2027,3020,Zone 7,Zone 7,11,No,Yes,FALSE,0,0,0,FALSE,FALSE,N/A,N/A,N/A,0,0,0,0,0,0,FALSE,,0,,0
8823973,Rajahmundry River City,Rajahmundry River City,8823973,Active,Community,India,Rajahmundry River City (Rotary),2026 - 2027,3020,Zone 7,Zone 7,22,No,Yes,FALSE,0,0,0,FALSE,FALSE,N/A,N/A,N/A,0,0,0,0,0,0,FALSE,,0,,0
212449,Rajiv Gandhi Institute of Law,Rajiv Gandhi Institute of Law,212449,Active,University,India,Kakinada Golden Jubilee (Rotary),2020 - 2021,3020,Zone 7,Zone 7,2,Yes,No,TRUE,3056,31.83,3056,FALSE,TRUE,Rotaract President,2020 - 2021,N,0,0,0,0,0,0,FALSE,,0,,0
223102,RK College,RK College,223102,Active,University,India,Vizianagaram Central (Rotary),2022 - 2023,3020,Zone 7,Zone 7,12,Yes,No,TRUE,6372,66.38,6372,FALSE,TRUE,Rotaract President,2022 - 2023,N,0,0,0,0,0,0,FALSE,,0,,0
8825812,Royal City Bezawada,Royal City Bezawada,8825812,Active,Community,India,Vijayawada Central (Rotary),2026 - 2027,3020,Zone 7,Zone 7,32,No,Yes,FALSE,0,0,0,FALSE,FALSE,N/A,N/A,N/A,0,0,0,0,0,0,FALSE,,0,,0
8825286,RRC AEC Surampalem,RRC AEC Surampalem,8825286,Active,University,India,Rajahmundry River City (Rotary),2025 - 2026,3020,Zone 7,Zone 7,14,No,No,FALSE,0,0,0,FALSE,TRUE,Rotaract President,2025 - 2026,N,0,0,0,0,0,0,FALSE,,0,,0
88253,Sabala of Sri Prakash,Sabala of Sri Prakash,88253,Active,University,India,Tuni (Rotary),2026 - 2027,3020,Zone 7,Zone 7,19,No,Yes,FALSE,0,0,0,FALSE,FALSE,N/A,N/A,N/A,0,0,0,0,0,0,FALSE,,0,,0
8824460,Sanjeev Institute of Planning and Management,Sanjeev Institute of Planning and Management,8824460,Active,University,India,Kakinada Golden Jubilee (Rotary),2021 - 2022,3020,Zone 7,Zone 7,1,Yes,No,TRUE,531,5.53,531,FALSE,TRUE,Rotaract President,2021 - 2022,N,0,0,0,0,0,0,FALSE,,0,,0
8826261,Vanitha Viveka Degree College Tuni,Vanitha Viveka Degree College Tuni,8826261,Active,University,India,Tuni (Rotary),2024 - 2025,3020,Zone 7,Zone 7,4,Yes,No,TRUE,4154,43.27,4154,FALSE,TRUE,Rotaract President,2024 - 2025,N,0,0,0,0,0,0,FALSE,,0,,0
8827177,Venkateswara of Pithapur Raja Govt. College,Venkateswara of Pithapur Raja Govt. College,8827177,Active,University,India,Kakinada Green City (Rotary),2026 - 2027,3020,Zone 7,Zone 7,19,Yes,Yes,TRUE,10089,105.09,10089,TRUE,FALSE,N/A,N/A,N/A,0,0,0,0,0,0,FALSE,,0,,0
8825191,Vijayawada,Vijayawada,8825191,Active,Community,India,Vijayawada (Rotary),2026 - 2027,3020,Zone 7,Zone 7,13,No,Yes,FALSE,0,0,0,FALSE,FALSE,N/A,N/A,N/A,0,0,0,0,0,0,FALSE,,0,,0
8826929,Vijayawada Elite League,Vijayawada Elite League,8826929,Active,Community,India,PVP Siddhartha Institute of Technology (Rotaract),2026 - 2027,3020,Zone 7,Zone 7,19,No,Yes,FALSE,0,0,0,FALSE,FALSE,N/A,N/A,N/A,0,0,0,0,0,0,FALSE,,0,,0
90679,Vijayawada Mid-Town,Vijayawada Mid-Town,90679,Active,Community,India,Vijayawada Midtown (Rotary),2026 - 2027,3020,Zone 7,Zone 7,9,Yes,Yes,TRUE,28037,292.05,28037,TRUE,FALSE,N/A,N/A,N/A,0,0,0,0,0,0,FALSE,,0,,0
8827185,Vijayawada Sena,Vijayawada Sena,8827185,Active,Community,India,Vijayawada Midtown (Rotary),2026 - 2027,3020,Zone 7,Zone 7,13,Yes,Yes,TRUE,14167,147.57,14167,TRUE,FALSE,N/A,N/A,N/A,0,0,0,0,0,0,FALSE,,0,,0
8826944,Vinanda Degree College,Vinanda Degree College,8826944,Active,University,India,Tuni Central (Rotary),2026 - 2027,3020,Zone 7,Zone 7,18,Yes,Yes,TRUE,9558,99.56,9558,TRUE,FALSE,N/A,N/A,N/A,0,0,0,0,0,0,FALSE,,0,,0
47217,Visakha Sattelite City,Visakha Sattelite City,47217,Active,Community,India,Waltair (Rotary),2025 - 2026,3020,Zone 7,Zone 7,10,No,No,FALSE,0,0,0,FALSE,TRUE,Rotaract President,2025 - 2026,N,0,0,0,0,0,0,FALSE,,0,,0
8825824,Vizag Champions,Vizag Champions,8825824,Active,Community,India,Vizag Diamonds (Rotary),2026 - 2027,3020,Zone 7,Zone 7,20,No,Yes,FALSE,0,0,0,FALSE,FALSE,N/A,N/A,N/A,0,0,0,0,0,0,FALSE,,0,,0
8825696,Vizag Couples PRISM,Vizag Couples PRISM,8825696,Active,University,India,Vizag Couples (Rotary),2024 - 2025,3020,Zone 7,Zone 7,11,No,No,FALSE,0,0,0,FALSE,TRUE,Rotaract President,2024 - 2025,N,0,0,0,0,0,0,FALSE,,0,,0
8825917,Vizag Diamonds,Vizag Diamonds,8825917,Active,Community,India,Vizag Diamonds (Rotary),2025 - 2026,3020,Zone 7,Zone 7,15,No,No,FALSE,0,0,0,FALSE,TRUE,Rotaract President,2025 - 2026,N,0,0,0,0,0,0,FALSE,,0,,0
8824255,Vizag Elite,Vizag Elite,8824255,Active,Community,India,Vizag Elite (Rotary),2024 - 2025,3020,Zone 7,Zone 7,5,Yes,No,TRUE,9391,97.82,9391,TRUE,TRUE,Rotaract President,2024 - 2025,N,0,0,0,0,0,0,FALSE,,0,,0
8827027,Vizag Royal Claws,Vizag Royal Claws,8827027,Active,Community,India,,2026 - 2027,3020,Zone 7,Zone 7,13,Yes,Yes,TRUE,11045,115.05,11045,TRUE,FALSE,N/A,N/A,N/A,0,0,0,0,0,0,FALSE,,0,,0
216101,Vizianagarram Central Ekta,Vizianagarram Central Ekta,216101,Active,Community,India,Vizianagaram Central (Rotary),2026 - 2027,3020,Zone 7,Zone 7,54,No,Yes,FALSE,0,0,0,FALSE,FALSE,N/A,N/A,N/A,0,0,0,0,0,0,FALSE,,0,,0
88274,Young Leaders of Sri Prakash,Young Leaders of Sri Prakash,88274,Active,University,India,Tuni (Rotary),2026 - 2027,3020,Zone 7,Zone 7,13,No,Yes,FALSE,0,0,0,FALSE,FALSE,N/A,N/A,N/A,0,0,0,0,0,0,FALSE,,0,,0
8826957,Yuvathi of VS Lakshmi Degree College,Yuvathi of VS Lakshmi Degree College,8826957,Active,University,India,Kakinada Golden Jubilee (Rotary),2025 - 2026,3020,Zone 7,Zone 7,15,Yes,No,TRUE,7965,82.97,7965,TRUE,TRUE,Rotaract President,2025 - 2026,N,0,0,0,0,0,0,FALSE,,0,,0
92361,ACT-YCCE,ACT-YCCE,92361,Active,University,India,Nagpur Down Town (Rotary),2026 - 2027,3030,Zone 6,Zone 6,17,No,Yes,FALSE,0,0,0,FALSE,FALSE,N/A,N/A,N/A,0,0,0,0,0,0,FALSE,,0,,0
213280,Akola Midtown,Akola Midtown,213280,Active,Community,India,Akola Mid Town (Rotary),2024 - 2025,3030,Zone 6,Zone 6,19,Yes,No,TRUE,16142,168.15,16142,TRUE,TRUE,Rotaract President,2024 - 2025,N,0,0,0,0,0,0,FALSE,,0,,0
8827865,Amalner,Amalner,8827865,Active,Community,India,Amalner (Rotary),2026 - 2027,3030,Zone 6,Zone 6,19,No,Yes,FALSE,0,0,0,FALSE,FALSE,N/A,N/A,N/A,0,0,0,0,0,0,FALSE,,0,,0
8827836,Amaravati Midtown Shikhar,Amaravati Midtown Shikhar,8827836,Active,Community,India,Amravati Midtown (Rotary),2026 - 2027,3030,Zone 6,Zone 6,16,Yes,Yes,TRUE,13594,141.6,13594,TRUE,FALSE,N/A,N/A,N/A,0,0,0,0,0,0,FALSE,,0,,0
8827338,Anjuman College Of Engineering & Technology,Anjuman College Of Engineering & Technology,8827338,Active,University,India,Nagpur North (Rotary),2026 - 2027,3030,Zone 6,Zone 6,13,Yes,Yes,TRUE,6903,71.91,6903,FALSE,FALSE,N/A,N/A,N/A,0,0,0,0,0,0,FALSE,,0,,0
8827884,Ashoka Center For Business And Computer Studies,Ashoka Center For Business And Computer Studies,8827884,Active,University,India,Nasik North (Rotary),2026 - 2027,3030,Zone 6,Zone 6,22,No,Yes,FALSE,0,0,0,FALSE,FALSE,N/A,N/A,N/A,0,0,0,0,0,0,FALSE,,0,,0
8827711,Asian Institute of Pharmacy Nashik,Asian Institute of Pharmacy Nashik,8827711,Active,University,India,Nasik Mid Town (Rotary),2026 - 2027,3030,Zone 6,Zone 6,21,Yes,Yes,TRUE,11151,116.16,11151,TRUE,FALSE,N/A,N/A,N/A,0,0,0,0,0,0,FALSE,,0,,0
8827685,Balharshah Green City,Balharshah Green City,8827685,Active,Community,India,Ballarpur (Rotary),2026 - 2027,3030,Zone 6,Zone 6,15,No,Yes,FALSE,0,0,0,FALSE,FALSE,N/A,N/A,N/A,0,0,0,0,0,0,FALSE,,0,,0
5471,Chandrapur,Chandrapur,5471,Active,Community,India,Chandrapur (Rotary),2024 - 2025,3030,Zone 6,Zone 6,12,No,No,FALSE,0,0,0,FALSE,TRUE,Rotaract President,2024 - 2025,N,0,0,0,0,0,0,FALSE,,0,,0
8826935,City Premier College,City Premier College,8826935,Active,University,India,Nagpur (Rotary),2025 - 2026,3030,Zone 6,Zone 6,13,Yes,No,TRUE,6903,71.91,6903,FALSE,TRUE,Rotaract President,2025 - 2026,N,0,0,0,0,0,0,FALSE,,0,,0
8826838,City Premier College of Management,City Premier College of Management,8826838,Active,University,India,Nagpur Vision (Rotary),2025 - 2026,3030,Zone 6,Zone 6,21,Yes,No,TRUE,11151,116.16,11151,TRUE,TRUE,Rotaract President,2025 - 2026,N,0,0,0,0,0,0,FALSE,,0,,0
218037,Dada Ramchand Bakhru Sindhu Mahavidyalaya,Dada Ramchand Bakhru Sindhu Mahavidyalaya,218037,Active,University,India,Nagpur North (Rotary),2025 - 2026,3030,Zone 6,Zone 6,1,No,No,FALSE,0,0,0,FALSE,TRUE,Rotaract President,2025 - 2026,N,0,0,0,0,0,0,FALSE,,0,,0
8826367,"Datta Meghe Medical College, Nagpur","Datta Meghe Medical College, Nagpur",8826367,Active,University,India,Nagpur Down Town (Rotary),2024 - 2025,3030,Zone 6,Zone 6,62,Yes,No,TRUE,64636,673.29,64636,TRUE,TRUE,Rotaract President,2024 - 2025,N,0,0,0,0,0,0,FALSE,,0,,0
8827335,Dhanwate National College Nagpur,Dhanwate National College Nagpur,8827335,Active,University,India,Nagpur North (Rotary),2026 - 2027,3030,Zone 6,Zone 6,12,Yes,Yes,TRUE,6372,66.38,6372,FALSE,FALSE,N/A,N/A,N/A,0,0,0,0,0,0,FALSE,,0,,0
216909,Dharampeth M.P. Deo Memorial Science College,Dharampeth M.P. Deo Memorial Science College,216909,Active,University,India,Nagpur Down Town (Rotary),2026 - 2027,3030,Zone 6,Zone 6,4,No,Yes,FALSE,0,0,0,FALSE,FALSE,N/A,N/A,N/A,0,0,0,0,0,0,FALSE,,0,,0
8828443,E-Club of Phoenix Rising,E-Club of Phoenix Rising,8828443,Active,Community,India,Godavari Elite (Rotaract),2026 - 2027,3030,Zone 6,Zone 6,12,No,Yes,FALSE,0,0,0,FALSE,FALSE,N/A,N/A,N/A,0,0,0,0,0,0,FALSE,,0,,0
217343,Gandhi City Wardha,Gandhi City Wardha,217343,Active,Community,India,Gandhi City-Wardha (Rotary),2025 - 2026,3030,Zone 6,Zone 6,25,No,No,FALSE,0,0,0,FALSE,TRUE,Rotaract President,2025 - 2026,N,0,0,0,0,0,0,FALSE,,0,,0
8827654,G.D. Sawant College Nashik,G.D. Sawant College Nashik,8827654,Active,University,India,Nasik Mid Town (Rotary),2026 - 2027,3030,Zone 6,Zone 6,30,Yes,Yes,TRUE,15930,165.94,15930,TRUE,FALSE,N/A,N/A,N/A,0,0,0,0,0,0,FALSE,,0,,0
8826686,"G H Raisoni College of Arts, Commerce and Science","G H Raisoni College of Arts, Commerce and Science",8826686,Active,University,India,Nagpur South (Rotary),2025 - 2026,3030,Zone 6,Zone 6,5,Yes,No,TRUE,4164,43.37,4164,FALSE,TRUE,Rotaract President,2025 - 2026,N,0,0,0,0,0,0,FALSE,,0,,0
8827298,G H Raisoni Law College,G H Raisoni Law College,8827298,Active,University,India,Nagpur Fort (Rotary),2025 - 2026,3030,Zone 6,Zone 6,13,Yes,No,TRUE,6903,71.91,6903,FALSE,TRUE,Rotaract President,2025 - 2026,N,0,0,0,0,0,0,FALSE,,0,,0
8827813,G H Raisoni Skill Tech University,G H Raisoni Skill Tech University,8827813,Active,University,India,Nagpur South (Rotary),2026 - 2027,3030,Zone 6,Zone 6,22,No,Yes,FALSE,0,0,0,FALSE,FALSE,N/A,N/A,N/A,0,0,0,0,0,0,FALSE,,0,,0
8828446,G H Raisoni Skill Tech University (Science),G H Raisoni Skill Tech University (Science),8828446,Active,University,India,Nagpur (Rotary),2026 - 2027,3030,Zone 6,Zone 6,12,No,Yes,FALSE,0,0,0,FALSE,FALSE,N/A,N/A,N/A,0,0,0,0,0,0,FALSE,,0,,0
8826688,G H Raisoni University Amravati,G H Raisoni University Amravati,8826688,Active,University,India,Nagpur West (Rotary),2025 - 2026,3030,Zone 6,Zone 6,1,No,No,FALSE,0,0,0,FALSE,TRUE,Rotaract President,2025 - 2026,N,0,0,0,0,0,0,FALSE,,0,,0
8826006,Godavari Elite,Godavari Elite,8826006,Active,University,India,Jalgaon Elite (Rotary),2026 - 2027,3030,Zone 6,Zone 6,13,No,Yes,FALSE,0,0,0,FALSE,FALSE,N/A,N/A,N/A,0,0,0,0,0,0,FALSE,,0,,1
8825315,Government College of Engineering Nagpur,Government College of Engineering Nagpur,8825315,Active,University,India,Nagpur West (Rotary),2025 - 2026,3030,Zone 6,Zone 6,10,No,No,FALSE,0,0,0,FALSE,TRUE,Rotaract President,2025 - 2026,N,0,0,0,0,0,0,FALSE,,0,,0
8825328,Hinganghat,Hinganghat,8825328,Active,Community,India,Hinganghat (Rotary),2025 - 2026,3030,Zone 6,Zone 6,19,No,No,FALSE,0,0,0,FALSE,TRUE,Rotaract President,2025 - 2026,N,0,0,0,0,0,0,FALSE,,0,,0
8827638,Ignite Nagpur,Ignite Nagpur,8827638,Active,Community,India,,2026 - 2027,3030,Zone 6,Zone 6,10,Yes,Yes,TRUE,6797,70.8,6797,FALSE,FALSE,N/A,N/A,N/A,0,0,0,0,0,0,FALSE,,0,,0
212796,Jalgaon West,Jalgaon West,212796,Active,Community,India,Jalgaon West (Rotary),2026 - 2027,3030,Zone 6,Zone 6,7,No,Yes,FALSE,0,0,0,FALSE,FALSE,N/A,N/A,N/A,0,0,0,0,0,0,FALSE,,0,,3
215065,JDCOEM,JDCOEM,215065,Active,University,India,Nagpur Ishanya (Rotary),2026 - 2027,3030,Zone 6,Zone 6,8,No,Yes,FALSE,0,0,0,FALSE,FALSE,N/A,N/A,N/A,0,0,0,0,0,0,FALSE,,0,,0
8827231,JESITMR Nashik,JESITMR Nashik,8827231,Active,University,India,Nasik North (Rotary),2026 - 2027,3030,Zone 6,Zone 6,26,No,No,FALSE,0,0,0,FALSE,TRUE,Rotaract President,2025 - 2026,N,0,0,0,0,0,0,FALSE,,0,,0
8824170,K.D.K. College of Engineering,K.D.K. College of Engineering,8824170,Active,University,India,Nagpur (Rotary),2025 - 2026,3030,Zone 6,Zone 6,6,No,No,FALSE,0,0,0,FALSE,TRUE,Rotaract President,2025 - 2026,N,0,0,0,0,0,0,FALSE,,0,,0
5453,Khamgaon,Khamgaon,5453,Active,Community,India,Khamgaon (Rotary),2026 - 2027,3030,Zone 6,Zone 6,15,No,Yes,FALSE,0,0,0,FALSE,FALSE,N/A,N/A,N/A,0,0,0,0,0,0,FALSE,,0,,0
8826359,KR Pandav Mahavidyalaya,KR Pandav Mahavidyalaya,8826359,Active,University,India,Nagpur South East (Rotary),2025 - 2026,3030,Zone 6,Zone 6,14,Yes,No,TRUE,1434,14.94,1434,FALSE,TRUE,Rotaract President,2025 - 2026,N,0,0,0,0,0,0,FALSE,,0,,0
8826258,KVN Naik Inst. of Pharmaceutical Education & Research (Nashik),KVN Naik Inst. of Pharmaceutical Education & Research (Nashik),8826258,Active,University,India,Nasik (Rotary),2024 - 2025,3030,Zone 6,Zone 6,12,Yes,No,TRUE,12462,129.81,12462,TRUE,TRUE,Rotaract President,2024 - 2025,N,0,0,0,0,0,0,FALSE,,0,,0
8827687,Malegaon Vision,Malegaon Vision,8827687,Active,Community,India,Malegaon Vision (Rotary),2026 - 2027,3030,Zone 6,Zone 6,15,Yes,Yes,TRUE,12744,132.75,12744,TRUE,FALSE,N/A,N/A,N/A,0,0,0,0,0,0,FALSE,,0,,0
8827820,MGV's Pharmacy College,MGV's Pharmacy College,8827820,Active,University,India,Nasik North (Rotary),2026 - 2027,3030,Zone 6,Zone 6,22,No,Yes,FALSE,0,0,0,FALSE,FALSE,N/A,N/A,N/A,0,0,0,0,0,0,FALSE,,0,,0
8826140,MSGCOPER Nasik Grapecity,MSGCOPER Nasik Grapecity,8826140,Active,University,India,Nasik Grapecity (Rotary),2026 - 2027,3030,Zone 6,Zone 6,17,No,Yes,FALSE,0,0,0,FALSE,FALSE,N/A,N/A,N/A,0,0,0,0,0,0,FALSE,,0,,0
8827286,MVPS College of Physiotherapy,MVPS College of Physiotherapy,8827286,Active,University,India,Nasik (Rotary),2025 - 2026,3030,Zone 6,Zone 6,23,Yes,No,TRUE,12213,127.22,12213,TRUE,TRUE,Rotaract President,2025 - 2026,N,0,0,0,0,0,0,FALSE,,0,,0
8826297,MVP’s Dr Vasantrao Pawar Medical College Hospital & Research Center-Nashik,MVP’s Dr Vasantrao Pawar Medical College Hospital & Research Center-Nashik,8826297,Active,University,India,Nasik (Rotary),2025 - 2026,3030,Zone 6,Zone 6,17,No,No,FALSE,0,0,0,FALSE,TRUE,Rotaract President,2025 - 2026,N,0,0,0,0,0,0,FALSE,,0,,0
214845,Nagpur,Nagpur,214845,Active,Community,India,Nagpur (Rotary),2025 - 2026,3030,Zone 6,Zone 6,11,No,No,FALSE,0,0,0,FALSE,TRUE,Rotaract President,2025 - 2026,N,0,0,0,0,0,0,FALSE,,0,,0
218107,Nagpur Down Town,Nagpur Down Town,218107,Active,Community,India,Nagpur Down Town (Rotary),2026 - 2027,3030,Zone 6,Zone 6,2,No,Yes,FALSE,0,0,0,FALSE,FALSE,N/A,N/A,N/A,0,0,0,0,0,0,FALSE,,0,,0
8825992,Nagpur Elite,Nagpur Elite,8825992,Active,Community,India,Nagpur Elite (Rotary),2026 - 2027,3030,Zone 6,Zone 6,24,No,Yes,FALSE,0,0,0,FALSE,FALSE,N/A,N/A,N/A,0,0,0,0,0,0,FALSE,,0,,0
64317,Nagpur Ishanya,Nagpur Ishanya,64317,Active,Community,India,Nagpur Ishanya (Rotary),2025 - 2026,3030,Zone 6,Zone 6,32,No,No,FALSE,0,0,0,FALSE,TRUE,Rotaract President,2025 - 2026,N,0,0,0,0,0,0,FALSE,,0,,0
86045,Nagpur Jit,Nagpur Jit,86045,Active,University,India,Nagpur Ishanya (Rotary),2026 - 2027,3030,Zone 6,Zone 6,5,No,Yes,FALSE,0,0,0,FALSE,FALSE,N/A,N/A,N/A,0,0,0,0,0,0,FALSE,,0,,0
8824017,Nagpur United,Nagpur United,8824017,Active,Community,India,Nagpur Mihan Town (Rotary),2026 - 2027,3030,Zone 6,Zone 6,5,No,Yes,FALSE,0,0,0,FALSE,FALSE,N/A,N/A,N/A,0,0,0,0,0,0,FALSE,,0,,0
216137,Nagpur Vision,Nagpur Vision,216137,Active,Community,India,Nagpur Vision (Rotary),2026 - 2027,3030,Zone 6,Zone 6,4,No,Yes,FALSE,0,0,0,FALSE,FALSE,N/A,N/A,N/A,0,0,0,0,0,0,FALSE,,0,,0
8826732,Nagpur West Illuminate,Nagpur West Illuminate,8826732,Active,Community,India,Nagpur West (Rotary),2026 - 2027,3030,Zone 6,Zone 6,13,No,Yes,FALSE,0,0,0,FALSE,FALSE,N/A,N/A,N/A,0,0,0,0,0,0,FALSE,,0,,0
8828139,Namco College of Nursing and Research Institute (Nashik),Namco College of Nursing and Research Institute (Nashik),8828139,Active,University,India,Nasik (Rotary),2026 - 2027,3030,Zone 6,Zone 6,14,No,Yes,FALSE,0,0,0,FALSE,FALSE,N/A,N/A,N/A,0,0,0,0,0,0,FALSE,,0,,0
8826255,Nashik,Nashik,8826255,Active,Community,India,Nasik (Rotary),2024 - 2025,3030,Zone 6,Zone 6,13,Yes,No,TRUE,11045,115.05,11045,TRUE,TRUE,Rotaract President,2024 - 2025,N,0,0,0,0,0,0,FALSE,,0,,2
218540,Nashik Airport,Nashik Airport,218540,Active,Community,India,Nashik Airport (Rotary),2025 - 2026,3030,Zone 6,Zone 6,0,No,No,FALSE,0,0,0,FALSE,TRUE,Rotaract President,2025 - 2026,N,0,0,0,0,0,0,FALSE,,0,,0
8828100,Nashik Nexus,Nashik Nexus,8828100,Active,Community,India,,2026 - 2027,3030,Zone 6,Zone 6,13,No,Yes,FALSE,0,0,0,FALSE,FALSE,N/A,N/A,N/A,0,0,0,0,0,0,FALSE,,0,,0
217018,Nashik Nine Hills,Nashik Nine Hills,217018,Active,Community,India,Nashik Nine Hills (Rotary),2026 - 2027,3030,Zone 6,Zone 6,19,No,Yes,FALSE,0,0,0,FALSE,FALSE,N/A,N/A,N/A,0,0,0,0,0,0,FALSE,,0,,0
218211,Nashik Smart City,Nashik Smart City,218211,Active,Community,India,Nashik Smart City (Rotary),2026 - 2027,3030,Zone 6,Zone 6,18,No,Yes,FALSE,0,0,0,FALSE,FALSE,N/A,N/A,N/A,0,0,0,0,0,0,FALSE,,0,,0
8827678,Nashik Synergy,Nashik Synergy,8827678,Active,Community,India,Nasik Youth Force (Rotaract),2025 - 2026,3030,Zone 6,Zone 6,0,Yes,No,TRUE,18691,194.7,18691,TRUE,TRUE,Rotaract President,2025 - 2026,N,1.09,0,1.09,0,0,0,FALSE,,0,,0
216127,Nasik Grape Valley,Nasik Grape Valley,216127,Active,Community,India,Nasik Grapecity (Rotary),2026 - 2027,3030,Zone 6,Zone 6,20,No,Yes,FALSE,0,0,0,FALSE,FALSE,N/A,N/A,N/A,0,0,0,0,0,0,FALSE,,0,,0
8826480,Nasik North,Nasik North,8826480,Active,Community,India,Nasik North (Rotary),2026 - 2027,3030,Zone 6,Zone 6,15,No,Yes,FALSE,0,0,0,FALSE,FALSE,N/A,N/A,N/A,0,0,0,0,0,0,FALSE,,0,,0
218605,Nasik Youth Force,Nasik Youth Force,218605,Active,Community,India,Nasik-Ambad (Rotary),2026 - 2027,3030,Zone 6,Zone 6,11,No,Yes,FALSE,0,0,0,FALSE,FALSE,N/A,N/A,N/A,10.43,0,10.43,0,0,0,FALSE,,0,,0
218039,National Fire Service College,National Fire Service College,218039,Active,University,India,Nagpur North (Rotary),2025 - 2026,3030,Zone 6,Zone 6,19,Yes,No,TRUE,10892,113.46,10892,TRUE,TRUE,Rotaract President,2025 - 2026,N,0,0,0,0,0,0,FALSE,,0,,0
213079,N.I.T. Polytechnic,N.I.T. Polytechnic,213079,Active,University,India,Nagpur Vision (Rotary),2024 - 2025,3030,Zone 6,Zone 6,1,Yes,No,TRUE,3900,40.62,3900,FALSE,TRUE,Rotaract President,2024 - 2025,N,0,0,0,0,0,0,FALSE,,0,,0
8828558,Orange City Nagpur,Orange City Nagpur,8828558,Active,Community,India,Nagpur Friends (Rotary),2026 - 2027,3030,Zone 6,Zone 6,13,No,Yes,FALSE,0,0,0,FALSE,FALSE,N/A,N/A,N/A,0,0,0,0,0,0,TRUE,20-Jul-2026,13,,0
8827353,Panjabrao Deshmukh Institute of Management Technology & Research Nagpur,Panjabrao Deshmukh Institute of Management Technology & Research Nagpur,8827353,Active,University,India,Nagpur North (Rotary),2026 - 2027,3030,Zone 6,Zone 6,12,Yes,Yes,TRUE,6372,66.38,6372,FALSE,FALSE,N/A,N/A,N/A,0,0,0,0,0,0,FALSE,,0,,0
212929,Priyadarshini College of Engineering,Priyadarshini College of Engineering,212929,Active,University,India,Nagpur Mihan Town (Rotary),2026 - 2027,3030,Zone 6,Zone 6,7,No,Yes,FALSE,0,0,0,FALSE,FALSE,N/A,N/A,N/A,0,0,0,0,0,0,FALSE,,0,,0
8826625,Raisoni Jalgaon,Raisoni Jalgaon,8826625,Active,University,India,Jalgaon Elite (Rotary),2026 - 2027,3030,Zone 6,Zone 6,9,No,Yes,FALSE,0,0,0,FALSE,FALSE,N/A,N/A,N/A,0,0,0,0,0,0,FALSE,,0,,0
217297,"Rajkumar Kewalramani Kanya, Mahavidyalaya","Rajkumar Kewalramani Kanya, Mahavidyalaya",217297,Active,University,India,Nagpur (Rotary),2025 - 2026,3030,Zone 6,Zone 6,1,Yes,No,TRUE,1039,10.82,1039,FALSE,TRUE,Rotaract President,2023 - 2024,N,0,0,0,0,0,0,FALSE,,0,,0
8828050,Ramdeobaba University (RBU),Ramdeobaba University (RBU),8828050,Active,University,India,Nagpur Mihan Town (Rotary),2026 - 2027,3030,Zone 6,Zone 6,3,Yes,Yes,TRUE,6372,66.38,6372,FALSE,FALSE,N/A,N/A,N/A,0,0,0,0,0,0,FALSE,,0,,0
89949,RCOEM Nagpur,RCOEM Nagpur,89949,Active,University,India,Nagpur Mihan Town (Rotary),2025 - 2026,3030,Zone 6,Zone 6,14,Yes,No,TRUE,7434,77.44,7434,TRUE,TRUE,Rotaract President,2025 - 2026,N,0,0,0,0,0,0,FALSE,,0,,0
89706,Sadabai Raisoli Women's College,Sadabai Raisoli Women's College,89706,Active,University,India,Nagpur (Rotary),2025 - 2026,3030,Zone 6,Zone 6,2,Yes,No,TRUE,2076,21.63,2076,FALSE,TRUE,Rotaract President,2023 - 2024,N,0,0,0,0,0,0,FALSE,,0,,0
214833,Santaji Mahavidyalaya,Santaji Mahavidyalaya,214833,Active,University,India,Nagpur South East (Rotary),2024 - 2025,3030,Zone 6,Zone 6,12,Yes,No,TRUE,6372,66.38,6372,FALSE,TRUE,Rotaract President,2024 - 2025,N,0,0,0,0,0,0,FALSE,,0,,0
214311,Satana Baglan,Satana Baglan,214311,Active,University,India,Satana Baglan (Rotary),2025 - 2026,3030,Zone 6,Zone 6,4,No,No,FALSE,0,0,0,FALSE,TRUE,Rotaract President,2025 - 2026,N,0,0,0,0,0,0,FALSE,,0,,0
217766,Satana Pride,Satana Pride,217766,Active,Community,India,Satana Baglan (Rotary),2026 - 2027,3030,Zone 6,Zone 6,8,No,No,FALSE,0,0,0,FALSE,TRUE,Rotaract President,2025 - 2026,N,0,0,0,0,0,0,FALSE,,0,,0
217117,Shri Lemdeo Patil Mahvidhyalaya,Shri Lemdeo Patil Mahvidhyalaya,217117,Active,University,India,Nagpur (Rotary),2025 - 2026,3030,Zone 6,Zone 6,1,Yes,No,TRUE,1039,10.82,1039,FALSE,TRUE,Rotaract President,2023 - 2024,N,0,0,0,0,0,0,FALSE,,0,,0
8827077,Shri Mathuradas Mohota College of Science,Shri Mathuradas Mohota College of Science,8827077,Active,University,India,Nagpur Down Town (Rotary),2026 - 2027,3030,Zone 6,Zone 6,19,Yes,Yes,TRUE,10089,105.09,10089,TRUE,FALSE,N/A,N/A,N/A,0,0,0,0,0,0,FALSE,,0,,0
8828506,Skill Tech Visionaries,Skill Tech Visionaries,8828506,Active,University,India,Nagpur West (Rotary),2026 - 2027,3030,Zone 6,Zone 6,15,No,Yes,FALSE,0,0,0,FALSE,FALSE,N/A,N/A,N/A,0,0,0,0,0,0,FALSE,,0,,0
8828517,Smt. Binzani Mahila Mahavidyalaya,Smt. Binzani Mahila Mahavidyalaya,8828517,Active,University,India,Nagpur South East (Rotary),2026 - 2027,3030,Zone 6,Zone 6,11,No,Yes,FALSE,0,0,0,FALSE,FALSE,N/A,N/A,N/A,0,0,0,0,0,0,FALSE,,0,,0
217113,Smt. Manorambai Mundle College of Architecture,Smt. Manorambai Mundle College of Architecture,217113,Active,University,India,Nagpur (Rotary),2025 - 2026,3030,Zone 6,Zone 6,3,Yes,No,TRUE,3115,32.45,3115,FALSE,TRUE,Rotaract President,2023 - 2024,N,0,0,0,0,0,0,FALSE,,0,,0
8825864,Stepping Stones Nagpur,Stepping Stones Nagpur,8825864,Active,Community,India,,2026 - 2027,3030,Zone 6,Zone 6,16,No,Yes,FALSE,0,0,0,FALSE,FALSE,N/A,N/A,N/A,0,0,0,0,0,0,FALSE,,0,,0
8827888,St. Vincent Pallotti College of Engineering and Technology,St. Vincent Pallotti College of Engineering and Technology,8827888,Active,University,India,Nagpur Mihan Town (Rotary),2026 - 2027,3030,Zone 6,Zone 6,14,No,Yes,FALSE,0,0,0,FALSE,FALSE,N/A,N/A,N/A,0,0,0,0,0,0,FALSE,,0,,0
8825810,Symbiosis Law School Nagpur,Symbiosis Law School Nagpur,8825810,Active,University,India,Nagpur Down Town (Rotary),2025 - 2026,3030,Zone 6,Zone 6,14,No,No,FALSE,0,0,0,FALSE,TRUE,Rotaract President,2025 - 2026,N,0,0,0,0,0,0,FALSE,,0,,0
212291,TGPCA,TGPCA,212291,Active,University,India,Nagpur (Rotary),2024 - 2025,3030,Zone 6,Zone 6,1,Yes,No,TRUE,1528,15.92,1528,FALSE,TRUE,Rotaract President,2023 - 2024,N,0,0,0,0,0,0,FALSE,,0,,0
215802,Umang,Umang,215802,Active,Community,India,Nasik West (Rotary),2026 - 2027,3030,Zone 6,Zone 6,16,Yes,Yes,TRUE,14736,153.5,14736,TRUE,FALSE,N/A,N/A,N/A,0,0,0,0,0,0,FALSE,,0,,0
8827305,Visvesvaraya National Institute of Technology (VNIT) Nagpur,Visvesvaraya National Institute of Technology (VNIT) Nagpur,8827305,Active,University,India,Nagpur West (Rotary),2026 - 2027,3030,Zone 6,Zone 6,9,No,Yes,FALSE,0,0,0,FALSE,FALSE,N/A,N/A,N/A,0,0,0,0,0,0,FALSE,,0,,0
8826328,"Vrajlal Manilal Vasant College, Nagpur","Vrajlal Manilal Vasant College, Nagpur",8826328,Active,University,India,Nagpur South East (Rotary),2024 - 2025,3030,Zone 6,Zone 6,10,No,No,FALSE,0,0,0,FALSE,TRUE,Rotaract President,2024 - 2025,N,0,0,0,0,0,0,FALSE,,0,,0
216214,VSPM Physio,VSPM Physio,216214,Active,University,India,Nagpur Vision (Rotary),2026 - 2027,3030,Zone 6,Zone 6,10,No,Yes,FALSE,0,0,0,FALSE,FALSE,N/A,N/A,N/A,0,0,0,0,0,0,FALSE,,0,,0
8827609,Warora,Warora,8827609,Active,Community,India,Warora (Rotary),2026 - 2027,3030,Zone 6,Zone 6,11,No,Yes,FALSE,0,0,0,FALSE,FALSE,N/A,N/A,N/A,0,0,0,0,0,0,FALSE,,0,,0
8825896,AcroBusiness Royals,AcroBusiness Royals,8825896,Active,University,India,Acropolis Royals (Rotaract); Indore Royal (Rotary),2026 - 2027,3040,Zone 4,Zone 4,4,No,Yes,FALSE,0,0,0,FALSE,FALSE,N/A,N/A,N/A,0,0,0,0,0,0,FALSE,,0,,0
8825807,Acropolis Civil,Acropolis Civil,8825807,Active,University,India,Indore Professionals (Rotary),2026 - 2027,3040,Zone 4,Zone 4,12,Yes,Yes,TRUE,4337,45.18,4337,FALSE,FALSE,N/A,N/A,N/A,0,0,0,0,0,0,FALSE,,0,,0
213780,Acropolis Professionals,Acropolis Professionals,213780,Active,University,India,Indore Professionals (Rotary),2026 - 2027,3040,Zone 4,Zone 4,8,No,Yes,FALSE,0,0,0,FALSE,FALSE,N/A,N/A,N/A,0,0,0,0,0,0,FALSE,,0,,0
8823921,Acropolis Royals,Acropolis Royals,8823921,Active,University,India,E-Club of Indore Royals (Rotaract); Indore Royal (Rotary),2026 - 2027,3040,Zone 4,Zone 4,58,No,Yes,FALSE,0,0,0,FALSE,FALSE,N/A,N/A,N/A,0,0,0,0,0,0,FALSE,,0,,0
8823998,Bhopal Marvels,Bhopal Marvels,8823998,Active,Community,India,,2025 - 2026,3040,Zone 4,Zone 4,2,Yes,No,TRUE,9867,102.78,9867,TRUE,TRUE,Rotaract President,2025 - 2026,N,0,0,0,0,0,0,FALSE,,0,,0
213762,Bhopal Shahpura,Bhopal Shahpura,213762,Active,Community,India,Bhopal Shahpura (Rotary),2026 - 2027,3040,Zone 4,Zone 4,6,Yes,Yes,TRUE,5098,53.1,5098,FALSE,FALSE,N/A,N/A,N/A,0,0,0,0,0,0,FALSE,,0,,0
217732,Chhindwara,Chhindwara,217732,Active,Community,India,Chhindwara (Rotary),2025 - 2026,3040,Zone 4,Zone 4,9,Yes,No,TRUE,7646,79.65,7646,TRUE,TRUE,Rotaract President,2024 - 2025,N,0,0,0,0,0,0,FALSE,,0,,0
8827876,Chhindwara City,Chhindwara City,8827876,Active,Community,India,Chhindwara (Rotary),2026 - 2027,3040,Zone 4,Zone 4,15,Yes,Yes,TRUE,12744,132.75,12744,TRUE,FALSE,N/A,N/A,N/A,0,0,0,0,0,0,FALSE,,0,,0
212912,College of Veterinary Science,College of Veterinary Science,212912,Active,University,India,Mhow (Rotary),2026 - 2027,3040,Zone 4,Zone 4,28,No,Yes,FALSE,0,0,0,FALSE,FALSE,N/A,N/A,N/A,0,0,0,0,0,0,FALSE,,0,,0
8827723,Eastern Hills Bhopal,Eastern Hills Bhopal,8827723,Active,Community,India,Bhopal Hills (Rotary),2026 - 2027,3040,Zone 4,Zone 4,12,No,Yes,FALSE,0,0,0,FALSE,FALSE,N/A,N/A,N/A,0,0,0,0,0,0,FALSE,,0,,0
218435,E-Club of Indore North,E-Club of Indore North,218435,Active,Community,India,Indore North (Rotary),2026 - 2027,3040,Zone 4,Zone 4,14,No,Yes,FALSE,0,0,0,FALSE,FALSE,N/A,N/A,N/A,0,0,0,0,0,0,FALSE,,0,,0
218356,E-Club of Indore Royals,E-Club of Indore Royals,218356,Active,Community,India,Indore Royal (Rotary),2026 - 2027,3040,Zone 4,Zone 4,25,No,Yes,FALSE,0,0,0,FALSE,FALSE,N/A,N/A,N/A,0,0,0,0,0,0,FALSE,,0,,0
8827696,Everest Hills Bhopal,Everest Hills Bhopal,8827696,Active,Community,India,Bhopal Hills (Rotary),2026 - 2027,3040,Zone 4,Zone 4,14,No,Yes,FALSE,0,0,0,FALSE,FALSE,N/A,N/A,N/A,0,0,0,0,0,0,FALSE,,0,,0
8827996,Government College of Dentistry (Indore),Government College of Dentistry (Indore),8827996,Active,University,India,,2026 - 2027,3040,Zone 4,Zone 4,31,No,Yes,FALSE,0,0,0,FALSE,FALSE,N/A,N/A,N/A,0,0,0,0,0,0,FALSE,,0,,0
8827724,Himalaya Hills Bhopal,Himalaya Hills Bhopal,8827724,Active,Community,India,Bhopal Hills (Rotary),2025 - 2026,3040,Zone 4,Zone 4,11,No,No,FALSE,0,0,0,FALSE,TRUE,Rotaract President,2025 - 2026,N,0,0,0,0,0,0,FALSE,,0,,0
212669,IEHE Bhopal,IEHE Bhopal,212669,Active,University,India,Lakes Bhopal (Rotary),2026 - 2027,3040,Zone 4,Zone 4,13,No,Yes,FALSE,0,0,0,FALSE,FALSE,N/A,N/A,N/A,0,0,0,0,0,0,FALSE,,0,,0
8825816,Indore Activists,Indore Activists,8825816,Active,Community,India,,2026 - 2027,3040,Zone 4,Zone 4,10,No,Yes,FALSE,0,0,0,FALSE,FALSE,N/A,N/A,N/A,0,0,0,0,0,0,FALSE,,0,,0
8826775,Indore Adarsh Tarang,Indore Adarsh Tarang,8826775,Active,Community,India,Indore Adarsh (Rotary),2026 - 2027,3040,Zone 4,Zone 4,12,No,Yes,FALSE,0,0,0,FALSE,FALSE,N/A,N/A,N/A,0,0,0,0,0,0,FALSE,,0,,0
8824098,Indore City-Young Leaders,Indore City-Young Leaders,8824098,Active,Community,India,Indore City (Rotary),2026 - 2027,3040,Zone 4,Zone 4,46,No,Yes,FALSE,0,0,0,FALSE,FALSE,N/A,N/A,N/A,0,0,0,0,0,0,FALSE,,0,,0
215778,Indore Dynamic,Indore Dynamic,215778,Active,Community,India,Indore Dynamic (Rotary),2020 - 2021,3040,Zone 4,Zone 4,1,Yes,No,TRUE,1662,17.31,1662,FALSE,TRUE,Rotaract President,2020 - 2021,N,0,0,0,0,0,0,FALSE,,0,,0
71344,Indore Professionals,Indore Professionals,71344,Active,Community,India,Indore Professionals (Rotary),2026 - 2027,3040,Zone 4,Zone 4,28,No,Yes,FALSE,0,0,0,FALSE,FALSE,N/A,N/A,N/A,0,0,0,0,0,0,FALSE,,0,,0
218416,Indore United,Indore United,218416,Active,Community,India,Indore United (Rotary),2024 - 2025,3040,Zone 4,Zone 4,7,Yes,No,TRUE,11766,122.56,11766,TRUE,TRUE,Rotaract President,2024 - 2025,N,0,0,0,0,0,0,FALSE,,0,,0
8825876,Lake City Bhopal,Lake City Bhopal,8825876,Active,Community,India,,2026 - 2027,3040,Zone 4,Zone 4,13,No,Yes,FALSE,0,0,0,FALSE,FALSE,N/A,N/A,N/A,0,0,0,0,0,0,FALSE,,0,,0
8826333,Madhyanchal Professional University Bhopal,Madhyanchal Professional University Bhopal,8826333,Active,University,India,Lake City Bhopal (Rotaract),2025 - 2026,3040,Zone 4,Zone 4,3,Yes,No,TRUE,3778,39.35,3778,FALSE,TRUE,Rotaract President,2025 - 2026,N,0,0,0,0,0,0,FALSE,,0,,0
8825107,Manovikas Adarsh Special Educators,Manovikas Adarsh Special Educators,8825107,Active,University,India,Indore Adarsh (Rotary),2025 - 2026,3040,Zone 4,Zone 4,8,No,No,FALSE,0,0,0,FALSE,TRUE,Rotaract President,2025 - 2026,N,0,0,0,0,0,0,FALSE,,0,,0
8825995,Meghdoot Symbiosis Indore,Meghdoot Symbiosis Indore,8825995,Active,University,India,Indore Meghdoot (Rotary),2025 - 2026,3040,Zone 4,Zone 4,31,Yes,No,TRUE,22706,236.52,22706,TRUE,TRUE,Rotaract President,2025 - 2026,N,0,0,0,0,0,0,FALSE,,0,,0
217630,Mhow Community,Mhow Community,217630,Active,Community,India,Mhow (Rotary),2025 - 2026,3040,Zone 4,Zone 4,9,Yes,No,TRUE,8216,85.58,8216,TRUE,TRUE,Rotaract President,2025 - 2026,N,0,0,0,0,0,0,FALSE,,0,,0
8827697,Nilgiri Hills Bhopal,Nilgiri Hills Bhopal,8827697,Active,Community,India,Bhopal Hills (Rotary),2026 - 2027,3040,Zone 4,Zone 4,12,No,Yes,FALSE,0,0,0,FALSE,FALSE,N/A,N/A,N/A,0,0,0,0,0,0,FALSE,,0,,0
8827705,"People's College Of Dental Sciences, Bhopal","People's College Of Dental Sciences, Bhopal",8827705,Active,University,India,Bhopal Hills (Rotary),2026 - 2027,3040,Zone 4,Zone 4,12,No,Yes,FALSE,0,0,0,FALSE,FALSE,N/A,N/A,N/A,0,0,0,0,0,0,FALSE,,0,,0
8824425,Prashanti,Prashanti,8824425,Active,University,India,Ujjain (Rotary),2025 - 2026,3040,Zone 4,Zone 4,18,Yes,No,TRUE,14297,148.93,14297,TRUE,TRUE,Rotaract President,2025 - 2026,N,0,0,0,0,0,0,FALSE,,0,,0
8827443,Ratlam Legacy,Ratlam Legacy,8827443,Active,Community,India,Ratlam (Rotary),2026 - 2027,3040,Zone 4,Zone 4,9,No,Yes,FALSE,0,0,0,FALSE,FALSE,N/A,N/A,N/A,0,0,0,0,0,0,FALSE,,0,,0
8827718,Sahyadri Hills Bhopal,Sahyadri Hills Bhopal,8827718,Active,Community,India,Bhopal Hills (Rotary),2026 - 2027,3040,Zone 4,Zone 4,12,No,Yes,FALSE,0,0,0,FALSE,FALSE,N/A,N/A,N/A,0,0,0,0,0,0,FALSE,,0,,0
8827721,Satpura Hills Bhopal,Satpura Hills Bhopal,8827721,Active,Community,India,Bhopal Hills (Rotary),2026 - 2027,3040,Zone 4,Zone 4,12,No,Yes,FALSE,0,0,0,FALSE,FALSE,N/A,N/A,N/A,0,0,0,0,0,0,FALSE,,0,,0
212382,Sheshshayi College,Sheshshayi College,212382,Active,University,India,Nagda (Rotary),2026 - 2027,3040,Zone 4,Zone 4,8,No,Yes,FALSE,0,0,0,FALSE,FALSE,N/A,N/A,N/A,0,0,0,0,0,0,FALSE,,0,,0
8827722,Shivalik Hills Bhopal,Shivalik Hills Bhopal,8827722,Active,Community,India,Bhopal Hills (Rotary),2026 - 2027,3040,Zone 4,Zone 4,12,No,Yes,FALSE,0,0,0,FALSE,FALSE,N/A,N/A,N/A,0,0,0,0,0,0,FALSE,,0,,0
216153,S V V V,S V V V,216153,Active,University,India,Indore Uptown (Rotary),2026 - 2027,3040,Zone 4,Zone 4,2,No,Yes,FALSE,0,0,0,FALSE,FALSE,N/A,N/A,N/A,0,0,0,0,0,0,FALSE,,0,,0
215728,TIT & Science Bhopal,TIT & Science Bhopal,215728,Active,University,India,East Bhopal (Rotary),2026 - 2027,3040,Zone 4,Zone 4,9,No,Yes,FALSE,0,0,0,FALSE,FALSE,N/A,N/A,N/A,0,0,0,0,0,0,FALSE,,0,,0
8827720,Trikuta Hills Bhopal,Trikuta Hills Bhopal,8827720,Active,Community,India,Bhopal Hills (Rotary),2026 - 2027,3040,Zone 4,Zone 4,13,No,Yes,FALSE,0,0,0,FALSE,FALSE,N/A,N/A,N/A,0,0,0,0,0,0,FALSE,,0,,0
8825285,Ujjain Greater,Ujjain Greater,8825285,Active,Community,India,Ujjain Greater (Rotary),2024 - 2025,3040,Zone 4,Zone 4,5,Yes,No,TRUE,9055,94.32,9055,TRUE,TRUE,Rotaract President,2024 - 2025,N,0,0,0,0,0,0,FALSE,,0,,0
8827717,Vindhyachal Hills Bhopal,Vindhyachal Hills Bhopal,8827717,Active,Community,India,Bhopal Hills (Rotary),2026 - 2027,3040,Zone 4,Zone 4,12,No,Yes,FALSE,0,0,0,FALSE,FALSE,N/A,N/A,N/A,0,0,0,0,0,0,FALSE,,0,,0
88715,Young Uptown,Young Uptown,88715,Active,Community,India,Indore Uptown (Rotary),2025 - 2026,3040,Zone 4,Zone 4,16,No,No,FALSE,0,0,0,FALSE,TRUE,Rotaract President,2025 - 2026,N,0,0,0,0,0,0,FALSE,,0,,6
8823242,Achiever Point Morena,Achiever Point Morena,8823242,Active,Community,India,Gwalior Youth (Rotaract),2025 - 2026,3053,Zone 4,Zone 4,3,Yes,No,TRUE,2549,26.55,2549,FALSE,TRUE,Rotaract President,2025 - 2026,N,0,0,0,0,0,0,FALSE,,0,,0
8827719,Ajmer Force,Ajmer Force,8827719,Active,Community,India,Ajmer (Rotary),2026 - 2027,3053,Zone 4,Zone 4,15,Yes,Yes,TRUE,12744,132.75,12744,TRUE,FALSE,N/A,N/A,N/A,0,0,0,0,0,0,FALSE,,0,,0
217296,Alwar Hope,Alwar Hope,217296,Active,Community,India,Alwar (Rotary),2024 - 2025,3053,Zone 4,Zone 4,15,No,No,FALSE,0,0,0,FALSE,TRUE,Rotaract President,2024 - 2025,N,0,0,0,0,0,0,FALSE,,0,,0
8826137,"Aryan College, Ajmer","Aryan College, Ajmer",8826137,Active,University,India,Ajmer (Rotary),2024 - 2025,3053,Zone 4,Zone 4,19,Yes,No,TRUE,10089,105.09,10089,TRUE,TRUE,Rotaract President,2024 - 2025,N,0,0,0,0,0,0,FALSE,,0,,0
8828069,Bharatpur Beats,Bharatpur Beats,8828069,Active,Community,India,Bharatpur (Rotary),2026 - 2027,3053,Zone 4,Zone 4,30,No,Yes,FALSE,0,0,0,FALSE,FALSE,N/A,N/A,N/A,0,0,0,0,0,0,FALSE,,0,,0
8823917,Bhiwadi Falcons,Bhiwadi Falcons,8823917,Active,Community,India,Bhiwadi (Rotary),2025 - 2026,3053,Zone 4,Zone 4,22,No,No,FALSE,0,0,0,FALSE,TRUE,Rotaract President,2025 - 2026,N,0,0,0,0,0,0,FALSE,,0,,0
5809,Bikaner,Bikaner,5809,Active,Community,India,Bikaner (Rotary),2025 - 2026,3053,Zone 4,Zone 4,27,No,No,FALSE,0,0,0,FALSE,TRUE,Rotaract President,2025 - 2026,N,0,0,0,0,0,0,FALSE,,0,,0
217776,Bikaner Marudhara,Bikaner Marudhara,217776,Active,Community,India,Bikaner Marudhara (Rotary),2024 - 2025,3053,Zone 4,Zone 4,12,Yes,No,TRUE,10195,106.2,10195,TRUE,TRUE,Rotaract President,2024 - 2025,N,0,0,0,0,0,0,FALSE,,0,,0
8826146,Bikaner Thar,Bikaner Thar,8826146,Active,Community,India,Bikaner Royals (Rotary),2024 - 2025,3053,Zone 4,Zone 4,18,Yes,No,TRUE,15293,159.3,15293,TRUE,TRUE,Rotaract President,2024 - 2025,N,0,0,0,0,0,0,FALSE,,0,,0
218242,Datia,Datia,218242,Active,Community,India,Datia Midtown (Rotary),2025 - 2026,3053,Zone 4,Zone 4,7,Yes,No,TRUE,10841,112.93,10841,TRUE,TRUE,Rotaract President,2025 - 2026,N,0,0,0,0,0,0,FALSE,,0,,0
215918,Gwalior City,Gwalior City,215918,Active,Community,India,Gwalior Heritage (Rotary),2024 - 2025,3053,Zone 4,Zone 4,12,Yes,No,TRUE,10195,106.2,10195,TRUE,TRUE,Rotaract President,2024 - 2025,N,0,0,0,0,0,0,FALSE,,0,,0
8824252,Gwalior Mahanagar,Gwalior Mahanagar,8824252,Active,Community,India,Gwalior Mahanagar (Rotary),2026 - 2027,3053,Zone 4,Zone 4,13,No,Yes,FALSE,0,0,0,FALSE,FALSE,N/A,N/A,N/A,0,0,0,0,0,0,FALSE,,0,,0
8823340,Gwalior Shine,Gwalior Shine,8823340,Active,Community,India,Gwalior (Rotary),2025 - 2026,3053,Zone 4,Zone 4,17,No,No,FALSE,0,0,0,FALSE,TRUE,Rotaract President,2025 - 2026,N,0,0,0,0,0,0,FALSE,,0,,0
215911,Gwalior Youth,Gwalior Youth,215911,Active,Community,India,Gwalior (Rotary),2025 - 2026,3053,Zone 4,Zone 4,11,Yes,No,TRUE,10421,108.55,10421,TRUE,TRUE,Rotaract President,2025 - 2026,N,0,0,0,0,0,0,FALSE,,0,,0
217718,III TM GWALIOR,III TM GWALIOR,217718,Active,University,India,Gwalior (Rotary),2022 - 2023,3053,Zone 4,Zone 4,3,Yes,No,TRUE,4584,47.75,4584,FALSE,TRUE,Rotaract President,2022 - 2023,N,0,0,0,0,0,0,FALSE,,0,,0
215692,IIT Jodhpur,IIT Jodhpur,215692,Active,University,India,Jodhpur Padmini (Rotary),2024 - 2025,3053,Zone 4,Zone 4,2,Yes,No,TRUE,1062,11.06,1062,FALSE,TRUE,Rotaract President,2024 - 2025,N,0,0,0,0,0,0,FALSE,,0,,0
8825811,Jodhana,Jodhana,8825811,Active,Community,India,Jodhpur Garima (Rotary),2023 - 2024,3053,Zone 4,Zone 4,20,Yes,No,TRUE,16992,177,16992,TRUE,TRUE,Rotaract President,2023 - 2024,N,0,0,0,0,0,0,FALSE,,0,,0
8826545,Jodhpur Jagrati,Jodhpur Jagrati,8826545,Active,Community,India,Jodhpur Garima (Rotary),2025 - 2026,3053,Zone 4,Zone 4,15,Yes,No,TRUE,12744,132.75,12744,TRUE,TRUE,Rotaract President,2025 - 2026,N,0,0,0,0,0,0,FALSE,,0,,0
8828086,Morena Mavericks,Morena Mavericks,8828086,Active,Community,India,Morena (Rotary),2026 - 2027,3053,Zone 4,Zone 4,9,No,Yes,FALSE,0,0,0,FALSE,FALSE,N/A,N/A,N/A,0,0,0,0,0,0,FALSE,,0,,0
217715,Prestige Gwalior,Prestige Gwalior,217715,Active,University,India,Gwalior (Rotary),2025 - 2026,3053,Zone 4,Zone 4,25,No,No,FALSE,0,0,0,FALSE,TRUE,Rotaract President,2025 - 2026,N,0,0,0,0,0,0,FALSE,,0,,0
8824877,RNB Global University,RNB Global University,8824877,Active,University,India,Bikaner (Rotary),2025 - 2026,3053,Zone 4,Zone 4,19,No,No,FALSE,0,0,0,FALSE,TRUE,Rotaract President,2025 - 2026,N,0,0,0,0,0,0,FALSE,,0,,0
8827761,Swami Keshwanand Rajasthan Agricultural University,Swami Keshwanand Rajasthan Agricultural University,8827761,Active,University,India,Bikaner Royals (Rotary),2026 - 2027,3053,Zone 4,Zone 4,21,Yes,No,TRUE,11151,116.16,11151,TRUE,TRUE,Rotaract President,2025 - 2026,N,0,0,0,0,0,0,FALSE,,0,,0
8824019,Vyas Dental College and Hospital,Vyas Dental College and Hospital,8824019,Active,University,India,Jodhpur Padmini (Rotary),2022 - 2023,3053,Zone 4,Zone 4,1,Yes,No,TRUE,531,5.53,531,FALSE,TRUE,Rotaract President,2022 - 2023,N,0,0,0,0,0,0,FALSE,,0,,0
216034,Aadarsh Ahmedabad,Aadarsh Ahmedabad,216034,Active,University,India,Aadarsh Ahmedabad (Rotary),2021 - 2022,3055,Zone 4,Zone 4,3,Yes,No,TRUE,6053,63.05,6053,FALSE,TRUE,Rotaract President,N/A,N,0,0,0,0,0,0,FALSE,,0,,0
218476,Abu Road,Abu Road,218476,Active,Community,India,Abu Road (Rotary),2023 - 2024,3055,Zone 4,Zone 4,3,Yes,No,TRUE,8902,92.73,8902,TRUE,TRUE,Rotaract President,2023 - 2024,N,0,0,0,0,0,0,FALSE,,0,,0
218141,Ahmedabad Asmita,Ahmedabad Asmita,218141,Active,Community,India,Ahmedabad Asmita (Rotary),2026 - 2027,3055,Zone 4,Zone 4,9,No,Yes,FALSE,0,0,0,FALSE,FALSE,N/A,N/A,N/A,0,0,0,0,0,0,FALSE,,0,,0
8826753,Ahmedabad Bopal,Ahmedabad Bopal,8826753,Active,Community,India,,2026 - 2027,3055,Zone 4,Zone 4,5,No,Yes,FALSE,0,0,0,FALSE,FALSE,N/A,N/A,N/A,0,0,0,0,0,0,FALSE,,0,,0
8825060,Ahmedabad Eleos,Ahmedabad Eleos,8825060,Active,Community,India,,2026 - 2027,3055,Zone 4,Zone 4,9,No,Yes,FALSE,0,0,0,FALSE,FALSE,N/A,N/A,N/A,0,0,0,0,0,0,FALSE,,0,,0
8825796,Ahmedabad Elysium,Ahmedabad Elysium,8825796,Active,Community,India,,2026 - 2027,3055,Zone 4,Zone 4,15,No,Yes,FALSE,0,0,0,FALSE,FALSE,N/A,N/A,N/A,0,0,0,0,0,0,FALSE,,0,,0
214130,Ahmedabad Emerald,Ahmedabad Emerald,214130,Active,Community,India,,2026 - 2027,3055,Zone 4,Zone 4,13,Yes,Yes,TRUE,12183,126.91,12183,TRUE,FALSE,N/A,N/A,N/A,0,0,0,0,0,0,FALSE,,0,,0
8827440,Ahmedabad Harmony,Ahmedabad Harmony,8827440,Active,Community,India,,2026 - 2027,3055,Zone 4,Zone 4,25,Yes,Yes,TRUE,21240,221.25,21240,TRUE,FALSE,N/A,N/A,N/A,0,0,0,0,0,0,FALSE,,0,,0
8828218,Ahmedabad Majestic,Ahmedabad Majestic,8828218,Active,Community,India,Ahmedabad Majesty (Rotary),2026 - 2027,3055,Zone 4,Zone 4,13,No,Yes,FALSE,0,0,0,FALSE,FALSE,N/A,N/A,N/A,0,0,0,0,0,0,FALSE,,0,,0
8828294,Ahmedabad Majesty Stars,Ahmedabad Majesty Stars,8828294,Active,Community,India,Ahmedabad Majesty Stars (Rotary),2026 - 2027,3055,Zone 4,Zone 4,15,No,Yes,FALSE,0,0,0,FALSE,FALSE,N/A,N/A,N/A,0,0,0,0,0,0,FALSE,,0,,0
8824345,Ahmedabad Metro,Ahmedabad Metro,8824345,Active,Community,India,Ahmedabad Metro (Rotary),2025 - 2026,3055,Zone 4,Zone 4,8,Yes,No,TRUE,7793,81.18,7793,TRUE,TRUE,Rotaract President,2025 - 2026,N,0,0,0,0,0,0,FALSE,,0,,0
213985,Ahmedabad Midtown,Ahmedabad Midtown,213985,Active,Community,India,Ahmedabad Mid Town (Rotary),2026 - 2027,3055,Zone 4,Zone 4,37,No,Yes,FALSE,0,0,0,FALSE,FALSE,N/A,N/A,N/A,0,0,0,0,0,0,FALSE,,0,,0
8828234,Ahmedabad NextGen,Ahmedabad NextGen,8828234,Active,Community,India,Ahmedabad Majesty (Rotary),2026 - 2027,3055,Zone 4,Zone 4,15,No,Yes,FALSE,0,0,0,FALSE,FALSE,N/A,N/A,N/A,0,0,0,0,0,0,FALSE,,0,,0
213279,Ahmedabad Prahladnagar,Ahmedabad Prahladnagar,213279,Active,Community,India,Ahmedabad Prahaladnagar (Rotary),2026 - 2027,3055,Zone 4,Zone 4,20,No,Yes,FALSE,0,0,0,FALSE,FALSE,N/A,N/A,N/A,0,0,0,0,0,0,FALSE,,0,,0
8827436,Ahmedabad Skyline Stars,Ahmedabad Skyline Stars,8827436,Active,Community,India,Ahmedabad Skyline (Rotary),2026 - 2027,3055,Zone 4,Zone 4,18,Yes,Yes,TRUE,16004,166.71,16004,TRUE,FALSE,N/A,N/A,N/A,0,0,0,0,0,0,FALSE,,0,,0
213987,Ahmedabad Supreme,Ahmedabad Supreme,213987,Active,Community,India,Ahmedabad Supreme (Rotary),2024 - 2025,3055,Zone 4,Zone 4,14,Yes,No,TRUE,11894,123.9,11894,TRUE,TRUE,Rotaract President,2024 - 2025,N,0,0,0,0,0,0,FALSE,,0,,0
215511,Ahmedabad Suryoday,Ahmedabad Suryoday,215511,Active,Community,India,Ahmedabad Suryoday (Rotary),2021 - 2022,3055,Zone 4,Zone 4,1,Yes,No,TRUE,3228,33.63,3228,FALSE,TRUE,Rotaract President,N/A,N,0,0,0,0,0,0,FALSE,,0,,0
218424,Ahmedabad Transcend,Ahmedabad Transcend,218424,Active,Community,India,Kankaria (Ahmedabad) (Rotary),2025 - 2026,3055,Zone 4,Zone 4,14,Yes,No,TRUE,12322,128.35,12322,TRUE,TRUE,Rotaract President,2025 - 2026,N,0,0,0,0,0,0,FALSE,,0,,0
8827712,Ahmedabad Vasna Young,Ahmedabad Vasna Young,8827712,Active,Community,India,Ahmedabad Vasna (Rotary),2026 - 2027,3055,Zone 4,Zone 4,19,Yes,Yes,TRUE,13594,141.6,13594,TRUE,FALSE,N/A,N/A,N/A,0,0,0,0,0,0,FALSE,,0,,0
8824147,Ahmedabad West Blind,Ahmedabad West Blind,8824147,Active,Community,India,Ahmedabad West (Rotary),2026 - 2027,3055,Zone 4,Zone 4,13,No,Yes,FALSE,0,0,0,FALSE,FALSE,N/A,N/A,N/A,0,0,0,0,0,0,FALSE,,0,,0
74890,Ahmedabad Zankar,Ahmedabad Zankar,74890,Active,Community,India,Ahmedabad Airport (Rotary),2024 - 2025,3055,Zone 4,Zone 4,1,Yes,No,TRUE,1662,17.31,1662,FALSE,TRUE,Rotaract President,2024 - 2025,N,0,0,0,0,0,0,FALSE,,0,,0
8826748,Ahmedabad Zen,Ahmedabad Zen,8826748,Active,Community,India,Ahmedabad North (Rotary),2025 - 2026,3055,Zone 4,Zone 4,4,Yes,No,TRUE,3755,39.11,3755,FALSE,TRUE,Rotaract President,2025 - 2026,N,0,0,0,0,0,0,FALSE,,0,,0
5829,Anjar,Anjar,5829,Active,Community,India,Anjar (Rotary),2026 - 2027,3055,Zone 4,Zone 4,18,No,Yes,FALSE,0,0,0,FALSE,FALSE,N/A,N/A,N/A,0,0,0,0,0,0,FALSE,,0,,0
8823490,Balotra,Balotra,8823490,Active,Community,India,Balotra (Rotary),2020 - 2021,3055,Zone 4,Zone 4,1,Yes,No,TRUE,3228,33.63,3228,FALSE,TRUE,Rotaract President,N/A,N,0,0,0,0,0,0,FALSE,,0,,0
8828109,Barmer Youth,Barmer Youth,8828109,Active,Community,India,Barmer (Rotary),2026 - 2027,3055,Zone 4,Zone 4,18,No,Yes,FALSE,0,0,0,FALSE,FALSE,N/A,N/A,N/A,0,0,0,0,0,0,FALSE,,0,,0
8827431,B J Medical College and Civil hospital (Ahmedabad),B J Medical College and Civil hospital (Ahmedabad),8827431,Active,University,India,Ahmedabad Majesty (Rotary),2026 - 2027,3055,Zone 4,Zone 4,19,No,Yes,FALSE,0,0,0,FALSE,FALSE,N/A,N/A,N/A,0,0,0,0,0,0,FALSE,,0,,0
218251,Deesa,Deesa,218251,Active,Community,India,Deesa (Rotary),2026 - 2027,3055,Zone 4,Zone 4,9,No,Yes,FALSE,0,0,0,FALSE,FALSE,N/A,N/A,N/A,0,0,0,0,0,0,FALSE,,0,,0
8828255,Deesa Divine Youth,Deesa Divine Youth,8828255,Active,Community,India,Deesa Divine (Rotary),2026 - 2027,3055,Zone 4,Zone 4,12,No,Yes,FALSE,0,0,0,FALSE,FALSE,N/A,N/A,N/A,0,0,0,0,0,0,FALSE,,0,,0
8824233,Divine Samarpan,Divine Samarpan,8824233,Active,Community,India,Deesa Divine (Rotary),2021 - 2022,3055,Zone 4,Zone 4,1,Yes,No,TRUE,3228,33.63,3228,FALSE,TRUE,Rotaract President,N/A,N,0,0,0,0,0,0,FALSE,,0,,0
216309,"DNP Arts and Commerce College, Deesa","DNP Arts and Commerce College, Deesa",216309,Active,University,India,Deesa (Rotary),2021 - 2022,3055,Zone 4,Zone 4,3,Yes,No,TRUE,6053,63.05,6053,FALSE,TRUE,Rotaract President,N/A,N,0,0,0,0,0,0,FALSE,,0,,0
42417,Gandhidham,Gandhidham,42417,Active,Community,India,Gandhidham (Rotary),2026 - 2027,3055,Zone 4,Zone 4,19,No,Yes,FALSE,0,0,0,FALSE,FALSE,N/A,N/A,N/A,0,0,0,0,0,0,FALSE,,0,,0
8826101,Gandhidham Yuvas,Gandhidham Yuvas,8826101,Active,Community,India,Gandhidham (Rotary),2026 - 2027,3055,Zone 4,Zone 4,20,No,Yes,FALSE,0,0,0,FALSE,FALSE,N/A,N/A,N/A,0,0,0,0,0,0,FALSE,,0,,0
8826242,Gandhinagar Gift City,Gandhinagar Gift City,8826242,Active,Community,India,Gandhinagar (Rotary),2026 - 2027,3055,Zone 4,Zone 4,4,Yes,Yes,TRUE,6530,68.02,6530,FALSE,FALSE,N/A,N/A,N/A,0,0,0,0,0,0,FALSE,,0,,0
217174,G I T (Gandhinagar Institute of Technology),G I T (Gandhinagar Institute of Technology),217174,Active,University,India,Ahmedabad Supreme (Rotary),2019 - 2020,3055,Zone 4,Zone 4,1,Yes,No,TRUE,2018,21.02,2018,FALSE,TRUE,Rotaract President,N/A,N,0,0,0,0,0,0,FALSE,,0,,0
217802,GLS Institute of Design,GLS Institute of Design,217802,Active,University,India,Cosmopolitan Ahmedabad (Rotary),2019 - 2020,3055,Zone 4,Zone 4,1,Yes,No,TRUE,2018,21.02,2018,FALSE,TRUE,Rotaract President,N/A,N,0,0,0,0,0,0,FALSE,,0,,0
217372,Indus University,Indus University,217372,Active,University,India,Ahmedabad Metro (Rotary),2026 - 2027,3055,Zone 4,Zone 4,11,No,Yes,FALSE,0,0,0,FALSE,FALSE,N/A,N/A,N/A,0,0,0,0,0,0,FALSE,,0,,0
8826453,Jalore Yuva,Jalore Yuva,8826453,Active,Community,India,Jalore (Rotary),2026 - 2027,3055,Zone 4,Zone 4,10,No,Yes,FALSE,0,0,0,FALSE,FALSE,N/A,N/A,N/A,0,0,0,0,0,0,FALSE,,0,,0
216107,Kadi,Kadi,216107,Active,Community,India,Kadi (Rotary),2026 - 2027,3055,Zone 4,Zone 4,18,No,Yes,FALSE,0,0,0,FALSE,FALSE,N/A,N/A,N/A,0,0,0,0,0,0,FALSE,,0,,0
5747,Kankaria,Kankaria,5747,Active,Community,India,Kankaria (Ahmedabad) (Rotary),2026 - 2027,3055,Zone 4,Zone 4,15,No,Yes,FALSE,0,0,0,FALSE,FALSE,N/A,N/A,N/A,0,0,0,0,0,0,FALSE,,0,,0
215326,L.D.C.E.,L.D.C.E.,215326,Active,University,India,Kankaria (Ahmedabad) (Rotary),2026 - 2027,3055,Zone 4,Zone 4,16,Yes,Yes,TRUE,576,6,576,FALSE,FALSE,N/A,N/A,N/A,0,0,0,0,0,0,FALSE,,0,,0
60137,Midtown Bhuj,Midtown Bhuj,60137,Active,Community,India,Bhuj (Rotary),2025 - 2026,3055,Zone 4,Zone 4,15,No,No,FALSE,0,0,0,FALSE,TRUE,Rotaract President,2025 - 2026,N,0,0,0,0,0,0,FALSE,,0,,0
92173,Mundra,Mundra,92173,Active,Community,India,Mundra Kutch (Rotary),2025 - 2026,3055,Zone 4,Zone 4,44,No,No,FALSE,0,0,0,FALSE,TRUE,Rotaract President,2025 - 2026,N,0,0,0,0,0,0,FALSE,,0,,0
8825131,New L.J.I.E.T.,New L.J.I.E.T.,8825131,Active,University,India,,2026 - 2027,3055,Zone 4,Zone 4,15,No,Yes,FALSE,0,0,0,FALSE,FALSE,N/A,N/A,N/A,0,0,0,0,0,0,FALSE,,0,,0
5705,Palanpur,Palanpur,5705,Active,Community,India,Palanpur (Rotary),2026 - 2027,3055,Zone 4,Zone 4,23,No,Yes,FALSE,0,0,0,FALSE,FALSE,N/A,N/A,N/A,0,0,0,0,0,0,FALSE,,0,,0
218344,Palanpur Youth Town,Palanpur Youth Town,218344,Active,Community,India,Palanpur Diamond City (Rotary),2023 - 2024,3055,Zone 4,Zone 4,3,Yes,No,TRUE,8119,84.57,8119,TRUE,TRUE,Rotaract President,2023 - 2024,N,0,0,0,0,0,0,FALSE,,0,,0
91339,Pandit Deendayal Energy University,Pandit Deendayal Energy University,91339,Active,University,India,Kankaria (Ahmedabad) (Rotary),2026 - 2027,3055,Zone 4,Zone 4,26,No,Yes,FALSE,0,0,0,FALSE,FALSE,N/A,N/A,N/A,0,0,0,0,0,0,FALSE,,0,,0
5699,Patan,Patan,5699,Active,Community,India,Patan (Rotary),2026 - 2027,3055,Zone 4,Zone 4,19,No,Yes,FALSE,0,0,0,FALSE,FALSE,N/A,N/A,N/A,0,0,0,0,0,0,FALSE,,0,,0
8824795,Radhanpur,Radhanpur,8824795,Active,Community,India,Patan (Rotary),2022 - 2023,3055,Zone 4,Zone 4,1,Yes,No,TRUE,3228,33.63,3228,FALSE,TRUE,Rotaract President,N/A,N,0,0,0,0,0,0,FALSE,,0,,0
91134,Sabarmati,Sabarmati,91134,Active,Community,India,Sabarmati (Ahmedabad) (Rotary),2026 - 2027,3055,Zone 4,Zone 4,14,No,Yes,FALSE,0,0,0,FALSE,FALSE,N/A,N/A,N/A,0,0,0,0,0,0,FALSE,,0,,0
8827138,Sarvam Ahmedabad,Sarvam Ahmedabad,8827138,Active,Community,India,Ahmedabad Sarvam (Rotary),2026 - 2027,3055,Zone 4,Zone 4,17,No,Yes,FALSE,0,0,0,FALSE,FALSE,N/A,N/A,N/A,0,0,0,0,0,0,FALSE,,0,,0
8825129,Unjha,Unjha,8825129,Active,Community,India,Unjha (Rotary),2026 - 2027,3055,Zone 4,Zone 4,15,No,Yes,FALSE,0,0,0,FALSE,FALSE,N/A,N/A,N/A,0,0,0,0,0,0,FALSE,,0,,0
67365,Vijapur,Vijapur,67365,Active,Community,India,Vijapur (Rotary),2026 - 2027,3055,Zone 4,Zone 4,7,No,Yes,FALSE,0,0,0,FALSE,FALSE,N/A,N/A,N/A,0,0,0,0,0,0,FALSE,,0,,0
5671,Visnagar,Visnagar,5671,Active,Community,India,Visnagar (Rotary),2026 - 2027,3055,Zone 4,Zone 4,23,No,Yes,FALSE,0,0,0,FALSE,FALSE,N/A,N/A,N/A,0,0,0,0,0,0,FALSE,,0,,1
8826294,Aayojan School of Architecture-Jaipur,Aayojan School of Architecture-Jaipur,8826294,Active,University,India,Jaipur (Rotary),2026 - 2027,3056,Zone 4,Zone 4,15,No,No,FALSE,0,0,0,FALSE,TRUE,Rotaract President,2024 - 2025,N,0,0,0,0,0,0,FALSE,,0,,0
218579,Ahan,Ahan,218579,Active,Community,India,Jaipur Bapu Nagar (Rotary),2023 - 2024,3056,Zone 4,Zone 4,1,Yes,No,TRUE,850,8.85,850,FALSE,TRUE,Rotaract President,2023 - 2024,N,0,0,0,0,0,0,FALSE,,0,,0
8825035,Aishwarya Udaipur,Aishwarya Udaipur,8825035,Active,University,India,Udaipur Meera (Rotary),2026 - 2027,3056,Zone 4,Zone 4,8,No,Yes,FALSE,0,0,0,FALSE,FALSE,N/A,N/A,N/A,0,0,0,0,0,0,FALSE,,0,,0
8824024,Aravali Institute of Technical Studies,Aravali Institute of Technical Studies,8824024,Active,University,India,,2021 - 2022,3056,Zone 4,Zone 4,1,Yes,No,TRUE,531,5.53,531,FALSE,TRUE,Rotaract President,N/A,N,0,0,0,0,0,0,FALSE,,0,,0
8827750,Bhilwara,Bhilwara,8827750,Active,Community,India,Bhilwara (Rotary),2026 - 2027,3056,Zone 4,Zone 4,20,No,Yes,FALSE,0,0,0,FALSE,FALSE,N/A,N/A,N/A,0,0,0,0,0,0,FALSE,,0,,0
218514,Brij Nagar Jhalawar,Brij Nagar Jhalawar,218514,Active,Community,India,Brij Nagar Jhalawar (Rotary),2020 - 2021,3056,Zone 4,Zone 4,1,Yes,No,TRUE,2445,25.47,2445,FALSE,TRUE,Rotaract President,N/A,N,0,0,0,0,0,0,FALSE,,0,,0
218423,Bundi Veer Kumbha,Bundi Veer Kumbha,218423,Active,Community,India,Bundi (Rotary),2024 - 2025,3056,Zone 4,Zone 4,2,Yes,No,TRUE,1699,17.7,1699,FALSE,TRUE,Rotaract President,2024 - 2025,N,0,0,0,0,0,0,FALSE,,0,,0
8828529,Citizen GenZ,Citizen GenZ,8828529,Active,Community,India,Jaipur Citizen (Rotary),2026 - 2027,3056,Zone 4,Zone 4,33,No,Yes,FALSE,0,0,0,FALSE,FALSE,N/A,N/A,N/A,0,0,0,0,0,0,FALSE,,0,,0
8827009,Doomshell Academy of Advance Computing,Doomshell Academy of Advance Computing,8827009,Active,University,India,Jaipur Elite (Rotary),2025 - 2026,3056,Zone 4,Zone 4,13,Yes,No,TRUE,6903,71.91,6903,FALSE,TRUE,Rotaract President,2025 - 2026,N,0,0,0,0,0,0,FALSE,,0,,0
218714,Dudu,Dudu,218714,Active,Community,India,Dudu (Rotary),2023 - 2024,3056,Zone 4,Zone 4,1,Yes,No,TRUE,3228,33.63,3228,FALSE,TRUE,Rotaract President,2023 - 2024,N,0,0,0,0,0,0,FALSE,,0,,0
214765,Ignite Pali,Ignite Pali,214765,Active,Community,India,Pali (Rotary),2025 - 2026,3056,Zone 4,Zone 4,12,No,No,FALSE,0,0,0,FALSE,TRUE,Rotaract President,2025 - 2026,N,0,0,0,0,0,0,FALSE,,0,,0
5771,Jaipur,Jaipur,5771,Active,Community,India,Jaipur (Rotary),2026 - 2027,3056,Zone 4,Zone 4,3,Yes,No,TRUE,2620,27.29,2620,FALSE,TRUE,Rotaract President,N/A,N,0,0,0,0,0,0,FALSE,,0,,0
8823270,Jaipur Bapu Nagar,Jaipur Bapu Nagar,8823270,Active,Community,India,Jaipur Bapu Nagar (Rotary),2024 - 2025,3056,Zone 4,Zone 4,3,Yes,No,TRUE,2549,26.55,2549,FALSE,TRUE,Rotaract President,2024 - 2025,N,0,0,0,0,0,0,FALSE,,0,,0
8828483,Jaipur Royal,Jaipur Royal,8828483,Active,Community,India,Jaipur Royal (Rotary),2026 - 2027,3056,Zone 4,Zone 4,12,No,Yes,FALSE,0,0,0,FALSE,FALSE,N/A,N/A,N/A,0,0,0,0,0,0,FALSE,,0,,0
8828307,Kota North Gen Z,Kota North Gen Z,8828307,Active,Community,India,Kota North (Rotary),2026 - 2027,3056,Zone 4,Zone 4,12,No,Yes,FALSE,0,0,0,FALSE,FALSE,N/A,N/A,N/A,0,0,0,0,0,0,FALSE,,0,,0
8827193,Manipal University Jaipur,Manipal University Jaipur,8827193,Active,University,India,Jaipur Bapu Nagar (Rotary),2026 - 2027,3056,Zone 4,Zone 4,11,No,Yes,FALSE,0,0,0,FALSE,FALSE,N/A,N/A,N/A,0,0,0,0,0,0,FALSE,,0,,0
8828049,Pali,Pali,8828049,Active,Community,India,Ignite Pali (Rotaract); Pali (Rotary),2026 - 2027,3056,Zone 4,Zone 4,14,No,Yes,FALSE,0,0,0,FALSE,FALSE,N/A,N/A,N/A,0,0,0,0,0,0,FALSE,,0,,0
8823491,Rajasthan Dental College,Rajasthan Dental College,8823491,Active,University,India,Jaipur Royal (Rotary),2024 - 2025,3056,Zone 4,Zone 4,10,Yes,No,TRUE,6372,66.38,6372,FALSE,TRUE,Rotaract President,2024 - 2025,N,0,0,0,0,0,0,FALSE,,0,,0
8825834,Rising Stars Pali,Rising Stars Pali,8825834,Active,Community,India,Pali (Rotary),2026 - 2027,3056,Zone 4,Zone 4,9,No,Yes,FALSE,0,0,0,FALSE,FALSE,N/A,N/A,N/A,0,0,0,0,0,0,FALSE,,0,,0
8827881,Shri Mahaveer College,Shri Mahaveer College,8827881,Active,University,India,,2026 - 2027,3056,Zone 4,Zone 4,18,Yes,Yes,TRUE,9558,99.56,9558,TRUE,FALSE,N/A,N/A,N/A,0,0,0,0,0,0,FALSE,,0,,0
8825907,"Swami Keshvanand Institute of Technology, Management and Gramothan","Swami Keshvanand Institute of Technology, Management and Gramothan",8825907,Active,University,India,Jaipur Kohinoor (Rotary),2024 - 2025,3056,Zone 4,Zone 4,5,Yes,No,TRUE,7303,76.07,7303,TRUE,TRUE,Rotaract President,2024 - 2025,N,0,0,0,0,0,0,FALSE,,0,,0
8826747,Udaipur Aishwarya Drishty,Udaipur Aishwarya Drishty,8826747,Active,University,India,Udaipur Drishty (Rotary),2025 - 2026,3056,Zone 4,Zone 4,12,Yes,No,TRUE,6372,66.38,6372,FALSE,TRUE,Rotaract President,2025 - 2026,N,0,0,0,0,0,0,FALSE,,0,,0
92012,Yuva Bhardwaj Foundation,Yuva Bhardwaj Foundation,92012,Active,Community,India,Jaipur Bapu Nagar (Rotary),2023 - 2024,3056,Zone 4,Zone 4,4,Yes,No,TRUE,9780,101.88,9780,TRUE,TRUE,Rotaract President,2023 - 2024,N,0,0,0,0,0,0,FALSE,,0,,0
218548,Amreli,Amreli,218548,Active,Community,India,,2020 - 2021,3060,Zone 4,Zone 4,1,Yes,No,TRUE,3228,33.63,3228,FALSE,TRUE,Rotaract President,2020 - 2021,N,0,0,0,0,0,0,FALSE,,0,,0
217188,Amreli Gir,Amreli Gir,217188,Active,Community,India,Amreli Gir (Rotary),2026 - 2027,3060,Zone 4,Zone 4,24,No,Yes,FALSE,0,0,0,FALSE,FALSE,N/A,N/A,N/A,0,0,0,0,0,0,FALSE,,0,,0
212234,Anand Round Town,Anand Round Town,212234,Active,Community,India,Anand Round Town (Rotary),2026 - 2027,3060,Zone 4,Zone 4,56,No,Yes,FALSE,0,0,0,FALSE,FALSE,N/A,N/A,N/A,0,0,0,0,0,0,FALSE,,0,,0
8823225,Ankleshwar,Ankleshwar,8823225,Active,Community,India,Ankleshwar (Rotary),2026 - 2027,3060,Zone 4,Zone 4,10,Yes,Yes,TRUE,12744,132.75,12744,TRUE,FALSE,N/A,N/A,N/A,0,0,0,0,0,0,FALSE,,0,,0
215922,Bardoli,Bardoli,215922,Active,Community,India,Bardoli (Rotary),2026 - 2027,3060,Zone 4,Zone 4,22,No,Yes,FALSE,0,0,0,FALSE,FALSE,N/A,N/A,N/A,107.67,107.67,0,0,0,0,FALSE,,0,,0
5993,Bharuch,Bharuch,5993,Active,Community,India,Bharuch (Rotary),2026 - 2027,3060,Zone 4,Zone 4,24,No,Yes,FALSE,0,0,0,FALSE,FALSE,N/A,N/A,N/A,2.38,2.38,0,0,0,0,FALSE,,0,,0
8826458,Bharuch Next,Bharuch Next,8826458,Active,Community,India,,2026 - 2027,3060,Zone 4,Zone 4,15,No,Yes,FALSE,0,0,0,FALSE,FALSE,N/A,N/A,N/A,0,0,0,0,0,0,FALSE,,0,,0
89957,Bhavnagar Royal,Bhavnagar Royal,89957,Active,Community,India,Bhavnagar Royal (Rotary),2026 - 2027,3060,Zone 4,Zone 4,40,No,Yes,FALSE,0,0,0,FALSE,FALSE,N/A,N/A,N/A,0,0,0,0,0,0,FALSE,,0,,0
43098,Bhavnagar (Youth),Bhavnagar (Youth),43098,Active,Community,India,Bhavnagar (Rotary),2026 - 2027,3060,Zone 4,Zone 4,64,No,Yes,FALSE,0,0,0,FALSE,FALSE,N/A,N/A,N/A,0,0,0,0,0,0,FALSE,,0,,0
8825032,Charusat University,Charusat University,8825032,Active,University,India,,2026 - 2027,3060,Zone 4,Zone 4,12,No,Yes,FALSE,0,0,0,FALSE,FALSE,N/A,N/A,N/A,0,0,0,0,0,0,FALSE,,0,,0
8827709,Daman,Daman,8827709,Active,Community,India,Daman (Rotary),2026 - 2027,3060,Zone 4,Zone 4,10,No,Yes,FALSE,0,0,0,FALSE,FALSE,N/A,N/A,N/A,0,0,0,0,0,0,FALSE,,0,,0
214057,Dhule Cross Road,Dhule Cross Road,214057,Active,Community,India,Dhule Cross Road (Rotary),2026 - 2027,3060,Zone 4,Zone 4,32,No,Yes,FALSE,0,0,0,FALSE,FALSE,N/A,N/A,N/A,0,0,0,0,0,0,FALSE,,0,,0
5963,Dhulia,Dhulia,5963,Active,Community,India,Dhulia (Rotary),2026 - 2027,3060,Zone 4,Zone 4,26,No,Yes,FALSE,0,0,0,FALSE,FALSE,N/A,N/A,N/A,0,0,0,0,0,0,FALSE,,0,,0
213392,GCET College,GCET College,213392,Active,University,India,Baroda Sayajinagari (Rotary),2022 - 2023,3060,Zone 4,Zone 4,2,Yes,No,TRUE,3056,31.83,3056,FALSE,TRUE,Rotaract President,2022 - 2023,N,0,0,0,0,0,0,FALSE,,0,,0
8827875,Gujarat Institute of Hotel Management,Gujarat Institute of Hotel Management,8827875,Active,University,India,Vadodara Heritage (Rotary),2026 - 2027,3060,Zone 4,Zone 4,16,No,Yes,FALSE,0,0,0,FALSE,FALSE,N/A,N/A,N/A,0,0,0,0,0,0,FALSE,,0,,0
213281,Halvad,Halvad,213281,Active,Community,India,Halvad (Rotary),2026 - 2027,3060,Zone 4,Zone 4,7,No,Yes,FALSE,0,0,0,FALSE,FALSE,N/A,N/A,N/A,0,0,0,0,0,0,FALSE,,0,,0
214370,Harijyot,Harijyot,214370,Active,University,India,Navsari (Rotary),2026 - 2027,3060,Zone 4,Zone 4,16,No,Yes,FALSE,0,0,0,FALSE,FALSE,N/A,N/A,N/A,24,24,0,0,0,0,FALSE,,0,,0
89948,Jamnagar,Jamnagar,89948,Active,Community,India,Jamnagar (Rotary),2026 - 2027,3060,Zone 4,Zone 4,76,No,Yes,FALSE,0,0,0,FALSE,FALSE,N/A,N/A,N/A,0,0,0,0,0,0,FALSE,,0,,0
8825701,Jamnagar Hope,Jamnagar Hope,8825701,Active,University,India,Jamnagar (Rotary),2025 - 2026,3060,Zone 4,Zone 4,5,No,No,FALSE,0,0,0,FALSE,TRUE,Rotaract President,2025 - 2026,N,0,0,0,0,0,0,FALSE,,0,,0
215372,Jamnagar Smile,Jamnagar Smile,215372,Active,University,India,Jamnagar (Rotary),2024 - 2025,3060,Zone 4,Zone 4,12,Yes,No,TRUE,12462,129.81,12462,TRUE,TRUE,Rotaract President,2024 - 2025,N,0,0,0,0,0,0,FALSE,,0,,0
214090,Junagadh,Junagadh,214090,Active,Community,India,Junagadh (Rotary),2026 - 2027,3060,Zone 4,Zone 4,72,No,Yes,FALSE,0,0,0,FALSE,FALSE,N/A,N/A,N/A,0,0,0,0,0,0,FALSE,,0,,0
8823936,Karnabhumi Metro,Karnabhumi Metro,8823936,Active,Community,India,Surat Metro (Rotary),2026 - 2027,3060,Zone 4,Zone 4,89,No,Yes,FALSE,0,0,0,FALSE,FALSE,N/A,N/A,N/A,0,0,0,0,0,0,FALSE,,0,,0
212381,Mahemdabad,Mahemdabad,212381,Active,Community,India,Mahemadabad (Rotary),2026 - 2027,3060,Zone 4,Zone 4,23,No,Yes,FALSE,0,0,0,FALSE,FALSE,N/A,N/A,N/A,0,0,0,0,0,0,FALSE,,0,,0
8827446,Mahemdabad Femina,Mahemdabad Femina,8827446,Active,Community,India,Mahemdabad (Rotaract),2025 - 2026,3060,Zone 4,Zone 4,16,Yes,No,TRUE,13594,141.6,13594,TRUE,TRUE,Rotaract President,2025 - 2026,N,0,0,0,0,0,0,FALSE,,0,,0
8827341,Marwadi University,Marwadi University,8827341,Active,University,India,Rajkot Prime (Rotary),2026 - 2027,3060,Zone 4,Zone 4,20,No,Yes,FALSE,0,0,0,FALSE,FALSE,N/A,N/A,N/A,0,0,0,0,0,0,FALSE,,0,,0
8828523,Nadiad Next,Nadiad Next,8828523,Active,Community,India,,2026 - 2027,3060,Zone 4,Zone 4,10,No,Yes,FALSE,0,0,0,FALSE,FALSE,N/A,N/A,N/A,0,0,0,0,0,0,FALSE,,0,,0
217712,NANDNAGARI,NANDNAGARI,217712,Active,Community,India,Nandnagari Nandurbar (Rotary),2026 - 2027,3060,Zone 4,Zone 4,8,Yes,Yes,TRUE,12193,127.01,12193,TRUE,FALSE,N/A,N/A,N/A,0,0,0,0,0,0,FALSE,,0,,0
213467,Narmada Nagari  (Community Based),Narmada Nagari  (Community Based),213467,Active,Community,India,Bharuch Narmada Nagari (Rotary),2026 - 2027,3060,Zone 4,Zone 4,9,No,Yes,FALSE,0,0,0,FALSE,FALSE,N/A,N/A,N/A,0,0,0,0,0,0,FALSE,,0,,0
8827321,Navapur,Navapur,8827321,Active,Community,India,Nandnagari Nandurbar (Rotary),2025 - 2026,3060,Zone 4,Zone 4,15,Yes,No,TRUE,12744,132.75,12744,TRUE,TRUE,Rotaract President,2025 - 2026,N,0,0,0,0,0,0,FALSE,,0,,0
214369,Navsari Young Turks,Navsari Young Turks,214369,Active,Community,India,Navsari (Rotary),2026 - 2027,3060,Zone 4,Zone 4,32,No,Yes,FALSE,0,0,0,FALSE,FALSE,N/A,N/A,N/A,0,0,0,0,0,0,FALSE,,0,,0
215263,Rajkot,Rajkot,215263,Active,Community,India,Rajkot (Rotary),2026 - 2027,3060,Zone 4,Zone 4,31,No,Yes,FALSE,0,0,0,FALSE,FALSE,N/A,N/A,N/A,0,0,0,0,0,0,FALSE,,0,,0
8827482,Rajkot Legacy,Rajkot Legacy,8827482,Active,Community,India,,2026 - 2027,3060,Zone 4,Zone 4,20,No,Yes,FALSE,0,0,0,FALSE,FALSE,N/A,N/A,N/A,0,0,0,0,0,0,FALSE,,0,,0
8827518,RNG Patel Institute of Technology,RNG Patel Institute of Technology,8827518,Active,University,India,Bardoli (Rotary),2026 - 2027,3060,Zone 4,Zone 4,14,No,Yes,FALSE,0,0,0,FALSE,FALSE,N/A,N/A,N/A,0,0,0,0,0,0,FALSE,,0,,0
80072,Shindkheda,Shindkheda,80072,Active,Community,India,Shindakheda (Rotary),2024 - 2025,3060,Zone 4,Zone 4,2,Yes,No,TRUE,3323,34.61,3323,FALSE,TRUE,Rotaract President,2024 - 2025,N,0,0,0,0,0,0,FALSE,,0,,0
8823549,Surat,Surat,8823549,Active,Community,India,,2023 - 2024,3060,Zone 4,Zone 4,1,Yes,No,TRUE,3228,33.63,3228,FALSE,TRUE,Rotaract President,2022 - 2023,N,0,0,0,0,0,0,FALSE,,0,,7
5881,Surat Community,Surat Community,5881,Active,Community,India,Surat (Rotary),2026 - 2027,3060,Zone 4,Zone 4,10,No,Yes,FALSE,0,0,0,FALSE,FALSE,N/A,N/A,N/A,0,0,0,0,0,0,FALSE,,0,,0
91199,Surat Diamond City,Surat Diamond City,91199,Active,Community,India,Surat Diamond City (Rotary),2026 - 2027,3060,Zone 4,Zone 4,27,No,Yes,FALSE,0,0,0,FALSE,FALSE,N/A,N/A,N/A,0,0,0,0,0,0,FALSE,,0,,0
49489,Surat East,Surat East,49489,Active,Community,India,Surat East (Rotary),2026 - 2027,3060,Zone 4,Zone 4,138,No,Yes,FALSE,0,0,0,FALSE,FALSE,N/A,N/A,N/A,0,0,0,0,0,0,FALSE,,0,,0
217851,Surendranagar,Surendranagar,217851,Active,Community,India,Surendranagar (Rotary),2026 - 2027,3060,Zone 4,Zone 4,42,No,Yes,FALSE,0,0,0,FALSE,FALSE,N/A,N/A,N/A,0,0,0,0,0,0,FALSE,,0,,0
214583,Swami Vivekanand Homoeopathic Medical College,Swami Vivekanand Homoeopathic Medical College,214583,Active,University,India,Bhavnagar Royal (Rotary),2026 - 2027,3060,Zone 4,Zone 4,15,No,Yes,FALSE,0,0,0,FALSE,FALSE,N/A,N/A,N/A,0,0,0,0,0,0,FALSE,,0,,0
215199,Tarsadi Kosamba,Tarsadi Kosamba,215199,Active,Community,India,Tarsadi Kosamba (Rotary),2026 - 2027,3060,Zone 4,Zone 4,28,No,Yes,FALSE,0,0,0,FALSE,FALSE,N/A,N/A,N/A,0,0,0,0,0,0,FALSE,,0,,0
218248,TNRAO College,TNRAO College,218248,Active,University,India,Rajkot Midtown (Rotary),2022 - 2023,3060,Zone 4,Zone 4,3,Yes,No,TRUE,6053,63.05,6053,FALSE,TRUE,Rotaract President,2022 - 2023,N,0,0,0,0,0,0,FALSE,,0,,0
5869,Umbergaom,Umbergaom,5869,Active,Community,India,Umbergaon (Rotary),2026 - 2027,3060,Zone 4,Zone 4,19,No,Yes,FALSE,0,0,0,FALSE,FALSE,N/A,N/A,N/A,0,0,0,0,0,0,FALSE,,0,,0
89451,Vadodara,Vadodara,89451,Active,Community,India,Baroda (Rotary),2026 - 2027,3060,Zone 4,Zone 4,20,No,Yes,FALSE,0,0,0,FALSE,FALSE,N/A,N/A,N/A,0,0,0,0,0,0,FALSE,,0,,0
91857,Vadodara Sayajinagari,Vadodara Sayajinagari,91857,Active,Community,India,Baroda Sayajinagari (Rotary),2026 - 2027,3060,Zone 4,Zone 4,11,No,Yes,FALSE,0,0,0,FALSE,FALSE,N/A,N/A,N/A,0,0,0,0,0,0,FALSE,,0,,0
5981,Valsad,Valsad,5981,Active,Community,India,Valsad (Rotary),2026 - 2027,3060,Zone 4,Zone 4,20,No,Yes,FALSE,0,0,0,FALSE,FALSE,N/A,N/A,N/A,0,0,0,0,0,0,FALSE,,0,,0
8828617,Valsad Rangers,Valsad Rangers,8828617,Active,Community,India,Valsad Rangers (Rotary),2026 - 2027,3060,Zone 4,Zone 4,21,No,Yes,FALSE,0,0,0,FALSE,FALSE,N/A,N/A,N/A,0,0,0,0,0,0,TRUE,03-Aug-2026,21,,0
5857,Vapi,Vapi,5857,Active,Community,India,Vapi (Rotary),2026 - 2027,3060,Zone 4,Zone 4,23,No,Yes,FALSE,0,0,0,FALSE,FALSE,N/A,N/A,N/A,0,0,0,0,0,0,FALSE,,0,,0
8826599,Vapi Phoenix Beacons,Vapi Phoenix Beacons,8826599,Active,Community,India,Vapi Phoenix (Rotary),2026 - 2027,3060,Zone 4,Zone 4,28,No,Yes,FALSE,0,0,0,FALSE,FALSE,N/A,N/A,N/A,0,0,0,0,0,0,FALSE,,0,,0
212862,Vapi Riverside`,Vapi Riverside`,212862,Active,Community,India,Vapi Riverside (Rotary),2026 - 2027,3060,Zone 4,Zone 4,18,No,Yes,FALSE,0,0,0,FALSE,FALSE,N/A,N/A,N/A,0,0,0,0,0,0,FALSE,,0,,0
86526,Wadhwan City,Wadhwan City,86526,Active,Community,India,Wadhwan City (Rotary),2026 - 2027,3060,Zone 4,Zone 4,12,No,Yes,FALSE,0,0,0,FALSE,FALSE,N/A,N/A,N/A,0,0,0,0,0,0,FALSE,,0,,0
8826593,Wadhwan Metro,Wadhwan Metro,8826593,Active,Community,India,Wadhwan Metro (Rotary),2026 - 2027,3060,Zone 4,Zone 4,69,No,Yes,FALSE,0,0,0,FALSE,FALSE,N/A,N/A,N/A,0,0,0,0,0,0,FALSE,,0,,0
8824275,Adampur City,Adampur City,8824275,Active,Community,India,,2025 - 2026,3070,Zone 4,Zone 4,6,No,No,FALSE,0,0,0,FALSE,TRUE,Rotaract President,2025 - 2026,N,0,0,0,0,0,0,FALSE,,0,,0
8824152,AIMETC,AIMETC,8824152,Active,University,India,,2021 - 2022,3070,Zone 4,Zone 4,1,Yes,No,TRUE,2018,21.02,2018,FALSE,TRUE,Rotaract President,2021 - 2022,N,0,0,0,0,0,0,FALSE,,0,,0
8824195,Akhnoor Supreme,Akhnoor Supreme,8824195,Active,Community,India,Akhnoor (Rotary),2024 - 2025,3070,Zone 4,Zone 4,19,Yes,No,TRUE,16142,168.15,16142,TRUE,TRUE,Rotaract President,2024 - 2025,N,0,0,0,0,0,0,FALSE,,0,,0
216574,Amritsar-Nectar,Amritsar-Nectar,216574,Active,Community,India,Amritsar (Rotary),2026 - 2027,3070,Zone 4,Zone 4,9,No,Yes,FALSE,0,0,0,FALSE,FALSE,N/A,N/A,N/A,0,0,0,0,0,0,FALSE,,0,,0
8823989,Amritsar West,Amritsar West,8823989,Active,Community,India,Amritsar West (Rotary),2026 - 2027,3070,Zone 4,Zone 4,10,No,Yes,FALSE,0,0,0,FALSE,FALSE,N/A,N/A,N/A,0,0,0,0,0,0,FALSE,,0,,0
88469,Apeejay College of Fine Arts,Apeejay College of Fine Arts,88469,Active,University,India,Jalandhar South (Rotary),2021 - 2022,3070,Zone 4,Zone 4,4,Yes,No,TRUE,8071,84.07,8071,TRUE,TRUE,Rotaract President,2021 - 2022,N,0,0,0,0,0,0,FALSE,,0,,0
8828296,Arya Girls College Pathankot,Arya Girls College Pathankot,8828296,Active,University,India,Pathankot (Rotary),2026 - 2027,3070,Zone 4,Zone 4,21,No,Yes,FALSE,0,0,0,FALSE,FALSE,N/A,N/A,N/A,0,0,0,0,0,0,FALSE,,0,,0
222319,Bilaspur,Bilaspur,222319,Active,Community,India,Bilaspur (Rotary),2022 - 2023,3070,Zone 4,Zone 4,1,Yes,No,TRUE,3228,33.63,3228,FALSE,TRUE,Rotaract President,2022 - 2023,N,0,0,0,0,0,0,FALSE,,0,,0
8826790,Chief Khalsa Diwan International Nursing College,Chief Khalsa Diwan International Nursing College,8826790,Active,University,India,Amritsar Cantt (Rotary),2025 - 2026,3070,Zone 4,Zone 4,12,Yes,No,TRUE,12462,129.81,12462,TRUE,TRUE,Rotaract President,2025 - 2026,N,0,0,0,0,0,0,FALSE,,0,,0
8827136,"CSK Himachal Pradesh Krishi Vishvavidyalaya, Palampur","CSK Himachal Pradesh Krishi Vishvavidyalaya, Palampur",8827136,Active,University,India,Dhauladhar Palampur (Rotary),2026 - 2027,3070,Zone 4,Zone 4,53,No,Yes,FALSE,0,0,0,FALSE,FALSE,N/A,N/A,N/A,0,0,0,0,0,0,FALSE,,0,,0
8823995,Dharamshala Central,Dharamshala Central,8823995,Active,University,India,Dharamsala Central (Rotary),2021 - 2022,3070,Zone 4,Zone 4,1,Yes,No,TRUE,2018,21.02,2018,FALSE,TRUE,Rotaract President,2021 - 2022,N,0,0,0,0,0,0,FALSE,,0,,0
91290,Dronacharya College,Dronacharya College,91290,Active,University,India,Shahpur (Rotary),2025 - 2026,3070,Zone 4,Zone 4,3,No,No,FALSE,0,0,0,FALSE,TRUE,Rotaract President,2025 - 2026,N,0,0,0,0,0,0,FALSE,,0,,0
216556,"Govt. College for Girls, Ludhiana","Govt. College for Girls, Ludhiana",216556,Active,University,India,Ludhiana North (Rotary),2024 - 2025,3070,Zone 4,Zone 4,3,Yes,No,TRUE,3711,38.66,3711,FALSE,TRUE,Rotaract President,2024 - 2025,N,0,0,0,0,0,0,FALSE,,0,,0
6147,Gujranwala Guru Nanak Khalsa College,Gujranwala Guru Nanak Khalsa College,6147,Active,University,India,Ludhiana North (Rotary),2025 - 2026,3070,Zone 4,Zone 4,10,No,No,FALSE,0,0,0,FALSE,TRUE,Rotaract President,2025 - 2026,N,0,0,0,0,0,0,FALSE,,0,,0
8828375,Hindu College Amritsar,Hindu College Amritsar,8828375,Active,University,India,Amritsar North (Rotary),2026 - 2027,3070,Zone 4,Zone 4,12,No,Yes,FALSE,0,0,0,FALSE,FALSE,N/A,N/A,N/A,0,0,0,0,0,0,FALSE,,0,,0
84723,Jammu City,Jammu City,84723,Active,Community,India,Jammu City (Rotary),2025 - 2026,3070,Zone 4,Zone 4,3,No,No,FALSE,0,0,0,FALSE,TRUE,Rotaract President,2025 - 2026,N,0,0,0,0,0,0,FALSE,,0,,0
8826909,Kanhya Lal Butail Dayanand Anglo Vedic College for Girls (Palampur),Kanhya Lal Butail Dayanand Anglo Vedic College for Girls (Palampur),8826909,Active,University,India,Palampur (Rotary),2025 - 2026,3070,Zone 4,Zone 4,12,Yes,No,TRUE,6372,66.38,6372,FALSE,TRUE,Rotaract President,2025 - 2026,N,0,0,0,0,0,0,FALSE,,0,,0
218271,Kapurthala Heritage,Kapurthala Heritage,218271,Active,Community,India,,2026 - 2027,3070,Zone 4,Zone 4,5,No,No,FALSE,0,0,0,FALSE,TRUE,Rotaract President,2025 - 2026,N,0,0,0,0,0,0,FALSE,,0,,0
8824287,"Khalsa College, Amritsar","Khalsa College, Amritsar",8824287,Active,University,India,Amritsar Civil Lines (Rotary),2024 - 2025,3070,Zone 4,Zone 4,19,No,No,FALSE,0,0,0,FALSE,TRUE,Rotaract President,2024 - 2025,N,0,0,0,0,0,0,FALSE,,0,,0
8824955,Khalsa College for Women Amritsar,Khalsa College for Women Amritsar,8824955,Active,University,India,Amritsar North (Rotary),2026 - 2027,3070,Zone 4,Zone 4,22,No,Yes,FALSE,0,0,0,FALSE,FALSE,N/A,N/A,N/A,0,0,0,0,0,0,FALSE,,0,,0
217559,"Khalsa College for Women, Ghumar Mandi","Khalsa College for Women, Ghumar Mandi",217559,Active,University,India,Ludhiana (Rotary),2019 - 2020,3070,Zone 4,Zone 4,2,Yes,No,TRUE,4035,42.03,4035,FALSE,TRUE,Rotaract President,2019 - 2020,N,0,0,0,0,0,0,FALSE,,0,,0
8825721,Lovely Professional University,Lovely Professional University,8825721,Active,University,India,Kapurthala Heritage (Rotaract),2026 - 2027,3070,Zone 4,Zone 4,22,No,Yes,FALSE,0,0,0,FALSE,FALSE,N/A,N/A,N/A,0,0,0,0,0,0,FALSE,,0,,0
215082,Ludhiana North,Ludhiana North,215082,Active,Community,India,Ludhiana North (Rotary),2025 - 2026,3070,Zone 4,Zone 4,14,Yes,No,TRUE,14385,149.84,14385,TRUE,TRUE,Rotaract President,2025 - 2026,N,0,0,0,0,0,0,FALSE,,0,,0
8828105,Ludhiana Supporter,Ludhiana Supporter,8828105,Active,Community,India,Ludhiana Greater (Rotary),2026 - 2027,3070,Zone 4,Zone 4,13,No,Yes,FALSE,0,0,0,FALSE,FALSE,N/A,N/A,N/A,0,0,0,0,0,0,FALSE,,0,,0
8823392,Mandi,Mandi,8823392,Active,Community,India,Mandi (Rotary),2020 - 2021,3070,Zone 4,Zone 4,1,Yes,No,TRUE,3228,33.63,3228,FALSE,TRUE,Rotaract President,2020 - 2021,N,0,0,0,0,0,0,FALSE,,0,,0
8824259,"Medicos RPGMC Tanda, Kangra","Medicos RPGMC Tanda, Kangra",8824259,Active,University,India,Dhauladhar Palampur (Rotary),2021 - 2022,3070,Zone 4,Zone 4,1,Yes,No,TRUE,2018,21.02,2018,FALSE,TRUE,Rotaract President,2021 - 2022,N,0,0,0,0,0,0,FALSE,,0,,0
8823443,MLSM College Sunder Nagar,MLSM College Sunder Nagar,8823443,Active,University,India,Sundar Nagar (Rotary),2020 - 2021,3070,Zone 4,Zone 4,1,Yes,No,TRUE,2018,21.02,2018,FALSE,TRUE,Rotaract President,2020 - 2021,N,0,0,0,0,0,0,FALSE,,0,,0
8824322,Mount Himalayas,Mount Himalayas,8824322,Active,Community,India,Palampur (Rotary),2026 - 2027,3070,Zone 4,Zone 4,8,Yes,No,TRUE,13108,136.54,13108,TRUE,TRUE,Rotaract President,2025 - 2026,N,0,0,0,0,0,0,FALSE,,0,,0
8826889,Prem Chand Markanda SD College,Prem Chand Markanda SD College,8826889,Active,University,India,Jalandhar West (Rotary),2025 - 2026,3070,Zone 4,Zone 4,12,Yes,No,TRUE,12462,129.81,12462,TRUE,TRUE,Rotaract President,2025 - 2026,N,0,0,0,0,0,0,FALSE,,0,,0
8824403,Pt. Mohan Lal S.D. College,Pt. Mohan Lal S.D. College,8824403,Active,University,India,Gurdaspur (Rotary),2024 - 2025,3070,Zone 4,Zone 4,3,Yes,No,TRUE,1593,16.59,1593,FALSE,TRUE,Rotaract President,2024 - 2025,N,0,0,0,0,0,0,FALSE,,0,,0
8824099,S.S.S.S. College Of Commerce For Women,S.S.S.S. College Of Commerce For Women,8824099,Active,University,India,Amritsar Central (Rotary),2026 - 2027,3070,Zone 4,Zone 4,24,No,Yes,FALSE,0,0,0,FALSE,FALSE,N/A,N/A,N/A,0,0,0,0,0,0,FALSE,,0,,0
8823285,Sunder Nagar,Sunder Nagar,8823285,Active,Community,India,Sundar Nagar (Rotary),2022 - 2023,3070,Zone 4,Zone 4,1,Yes,No,TRUE,3228,33.63,3228,FALSE,TRUE,Rotaract President,2022 - 2023,N,0,0,0,0,0,0,FALSE,,0,,0
217560,"Swami Ganga Giri Janta Girls College, Raikot","Swami Ganga Giri Janta Girls College, Raikot",217560,Active,University,India,Ludhiana (Rotary),2024 - 2025,3070,Zone 4,Zone 4,4,Yes,No,TRUE,5261,54.8,5261,FALSE,TRUE,Rotaract President,2024 - 2025,N,0,0,0,0,0,0,FALSE,,0,,0
8824325,Vallabhian,Vallabhian,8824325,Active,University,India,Mandi (Rotary),2021 - 2022,3070,Zone 4,Zone 4,1,Yes,No,TRUE,2018,21.02,2018,FALSE,TRUE,Rotaract President,2021 - 2022,N,0,0,0,0,0,0,FALSE,,0,,0
8826722,AIMS Mohali,AIMS Mohali,8826722,Active,University,India,Chandigarh (Rotary),2026 - 2027,3080,Zone 4,Zone 4,89,No,Yes,FALSE,0,0,0,FALSE,FALSE,N/A,N/A,N/A,0,0,0,0,0,0,FALSE,,0,,0
8827660,Alaknanda Valley,Alaknanda Valley,8827660,Active,Community,India,Alaknanda Valley (Rotary),2026 - 2027,3080,Zone 4,Zone 4,13,Yes,Yes,TRUE,11045,115.05,11045,TRUE,FALSE,N/A,N/A,N/A,0,0,0,0,0,0,FALSE,,0,,0
8826813,Amity University Mohali,Amity University Mohali,8826813,Active,University,India,Chandigarh Uptown (Rotary),2026 - 2027,3080,Zone 4,Zone 4,95,No,Yes,FALSE,0,0,0,FALSE,FALSE,N/A,N/A,N/A,0,0,0,0,0,0,FALSE,,0,,0
8827776,Arya Kanya Mahavidyalya Shahbad,Arya Kanya Mahavidyalya Shahbad,8827776,Active,University,India,Shahabad Markanda (Rotary),2026 - 2027,3080,Zone 4,Zone 4,14,No,Yes,FALSE,0,0,0,FALSE,FALSE,N/A,N/A,N/A,0,0,0,0,0,0,FALSE,,0,,0
8823200,"Avyanna, Roorkee","Avyanna, Roorkee",8823200,Active,Community,India,Roorkee Midtown (Rotary),2026 - 2027,3080,Zone 4,Zone 4,16,No,Yes,FALSE,0,0,0,FALSE,FALSE,N/A,N/A,N/A,0,0,0,0,0,0,FALSE,,0,,0
8827662,Bajrang Institute Rishikesh,Bajrang Institute Rishikesh,8827662,Active,University,India,Alexandria Sunrise (Rotaract),2026 - 2027,3080,Zone 4,Zone 4,12,Yes,Yes,TRUE,6372,66.38,6372,FALSE,FALSE,N/A,N/A,N/A,0,0,0,0,0,0,FALSE,,0,,0
218443,Bhakra Nangal,Bhakra Nangal,218443,Active,Community,India,Bhakra Nangal (Rotary),2026 - 2027,3080,Zone 4,Zone 4,17,No,Yes,FALSE,0,0,0,FALSE,FALSE,N/A,N/A,N/A,0,0,0,0,0,0,FALSE,,0,,0
8828102,B S Negi Mahila Pravidhik Prashikshan Sansthan,B S Negi Mahila Pravidhik Prashikshan Sansthan,8828102,Active,University,India,Doon Shivalik Hills (Rotary),2026 - 2027,3080,Zone 4,Zone 4,21,No,Yes,FALSE,0,0,0,FALSE,FALSE,N/A,N/A,N/A,0,0,0,0,0,0,FALSE,,0,,0
6231,Chandigarh,Chandigarh,6231,Active,Community,India,Chandigarh (Rotary),2026 - 2027,3080,Zone 4,Zone 4,61,No,Yes,FALSE,0,0,0,FALSE,FALSE,N/A,N/A,N/A,0,0,0,0,0,0,FALSE,,0,,2
8827896,Chandigarh College of Architecture,Chandigarh College of Architecture,8827896,Active,University,India,Chandigarh (Rotary),2026 - 2027,3080,Zone 4,Zone 4,16,Yes,Yes,TRUE,8496,88.5,8496,TRUE,FALSE,N/A,N/A,N/A,0,0,0,0,0,0,FALSE,,0,,0
8827250,Chandigarh Group of College Jhanjeri,Chandigarh Group of College Jhanjeri,8827250,Active,University,India,Kharar (Rotary),2026 - 2027,3080,Zone 4,Zone 4,73,Yes,Yes,TRUE,38763,403.78,38763,TRUE,FALSE,N/A,N/A,N/A,0,0,0,0,0,0,FALSE,,0,,0
8827277,Chandigarh Group of College Landran (Mohali),Chandigarh Group of College Landran (Mohali),8827277,Active,University,India,Kharar (Rotary),2026 - 2027,3080,Zone 4,Zone 4,92,Yes,Yes,TRUE,48852,508.88,48852,TRUE,FALSE,N/A,N/A,N/A,0,0,0,0,0,0,FALSE,,0,,0
82399,Chandigarh Himalayan,Chandigarh Himalayan,82399,Active,Community,India,Himalayan Ranges-Mansa Devi (Rotary),2026 - 2027,3080,Zone 4,Zone 4,12,No,Yes,FALSE,0,0,0,FALSE,FALSE,N/A,N/A,N/A,0,0,0,0,0,0,FALSE,,0,,0
6357,Chandigarh Midtown,Chandigarh Midtown,6357,Active,Community,India,Chandigarh Mid Town (Rotary),2026 - 2027,3080,Zone 4,Zone 4,36,No,Yes,FALSE,0,0,0,FALSE,FALSE,N/A,N/A,N/A,0,0,0,0,0,0,FALSE,,0,,0
43141,Chandigarh Shivalik,Chandigarh Shivalik,43141,Active,Community,India,Chandigarh Shivalik (Rotary),2026 - 2027,3080,Zone 4,Zone 4,55,No,Yes,FALSE,0,0,0,FALSE,FALSE,N/A,N/A,N/A,52.08,52.08,0,0,0,0,FALSE,,0,,0
8826107,Chandigarh University,Chandigarh University,8826107,Active,University,India,Chandigarh (Rotary); Kharar (Rotary),2026 - 2027,3080,Zone 4,Zone 4,14,No,Yes,FALSE,0,0,0,FALSE,FALSE,N/A,N/A,N/A,0,0,0,0,0,0,FALSE,,0,,0
8826040,Chandigarh University Central,Chandigarh University Central,8826040,Active,University,India,Chandigarh Central (Rotary),2026 - 2027,3080,Zone 4,Zone 4,56,No,Yes,FALSE,0,0,0,FALSE,FALSE,N/A,N/A,N/A,0,0,0,0,0,0,FALSE,,0,,0
8827310,"College Of Pharmacy, Bela (Ropar)","College Of Pharmacy, Bela (Ropar)",8827310,Active,University,India,Ropar Central (Rotary),2026 - 2027,3080,Zone 4,Zone 4,2,Yes,Yes,TRUE,28143,293.16,28143,TRUE,FALSE,N/A,N/A,N/A,0,0,0,0,0,0,FALSE,,0,,0
216403,"D.A.V. (C) Dental, Yamuna Nagar","D.A.V. (C) Dental, Yamuna Nagar",216403,Active,University,India,Yamunanagar (Rotary),2025 - 2026,3080,Zone 4,Zone 4,39,No,No,FALSE,0,0,0,FALSE,TRUE,Rotaract President,2025 - 2026,N,0,0,0,0,0,0,FALSE,,0,,0
90878,DAV College Ambala City,DAV College Ambala City,90878,Active,University,India,Ambala Central (Rotary),2023 - 2024,3080,Zone 4,Zone 4,5,Yes,No,TRUE,7723,80.45,7723,TRUE,TRUE,Rotaract President,2023 - 2024,N,0,0,0,0,0,0,FALSE,,0,,0
8823358,DAV College for Girls Yamuna Nagar,DAV College for Girls Yamuna Nagar,8823358,Active,University,India,Yamunanagar (Rotary),2025 - 2026,3080,Zone 4,Zone 4,17,No,No,FALSE,0,0,0,FALSE,TRUE,Rotaract President,2025 - 2026,N,0,0,0,0,0,0,FALSE,,0,,0
8828300,D.A.V Institute of Physiotherapy & Rehabilitation,D.A.V Institute of Physiotherapy & Rehabilitation,8828300,Active,University,India,Yamunanagar (Rotary),2026 - 2027,3080,Zone 4,Zone 4,21,No,Yes,FALSE,0,0,0,FALSE,FALSE,N/A,N/A,N/A,0,0,0,0,0,0,FALSE,,0,,0
8825997,"Dev Samaj College for Women, Sector 45, Chandigarh","Dev Samaj College for Women, Sector 45, Chandigarh",8825997,Active,University,India,Chandigarh Mid Town (Rotary),2026 - 2027,3080,Zone 4,Zone 4,1,No,Yes,FALSE,0,0,0,FALSE,FALSE,N/A,N/A,N/A,0,0,0,0,0,0,FALSE,,0,,0
8827637,Doon Ganga Chidderwala,Doon Ganga Chidderwala,8827637,Active,Community,India,Doon Ganga Chidderwala (Rotary),2026 - 2027,3080,Zone 4,Zone 4,12,Yes,Yes,TRUE,10195,106.2,10195,TRUE,FALSE,N/A,N/A,N/A,0,0,0,0,0,0,FALSE,,0,,0
8824883,Doon Shivalik Hills,Doon Shivalik Hills,8824883,Active,Community,India,Doon Shivalik Hills (Rotary),2023 - 2024,3080,Zone 4,Zone 4,1,Yes,No,TRUE,3429,35.72,3429,FALSE,TRUE,Rotaract President,2023 - 2024,N,0,0,0,0,0,0,FALSE,,0,,0
8826494,Global Research Group of Institutions Radaur,Global Research Group of Institutions Radaur,8826494,Active,University,India,Radaur (Rotary),2025 - 2026,3080,Zone 4,Zone 4,12,Yes,No,TRUE,12462,129.81,12462,TRUE,TRUE,Rotaract President,2025 - 2026,N,0,0,0,0,0,0,FALSE,,0,,0
8826941,Government College Ropar,Government College Ropar,8826941,Active,University,India,Roop Nagar (Rotary),2025 - 2026,3080,Zone 4,Zone 4,36,Yes,No,TRUE,19116,199.13,19116,TRUE,TRUE,Rotaract President,2025 - 2026,N,0,0,0,0,0,0,FALSE,,0,,0
8827684,Government College Sanjauli,Government College Sanjauli,8827684,Active,University,India,Shimla (Rotary),2026 - 2027,3080,Zone 4,Zone 4,22,No,Yes,FALSE,0,0,0,FALSE,FALSE,N/A,N/A,N/A,0,0,0,0,0,0,FALSE,,0,,0
8823498,"Govt. Dental College, Shimla","Govt. Dental College, Shimla",8823498,Active,University,India,Shimla (Rotary),2026 - 2027,3080,Zone 4,Zone 4,22,No,Yes,FALSE,0,0,0,FALSE,FALSE,N/A,N/A,N/A,0,0,0,0,0,0,FALSE,,0,,0
218134,Guru Gobind Singh College for Women,Guru Gobind Singh College for Women,218134,Active,University,India,Chandigarh Mid Town (Rotary),2026 - 2027,3080,Zone 4,Zone 4,17,No,Yes,FALSE,0,0,0,FALSE,FALSE,N/A,N/A,N/A,0,0,0,0,0,0,FALSE,,0,,0
8828297,Guru Nanak Girls College,Guru Nanak Girls College,8828297,Active,University,India,Yamunanagar (Rotary),2026 - 2027,3080,Zone 4,Zone 4,12,No,Yes,FALSE,0,0,0,FALSE,FALSE,N/A,N/A,N/A,0,0,0,0,0,0,FALSE,,0,,0
216132,Guru Nanak Institutes (GNITM),Guru Nanak Institutes (GNITM),216132,Active,University,India,Yamuna Nagar-Riviera (Rotary),2025 - 2026,3080,Zone 4,Zone 4,11,Yes,No,TRUE,5841,60.84,5841,FALSE,TRUE,Rotaract President,2025 - 2026,N,0,0,0,0,0,0,FALSE,,0,,0
89525,Guru Nanak Khalsa College,Guru Nanak Khalsa College,89525,Active,University,India,Yamuna Nagar-Riviera (Rotary),2024 - 2025,3080,Zone 4,Zone 4,17,Yes,No,TRUE,9027,94.03,9027,TRUE,TRUE,Rotaract President,2024 - 2025,N,0,0,0,0,0,0,FALSE,,0,,0
8827285,Himachal Institute of Dental Sciences (Paonta Sahib),Himachal Institute of Dental Sciences (Paonta Sahib),8827285,Active,University,India,Paonta Sahib (Rotary),2026 - 2027,3080,Zone 4,Zone 4,10,No,Yes,FALSE,0,0,0,FALSE,FALSE,N/A,N/A,N/A,0,0,0,0,0,0,FALSE,,0,,0
8828132,Himachal Pradesh University of Legal Studies Nyayapath,Himachal Pradesh University of Legal Studies Nyayapath,8828132,Active,University,India,Shimla Hill Queens (Rotary),2026 - 2027,3080,Zone 4,Zone 4,31,No,Yes,FALSE,0,0,0,FALSE,FALSE,N/A,N/A,N/A,0,0,0,0,0,0,FALSE,,0,,0
8825274,HPNLU Shimla,HPNLU Shimla,8825274,Active,University,India,Shimla Midtown (Rotary),2026 - 2027,3080,Zone 4,Zone 4,19,No,Yes,FALSE,0,0,0,FALSE,FALSE,N/A,N/A,N/A,0,0,0,0,0,0,FALSE,,0,,0
8827496,Ignite Panchkula Greens,Ignite Panchkula Greens,8827496,Active,Community,India,Panchkula Greens (Rotary),2025 - 2026,3080,Zone 4,Zone 4,46,No,No,FALSE,0,0,0,FALSE,TRUE,Rotaract President,2025 - 2026,N,0,0,0,0,0,0,FALSE,,0,,0
8827206,IMS Unison University Dehradun,IMS Unison University Dehradun,8827206,Active,University,India,Dehra Dun Central (Rotary),2025 - 2026,3080,Zone 4,Zone 4,12,Yes,No,TRUE,6372,66.38,6372,FALSE,TRUE,Rotaract President,2025 - 2026,N,0,0,0,0,0,0,FALSE,,0,,0
8828330,Indian Institute of Management – Sirmaur,Indian Institute of Management – Sirmaur,8828330,Active,University,India,Paonta Sahib (Rotary),2026 - 2027,3080,Zone 4,Zone 4,14,No,Yes,FALSE,0,0,0,FALSE,FALSE,N/A,N/A,N/A,0,0,0,0,0,0,FALSE,,0,,0
8827576,Indira Gandhi National College Ladwa,Indira Gandhi National College Ladwa,8827576,Active,University,India,Ladwa (Rotary),2026 - 2027,3080,Zone 4,Zone 4,12,Yes,Yes,TRUE,6372,66.38,6372,FALSE,FALSE,N/A,N/A,N/A,0,0,0,0,0,0,FALSE,,0,,0
8828172,Jind Institute of Engineering & Technology (JIET),Jind Institute of Engineering & Technology (JIET),8828172,Active,University,India,Jind Midtown (Rotary),2026 - 2027,3080,Zone 4,Zone 4,22,No,Yes,FALSE,0,0,0,FALSE,FALSE,N/A,N/A,N/A,0,0,0,0,0,0,FALSE,,0,,0
8827680,JMIT Radaur,JMIT Radaur,8827680,Active,University,India,Radaur (Rotary),2026 - 2027,3080,Zone 4,Zone 4,14,Yes,Yes,TRUE,7434,77.44,7434,TRUE,FALSE,N/A,N/A,N/A,0,0,0,0,0,0,FALSE,,0,,0
8826767,Kalka Heritage,Kalka Heritage,8826767,Active,Community,India,Kalka Heritage (Rotary),2026 - 2027,3080,Zone 4,Zone 4,2,Yes,Yes,TRUE,6516,67.87,6516,FALSE,FALSE,N/A,N/A,N/A,0,0,0,0,0,0,FALSE,,0,,0
8827592,Karnal,Karnal,8827592,Active,Community,India,Karnal (Rotary),2026 - 2027,3080,Zone 4,Zone 4,13,No,Yes,FALSE,0,0,0,FALSE,FALSE,N/A,N/A,N/A,0,0,0,0,0,0,FALSE,,0,,0
8826691,Kurukshetra,Kurukshetra,8826691,Active,Community,India,Kurukshetra (Rotary),2025 - 2026,3080,Zone 4,Zone 4,18,Yes,No,TRUE,15293,159.3,15293,TRUE,TRUE,Rotaract President,2025 - 2026,N,0,0,0,0,0,0,FALSE,,0,,0
6305,Ladwa,Ladwa,6305,Active,Community,India,Ladwa (Rotary),2026 - 2027,3080,Zone 4,Zone 4,26,No,Yes,FALSE,0,0,0,FALSE,FALSE,N/A,N/A,N/A,0,0,0,0,0,0,FALSE,,0,,0
8827619,Ladwa City,Ladwa City,8827619,Active,Community,India,Ladwa (Rotaract),2026 - 2027,3080,Zone 4,Zone 4,12,Yes,Yes,TRUE,10195,106.2,10195,TRUE,FALSE,N/A,N/A,N/A,0,0,0,0,0,0,FALSE,,0,,0
218740,Law College Dehradun U U,Law College Dehradun U U,218740,Active,University,India,Dehra Dun (Rotary),2026 - 2027,3080,Zone 4,Zone 4,6,Yes,Yes,TRUE,7273,75.76,7273,TRUE,FALSE,N/A,N/A,N/A,0,0,0,0,0,0,FALSE,,0,,0
8824189,Legis Social,Legis Social,8824189,Active,Community,India,Chandigarh (Rotary),2026 - 2027,3080,Zone 4,Zone 4,70,No,Yes,FALSE,0,0,0,FALSE,FALSE,N/A,N/A,N/A,0,0,0,0,0,0,FALSE,,0,,0
8827314,Maharaja Agrasen College (Jagadhri North),Maharaja Agrasen College (Jagadhri North),8827314,Active,University,India,Jagadhri North (Rotary),2026 - 2027,3080,Zone 4,Zone 4,26,Yes,Yes,TRUE,13806,143.81,13806,TRUE,FALSE,N/A,N/A,N/A,0,0,0,0,0,0,FALSE,,0,,0
8827646,Matu Ram College Ladwa,Matu Ram College Ladwa,8827646,Active,University,India,Ladwa (Rotary),2026 - 2027,3080,Zone 4,Zone 4,20,Yes,Yes,TRUE,10620,110.63,10620,TRUE,FALSE,N/A,N/A,N/A,0,0,0,0,0,0,FALSE,,0,,0
8826616,Medserve Rotaract Chandigarh,Medserve Rotaract Chandigarh,8826616,Active,Community,India,Chandigarh Shivalik (Rotary),2026 - 2027,3080,Zone 4,Zone 4,34,No,Yes,FALSE,0,0,0,FALSE,FALSE,N/A,N/A,N/A,0,0,0,0,0,0,FALSE,,0,,0
8825136,Mohali City,Mohali City,8825136,Active,Community,India,Mohali Midtown (Rotary),2024 - 2025,3080,Zone 4,Zone 4,10,Yes,No,TRUE,7682,80.02,7682,TRUE,TRUE,Rotaract President,2024 - 2025,N,0,0,0,0,0,0,FALSE,,0,,0
8828298,Narsee Monjee Institute of Management Studies - Chandigarh Campus,Narsee Monjee Institute of Management Studies - Chandigarh Campus,8828298,Active,University,India,Chandigarh Mid Town (Rotary),2026 - 2027,3080,Zone 4,Zone 4,20,No,Yes,FALSE,0,0,0,FALSE,FALSE,N/A,N/A,N/A,0,0,0,0,0,0,FALSE,,0,,0
8826498,Noble Nexus,Noble Nexus,8826498,Active,Community,India,Chandigarh City Beautiful (Rotary); Panchkula Greens (Rotary),2026 - 2027,3080,Zone 4,Zone 4,8,Yes,Yes,TRUE,71886,748.81,71886,TRUE,FALSE,N/A,N/A,N/A,0,0,0,0,0,0,FALSE,,0,,0
8828333,Open Hands,Open Hands,8828333,Active,Community,India,,2026 - 2027,3080,Zone 4,Zone 4,6,No,Yes,FALSE,0,0,0,FALSE,FALSE,N/A,N/A,N/A,0,0,0,0,0,0,FALSE,,0,,0
218463,Panchkula Beautiful,Panchkula Beautiful,218463,Active,Community,India,Panchkula Midtown (Rotary),2026 - 2027,3080,Zone 4,Zone 4,185,No,Yes,FALSE,0,0,0,FALSE,FALSE,N/A,N/A,N/A,0,0,0,0,0,0,FALSE,,0,,0
8826254,Panipat Institute of Engineering and Technology (PIET),Panipat Institute of Engineering and Technology (PIET),8826254,Active,University,India,Panipat Central (Rotary),2024 - 2025,3080,Zone 4,Zone 4,12,Yes,No,TRUE,12462,129.81,12462,TRUE,TRUE,Rotaract President,2024 - 2025,N,0,0,0,0,0,0,FALSE,,0,,0
8826489,Panjab University Champions,Panjab University Champions,8826489,Active,University,India,Chandigarh Mid Town (Rotary),2024 - 2025,3080,Zone 4,Zone 4,13,Yes,No,TRUE,13500,140.62,13500,TRUE,TRUE,Rotaract President,2024 - 2025,N,0,0,0,0,0,0,FALSE,,0,,0
8827465,Pehowa,Pehowa,8827465,Active,Community,India,Pehowa (Rotary),2026 - 2027,3080,Zone 4,Zone 4,14,Yes,Yes,TRUE,11894,123.9,11894,TRUE,FALSE,N/A,N/A,N/A,0,0,0,0,0,0,FALSE,,0,,0
8823778,Positive Abilities,Positive Abilities,8823778,Active,Community,India,Chandigarh Shivalik (Rotary),2024 - 2025,3080,Zone 4,Zone 4,6,Yes,No,TRUE,6663,69.41,6663,FALSE,TRUE,Rotaract President,2024 - 2025,N,0,0,0,0,0,0,FALSE,,0,,0
216059,Punjab Engineering College,Punjab Engineering College,216059,Active,University,India,Chandigarh Central (Rotary),2025 - 2026,3080,Zone 4,Zone 4,38,No,No,FALSE,0,0,0,FALSE,TRUE,Rotaract President,2025 - 2026,N,0,0,0,0,0,0,FALSE,,0,,0
8825600,Rayat College of Law,Rayat College of Law,8825600,Active,University,India,Roop Nagar (Rotary),2026 - 2027,3080,Zone 4,Zone 4,35,Yes,Yes,TRUE,18585,193.59,18585,TRUE,FALSE,N/A,N/A,N/A,0,0,0,0,0,0,FALSE,,0,,0
8827657,Rishikesh Queens,Rishikesh Queens,8827657,Active,Community,India,Rishikesh Central (Rotary),2026 - 2027,3080,Zone 4,Zone 4,12,Yes,Yes,TRUE,10195,106.2,10195,TRUE,FALSE,N/A,N/A,N/A,0,0,0,0,0,0,FALSE,,0,,0
8827681,Rishikesh Royal,Rishikesh Royal,8827681,Active,Community,India,Rishikesh Royal (Rotary),2026 - 2027,3080,Zone 4,Zone 4,12,Yes,Yes,TRUE,10195,106.2,10195,TRUE,FALSE,N/A,N/A,N/A,0,0,0,0,0,0,FALSE,,0,,0
8827661,Rishikesh Young Central,Rishikesh Young Central,8827661,Active,Community,India,Rishikesh Central (Rotary),2026 - 2027,3080,Zone 4,Zone 4,12,Yes,Yes,TRUE,10195,106.2,10195,TRUE,FALSE,N/A,N/A,N/A,0,0,0,0,0,0,FALSE,,0,,0
8827466,Roorkee Waves,Roorkee Waves,8827466,Active,Community,India,Roorkee Upper Ganges (Rotary),2026 - 2027,3080,Zone 4,Zone 4,12,Yes,Yes,TRUE,10195,106.2,10195,TRUE,FALSE,N/A,N/A,N/A,0,0,0,0,0,0,FALSE,,0,,0
8828522,Sardar Bhagwan Singh University,Sardar Bhagwan Singh University,8828522,Active,University,India,Dehra Dun (Rotary),2026 - 2027,3080,Zone 4,Zone 4,14,No,Yes,FALSE,0,0,0,FALSE,FALSE,N/A,N/A,N/A,0,0,0,0,0,0,FALSE,,0,,0
88990,S.D. College Ambala Cantt.,S.D. College Ambala Cantt.,88990,Active,University,India,Ambala (Rotary),2026 - 2027,3080,Zone 4,Zone 4,25,No,Yes,FALSE,0,0,0,FALSE,FALSE,N/A,N/A,N/A,0,0,0,0,0,0,FALSE,,0,,0
214395,S D College Chandigarh,S D College Chandigarh,214395,Active,University,India,Chandigarh Central (Rotary),2026 - 2027,3080,Zone 4,Zone 4,216,No,Yes,FALSE,0,0,0,FALSE,FALSE,N/A,N/A,N/A,0,0,0,0,0,0,FALSE,,0,,0
213191,Shimla Midtown,Shimla Midtown,213191,Active,Community,India,Shimla Midtown (Rotary),2024 - 2025,3080,Zone 4,Zone 4,19,Yes,No,TRUE,32551,339.07,32551,TRUE,TRUE,Rotaract President,2024 - 2025,N,0,0,0,0,0,0,FALSE,,0,,0
89633,Soaring Monks Chandigarh,Soaring Monks Chandigarh,89633,Active,Community,India,Chandigarh Central (Rotary),2026 - 2027,3080,Zone 4,Zone 4,25,No,Yes,FALSE,0,0,0,FALSE,FALSE,N/A,N/A,N/A,0,0,0,0,0,0,FALSE,,0,,0
8824396,Sri Guru Gobind Singh College,Sri Guru Gobind Singh College,8824396,Active,University,India,Chandigarh (Rotary),2026 - 2027,3080,Zone 4,Zone 4,1,Yes,Yes,TRUE,21771,226.78,21771,TRUE,FALSE,N/A,N/A,N/A,0,0,0,0,0,0,FALSE,,0,,0
218610,TIET,TIET,218610,Active,University,India,Chandigarh Shivalik (Rotary),2026 - 2027,3080,Zone 4,Zone 4,33,No,Yes,FALSE,0,0,0,FALSE,FALSE,N/A,N/A,N/A,0,0,0,0,0,0,FALSE,,0,,0
8827463,Tricity Social,Tricity Social,8827463,Active,Community,India,Chandigarh Shivalik (Rotaract),2026 - 2027,3080,Zone 4,Zone 4,9,Yes,No,TRUE,10195,106.2,10195,TRUE,TRUE,Rotaract President,2025 - 2026,N,0,0,0,0,0,0,FALSE,,0,,0
8826331,University College of Business Studies,University College of Business Studies,8826331,Active,University,India,Shimla Hill Queens (Rotary),2026 - 2027,3080,Zone 4,Zone 4,15,No,Yes,FALSE,0,0,0,FALSE,FALSE,N/A,N/A,N/A,0,0,0,0,0,0,FALSE,,0,,0
8827484,University Institute of Applied Management Sciences,University Institute of Applied Management Sciences,8827484,Active,University,India,Chandigarh Mid Town (Rotary),2026 - 2027,3080,Zone 4,Zone 4,16,No,Yes,FALSE,0,0,0,FALSE,FALSE,N/A,N/A,N/A,0,0,0,0,0,0,FALSE,,0,,0
8828327,University Institute of Engineering and Technology,University Institute of Engineering and Technology,8828327,Active,University,India,Chandigarh Central (Rotary),2026 - 2027,3080,Zone 4,Zone 4,12,No,Yes,FALSE,0,0,0,FALSE,FALSE,N/A,N/A,N/A,0,0,0,0,0,0,FALSE,,0,,0
87328,Waknaghat,Waknaghat,87328,Active,University,India,Shimla (Rotary),2026 - 2027,3080,Zone 4,Zone 4,30,No,Yes,FALSE,0,0,0,FALSE,FALSE,N/A,N/A,N/A,0,0,0,0,0,0,FALSE,,0,,0
213193,Yamunanagar,Yamunanagar,213193,Active,Community,India,Yamunanagar (Rotary),2026 - 2027,3080,Zone 4,Zone 4,37,No,Yes,FALSE,0,0,0,FALSE,FALSE,N/A,N/A,N/A,0,0,0,0,0,0,FALSE,,0,,0
212375,Yamuna Nagar Riviera,Yamuna Nagar Riviera,212375,Active,Community,India,Yamuna Nagar-Riviera (Rotary),2026 - 2027,3080,Zone 4,Zone 4,14,Yes,Yes,TRUE,18131,188.86,18131,TRUE,FALSE,N/A,N/A,N/A,0,0,0,0,0,0,FALSE,,0,,0
8827621,Youth Ambala Central,Youth Ambala Central,8827621,Active,Community,India,Ambala Central (Rotary),2026 - 2027,3080,Zone 4,Zone 4,20,No,Yes,FALSE,0,0,0,FALSE,FALSE,N/A,N/A,N/A,0,0,0,0,0,0,FALSE,,0,,0
8828319,Behbalpur Champions,Behbalpur Champions,8828319,Active,Community,India,,2026 - 2027,3090,Zone 4,Zone 4,12,No,Yes,FALSE,0,0,0,FALSE,FALSE,N/A,N/A,N/A,0,0,0,0,0,0,FALSE,,0,,0
8827064,Bhiwani Vibrant,Bhiwani Vibrant,8827064,Active,Community,India,Bhiwani (Rotary),2026 - 2027,3090,Zone 4,Zone 4,4,No,Yes,FALSE,0,0,0,FALSE,FALSE,N/A,N/A,N/A,0,0,0,0,0,0,FALSE,,0,,0
218358,City Ganga Nagar Royals,City Ganga Nagar Royals,218358,Active,Community,India,Sri Ganganagar City (Rotary),2026 - 2027,3090,Zone 4,Zone 4,9,No,Yes,FALSE,0,0,0,FALSE,FALSE,N/A,N/A,N/A,0,0,0,0,0,0,FALSE,,0,,0
8826879,"District Institute of Education & Training (DIET), Nabha","District Institute of Education & Training (DIET), Nabha",8826879,Active,University,India,Nabha Greater (Rotary),2025 - 2026,3090,Zone 4,Zone 4,13,Yes,No,TRUE,7909,82.39,7909,TRUE,TRUE,Rotaract President,2025 - 2026,N,0,0,0,0,0,0,FALSE,,0,,0
8828308,Fatehabad Champions,Fatehabad Champions,8828308,Active,Community,India,,2026 - 2027,3090,Zone 4,Zone 4,12,No,Yes,FALSE,0,0,0,FALSE,FALSE,N/A,N/A,N/A,0,0,0,0,0,0,FALSE,,0,,0
8825838,Ganganagar Youth,Ganganagar Youth,8825838,Active,Community,India,,2025 - 2026,3090,Zone 4,Zone 4,5,Yes,No,TRUE,4248,44.25,4248,FALSE,TRUE,Rotaract President,2025 - 2026,N,0,0,0,0,0,0,FALSE,,0,,0
8824401,"Government Bikram College of Commerce, Patiala","Government Bikram College of Commerce, Patiala",8824401,Active,University,India,Patiala Mid-Town (Rotary),2025 - 2026,3090,Zone 4,Zone 4,5,No,No,FALSE,0,0,0,FALSE,TRUE,Rotaract President,2025 - 2026,N,0,0,0,0,0,0,FALSE,,0,,0
218346,Hanumangarh,Hanumangarh,218346,Active,Community,India,Hanumangarh Central (Rotary),2026 - 2027,3090,Zone 4,Zone 4,19,No,Yes,FALSE,0,0,0,FALSE,FALSE,N/A,N/A,N/A,0,0,0,0,0,0,FALSE,,0,,12
8825914,Hanumangarh Pink,Hanumangarh Pink,8825914,Active,Community,India,Hanumangarh (Rotaract),2025 - 2026,3090,Zone 4,Zone 4,14,Yes,No,TRUE,17018,177.27,17018,TRUE,TRUE,Rotaract President,2025 - 2026,N,0,0,0,0,0,0,FALSE,,0,,0
8828322,Hissar Pioneering,Hissar Pioneering,8828322,Active,Community,India,,2026 - 2027,3090,Zone 4,Zone 4,12,No,Yes,FALSE,0,0,0,FALSE,FALSE,N/A,N/A,N/A,0,0,0,0,0,0,FALSE,,0,,0
8828324,Hissar Star Pioneering,Hissar Star Pioneering,8828324,Active,Community,India,,2026 - 2027,3090,Zone 4,Zone 4,12,No,Yes,FALSE,0,0,0,FALSE,FALSE,N/A,N/A,N/A,0,0,0,0,0,0,FALSE,,0,,0
213465,Mansa City Royal,Mansa City Royal,213465,Active,Community,India,Mansa Royal (Rotary),2026 - 2027,3090,Zone 4,Zone 4,15,No,Yes,FALSE,0,0,0,FALSE,FALSE,N/A,N/A,N/A,0,0,0,0,0,0,FALSE,,0,,1
8827633,Mansa Star Pioneering,Mansa Star Pioneering,8827633,Active,Community,India,Mansa Star (Rotary),2026 - 2027,3090,Zone 4,Zone 4,12,Yes,Yes,TRUE,10195,106.2,10195,TRUE,FALSE,N/A,N/A,N/A,0,0,0,0,0,0,FALSE,,0,,0
8826709,Midtown Patiala,Midtown Patiala,8826709,Active,Community,India,Patiala Mid-Town (Rotary),2025 - 2026,3090,Zone 4,Zone 4,12,Yes,No,TRUE,10195,106.2,10195,TRUE,TRUE,Rotaract President,2024 - 2025,N,0,0,0,0,0,0,FALSE,,0,,0
8824037,Moga City,Moga City,8824037,Active,Community,India,Moga City (Rotary),2022 - 2023,3090,Zone 4,Zone 4,4,Yes,No,TRUE,6646,69.23,6646,FALSE,TRUE,Rotaract President,2022 - 2023,N,0,0,0,0,0,0,FALSE,,0,,0
8826202,Nabha,Nabha,8826202,Active,Community,India,,2025 - 2026,3090,Zone 4,Zone 4,16,No,No,FALSE,0,0,0,FALSE,TRUE,Rotaract President,2025 - 2026,N,0,0,0,0,0,0,FALSE,,0,,0
91088,Nabha Greater,Nabha Greater,91088,Active,Community,India,Nabha Greater (Rotary),2026 - 2027,3090,Zone 4,Zone 4,15,No,Yes,FALSE,0,0,0,FALSE,FALSE,N/A,N/A,N/A,0,0,0,0,0,0,FALSE,,0,,0
8827007,Nabha Vibrant,Nabha Vibrant,8827007,Active,Community,India,Nabha Greater (Rotaract); Nabha Greater (Rotary),2026 - 2027,3090,Zone 4,Zone 4,2,Yes,Yes,TRUE,5947,61.95,5947,FALSE,FALSE,N/A,N/A,N/A,0,0,0,0,0,0,FALSE,,0,,0
8828476,Patiala Handicraft,Patiala Handicraft,8828476,Active,Community,India,Patiala Royal (Rotary),2026 - 2027,3090,Zone 4,Zone 4,12,No,Yes,FALSE,0,0,0,FALSE,FALSE,N/A,N/A,N/A,0,0,0,0,0,0,FALSE,,0,,0
8827473,Pilibanga Pioneering,Pilibanga Pioneering,8827473,Active,Community,India,Hanumangarh (Rotaract); Hanumangarh Vision (Rotary),2026 - 2027,3090,Zone 4,Zone 4,12,Yes,No,TRUE,10195,106.2,10195,TRUE,TRUE,Rotaract President,2025 - 2026,N,0,0,0,0,0,0,FALSE,,0,,0
6473,Rajpura,Rajpura,6473,Active,Community,India,Rajpura (Rotary),2026 - 2027,3090,Zone 4,Zone 4,5,No,Yes,FALSE,0,0,0,FALSE,FALSE,N/A,N/A,N/A,0,0,0,0,0,0,FALSE,,0,,0
218370,Rajpura Greater,Rajpura Greater,218370,Active,Community,India,Greater Rajpura (Rotary),2020 - 2021,3090,Zone 4,Zone 4,1,Yes,No,TRUE,2445,25.47,2445,FALSE,TRUE,Rotaract President,2020 - 2021,N,0,0,0,0,0,0,FALSE,,0,,0
8823932,Shine-Sunam,Shine-Sunam,8823932,Active,Community,India,Sunam (Rotary),2026 - 2027,3090,Zone 4,Zone 4,2,Yes,Yes,TRUE,2445,25.47,2445,FALSE,FALSE,N/A,N/A,N/A,0,0,0,0,0,0,FALSE,,0,,0
213301,Sriganganagar East,Sriganganagar East,213301,Active,Community,India,Sriganganagar East (Rotary),2026 - 2027,3090,Zone 4,Zone 4,4,No,No,FALSE,0,0,0,FALSE,TRUE,Rotaract President,2025 - 2026,N,0,0,0,0,0,0,FALSE,,0,,5
8826118,Sri Ganganagar Visionaries,Sri Ganganagar Visionaries,8826118,Active,Community,India,City Ganga Nagar Royals (Rotaract),2026 - 2027,3090,Zone 4,Zone 4,6,Yes,Yes,TRUE,7446,77.56,7446,TRUE,FALSE,N/A,N/A,N/A,0,0,0,0,0,0,FALSE,,0,,0
91968,Sunam,Sunam,91968,Active,Community,India,Sunam (Rotary),2026 - 2027,3090,Zone 4,Zone 4,20,No,Yes,FALSE,0,0,0,FALSE,FALSE,N/A,N/A,N/A,0,0,0,0,0,0,FALSE,,0,,0
218367,Sunam Main,Sunam Main,218367,Active,Community,India,,2020 - 2021,3090,Zone 4,Zone 4,1,Yes,No,TRUE,2445,25.47,2445,FALSE,TRUE,Rotaract President,2020 - 2021,N,0,0,0,0,0,0,FALSE,,0,,0
8827534,Sunam Star,Sunam Star,8827534,Active,Community,India,,2026 - 2027,3090,Zone 4,Zone 4,14,Yes,No,TRUE,11894,123.9,11894,TRUE,TRUE,Rotaract President,2025 - 2026,N,0,0,0,0,0,0,FALSE,,0,,0
8826809,Surendra Dental College,Surendra Dental College,8826809,Active,University,India,Sri Ganganagar Dynamic (Rotary),2026 - 2027,3090,Zone 4,Zone 4,12,No,Yes,FALSE,0,0,0,FALSE,FALSE,N/A,N/A,N/A,0,0,0,0,0,0,FALSE,,0,,0
90925,Thapar University,Thapar University,90925,Active,University,India,Patiala Mid-Town (Rotary),2026 - 2027,3090,Zone 4,Zone 4,106,No,Yes,FALSE,0,0,0,FALSE,FALSE,N/A,N/A,N/A,0,0,0,0,0,0,FALSE,,0,,0
8827469,Tibbi Pioneering,Tibbi Pioneering,8827469,Active,Community,India,Tibbi (Rotary),2026 - 2027,3090,Zone 4,Zone 4,12,Yes,No,TRUE,10195,106.2,10195,TRUE,TRUE,Rotaract President,2025 - 2026,N,0,0,0,0,0,0,FALSE,,0,,0
8824887,Uklana Mandi,Uklana Mandi,8824887,Active,Community,India,Uklana Mandi (Rotary),2026 - 2027,3090,Zone 4,Zone 4,8,No,Yes,FALSE,0,0,0,FALSE,FALSE,N/A,N/A,N/A,0,0,0,0,0,0,FALSE,,0,,0
8827753,Bulandshahar Baran,Bulandshahar Baran,8827753,Active,Community,India,,2026 - 2027,3100,Zone 6,Zone 6,12,Yes,Yes,TRUE,10195,106.2,10195,TRUE,FALSE,N/A,N/A,N/A,0,0,0,0,0,0,FALSE,,0,,0
8828456,Bulandshahr Awaaz,Bulandshahr Awaaz,8828456,Active,Community,India,Bulandshahr Friends (Rotary),2026 - 2027,3100,Zone 6,Zone 6,15,No,Yes,FALSE,0,0,0,FALSE,FALSE,N/A,N/A,N/A,0,0,0,0,0,0,FALSE,,0,,0
8824039,Bulandshahr City,Bulandshahr City,8824039,Active,Community,India,Bulandshahr City (Rotary),2024 - 2025,3100,Zone 6,Zone 6,5,Yes,No,TRUE,6525,67.97,6525,FALSE,TRUE,Rotaract President,2024 - 2025,N,0,0,0,0,0,0,FALSE,,0,,0
8828454,Bulandshahr Sewaa Path,Bulandshahr Sewaa Path,8828454,Active,Community,India,Bulandshahr Friends (Rotary),2026 - 2027,3100,Zone 6,Zone 6,12,No,Yes,FALSE,0,0,0,FALSE,FALSE,N/A,N/A,N/A,0,0,0,0,0,0,FALSE,,0,,0
8828459,Bulandshahr Sitaara,Bulandshahr Sitaara,8828459,Active,Community,India,Bulandshahr City (Rotary),2026 - 2027,3100,Zone 6,Zone 6,14,No,Yes,FALSE,0,0,0,FALSE,FALSE,N/A,N/A,N/A,0,0,0,0,0,0,FALSE,,0,,0
8826949,Bulandshahr Youth,Bulandshahr Youth,8826949,Active,Community,India,,2025 - 2026,3100,Zone 6,Zone 6,12,Yes,No,TRUE,10195,106.2,10195,TRUE,TRUE,Rotaract President,2025 - 2026,N,0,0,0,0,0,0,FALSE,,0,,0
8826731,Chandausi Optometry,Chandausi Optometry,8826731,Active,University,India,Chandausi (Rotary),2026 - 2027,3100,Zone 6,Zone 6,10,Yes,Yes,TRUE,8028,83.62,8028,TRUE,FALSE,N/A,N/A,N/A,0,0,0,0,0,0,FALSE,,0,,0
8827505,Chandausi Sunrise,Chandausi Sunrise,8827505,Active,Community,India,Chandausi Royals (Rotary),2026 - 2027,3100,Zone 6,Zone 6,13,Yes,Yes,TRUE,11045,115.05,11045,TRUE,FALSE,N/A,N/A,N/A,0,0,0,0,0,0,FALSE,,0,,0
8828418,Gyanoday Meerut,Gyanoday Meerut,8828418,Active,Community,India,Meerut Cantt (Rotary),2026 - 2027,3100,Zone 6,Zone 6,12,No,Yes,FALSE,0,0,0,FALSE,FALSE,N/A,N/A,N/A,0,0,0,0,0,0,FALSE,,0,,0
216392,Hindu College Moradabad Achievers,Hindu College Moradabad Achievers,216392,Active,University,India,Moradabad Achievers (Rotary),2021 - 2022,3100,Zone 6,Zone 6,3,Yes,No,TRUE,4583,47.74,4583,FALSE,TRUE,Rotaract President,2021 - 2022,N,0,0,0,0,0,0,FALSE,,0,,0
8828419,IFTM University,IFTM University,8828419,Active,University,India,Moradabad Mid-Town (Rotary),2026 - 2027,3100,Zone 6,Zone 6,35,No,Yes,FALSE,0,0,0,FALSE,FALSE,N/A,N/A,N/A,0,0,0,0,0,0,FALSE,,0,,0
8823433,Jain College,Jain College,8823433,Active,University,India,Shamli (Rotary),2020 - 2021,3100,Zone 6,Zone 6,1,Yes,No,TRUE,1528,15.92,1528,FALSE,TRUE,Rotaract President,2020 - 2021,N,0,0,0,0,0,0,FALSE,,0,,0
8828480,KDM Private ITI,KDM Private ITI,8828480,Active,University,India,Moradabad Heritage (Rotary),2026 - 2027,3100,Zone 6,Zone 6,15,No,Yes,FALSE,0,0,0,FALSE,FALSE,N/A,N/A,N/A,0,0,0,0,0,0,FALSE,,0,,0
8828455,Khurja City,Khurja City,8828455,Active,Community,India,Khurja City (Rotary),2026 - 2027,3100,Zone 6,Zone 6,15,No,Yes,FALSE,0,0,0,FALSE,FALSE,N/A,N/A,N/A,0,0,0,0,0,0,FALSE,,0,,0
8828482,Khurja Shorya,Khurja Shorya,8828482,Active,Community,India,Khurja City (Rotary),2026 - 2027,3100,Zone 6,Zone 6,15,No,Yes,FALSE,0,0,0,FALSE,FALSE,N/A,N/A,N/A,0,0,0,0,0,0,FALSE,,0,,0
8824555,Meerut Mahan,Meerut Mahan,8824555,Active,Community,India,Meerut Mahan (Rotary),2023 - 2024,3100,Zone 6,Zone 6,6,Yes,No,TRUE,9969,103.84,9969,TRUE,TRUE,Rotaract President,2023 - 2024,N,0,0,0,0,0,0,FALSE,,0,,0
8826779,Meerut Udaan,Meerut Udaan,8826779,Active,Community,India,Meerut Umang (Rotary),2025 - 2026,3100,Zone 6,Zone 6,13,No,No,FALSE,0,0,0,FALSE,TRUE,Rotaract President,2025 - 2026,N,0,0,0,0,0,0,FALSE,,0,,4
218360,Meerut Umang,Meerut Umang,218360,Active,University,India,Sardhana Mahan (Rotary),2020 - 2021,3100,Zone 6,Zone 6,2,Yes,No,TRUE,2076,21.63,2076,FALSE,TRUE,Rotaract President,2020 - 2021,N,0,0,0,0,0,0,FALSE,,0,,0
216103,Moradabad Achievers,Moradabad Achievers,216103,Active,Community,India,Moradabad Achievers (Rotary),2022 - 2023,3100,Zone 6,Zone 6,2,Yes,No,TRUE,3323,34.61,3323,FALSE,TRUE,Rotaract President,2022 - 2023,N,0,0,0,0,0,0,FALSE,,0,,0
217882,Moradabad Achievers Pride,Moradabad Achievers Pride,217882,Active,Community,India,Moradabad Achievers (Rotary),2023 - 2024,3100,Zone 6,Zone 6,2,Yes,No,TRUE,4889,50.93,4889,FALSE,TRUE,Rotaract President,2023 - 2024,N,0,0,0,0,0,0,FALSE,,0,,0
8824357,Moradabad Central,Moradabad Central,8824357,Active,Community,India,Moradabad Central (Rotary),2025 - 2026,3100,Zone 6,Zone 6,9,No,No,FALSE,0,0,0,FALSE,TRUE,Rotaract President,2025 - 2026,N,0,0,0,0,0,0,FALSE,,0,,0
8827755,Moradabad ImpactHub,Moradabad ImpactHub,8827755,Active,Community,India,,2026 - 2027,3100,Zone 6,Zone 6,13,Yes,Yes,TRUE,11045,115.05,11045,TRUE,FALSE,N/A,N/A,N/A,0,0,0,0,0,0,FALSE,,0,,0
8828479,Moradabad Private ITI,Moradabad Private ITI,8828479,Active,University,India,Moradabad Heritage (Rotary),2026 - 2027,3100,Zone 6,Zone 6,15,No,Yes,FALSE,0,0,0,FALSE,FALSE,N/A,N/A,N/A,0,0,0,0,0,0,FALSE,,0,,0
8827760,Moradabad Samarpan Vibe,Moradabad Samarpan Vibe,8827760,Active,Community,India,Moradabad Samarpan (Rotary),2026 - 2027,3100,Zone 6,Zone 6,12,Yes,Yes,TRUE,10195,106.2,10195,TRUE,FALSE,N/A,N/A,N/A,0,0,0,0,0,0,FALSE,,0,,0
8826928,Muzaffarnagar Sanyam,Muzaffarnagar Sanyam,8826928,Active,Community,India,Muzaffarnagar Sayam (Rotary),2026 - 2027,3100,Zone 6,Zone 6,14,No,Yes,FALSE,0,0,0,FALSE,FALSE,N/A,N/A,N/A,0,0,0,0,0,0,FALSE,,0,,0
8823403,Shamli,Shamli,8823403,Active,Community,India,Shamli (Rotary),2020 - 2021,3100,Zone 6,Zone 6,1,Yes,No,TRUE,1662,17.31,1662,FALSE,TRUE,Rotaract President,2020 - 2021,N,0,0,0,0,0,0,FALSE,,0,,0
222308,Shamli Midtown,Shamli Midtown,222308,Active,Community,India,Shamli Midtown (Rotary),2020 - 2021,3100,Zone 6,Zone 6,1,Yes,No,TRUE,2445,25.47,2445,FALSE,TRUE,Rotaract President,2020 - 2021,N,0,0,0,0,0,0,FALSE,,0,,0
8824906,Vijay Singh Pathik Govt. P.G. College Kairana,Vijay Singh Pathik Govt. P.G. College Kairana,8824906,Active,University,India,Shamli (Rotary),2023 - 2024,3100,Zone 6,Zone 6,10,Yes,No,TRUE,9894,103.06,9894,TRUE,TRUE,Rotaract President,2023 - 2024,N,0,0,0,0,0,0,FALSE,,0,,0
8824123,Agra,Agra,8824123,Active,Community,India,Agra (Rotary),2026 - 2027,3110,Zone 6,Zone 6,7,No,Yes,FALSE,0,0,0,FALSE,FALSE,N/A,N/A,N/A,0,0,0,0,0,0,FALSE,,0,,0
8824154,Aligarh Panther,Aligarh Panther,8824154,Active,Community,India,,2021 - 2022,3110,Zone 6,Zone 6,1,Yes,No,TRUE,2445,25.47,2445,FALSE,TRUE,Rotaract President,2021 - 2022,N,0,0,0,0,0,0,FALSE,,0,,0
8823760,Aligarh Smart City,Aligarh Smart City,8823760,Active,Community,India,Aligarh Smart City (Rotary),2020 - 2021,3110,Zone 6,Zone 6,1,Yes,No,TRUE,3228,33.63,3228,FALSE,TRUE,Rotaract President,2020 - 2021,N,0,0,0,0,0,0,FALSE,,0,,0
8827800,Aligarh Wisdom,Aligarh Wisdom,8827800,Active,Community,India,Aligarh (Rotary),2026 - 2027,3110,Zone 6,Zone 6,14,No,Yes,FALSE,0,0,0,FALSE,FALSE,N/A,N/A,N/A,0,0,0,0,0,0,FALSE,,0,,0
8827093,"Ascent College, Unnao","Ascent College, Unnao",8827093,Active,University,India,Unnao Central (Rotary),2025 - 2026,3110,Zone 6,Zone 6,15,Yes,No,TRUE,7965,82.97,7965,TRUE,TRUE,Rotaract President,2025 - 2026,N,0,0,0,0,0,0,FALSE,,0,,0
8826651,Avyukta Kanpur,Avyukta Kanpur,8826651,Active,Community,India,Brahmavarta Kanpur (Rotary),2025 - 2026,3110,Zone 6,Zone 6,15,Yes,No,TRUE,14602,152.1,14602,TRUE,TRUE,Rotaract President,2025 - 2026,N,0,0,0,0,0,0,FALSE,,0,,0
214980,Baans Bareilly,Baans Bareilly,214980,Active,Community,India,Baans Bareilly (Rotary),2025 - 2026,3110,Zone 6,Zone 6,3,Yes,No,TRUE,20573,214.3,20573,TRUE,TRUE,Rotaract President,2025 - 2026,N,0,0,0,0,0,0,FALSE,,0,,1
89206,Kanpur,Kanpur,89206,Active,Community,India,Kanpur (Rotary),2024 - 2025,3110,Zone 6,Zone 6,8,Yes,No,TRUE,13291,138.45,13291,TRUE,TRUE,Rotaract President,2024 - 2025,N,0,0,0,0,0,0,FALSE,,0,,1
8826657,Kanpur Grand,Kanpur Grand,8826657,Active,Community,India,New Kanpur (Rotary),2025 - 2026,3110,Zone 6,Zone 6,12,Yes,No,TRUE,10195,106.2,10195,TRUE,TRUE,Rotaract President,2025 - 2026,N,0,0,0,0,0,0,FALSE,,0,,0
8827158,Kanpur North Udaan,Kanpur North Udaan,8827158,Active,Community,India,Kanpur North (Rotary),2026 - 2027,3110,Zone 6,Zone 6,13,Yes,Yes,TRUE,11045,115.05,11045,TRUE,FALSE,N/A,N/A,N/A,0,0,0,0,0,0,FALSE,,0,,0
8823755,Kanpur Star,Kanpur Star,8823755,Active,Community,India,Kanpur (Rotary),2026 - 2027,3110,Zone 6,Zone 6,9,No,Yes,FALSE,0,0,0,FALSE,FALSE,N/A,N/A,N/A,0,0,0,0,0,0,FALSE,,0,,0
217689,Kanpur West,Kanpur West,217689,Active,University,India,Kanpur West (Rotary),2021 - 2022,3110,Zone 6,Zone 6,1,Yes,No,TRUE,1528,15.92,1528,FALSE,TRUE,Rotaract President,2019 - 2020,N,0,0,0,0,0,0,FALSE,,0,,0
8823744,Kanpur Youth,Kanpur Youth,8823744,Active,Community,India,,2020 - 2021,3110,Zone 6,Zone 6,1,Yes,No,TRUE,2445,25.47,2445,FALSE,TRUE,Rotaract President,2020 - 2021,N,0,0,0,0,0,0,FALSE,,0,,0
49180,Kasganj City,Kasganj City,49180,Active,Community,India,Kasganj City (Rotary),2025 - 2026,3110,Zone 6,Zone 6,12,No,No,FALSE,0,0,0,FALSE,TRUE,Rotaract President,2025 - 2026,N,0,0,0,0,0,0,FALSE,,0,,0
8827650,Manu Jhansi,Manu Jhansi,8827650,Active,Community,India,Jhansi Rani (Rotary),2026 - 2027,3110,Zone 6,Zone 6,18,Yes,Yes,TRUE,15293,159.3,15293,TRUE,FALSE,N/A,N/A,N/A,0,0,0,0,0,0,FALSE,,0,,1
8826641,Pilibhit Bansuri,Pilibhit Bansuri,8826641,Active,Community,India,Pilibhit (Rotary),2026 - 2027,3110,Zone 6,Zone 6,10,No,Yes,FALSE,0,0,0,FALSE,FALSE,N/A,N/A,N/A,0,0,0,0,0,0,FALSE,,0,,0
8824020,Pilibhit Greater,Pilibhit Greater,8824020,Active,Community,India,Pilibhit Greater (Rotary),2021 - 2022,3110,Zone 6,Zone 6,1,Yes,No,TRUE,3228,33.63,3228,FALSE,TRUE,Rotaract President,2021 - 2022,N,0,0,0,0,0,0,FALSE,,0,,0
8826645,Puranpur Tiger,Puranpur Tiger,8826645,Active,Community,India,Puranpur Green (Rotary),2025 - 2026,3110,Zone 6,Zone 6,15,Yes,No,TRUE,14612,152.21,14612,TRUE,TRUE,Rotaract President,2025 - 2026,N,0,0,0,0,0,0,FALSE,,0,,0
8823449,Rudrapur,Rudrapur,8823449,Active,Community,India,Rudrapur (Rotary),2025 - 2026,3110,Zone 6,Zone 6,8,Yes,No,TRUE,7655,79.74,7655,TRUE,TRUE,Rotaract President,2025 - 2026,N,0,0,0,0,0,0,FALSE,,0,,0
8827577,Rudrapur United,Rudrapur United,8827577,Active,Community,India,Rudrapur (Rotary),2026 - 2027,3110,Zone 6,Zone 6,15,No,Yes,FALSE,0,0,0,FALSE,FALSE,N/A,N/A,N/A,0,0,0,0,0,0,FALSE,,0,,0
214134,SC Guria IMT,SC Guria IMT,214134,Active,University,India,Kashipur Corbett (Rotary),2019 - 2020,3110,Zone 6,Zone 6,3,Yes,No,TRUE,4584,47.75,4584,FALSE,TRUE,Rotaract President,2019 - 2020,N,0,0,0,0,0,0,FALSE,,0,,0
218052,Sky Academy,Sky Academy,218052,Active,Community,India,Kanpur (Rotary),2020 - 2021,3110,Zone 6,Zone 6,3,Yes,No,TRUE,7335,76.41,7335,TRUE,TRUE,Rotaract President,2020 - 2021,N,0,0,0,0,0,0,FALSE,,0,,0
8827780,Allahabad Academia,Allahabad Academia,8827780,Active,Community,India,Allahabad Academia (Rotary),2026 - 2027,3120,Zone 6,Zone 6,12,Yes,Yes,TRUE,10195,106.2,10195,TRUE,FALSE,N/A,N/A,N/A,0,0,0,0,0,0,FALSE,,0,,0
88091,Allahabad Midtown,Allahabad Midtown,88091,Active,University,India,Allahabad Mid-Town (Rotary),2025 - 2026,3120,Zone 6,Zone 6,13,No,No,FALSE,0,0,0,FALSE,TRUE,Rotaract President,2025 - 2026,N,0,0,0,0,0,0,FALSE,,0,,0
8828595,Allahabad University,Allahabad University,8828595,Active,University,India,Allahabad Elite (Rotary),2026 - 2027,3120,Zone 6,Zone 6,15,No,Yes,FALSE,0,0,0,FALSE,FALSE,N/A,N/A,N/A,0,0,0,0,0,0,TRUE,23-Jul-2026,15,,0
8826619,Balrampur Greater,Balrampur Greater,8826619,Active,Community,India,Balrampur Greater (Rotary),2025 - 2026,3120,Zone 6,Zone 6,12,Yes,No,TRUE,10195,106.2,10195,TRUE,TRUE,Rotaract President,2025 - 2026,N,0,0,0,0,0,0,FALSE,,0,,0
8825621,Banaras,Banaras,8825621,Active,Community,India,Banaras (Rotary),2024 - 2025,3120,Zone 6,Zone 6,12,No,No,FALSE,0,0,0,FALSE,TRUE,Rotaract President,2024 - 2025,N,0,0,0,0,0,0,FALSE,,0,,0
91715,Barabanki,Barabanki,91715,Active,University,India,Barabanki (Rotary),2025 - 2026,3120,Zone 6,Zone 6,12,No,No,FALSE,0,0,0,FALSE,TRUE,Rotaract President,2025 - 2026,N,0,0,0,0,0,0,FALSE,,0,,0
8827627,Chandauli,Chandauli,8827627,Active,Community,India,Varanasi Uday (Rotary),2026 - 2027,3120,Zone 6,Zone 6,13,No,Yes,FALSE,0,0,0,FALSE,FALSE,N/A,N/A,N/A,0,0,0,0,0,0,FALSE,,0,,0
8825870,Chaudhary Mahadeo Prasad College,Chaudhary Mahadeo Prasad College,8825870,Active,University,India,Allahabad South (Rotary),2025 - 2026,3120,Zone 6,Zone 6,12,No,No,FALSE,0,0,0,FALSE,TRUE,Rotaract President,2025 - 2026,N,0,0,0,0,0,0,FALSE,,0,,0
8827625,Chunar,Chunar,8827625,Active,Community,India,Varanasi Uday (Rotary),2026 - 2027,3120,Zone 6,Zone 6,12,No,Yes,FALSE,0,0,0,FALSE,FALSE,N/A,N/A,N/A,0,0,0,0,0,0,FALSE,,0,,0
7143,Deoria,Deoria,7143,Active,Community,India,Gorakhpur (Rotary),2025 - 2026,3120,Zone 6,Zone 6,14,No,No,FALSE,0,0,0,FALSE,TRUE,Rotaract President,2025 - 2026,N,0,0,0,0,0,0,FALSE,,0,,1
8826332,Devipatan Tulsipur,Devipatan Tulsipur,8826332,Active,Community,India,Balrampur (Rotary),2025 - 2026,3120,Zone 6,Zone 6,12,No,No,FALSE,0,0,0,FALSE,TRUE,Rotaract President,2025 - 2026,N,0,0,0,0,0,0,FALSE,,0,,0
8828593,EYS Prayagraj,EYS Prayagraj,8828593,Active,Community,India,Prayagraj Sangam (Rotary),2026 - 2027,3120,Zone 6,Zone 6,12,No,Yes,FALSE,0,0,0,FALSE,FALSE,N/A,N/A,N/A,0,0,0,0,0,0,TRUE,23-Jul-2026,12,,0
45909,Ghazipur 'Ganga',Ghazipur 'Ganga',45909,Active,Community,India,Ghazipur (Rotary),2026 - 2027,3120,Zone 6,Zone 6,14,No,Yes,FALSE,0,0,0,FALSE,FALSE,N/A,N/A,N/A,0,0,0,0,0,0,FALSE,,0,,0
8827773,Gola Chhoti Kashi,Gola Chhoti Kashi,8827773,Active,Community,India,Gola Central (Rotary),2026 - 2027,3120,Zone 6,Zone 6,12,Yes,Yes,TRUE,10195,106.2,10195,TRUE,FALSE,N/A,N/A,N/A,0,0,0,0,0,0,FALSE,,0,,0
89150,Gola Youth,Gola Youth,89150,Active,Community,India,Gola Central (Rotary),2026 - 2027,3120,Zone 6,Zone 6,20,No,Yes,FALSE,0,0,0,FALSE,FALSE,N/A,N/A,N/A,0,0,0,0,0,0,FALSE,,0,,0
8827664,Gonda Gaurav,Gonda Gaurav,8827664,Active,Community,India,Gonda Green (Rotary),2026 - 2027,3120,Zone 6,Zone 6,12,No,Yes,FALSE,0,0,0,FALSE,FALSE,N/A,N/A,N/A,0,0,0,0,0,0,FALSE,,0,,0
216330,Gorakhpur,Gorakhpur,216330,Active,Community,India,Gorakhpur (Rotary),2026 - 2027,3120,Zone 6,Zone 6,12,No,Yes,FALSE,0,0,0,FALSE,FALSE,N/A,N/A,N/A,0,0,0,0,0,0,FALSE,,0,,0
8825990,Gorakhpur Galaxy,Gorakhpur Galaxy,8825990,Active,Community,India,,2025 - 2026,3120,Zone 6,Zone 6,6,Yes,No,TRUE,88569,922.59,88569,TRUE,TRUE,Rotaract President,2025 - 2026,N,0,0,0,0,0,0,FALSE,,0,,0
8825844,Gorakhpur Sunrisers,Gorakhpur Sunrisers,8825844,Active,Community,India,,2025 - 2026,3120,Zone 6,Zone 6,15,Yes,No,TRUE,16373,170.55,16373,TRUE,TRUE,Rotaract President,2025 - 2026,N,0,0,0,0,0,0,FALSE,,0,,0
218402,Gorakhpur Yuva,Gorakhpur Yuva,218402,Active,Community,India,Gorakhpur Yugal (Rotary),2026 - 2027,3120,Zone 6,Zone 6,12,No,Yes,FALSE,0,0,0,FALSE,FALSE,N/A,N/A,N/A,0,0,0,0,0,0,FALSE,,0,,0
8823925,Gorakpur Warriors,Gorakpur Warriors,8823925,Active,Community,India,Gorakhpur Yugal (Rotary),2026 - 2027,3120,Zone 6,Zone 6,12,No,Yes,FALSE,0,0,0,FALSE,FALSE,N/A,N/A,N/A,0,0,0,0,0,0,FALSE,,0,,0
8825205,Heritage IMS Varanasi,Heritage IMS Varanasi,8825205,Active,University,India,Varanasi Central (Rotary),2026 - 2027,3120,Zone 6,Zone 6,12,No,Yes,FALSE,0,0,0,FALSE,FALSE,N/A,N/A,N/A,0,0,0,0,0,0,FALSE,,0,,0
8823812,Inspiring India,Inspiring India,8823812,Active,Community,India,Lucknow (Rotary),2026 - 2027,3120,Zone 6,Zone 6,12,No,Yes,FALSE,0,0,0,FALSE,FALSE,N/A,N/A,N/A,0,0,0,0,0,0,FALSE,,0,,0
8828553,Integrated Federation of Social Activist & Doctors,Integrated Federation of Social Activist & Doctors,8828553,Active,Community,India,Prayagraj Sangam (Rotary),2026 - 2027,3120,Zone 6,Zone 6,12,No,Yes,FALSE,0,0,0,FALSE,FALSE,N/A,N/A,N/A,0,0,0,0,0,0,TRUE,16-Jul-2026,12,,0
216310,Jaitwara,Jaitwara,216310,Active,University,India,Satna (Rotary),2026 - 2027,3120,Zone 6,Zone 6,12,No,Yes,FALSE,0,0,0,FALSE,FALSE,N/A,N/A,N/A,0,0,0,0,0,0,FALSE,,0,,0
8824949,Jaunpur,Jaunpur,8824949,Active,Community,India,Jaunpur (Rotary),2025 - 2026,3120,Zone 6,Zone 6,12,No,No,FALSE,0,0,0,FALSE,TRUE,Rotaract President,2025 - 2026,N,0,0,0,0,0,0,FALSE,,0,,0
8827622,Kashi Mridul,Kashi Mridul,8827622,Active,Community,India,Varanasi Uday (Rotary),2026 - 2027,3120,Zone 6,Zone 6,12,No,Yes,FALSE,0,0,0,FALSE,FALSE,N/A,N/A,N/A,0,0,0,0,0,0,FALSE,,0,,0
8827508,Lucknow Phoenix,Lucknow Phoenix,8827508,Active,Community,India,Lucknow Trans Gomti (Rotary),2025 - 2026,3120,Zone 6,Zone 6,86,Yes,No,TRUE,84166,876.73,84166,TRUE,TRUE,Rotaract President,2025 - 2026,N,0,0,0,0,0,0,FALSE,,0,,0
8827652,Lucknow School of Management Science (SMS),Lucknow School of Management Science (SMS),8827652,Active,University,India,Lucknow (Rotary),2026 - 2027,3120,Zone 6,Zone 6,38,No,Yes,FALSE,0,0,0,FALSE,FALSE,N/A,N/A,N/A,0,0,0,0,0,0,FALSE,,0,,0
91709,Mahatma Gandhi P.G. College Gorakhpur,Mahatma Gandhi P.G. College Gorakhpur,91709,Active,University,India,Gorakhpur (Rotary),2026 - 2027,3120,Zone 6,Zone 6,12,No,Yes,FALSE,0,0,0,FALSE,FALSE,N/A,N/A,N/A,0,0,0,0,0,0,FALSE,,0,,0
218101,Mirzapur Gaurav,Mirzapur Gaurav,218101,Active,Community,India,Mirzapur Gaurav (Rotary),2026 - 2027,3120,Zone 6,Zone 6,15,No,Yes,FALSE,0,0,0,FALSE,FALSE,N/A,N/A,N/A,0,0,0,0,0,0,FALSE,,0,,0
8828599,Motilal Nehru Medical College,Motilal Nehru Medical College,8828599,Active,University,India,Allahabad Elite (Rotary),2026 - 2027,3120,Zone 6,Zone 6,16,No,Yes,FALSE,0,0,0,FALSE,FALSE,N/A,N/A,N/A,0,0,0,0,0,0,TRUE,23-Jul-2026,16,,0
8828598,Motilal Nehru NIT College,Motilal Nehru NIT College,8828598,Active,University,India,Allahabad Elite (Rotary),2026 - 2027,3120,Zone 6,Zone 6,25,No,Yes,FALSE,0,0,0,FALSE,FALSE,N/A,N/A,N/A,0,0,0,0,0,0,TRUE,23-Jul-2026,25,,0
8827636,Mughalsarai,Mughalsarai,8827636,Active,Community,India,Varanasi Uday (Rotary),2026 - 2027,3120,Zone 6,Zone 6,12,No,Yes,FALSE,0,0,0,FALSE,FALSE,N/A,N/A,N/A,0,0,0,0,0,0,FALSE,,0,,0
8827503,Panini Kanya Mahavidyalay,Panini Kanya Mahavidyalay,8827503,Active,University,India,Banaras Shine    (Rotary),2026 - 2027,3120,Zone 6,Zone 6,12,No,Yes,FALSE,0,0,0,FALSE,FALSE,N/A,N/A,N/A,0,0,0,0,0,0,FALSE,,0,,0
8828616,Prayagraj Initiator,Prayagraj Initiator,8828616,Active,Community,India,Allahabad Mid-Town (Rotary),2026 - 2027,3120,Zone 6,Zone 6,21,No,Yes,FALSE,0,0,0,FALSE,FALSE,N/A,N/A,N/A,0,0,0,0,0,0,TRUE,29-Jul-2026,21,,0
8827630,Prayagraj Kumbh,Prayagraj Kumbh,8827630,Active,Community,India,Varanasi Uday (Rotary),2026 - 2027,3120,Zone 6,Zone 6,12,No,Yes,FALSE,0,0,0,FALSE,FALSE,N/A,N/A,N/A,0,0,0,0,0,0,FALSE,,0,,0
8824033,Prayagraj Platinum,Prayagraj Platinum,8824033,Active,Community,India,Prayagraj Platinum (Rotary),2025 - 2026,3120,Zone 6,Zone 6,12,No,No,FALSE,0,0,0,FALSE,TRUE,Rotaract President,2025 - 2026,N,0,0,0,0,0,0,FALSE,,0,,0
8826600,Prayagraj Sangam City,Prayagraj Sangam City,8826600,Active,Community,India,Prayagraj Sangam (Rotary),2026 - 2027,3120,Zone 6,Zone 6,13,No,Yes,FALSE,0,0,0,FALSE,FALSE,N/A,N/A,N/A,1000,1000,0,0,0,0,FALSE,,0,,0
8825960,Pride Mau,Pride Mau,8825960,Active,Community,India,Pride Mau (Rotary),2026 - 2027,3120,Zone 6,Zone 6,20,No,Yes,FALSE,0,0,0,FALSE,FALSE,N/A,N/A,N/A,0,0,0,0,0,0,FALSE,,0,,0
8823224,Rae Bareli,Rae Bareli,8823224,Active,Community,India,Lucknow Rajdhani (Rotary),2026 - 2027,3120,Zone 6,Zone 6,12,No,Yes,FALSE,0,0,0,FALSE,FALSE,N/A,N/A,N/A,0,0,0,0,0,0,FALSE,,0,,0
8827716,Raebareli Elite,Raebareli Elite,8827716,Active,Community,India,Rae Bareli (Rotaract),2026 - 2027,3120,Zone 6,Zone 6,15,Yes,Yes,TRUE,83597,870.8,83597,TRUE,FALSE,N/A,N/A,N/A,0,0,0,0,0,0,FALSE,,0,,0
8828596,Renaissance Allahabad,Renaissance Allahabad,8828596,Active,Community,India,Allahabad Academia (Rotary),2026 - 2027,3120,Zone 6,Zone 6,13,No,Yes,FALSE,0,0,0,FALSE,FALSE,N/A,N/A,N/A,0,0,0,0,0,0,TRUE,23-Jul-2026,13,,0
8828524,Sant Kabir Nagar,Sant Kabir Nagar,8828524,Active,Community,India,Sant Kabir Nagar (Rotary),2026 - 2027,3120,Zone 6,Zone 6,12,No,Yes,FALSE,0,0,0,FALSE,FALSE,N/A,N/A,N/A,0,0,0,0,0,0,FALSE,,0,,0
8826396,Sardar Bhagat Singh College of Higher Education,Sardar Bhagat Singh College of Higher Education,8826396,Active,University,India,Lucknow (Rotary),2024 - 2025,3120,Zone 6,Zone 6,12,Yes,No,TRUE,12462,129.81,12462,TRUE,TRUE,Rotaract President,2024 - 2025,N,0,0,0,0,0,0,FALSE,,0,,0
7021,Satna,Satna,7021,Active,Community,India,Satna (Rotary),2026 - 2027,3120,Zone 6,Zone 6,20,No,Yes,FALSE,0,0,0,FALSE,FALSE,N/A,N/A,N/A,0,0,0,0,0,0,FALSE,,0,,0
8828590,State Unani Medical College,State Unani Medical College,8828590,Active,University,India,Allahabad Elite (Rotary),2026 - 2027,3120,Zone 6,Zone 6,15,No,Yes,FALSE,0,0,0,FALSE,FALSE,N/A,N/A,N/A,0,0,0,0,0,0,TRUE,23-Jul-2026,15,,0
218109,Uday Veer,Uday Veer,218109,Active,Community,India,Varanasi Uday (Rotary),2025 - 2026,3120,Zone 6,Zone 6,12,No,No,FALSE,0,0,0,FALSE,TRUE,Rotaract President,2025 - 2026,N,0,0,0,0,0,0,FALSE,,0,,0
8826758,(UG) Arya Mahila PG College Varanasi,(UG) Arya Mahila PG College Varanasi,8826758,Active,University,India,Varanasi Central (Rotary),2025 - 2026,3120,Zone 6,Zone 6,16,No,No,FALSE,0,0,0,FALSE,TRUE,Rotaract President,2025 - 2026,N,0,0,0,0,0,0,FALSE,,0,,0
212155,United Allahabad,United Allahabad,212155,Active,University,India,Allahabad Mid-Town (Rotary),2026 - 2027,3120,Zone 6,Zone 6,14,No,Yes,FALSE,0,0,0,FALSE,FALSE,N/A,N/A,N/A,0,0,0,0,0,0,FALSE,,0,,0
8827628,Varanasi Jai Gange,Varanasi Jai Gange,8827628,Active,Community,India,Varanasi Uday (Rotary),2026 - 2027,3120,Zone 6,Zone 6,12,No,Yes,FALSE,0,0,0,FALSE,FALSE,N/A,N/A,N/A,0,0,0,0,0,0,FALSE,,0,,0
8828611,Varanasi Rudra,Varanasi Rudra,8828611,Active,Community,India,Varanasi Central (Rotary),2026 - 2027,3120,Zone 6,Zone 6,12,No,Yes,FALSE,0,0,0,FALSE,FALSE,N/A,N/A,N/A,0,0,0,0,0,0,TRUE,29-Jul-2026,12,,0
8827632,Varanasi Shakti,Varanasi Shakti,8827632,Active,Community,India,Varanasi Uday (Rotary),2026 - 2027,3120,Zone 6,Zone 6,12,No,Yes,FALSE,0,0,0,FALSE,FALSE,N/A,N/A,N/A,0,0,0,0,0,0,FALSE,,0,,0
216395,Varanasi South,Varanasi South,216395,Active,Community,India,Varanasi South (Rotary),2023 - 2024,3120,Zone 6,Zone 6,3,Yes,No,TRUE,2549,26.55,2549,FALSE,TRUE,Rotaract President,2023 - 2024,N,0,0,0,0,0,0,FALSE,,0,,0
8827635,Varanasi Varuna,Varanasi Varuna,8827635,Active,Community,India,Varanasi Uday (Rotary),2026 - 2027,3120,Zone 6,Zone 6,12,No,Yes,FALSE,0,0,0,FALSE,FALSE,N/A,N/A,N/A,0,0,0,0,0,0,FALSE,,0,,0
8827626,Varanasi Veera,Varanasi Veera,8827626,Active,Community,India,Varanasi Uday (Rotary),2026 - 2027,3120,Zone 6,Zone 6,12,No,Yes,FALSE,0,0,0,FALSE,FALSE,N/A,N/A,N/A,0,0,0,0,0,0,FALSE,,0,,0
8827629,Varanasi Vishwanath,Varanasi Vishwanath,8827629,Active,Community,India,Varanasi Uday (Rotary),2026 - 2027,3120,Zone 6,Zone 6,12,No,Yes,FALSE,0,0,0,FALSE,FALSE,N/A,N/A,N/A,0,0,0,0,0,0,FALSE,,0,,0
218411,Vindhyachal,Vindhyachal,218411,Active,Community,India,Vindhyachal (Rotary),2026 - 2027,3120,Zone 6,Zone 6,49,No,Yes,FALSE,0,0,0,FALSE,FALSE,N/A,N/A,N/A,0,0,0,0,0,0,FALSE,,0,,0
217438,AIT,AIT,217438,Active,University,India,Poona Airport (Rotary),2024 - 2025,3131,Zone 7,Zone 7,13,No,No,FALSE,0,0,0,FALSE,TRUE,Rotaract President,2024 - 2025,N,0,0,0,0,0,0,FALSE,,0,,0
8826992,Ajeenkya DY Patil Group,Ajeenkya DY Patil Group,8826992,Active,University,India,Pune Amanora (Rotary),2026 - 2027,3131,Zone 7,Zone 7,12,No,Yes,FALSE,0,0,0,FALSE,FALSE,N/A,N/A,N/A,0,0,0,0,0,0,FALSE,,0,,0
8823837,Alibag Seashore,Alibag Seashore,8823837,Active,Community,India,Alibag Seashore (Rotary),2025 - 2026,3131,Zone 7,Zone 7,12,Yes,No,TRUE,10195,106.2,10195,TRUE,TRUE,Rotaract President,2024 - 2025,N,0,0,0,0,0,0,FALSE,,0,,0
214181,ALUMNI,ALUMNI,214181,Active,Community,India,Pune Sarasbaug (Rotary),2026 - 2027,3131,Zone 7,Zone 7,17,No,Yes,FALSE,0,0,0,FALSE,FALSE,N/A,N/A,N/A,0,0,0,0,0,0,FALSE,,0,,0
8827442,Anantrao Pawar College Pirangut,Anantrao Pawar College Pirangut,8827442,Active,University,India,Pune Shaniwarwada (Rotary),2026 - 2027,3131,Zone 7,Zone 7,30,Yes,Yes,TRUE,15930,165.94,15930,TRUE,FALSE,N/A,N/A,N/A,0,0,0,0,0,0,FALSE,,0,,0
8826390,Anekant Institute of Management Studies,Anekant Institute of Management Studies,8826390,Active,University,India,Baramati (Rotary),2025 - 2026,3131,Zone 7,Zone 7,16,Yes,No,TRUE,13390,139.48,13390,TRUE,TRUE,Rotaract President,2025 - 2026,N,0,0,0,0,0,0,FALSE,,0,,0
91876,Aundh,Aundh,91876,Active,Community,India,Aundh (Rotary),2026 - 2027,3131,Zone 7,Zone 7,15,No,Yes,FALSE,0,0,0,FALSE,FALSE,N/A,N/A,N/A,0,0,0,0,0,0,FALSE,,0,,0
8826236,Aundh Smartcity,Aundh Smartcity,8826236,Active,Community,India,,2026 - 2027,3131,Zone 7,Zone 7,18,No,Yes,FALSE,0,0,0,FALSE,FALSE,N/A,N/A,N/A,0,0,0,0,0,0,FALSE,,0,,0
8826659,Balewadi High Street,Balewadi High Street,8826659,Active,Community,India,Pune Mideast (Rotaract); Scon Pro (Rotary),2026 - 2027,3131,Zone 7,Zone 7,14,No,Yes,FALSE,0,0,0,FALSE,FALSE,N/A,N/A,N/A,0,0,0,0,0,0,FALSE,,0,,0
8824186,Baramati,Baramati,8824186,Active,Community,India,Baramati (Rotary),2026 - 2027,3131,Zone 7,Zone 7,6,No,Yes,FALSE,0,0,0,FALSE,FALSE,N/A,N/A,N/A,0,0,0,0,0,0,FALSE,,0,,0
8827103,Bavdhan Pioneers,Bavdhan Pioneers,8827103,Active,Community,India,,2026 - 2027,3131,Zone 7,Zone 7,18,No,Yes,FALSE,0,0,0,FALSE,FALSE,N/A,N/A,N/A,0,0,0,0,0,0,FALSE,,0,,0
8827789,Bharati Vidyapeeth New Law College Pune,Bharati Vidyapeeth New Law College Pune,8827789,Active,University,India,Poona Mid Town (Rotary),2026 - 2027,3131,Zone 7,Zone 7,22,No,Yes,FALSE,0,0,0,FALSE,FALSE,N/A,N/A,N/A,0,0,0,0,0,0,FALSE,,0,,0
215167,Bibwewadi Pune,Bibwewadi Pune,215167,Active,Community,India,Bibwewadi Pune (Rotary),2026 - 2027,3131,Zone 7,Zone 7,30,No,Yes,FALSE,0,0,0,FALSE,FALSE,N/A,N/A,N/A,0,0,0,0,0,0,FALSE,,0,,0
8826632,Brihan Maharashtra College of Commerce,Brihan Maharashtra College of Commerce,8826632,Active,University,India,Poona Mid Town (Rotary),2026 - 2027,3131,Zone 7,Zone 7,11,No,Yes,FALSE,0,0,0,FALSE,FALSE,N/A,N/A,N/A,0,0,0,0,0,0,FALSE,,0,,0
8826293,Christ University Lavasa,Christ University Lavasa,8826293,Active,University,India,Pune Central (Rotary),2026 - 2027,3131,Zone 7,Zone 7,11,No,Yes,FALSE,0,0,0,FALSE,FALSE,N/A,N/A,N/A,0,0,0,0,0,0,FALSE,,0,,0
8826363,C.K.T. ACS College New Panvel,C.K.T. ACS College New Panvel,8826363,Active,University,India,Panvel (Rotary),2025 - 2026,3131,Zone 7,Zone 7,13,No,No,FALSE,0,0,0,FALSE,TRUE,Rotaract President,2025 - 2026,N,0,0,0,0,0,0,FALSE,,0,,0
215158,Daund College,Daund College,215158,Active,University,India,Daund (Rotary),2026 - 2027,3131,Zone 7,Zone 7,19,No,Yes,FALSE,0,0,0,FALSE,FALSE,N/A,N/A,N/A,0,0,0,0,0,0,FALSE,,0,,3
8825319,Disha Alandi,Disha Alandi,8825319,Active,University,India,Pune Central (Rotary),2022 - 2023,3131,Zone 7,Zone 7,11,No,No,FALSE,0,0,0,FALSE,TRUE,Rotaract President,2022 - 2023,N,0,0,0,0,0,0,FALSE,,0,,0
8824256,DIVYAZEP (S.P. College Pune),DIVYAZEP (S.P. College Pune),8824256,Active,University,India,Pune East (Rotary),2024 - 2025,3131,Zone 7,Zone 7,26,No,No,FALSE,0,0,0,FALSE,TRUE,Rotaract President,2024 - 2025,N,0,0,0,0,0,0,FALSE,,0,,0
8826851,Dr. Babasaheb Ambedkar College Aundh,Dr. Babasaheb Ambedkar College Aundh,8826851,Active,University,India,Aundh (Rotaract); Aundh (Rotary),2025 - 2026,3131,Zone 7,Zone 7,50,Yes,No,TRUE,30420,316.87,30420,TRUE,TRUE,Rotaract President,2025 - 2026,N,0,0,0,0,0,0,FALSE,,0,,0
215185,Dr. D. Y. Patil B School,Dr. D. Y. Patil B School,215185,Active,University,India,Pune Sports City (Rotary),2026 - 2027,3131,Zone 7,Zone 7,12,No,Yes,FALSE,0,0,0,FALSE,FALSE,N/A,N/A,N/A,0,0,0,0,0,0,FALSE,,0,,0
8825529,DY Patil College of Engineering,DY Patil College of Engineering,8825529,Active,University,India,Pradhikaran Pune (Rotary),2025 - 2026,3131,Zone 7,Zone 7,40,No,No,FALSE,0,0,0,FALSE,TRUE,Rotaract President,2025 - 2026,N,0,0,0,0,0,0,FALSE,,0,,0
216012,D. Y. Patil International University,D. Y. Patil International University,216012,Active,University,India,Nigdi-Pune (Rotary),2026 - 2027,3131,Zone 7,Zone 7,19,No,Yes,FALSE,0,0,0,FALSE,FALSE,N/A,N/A,N/A,0,0,0,0,0,0,FALSE,,0,,0
218200,GEM,GEM,218200,Active,Community,India,Pune Up-Town (Rotary),2025 - 2026,3131,Zone 7,Zone 7,14,Yes,No,TRUE,12464,129.83,12464,TRUE,TRUE,Rotaract President,2025 - 2026,N,0,0,0,0,0,0,FALSE,,0,,1
8826700,Genba Sopanrao Moze College of Engineering,Genba Sopanrao Moze College of Engineering,8826700,Active,University,India,Poona West (Rotary),2026 - 2027,3131,Zone 7,Zone 7,13,No,Yes,FALSE,0,0,0,FALSE,FALSE,N/A,N/A,N/A,0,0,0,0,0,0,FALSE,,0,,0
8827547,Golden Talegaon Dabhade,Golden Talegaon Dabhade,8827547,Active,Community,India,Golden Talegaon Dabhade (Rotary),2026 - 2027,3131,Zone 7,Zone 7,24,Yes,Yes,TRUE,20390,212.4,20390,TRUE,FALSE,N/A,N/A,N/A,0,0,0,0,0,0,FALSE,,0,,0
8826699,Government Industrial Training Institute (Male) Mulshi,Government Industrial Training Institute (Male) Mulshi,8826699,Active,University,India,Pune Parvati (Rotary),2026 - 2027,3131,Zone 7,Zone 7,16,No,Yes,FALSE,0,0,0,FALSE,FALSE,N/A,N/A,N/A,0,0,0,0,0,0,FALSE,,0,,0
217388,Humanitas,Humanitas,217388,Active,Community,India,Pimpri Town (Rotary),2025 - 2026,3131,Zone 7,Zone 7,5,Yes,No,TRUE,4248,44.25,4248,FALSE,TRUE,Rotaract President,2025 - 2026,N,0,0,0,0,0,0,FALSE,,0,,0
217518,Indira University,Indira University,217518,Active,University,India,Pune Baner  (Rotary),2026 - 2027,3131,Zone 7,Zone 7,34,No,Yes,FALSE,0,0,0,FALSE,FALSE,N/A,N/A,N/A,0,0,0,0,0,0,FALSE,,0,,0
218738,Indreshwar,Indreshwar,218738,Active,Community,India,Indapur (Rotary),2024 - 2025,3131,Zone 7,Zone 7,6,Yes,No,TRUE,10377,108.09,10377,TRUE,TRUE,Rotaract President,2024 - 2025,N,0,0,0,0,0,0,FALSE,,0,,0
8826783,International Institute of Management and Human Resource Development (W),International Institute of Management and Human Resource Development (W),8826783,Active,University,India,Akurdi Pune (Rotary),2026 - 2027,3131,Zone 7,Zone 7,4,No,Yes,FALSE,0,0,0,FALSE,FALSE,N/A,N/A,N/A,0,0,0,0,0,0,FALSE,,0,,0
218693,Khopoli,Khopoli,218693,Active,Community,India,Khopoli (Rotary),2026 - 2027,3131,Zone 7,Zone 7,15,No,Yes,FALSE,0,0,0,FALSE,FALSE,N/A,N/A,N/A,0,0,0,0,0,0,FALSE,,0,,0
8825261,Konkan Gyanpeeth Rahul Dharkar College of Pharmacy Karjat,Konkan Gyanpeeth Rahul Dharkar College of Pharmacy Karjat,8825261,Active,University,India,Karjat (Rotary),2026 - 2027,3131,Zone 7,Zone 7,25,No,Yes,FALSE,0,0,0,FALSE,FALSE,N/A,N/A,N/A,0,0,0,0,0,0,FALSE,,0,,0
215663,Koregaon Park,Koregaon Park,215663,Active,Community,India,Koregaon Park (Rotary),2026 - 2027,3131,Zone 7,Zone 7,25,No,Yes,FALSE,0,0,0,FALSE,FALSE,N/A,N/A,N/A,0,0,0,0,0,0,FALSE,,0,,0
8824104,Magarpatta TrendSetters,Magarpatta TrendSetters,8824104,Active,Community,India,Pune Magarpatta City (Rotary),2026 - 2027,3131,Zone 7,Zone 7,20,No,Yes,FALSE,0,0,0,FALSE,FALSE,N/A,N/A,N/A,0,0,0,0,0,0,FALSE,,0,,0
8826014,MGM's Institute of Management Studies and Research,MGM's Institute of Management Studies and Research,8826014,Active,University,India,Panvel Symphony (Rotary),2026 - 2027,3131,Zone 7,Zone 7,46,No,Yes,FALSE,0,0,0,FALSE,FALSE,N/A,N/A,N/A,0,0,0,0,0,0,FALSE,,0,,0
8826782,MIMA Institute of Management,MIMA Institute of Management,8826782,Active,University,India,Pune Sports City (Rotary),2025 - 2026,3131,Zone 7,Zone 7,31,Yes,No,TRUE,23330,243.02,23330,TRUE,TRUE,Rotaract President,2025 - 2026,N,0,0,0,0,0,0,FALSE,,0,,0
8824993,MIT Academy of Engineering,MIT Academy of Engineering,8824993,Active,University,India,Pimpri Elite (Rotary),2026 - 2027,3131,Zone 7,Zone 7,31,Yes,Yes,TRUE,16461,171.47,16461,TRUE,FALSE,N/A,N/A,N/A,0,0,0,0,0,0,FALSE,,0,,0
216452,Modern College Ganeshkhind Pune,Modern College Ganeshkhind Pune,216452,Active,University,India,Pune Up-Town (Rotary),2024 - 2025,3131,Zone 7,Zone 7,8,Yes,No,TRUE,10027,104.45,10027,TRUE,TRUE,Rotaract President,2024 - 2025,N,0,0,0,0,0,0,FALSE,,0,,0
212931,"Modern College of Arts, Science & Commerce","Modern College of Arts, Science & Commerce",212931,Active,University,India,Pune-Shivajinagar (Rotary),2024 - 2025,3131,Zone 7,Zone 7,22,Yes,No,TRUE,22476,234.13,22476,TRUE,TRUE,Rotaract President,2024 - 2025,N,0,0,0,0,0,0,FALSE,,0,,0
8825176,MU College of Commerce Pimpri,MU College of Commerce Pimpri,8825176,Active,University,India,Khadki (Rotary),2025 - 2026,3131,Zone 7,Zone 7,19,No,No,FALSE,0,0,0,FALSE,TRUE,Rotaract President,2025 - 2026,N,0,0,0,0,0,0,FALSE,,0,,0
8824138,New Panvel-CKT College,New Panvel-CKT College,8824138,Active,University,India,New Panvel (Rotary),2024 - 2025,3131,Zone 7,Zone 7,3,No,No,FALSE,0,0,0,FALSE,TRUE,Rotaract President,2024 - 2025,N,0,0,0,0,0,0,FALSE,,0,,0
8825815,Nigdi-Pune,Nigdi-Pune,8825815,Active,Community,India,Nigdi-Pune (Rotary),2026 - 2027,3131,Zone 7,Zone 7,16,No,Yes,FALSE,0,0,0,FALSE,FALSE,N/A,N/A,N/A,0,0,0,0,0,0,FALSE,,0,,0
214399,Panvel Central,Panvel Central,214399,Active,Community,India,Panvel Central (Rotary),2026 - 2027,3131,Zone 7,Zone 7,14,No,Yes,FALSE,0,0,0,FALSE,FALSE,N/A,N/A,N/A,0,0,0,0,0,0,FALSE,,0,,0
217226,Panvel Elite,Panvel Elite,217226,Active,Community,India,Panvel Elite (Rotary),2025 - 2026,3131,Zone 7,Zone 7,15,No,No,FALSE,0,0,0,FALSE,TRUE,Rotaract President,2025 - 2026,N,0,0,0,0,0,0,FALSE,,0,,0
213849,Panvel Industrial Town,Panvel Industrial Town,213849,Active,Community,India,Panvel Industrial Town (Rotary),2026 - 2027,3131,Zone 7,Zone 7,6,No,Yes,FALSE,0,0,0,FALSE,FALSE,N/A,N/A,N/A,0,0,0,0,0,0,FALSE,,0,,0
217310,Patalganga,Patalganga,217310,Active,Community,India,Patalganga (Rotary),2026 - 2027,3131,Zone 7,Zone 7,14,No,Yes,FALSE,0,0,0,FALSE,FALSE,N/A,N/A,N/A,0,0,0,0,0,0,FALSE,,0,,0
8826471,Pen Heritage,Pen Heritage,8826471,Active,Community,India,Pen (Rotary),2025 - 2026,3131,Zone 7,Zone 7,15,Yes,No,TRUE,4282,44.6,4282,FALSE,TRUE,Rotaract President,2025 - 2026,N,0,0,0,0,0,0,FALSE,,0,,0
7295,Pimpri,Pimpri,7295,Active,Community,India,Pimpri (Rotary),2026 - 2027,3131,Zone 7,Zone 7,45,No,Yes,FALSE,0,0,0,FALSE,FALSE,N/A,N/A,N/A,0,0,0,0,0,0,FALSE,,0,,0
8825918,Pimpri Elite,Pimpri Elite,8825918,Active,Community,India,Pimpri Elite (Rotary),2025 - 2026,3131,Zone 7,Zone 7,22,No,No,FALSE,0,0,0,FALSE,TRUE,Rotaract President,2025 - 2026,N,0,0,0,0,0,0,FALSE,,0,,0
7283,Poona South,Poona South,7283,Active,Community,India,Pune South (Rotary),2025 - 2026,3131,Zone 7,Zone 7,13,No,No,FALSE,0,0,0,FALSE,TRUE,Rotaract President,2025 - 2026,N,0,0,0,0,0,0,FALSE,,0,,0
8827500,Pune Aurora,Pune Aurora,8827500,Active,Community,India,Poona Downtown (Rotary),2026 - 2027,3131,Zone 7,Zone 7,9,No,Yes,FALSE,0,0,0,FALSE,FALSE,N/A,N/A,N/A,0,0,0,0,0,0,FALSE,,0,,0
8825923,Pune Baner,Pune Baner,8825923,Active,Community,India,Pune Baner  (Rotary),2026 - 2027,3131,Zone 7,Zone 7,23,No,Yes,FALSE,0,0,0,FALSE,FALSE,N/A,N/A,N/A,0,0,0,0,0,0,FALSE,,0,,0
217270,Pune Camp Next Gen,Pune Camp Next Gen,217270,Active,Community,India,Pune Camp (Rotary),2026 - 2027,3131,Zone 7,Zone 7,17,No,Yes,FALSE,0,0,0,FALSE,FALSE,N/A,N/A,N/A,0,0,0,0,0,0,FALSE,,0,,0
218252,Pune Camp Pioneers,Pune Camp Pioneers,218252,Active,Community,India,Pune Camp (Rotary),2026 - 2027,3131,Zone 7,Zone 7,30,No,Yes,FALSE,0,0,0,FALSE,FALSE,N/A,N/A,N/A,0,0,0,0,0,0,FALSE,,0,,0
212790,Pune Cantonment,Pune Cantonment,212790,Active,Community,India,Pune Cantonment (Rotary),2026 - 2027,3131,Zone 7,Zone 7,15,No,Yes,FALSE,0,0,0,FALSE,FALSE,N/A,N/A,N/A,0,0,0,0,0,0,FALSE,,0,,0
8824015,Pune City,Pune City,8824015,Active,University,India,Poona North (Rotary),2025 - 2026,3131,Zone 7,Zone 7,14,Yes,No,TRUE,7657,79.76,7657,TRUE,TRUE,Rotaract President,2025 - 2026,N,0,0,0,0,0,0,FALSE,,0,,0
8823957,Pune City Fortune,Pune City Fortune,8823957,Active,Community,India,Pune Fortune (Rotary),2026 - 2027,3131,Zone 7,Zone 7,20,No,Yes,FALSE,0,0,0,FALSE,FALSE,N/A,N/A,N/A,0,0,0,0,0,0,FALSE,,0,,0
8826615,Pune City Legends,Pune City Legends,8826615,Active,Community,India,Pune City Fortune (Rotaract); Pune Fortune (Rotary),2026 - 2027,3131,Zone 7,Zone 7,18,No,Yes,FALSE,0,0,0,FALSE,FALSE,N/A,N/A,N/A,0,0,0,0,0,0,FALSE,,0,,0
8826674,Pune City Prabodhan,Pune City Prabodhan,8826674,Active,Community,India,Pune City Fortune (Rotaract); Pune Fortune (Rotary),2025 - 2026,3131,Zone 7,Zone 7,9,No,No,FALSE,0,0,0,FALSE,TRUE,Rotaract President,2025 - 2026,N,0,0,0,0,0,0,FALSE,,0,,0
8826479,Pune Gandhi Bhavan Adhyapak Mahavidyalaya,Pune Gandhi Bhavan Adhyapak Mahavidyalaya,8826479,Active,University,India,Pune Gandhi Bhavan (Rotary),2025 - 2026,3131,Zone 7,Zone 7,8,No,No,FALSE,0,0,0,FALSE,TRUE,Rotaract President,2025 - 2026,N,0,0,0,0,0,0,FALSE,,0,,0
213166,Pune Heritage,Pune Heritage,213166,Active,Community,India,Pune Heritage (Rotary),2026 - 2027,3131,Zone 7,Zone 7,20,No,Yes,FALSE,0,0,0,FALSE,FALSE,N/A,N/A,N/A,0,0,0,0,0,0,FALSE,,0,,0
69048,Pune Kalyani Nagar,Pune Kalyani Nagar,69048,Active,Community,India,Pune Kalyani Nagar (Rotary),2026 - 2027,3131,Zone 7,Zone 7,23,No,Yes,FALSE,0,0,0,FALSE,FALSE,N/A,N/A,N/A,0,0,0,0,0,0,FALSE,,0,,0
80991,Pune Katraj,Pune Katraj,80991,Active,Community,India,Pune Katraj (Rotary),2026 - 2027,3131,Zone 7,Zone 7,13,No,Yes,FALSE,0,0,0,FALSE,FALSE,N/A,N/A,N/A,0,0,0,0,0,0,FALSE,,0,,0
8825935,Pune Metro,Pune Metro,8825935,Active,Community,India,Pune Metro (Rotary),2026 - 2027,3131,Zone 7,Zone 7,15,No,Yes,FALSE,0,0,0,FALSE,FALSE,N/A,N/A,N/A,0,0,0,0,0,0,FALSE,,0,,0
85530,Pune Mideast,Pune Mideast,85530,Active,Community,India,Pune Mid-East (Rotary),2026 - 2027,3131,Zone 7,Zone 7,40,No,Yes,FALSE,0,0,0,FALSE,FALSE,N/A,N/A,N/A,0,0,0,0,0,0,FALSE,,0,,0
8825267,Pune Nexus,Pune Nexus,8825267,Active,Community,India,ALUMNI (Rotaract),2024 - 2025,3131,Zone 7,Zone 7,12,Yes,No,TRUE,10195,106.2,10195,TRUE,TRUE,Rotaract President,2024 - 2025,N,0,0,0,0,0,0,FALSE,,0,,0
8826482,Pune Phoenix,Pune Phoenix,8826482,Active,Community,India,,2025 - 2026,3131,Zone 7,Zone 7,19,No,No,FALSE,0,0,0,FALSE,TRUE,Rotaract President,2025 - 2026,N,0,0,0,0,0,0,FALSE,,0,,0
90983,Pune Pride,Pune Pride,90983,Active,Community,India,Pune Pride (Rotary),2026 - 2027,3131,Zone 7,Zone 7,9,No,Yes,FALSE,0,0,0,FALSE,FALSE,N/A,N/A,N/A,0,0,0,0,0,0,FALSE,,0,,0
218320,Pune Pristine,Pune Pristine,218320,Active,Community,India,Pune Pristine (Rotary),2026 - 2027,3131,Zone 7,Zone 7,3,No,Yes,FALSE,0,0,0,FALSE,FALSE,N/A,N/A,N/A,0,0,0,0,0,0,FALSE,,0,,0
8824344,Pune Pristine Paradise,Pune Pristine Paradise,8824344,Active,Community,India,Pune Pristine (Rotaract); Pune Pristine (Rotary),2026 - 2027,3131,Zone 7,Zone 7,26,No,Yes,FALSE,0,0,0,FALSE,FALSE,N/A,N/A,N/A,0,0,0,0,0,0,FALSE,,0,,0
218199,Pune Renaissance,Pune Renaissance,218199,Active,Community,India,Pune Sarasbaug (Rotary),2025 - 2026,3131,Zone 7,Zone 7,24,Yes,No,TRUE,21884,227.96,21884,TRUE,TRUE,Rotaract President,2025 - 2026,N,0,0,0,0,0,0,FALSE,,0,,0
214473,Pune Royal,Pune Royal,214473,Active,Community,India,Pune South (Rotary),2026 - 2027,3131,Zone 7,Zone 7,26,No,Yes,FALSE,0,0,0,FALSE,FALSE,N/A,N/A,N/A,0,0,0,0,0,0,FALSE,,0,,0
8826718,Pune Samrajya,Pune Samrajya,8826718,Active,Community,India,,2026 - 2027,3131,Zone 7,Zone 7,24,No,Yes,FALSE,0,0,0,FALSE,FALSE,N/A,N/A,N/A,0,0,0,0,0,0,FALSE,,0,,0
45125,Pune Shaniwarwada,Pune Shaniwarwada,45125,Active,Community,India,Pune Shaniwarwada (Rotary),2026 - 2027,3131,Zone 7,Zone 7,12,No,Yes,FALSE,0,0,0,FALSE,FALSE,N/A,N/A,N/A,0,0,0,0,0,0,FALSE,,0,,0
49040,Pune Sinhagad Road,Pune Sinhagad Road,49040,Active,Community,India,Pune Sinhagad Road (Rotary),2026 - 2027,3131,Zone 7,Zone 7,29,No,Yes,FALSE,0,0,0,FALSE,FALSE,N/A,N/A,N/A,0,0,0,0,0,0,FALSE,,0,,0
8825270,Pune Synergy Next Gen,Pune Synergy Next Gen,8825270,Active,Community,India,Pune Shaniwarwada (Rotaract); Pune Synergy (Rotary),2024 - 2025,3131,Zone 7,Zone 7,15,Yes,No,TRUE,12744,132.75,12744,TRUE,TRUE,Rotaract President,2024 - 2025,N,0,0,0,0,0,0,FALSE,,0,,0
8826497,Pune's Yuva,Pune's Yuva,8826497,Active,Community,India,Pune Parvati (Rotary),2026 - 2027,3131,Zone 7,Zone 7,10,No,Yes,FALSE,0,0,0,FALSE,FALSE,N/A,N/A,N/A,0,0,0,0,0,0,FALSE,,0,,0
8827499,Pune University,Pune University,8827499,Active,University,India,Pune University (Rotary),2026 - 2027,3131,Zone 7,Zone 7,19,No,Yes,FALSE,0,0,0,FALSE,FALSE,N/A,N/A,N/A,0,0,0,0,0,0,FALSE,,0,,0
8826725,Pune Vishwam,Pune Vishwam,8826725,Active,Community,India,Pune Laxmi Road (Rotary),2026 - 2027,3131,Zone 7,Zone 7,12,No,Yes,FALSE,0,0,0,FALSE,FALSE,N/A,N/A,N/A,0,0,0,0,0,0,FALSE,,0,,0
91641,Pune Warje,Pune Warje,91641,Active,Community,India,Pune Warje (Rotary),2026 - 2027,3131,Zone 7,Zone 7,19,No,Yes,FALSE,0,0,0,FALSE,FALSE,N/A,N/A,N/A,0,0,0,0,0,0,FALSE,,0,,0
8826885,Pune Westside,Pune Westside,8826885,Active,Community,India,Pune West Side (Rotary),2026 - 2027,3131,Zone 7,Zone 7,17,No,Yes,FALSE,0,0,0,FALSE,FALSE,N/A,N/A,N/A,0,0,0,0,0,0,FALSE,,0,,0
8824638,Pune Wisdom,Pune Wisdom,8824638,Active,Community,India,Pune Pristine Paradise (Rotaract); Pune Wisdom (Rotary),2025 - 2026,3131,Zone 7,Zone 7,5,No,No,FALSE,0,0,0,FALSE,TRUE,Rotaract President,2025 - 2026,N,0,0,0,0,0,0,FALSE,,0,,0
217271,Pune Zenith,Pune Zenith,217271,Active,Community,India,Pune Sinhagad Road (Rotary),2026 - 2027,3131,Zone 7,Zone 7,20,No,Yes,FALSE,0,0,0,FALSE,FALSE,N/A,N/A,N/A,0,0,0,0,0,0,FALSE,,0,,0
215402,Rajarshi Shahu College of Engineering- Tathawade,Rajarshi Shahu College of Engineering- Tathawade,215402,Active,University,India,Akurdi Pune (Rotary),2026 - 2027,3131,Zone 7,Zone 7,5,No,Yes,FALSE,0,0,0,FALSE,FALSE,N/A,N/A,N/A,0,0,0,0,0,0,FALSE,,0,,0
8824661,Ramkrishna More College,Ramkrishna More College,8824661,Active,University,India,Chinchwad-Pune (Rotary),2026 - 2027,3131,Zone 7,Zone 7,11,No,Yes,FALSE,0,0,0,FALSE,FALSE,N/A,N/A,N/A,0,0,0,0,0,0,FALSE,,0,,0
8827434,Roar NIBM,Roar NIBM,8827434,Active,Community,India,Poona (Rotary),2026 - 2027,3131,Zone 7,Zone 7,24,No,Yes,FALSE,0,0,0,FALSE,FALSE,N/A,N/A,N/A,0,0,0,0,0,0,FALSE,,0,,0
91148,Sai Balaji Education Society,Sai Balaji Education Society,91148,Active,University,India,Akurdi Pune (Rotary),2025 - 2026,3131,Zone 7,Zone 7,120,No,No,FALSE,0,0,0,FALSE,TRUE,Rotaract President,2025 - 2026,N,0,0,0,0,0,0,FALSE,,0,,0
8825271,Sancheti Healthcare Academy,Sancheti Healthcare Academy,8825271,Active,University,India,Pune Phoenix (Rotary),2026 - 2027,3131,Zone 7,Zone 7,6,No,Yes,FALSE,0,0,0,FALSE,FALSE,N/A,N/A,N/A,0,0,0,0,0,0,FALSE,,0,,0
8826968,S. B. Patil College of Architecture and Design,S. B. Patil College of Architecture and Design,8826968,Active,University,India,,2026 - 2027,3131,Zone 7,Zone 7,15,No,Yes,FALSE,0,0,0,FALSE,FALSE,N/A,N/A,N/A,0,0,0,0,0,0,FALSE,,0,,0
8826281,Sinhgad College of Pharmacy,Sinhgad College of Pharmacy,8826281,Active,University,India,Pune Nanded City (Rotary),2026 - 2027,3131,Zone 7,Zone 7,29,No,Yes,FALSE,0,0,0,FALSE,FALSE,N/A,N/A,N/A,0,0,0,0,0,0,FALSE,,0,,0
8825382,Sinhgad Institute of Management and Computer Application,Sinhgad Institute of Management and Computer Application,8825382,Active,University,India,Pune Heritage (Rotary),2024 - 2025,3131,Zone 7,Zone 7,13,Yes,No,TRUE,6903,71.91,6903,FALSE,TRUE,Rotaract President,2024 - 2025,N,0,0,0,0,0,0,FALSE,,0,,0
8828101,Symbiosis Artificial Intelligence Institute,Symbiosis Artificial Intelligence Institute,8828101,Active,University,India,Pune Central (Rotary),2026 - 2027,3131,Zone 7,Zone 7,45,No,Yes,FALSE,0,0,0,FALSE,FALSE,N/A,N/A,N/A,0,0,0,0,0,0,FALSE,,0,,0
8825207,Symbiosis Skills and Professional University,Symbiosis Skills and Professional University,8825207,Active,University,India,Poona Downtown (Rotary),2026 - 2027,3131,Zone 7,Zone 7,13,No,Yes,FALSE,0,0,0,FALSE,FALSE,N/A,N/A,N/A,0,0,0,0,0,0,FALSE,,0,,0
217454,Symboisis Law Viman Nagar,Symboisis Law Viman Nagar,217454,Active,University,India,Pune Kalyani Nagar (Rotary),2026 - 2027,3131,Zone 7,Zone 7,80,No,Yes,FALSE,0,0,0,FALSE,FALSE,N/A,N/A,N/A,0,0,0,0,0,0,FALSE,,0,,0
8827860,Udyognagari Drishti,Udyognagari Drishti,8827860,Active,Community,India,Udyognagari Pimpri (Rotary),2026 - 2027,3131,Zone 7,Zone 7,29,No,Yes,FALSE,0,0,0,FALSE,FALSE,N/A,N/A,N/A,0,0,0,0,0,0,FALSE,,0,,0
8826658,Universal AI University,Universal AI University,8826658,Active,University,India,Karjat (Rotary),2026 - 2027,3131,Zone 7,Zone 7,18,No,Yes,FALSE,0,0,0,FALSE,FALSE,N/A,N/A,N/A,0,0,0,0,0,0,FALSE,,0,,0
214094,Vibrants,Vibrants,214094,Active,Community,India,Pune Hillside (Rotary),2026 - 2027,3131,Zone 7,Zone 7,26,No,Yes,FALSE,0,0,0,FALSE,FALSE,N/A,N/A,N/A,0,0,0,0,0,0,FALSE,,0,,0
215996,Viman Nagar,Viman Nagar,215996,Active,Community,India,Koregaon Park (Rotary),2026 - 2027,3131,Zone 7,Zone 7,21,No,Yes,FALSE,0,0,0,FALSE,FALSE,N/A,N/A,N/A,0,0,0,0,0,0,FALSE,,0,,0
215650,Vishwakarma Institute of Technology Pune,Vishwakarma Institute of Technology Pune,215650,Active,University,India,Pune NIBM (Rotary),2026 - 2027,3131,Zone 7,Zone 7,54,No,Yes,FALSE,0,0,0,FALSE,FALSE,N/A,N/A,N/A,0,0,0,0,0,0,FALSE,,0,,1
218329,Ahmednagar Midtown Vadagao Savatal,Ahmednagar Midtown Vadagao Savatal,218329,Active,Community,India,Ahmednagar Mid Town (Rotary),2020 - 2021,3132,Zone 7,Zone 7,1,Yes,No,TRUE,3228,33.63,3228,FALSE,TRUE,Rotaract President,2020 - 2021,N,0,0,0,0,0,0,FALSE,,0,,0
8824364,Ambajogai City,Ambajogai City,8824364,Active,Community,India,Ambajogai City (Rotary),2026 - 2027,3132,Zone 7,Zone 7,8,Yes,Yes,TRUE,3055,31.82,3055,FALSE,FALSE,N/A,N/A,N/A,0,0,0,0,0,0,FALSE,,0,,11
51381,Aurangabad Airport,Aurangabad Airport,51381,Active,Community,India,Aurangabad Central (Rotary),2026 - 2027,3132,Zone 7,Zone 7,14,No,Yes,FALSE,0,0,0,FALSE,FALSE,N/A,N/A,N/A,216.51,216.51,0,0,0,0,FALSE,,0,,0
8826648,Balasaheb Desai College,Balasaheb Desai College,8826648,Active,University,India,Patan (Rotary),2025 - 2026,3132,Zone 7,Zone 7,14,Yes,No,TRUE,7434,77.44,7434,TRUE,TRUE,Rotaract President,2025 - 2026,N,0,0,0,0,0,0,FALSE,,0,,0
8826993,Barshi,Barshi,8826993,Active,Community,India,Barsi (Rotary),2026 - 2027,3132,Zone 7,Zone 7,15,Yes,Yes,TRUE,12744,132.75,12744,TRUE,FALSE,N/A,N/A,N/A,301.05,301.05,0,0,0,0,FALSE,,0,,0
8827222,Beed Diamond,Beed Diamond,8827222,Active,Community,India,Beed Mid Town (Rotary),2026 - 2027,3132,Zone 7,Zone 7,15,Yes,Yes,TRUE,12744,132.75,12744,TRUE,FALSE,N/A,N/A,N/A,0,0,0,0,0,0,FALSE,,0,,0
8823204,"Chhatrapati Shivaji College, Omerga (Girls) Jijau","Chhatrapati Shivaji College, Omerga (Girls) Jijau",8823204,Active,University,India,Omerga (Rotary),2022 - 2023,3132,Zone 7,Zone 7,1,Yes,No,TRUE,2018,21.02,2018,FALSE,TRUE,Rotaract President,2022 - 2023,N,0,0,0,0,0,0,FALSE,,0,,0
8827832,CSN Next Gen Alliance,CSN Next Gen Alliance,8827832,Active,Community,India,Chhatrapati Sambhajinagar (Rotary),2026 - 2027,3132,Zone 7,Zone 7,15,No,Yes,FALSE,0,0,0,FALSE,FALSE,N/A,N/A,N/A,0,0,0,0,0,0,FALSE,,0,,0
8827365,DHB Soni College,DHB Soni College,8827365,Active,University,India,Solapur (Rotary),2026 - 2027,3132,Zone 7,Zone 7,12,No,Yes,FALSE,0,0,0,FALSE,FALSE,N/A,N/A,N/A,0,0,0,0,0,0,FALSE,,0,,0
218307,Goverment Polytechnic Ahmednagar,Goverment Polytechnic Ahmednagar,218307,Active,Community,India,Ahmednagar (Rotary),2020 - 2021,3132,Zone 7,Zone 7,1,Yes,No,TRUE,1662,17.31,1662,FALSE,TRUE,Rotaract President,2020 - 2021,N,0,0,0,0,0,0,FALSE,,0,,0
7335,Jalna,Jalna,7335,Active,Community,India,Jalna (Rotary),2026 - 2027,3132,Zone 7,Zone 7,35,No,Yes,FALSE,0,0,0,FALSE,FALSE,N/A,N/A,N/A,1273.09,1273.09,0,0,0,0,FALSE,,0,,0
91936,Jalna Central,Jalna Central,91936,Active,Community,India,Jalna Central (Rotary),2025 - 2026,3132,Zone 7,Zone 7,19,Yes,No,TRUE,18066,188.19,18066,TRUE,TRUE,Rotaract President,2025 - 2026,N,0,0,0,0,0,0,FALSE,,0,,0
8823776,Jalna Rainbow,Jalna Rainbow,8823776,Active,Community,India,Jalna Rainbow (Rotary),2025 - 2026,3132,Zone 7,Zone 7,13,Yes,No,TRUE,14892,155.12,14892,TRUE,TRUE,Rotaract President,2025 - 2026,N,0,0,0,0,0,0,FALSE,,0,,0
8823911,Karad City,Karad City,8823911,Active,Community,India,Karad (Rotary),2026 - 2027,3132,Zone 7,Zone 7,30,No,Yes,FALSE,0,0,0,FALSE,FALSE,N/A,N/A,N/A,100,100,0,0,0,0,FALSE,,0,,0
8823947,Latur Central,Latur Central,8823947,Active,Community,India,Latur Central (Rotary),2025 - 2026,3132,Zone 7,Zone 7,15,No,No,FALSE,0,0,0,FALSE,TRUE,Rotaract President,2025 - 2026,N,0,0,0,0,0,0,FALSE,,0,,0
7317,Latur Mid-Town,Latur Mid-Town,7317,Active,Community,India,Latur Mid-town (Rotary),2026 - 2027,3132,Zone 7,Zone 7,28,No,Yes,FALSE,0,0,0,FALSE,FALSE,N/A,N/A,N/A,100,100,0,0,0,0,FALSE,,0,,2
8827478,Malkapur,Malkapur,8827478,Active,Community,India,Malkapur (Karad) (Rotary),2026 - 2027,3132,Zone 7,Zone 7,29,No,Yes,FALSE,0,0,0,FALSE,FALSE,N/A,N/A,N/A,100,100,0,0,0,0,FALSE,,0,,0
217545,"Meenalben Mehta College, Panchgani","Meenalben Mehta College, Panchgani",217545,Active,University,India,Panchgani (Rotary),2019 - 2020,3132,Zone 7,Zone 7,1,Yes,No,TRUE,2018,21.02,2018,FALSE,TRUE,Rotaract President,2019 - 2020,N,0,0,0,0,0,0,FALSE,,0,,0
8826044,Panchgani,Panchgani,8826044,Active,Community,India,Panchgani (Rotary),2026 - 2027,3132,Zone 7,Zone 7,19,No,Yes,FALSE,0,0,0,FALSE,FALSE,N/A,N/A,N/A,0,0,0,0,0,0,FALSE,,0,,0
8827052,PES College of Engineering Chhatrapati Sambhajinagar,PES College of Engineering Chhatrapati Sambhajinagar,8827052,Active,University,India,Chhatrapati Sambhajinagar East (Rotary),2026 - 2027,3132,Zone 7,Zone 7,24,No,Yes,FALSE,0,0,0,FALSE,FALSE,N/A,N/A,N/A,0,0,0,0,0,0,FALSE,,0,,0
218591,Samarthya Solapur,Samarthya Solapur,218591,Active,Community,India,Solapur North (Rotary),2026 - 2027,3132,Zone 7,Zone 7,15,No,Yes,FALSE,0,0,0,FALSE,FALSE,N/A,N/A,N/A,100,100,0,0,0,0,FALSE,,0,,0
8827309,Sanjivani University,Sanjivani University,8827309,Active,University,India,Kopargaon Central (Rotary),2026 - 2027,3132,Zone 7,Zone 7,18,No,Yes,FALSE,0,0,0,FALSE,FALSE,N/A,N/A,N/A,0,0,0,0,0,0,FALSE,,0,,0
218340,Satara 7 Hills,Satara 7 Hills,218340,Active,Community,India,Satara 7 Hills (Rotary),2026 - 2027,3132,Zone 7,Zone 7,11,No,Yes,FALSE,0,0,0,FALSE,FALSE,N/A,N/A,N/A,0,0,0,0,0,0,FALSE,,0,,0
218334,Shree Nageshwar Private Industrial Training Institute,Shree Nageshwar Private Industrial Training Institute,218334,Active,Community,India,Ahmednagar (Rotary),2020 - 2021,3132,Zone 7,Zone 7,1,Yes,No,TRUE,3228,33.63,3228,FALSE,TRUE,Rotaract President,2020 - 2021,N,0,0,0,0,0,0,FALSE,,0,,0
8827861,Shree Santkrupa College of Pharmacy Ghogaon,Shree Santkrupa College of Pharmacy Ghogaon,8827861,Active,University,India,Karad (Rotary),2026 - 2027,3132,Zone 7,Zone 7,15,No,Yes,FALSE,0,0,0,FALSE,FALSE,N/A,N/A,N/A,0,0,0,0,0,0,FALSE,,0,,0
218270,Shrirampur,Shrirampur,218270,Active,Community,India,,2020 - 2021,3132,Zone 7,Zone 7,1,Yes,No,TRUE,3228,33.63,3228,FALSE,TRUE,Rotaract President,2020 - 2021,N,0,0,0,0,0,0,FALSE,,0,,0
8825104,Sinhgad College Pandharpur,Sinhgad College Pandharpur,8825104,Active,University,India,Pandharpur (Rotary),2025 - 2026,3132,Zone 7,Zone 7,15,No,No,FALSE,0,0,0,FALSE,TRUE,Rotaract President,2025 - 2026,N,0,0,0,0,0,0,FALSE,,0,,0
8827693,Smart Orchid College,Smart Orchid College,8827693,Active,University,India,Solapur Smart City (Rotary),2026 - 2027,3132,Zone 7,Zone 7,18,No,Yes,FALSE,0,0,0,FALSE,FALSE,N/A,N/A,N/A,100,100,0,0,0,0,FALSE,,0,,0
8827689,SMSMPITR Akluj,SMSMPITR Akluj,8827689,Active,University,India,Akluj (Rotary),2026 - 2027,3132,Zone 7,Zone 7,13,No,No,FALSE,0,0,0,FALSE,TRUE,Rotaract President,2025 - 2026,N,0,0,0,0,0,0,FALSE,,0,,0
8827367,Swami Vivekanand College of Nursing Udgir,Swami Vivekanand College of Nursing Udgir,8827367,Active,University,India,Udgir Central (Rotary),2025 - 2026,3132,Zone 7,Zone 7,16,No,No,FALSE,0,0,0,FALSE,TRUE,Rotaract President,2025 - 2026,N,0,0,0,0,0,0,FALSE,,0,,0
8827266,Swami Vivekanand College of Pharmacy Udgir,Swami Vivekanand College of Pharmacy Udgir,8827266,Active,University,India,Udgir Central (Rotary),2025 - 2026,3132,Zone 7,Zone 7,16,No,No,FALSE,0,0,0,FALSE,TRUE,Rotaract President,2025 - 2026,N,0,0,0,0,0,0,FALSE,,0,,0
8827371,Swami Vivekanand Mahavidhyalaya Udgir,Swami Vivekanand Mahavidhyalaya Udgir,8827371,Active,University,India,Udgir Central (Rotary),2025 - 2026,3132,Zone 7,Zone 7,15,No,No,FALSE,0,0,0,FALSE,TRUE,Rotaract President,2025 - 2026,N,0,0,0,0,0,0,FALSE,,0,,0
8826998,Tembhurni,Tembhurni,8826998,Active,Community,India,Tembhurni (Rotary),2026 - 2027,3132,Zone 7,Zone 7,13,No,Yes,FALSE,0,0,0,FALSE,FALSE,N/A,N/A,N/A,100.11,100.11,0,0,0,0,FALSE,,0,,0
8827504,Umbraj Town,Umbraj Town,8827504,Active,Community,India,Umbraj (Rotary),2026 - 2027,3132,Zone 7,Zone 7,15,No,Yes,FALSE,0,0,0,FALSE,FALSE,N/A,N/A,N/A,0,0,0,0,0,0,FALSE,,0,,0
8824738,Wai,Wai,8824738,Active,Community,India,Wai (Rotary),2023 - 2024,3132,Zone 7,Zone 7,10,Yes,No,TRUE,8496,88.5,8496,TRUE,TRUE,Rotaract President,2023 - 2024,N,0,0,0,0,0,0,FALSE,,0,,0
8824630,Walchand College,Walchand College,8824630,Active,University,India,Solapur North (Rotary),2021 - 2022,3132,Zone 7,Zone 7,1,Yes,No,TRUE,2018,21.02,2018,FALSE,TRUE,Rotaract President,2021 - 2022,N,0,0,0,0,0,0,FALSE,,0,,0
90917,Adv. Balasaheb Apte College of Law,Adv. Balasaheb Apte College of Law,90917,Active,University,India,,2024 - 2025,3141,Zone 4,Zone 4,1,Yes,No,TRUE,531,5.53,531,FALSE,TRUE,Rotaract President,2024 - 2025,N,0,0,0,0,0,0,FALSE,,0,,0
8823869,Amity Global Business School,Amity Global Business School,8823869,Active,University,India,Bombay North West-Malad (Rotary),2021 - 2022,3141,Zone 4,Zone 4,3,Yes,No,TRUE,6053,63.05,6053,FALSE,TRUE,Rotaract President,2021 - 2022,N,0,0,0,0,0,0,FALSE,,0,,0
7517,Andheri,Andheri,7517,Active,Community,India,Bombay West (Rotary),2026 - 2027,3141,Zone 4,Zone 4,33,Yes,Yes,TRUE,56514,588.69,56514,TRUE,FALSE,N/A,N/A,N/A,0,0,0,0,0,0,FALSE,,0,,0
218484,Anjuman Islam Saiftaybji,Anjuman Islam Saiftaybji,218484,Active,University,India,Mumbai South Cuffe Parade (Rotary),2023 - 2024,3141,Zone 4,Zone 4,3,Yes,No,TRUE,4831,50.32,4831,FALSE,TRUE,Rotaract President,2023 - 2024,N,0,0,0,0,0,0,FALSE,,0,,0
8826859,Bhavan's College,Bhavan's College,8826859,Active,University,India,Bombay Seacoast (Rotary),2025 - 2026,3141,Zone 4,Zone 4,15,Yes,No,TRUE,9126,95.06,9126,TRUE,TRUE,Rotaract President,2025 - 2026,N,0,0,0,0,0,0,FALSE,,0,,0
8826792,Bhavna Trust Degree College,Bhavna Trust Degree College,8826792,Active,University,India,Bombay Chembur West (Rotary),2025 - 2026,3141,Zone 4,Zone 4,3,No,No,FALSE,0,0,0,FALSE,TRUE,Rotaract President,2025 - 2026,N,0,0,0,0,0,0,FALSE,,0,,0
7513,Bombay,Bombay,7513,Active,Community,India,Bombay (Rotary),2024 - 2025,3141,Zone 4,Zone 4,6,Yes,No,TRUE,10377,108.09,10377,TRUE,TRUE,Rotaract President,2024 - 2025,N,0,0,0,0,0,0,FALSE,,0,,10
214812,Bombay Airport,Bombay Airport,214812,Active,Community,India,Bombay Airport (Rotary),2026 - 2027,3141,Zone 4,Zone 4,29,No,Yes,FALSE,0,0,0,FALSE,FALSE,N/A,N/A,N/A,0,0,0,0,0,0,FALSE,,0,,0
47609,Bombay Chembur West,Bombay Chembur West,47609,Active,Community,India,Bombay Chembur West (Rotary),2026 - 2027,3141,Zone 4,Zone 4,30,No,Yes,FALSE,0,0,0,FALSE,FALSE,N/A,N/A,N/A,0,0,0,0,0,0,FALSE,,0,,0
8827998,Bombay Film City,Bombay Film City,8827998,Active,Community,India,Bombay Film City (Rotary),2026 - 2027,3141,Zone 4,Zone 4,9,No,Yes,FALSE,0,0,0,FALSE,FALSE,N/A,N/A,N/A,0,0,0,0,0,0,FALSE,,0,,0
212623,Bombay Hanging Garden,Bombay Hanging Garden,212623,Active,Community,India,Bombay Hanging Garden (Rotary),2025 - 2026,3141,Zone 4,Zone 4,58,No,No,FALSE,0,0,0,FALSE,TRUE,Rotaract President,2025 - 2026,N,0,0,0,0,0,0,FALSE,,0,,0
84117,Bombay Hills South,Bombay Hills South,84117,Active,Community,India,Bombay Hills South (Rotary),2026 - 2027,3141,Zone 4,Zone 4,35,No,Yes,FALSE,0,0,0,FALSE,FALSE,N/A,N/A,N/A,0,0,0,0,0,0,FALSE,,0,,0
88876,Bombay Juhu Beach,Bombay Juhu Beach,88876,Active,Community,India,Bombay Juhu Beach (Rotary),2026 - 2027,3141,Zone 4,Zone 4,25,No,Yes,FALSE,0,0,0,FALSE,FALSE,N/A,N/A,N/A,0,0,0,0,0,0,FALSE,,0,,0
213470,Bombay Kandivli,Bombay Kandivli,213470,Active,Community,India,Bombay Kandivli (Rotary),2026 - 2027,3141,Zone 4,Zone 4,12,No,Yes,FALSE,0,0,0,FALSE,FALSE,N/A,N/A,N/A,0,0,0,0,0,0,FALSE,,0,,0
217563,Bombay Mid-Town,Bombay Mid-Town,217563,Active,Community,India,Bombay Mid-Town (Rotary),2026 - 2027,3141,Zone 4,Zone 4,53,No,Yes,FALSE,0,0,0,FALSE,FALSE,N/A,N/A,N/A,0,0,0,0,0,0,FALSE,,0,,0
8823527,Bombay Mulund Valley,Bombay Mulund Valley,8823527,Active,Community,India,Bombay Mulund Valley (Rotary),2025 - 2026,3141,Zone 4,Zone 4,1,No,No,FALSE,0,0,0,FALSE,TRUE,Rotaract President,2025 - 2026,N,0,0,0,0,0,0,FALSE,,0,,0
90868,Bombay Northwest-Malad,Bombay Northwest-Malad,90868,Active,Community,India,Bombay North West-Malad (Rotary),2026 - 2027,3141,Zone 4,Zone 4,14,No,Yes,FALSE,0,0,0,FALSE,FALSE,N/A,N/A,N/A,0,0,0,0,0,0,FALSE,,0,,0
218327,Bombay Pier,Bombay Pier,218327,Active,Community,India,Bombay Pier (Rotary),2026 - 2027,3141,Zone 4,Zone 4,53,No,Yes,FALSE,0,0,0,FALSE,FALSE,N/A,N/A,N/A,0,0,0,0,0,0,FALSE,,0,,0
212610,Bombay Queens Town,Bombay Queens Town,212610,Active,Community,India,Bombay Queen City (Rotary),2024 - 2025,3141,Zone 4,Zone 4,7,Yes,No,TRUE,5947,61.95,5947,FALSE,TRUE,Rotaract President,2024 - 2025,N,0,0,0,0,0,0,FALSE,,0,,0
8824026,Bombay Teachers Training College,Bombay Teachers Training College,8824026,Active,University,India,Mumbai Sobo (Rotary),2021 - 2022,3141,Zone 4,Zone 4,1,Yes,No,TRUE,2018,21.02,2018,FALSE,TRUE,Rotaract President,2021 - 2022,N,0,0,0,0,0,0,FALSE,,0,,0
91040,Bombay Uptown,Bombay Uptown,91040,Active,Community,India,Bombay Up-Town (Rotary),2026 - 2027,3141,Zone 4,Zone 4,25,No,Yes,FALSE,0,0,0,FALSE,FALSE,N/A,N/A,N/A,0,0,0,0,0,0,FALSE,,0,,0
7465,Bombay West,Bombay West,7465,Active,Community,India,Bombay West (Rotary),2026 - 2027,3141,Zone 4,Zone 4,22,No,Yes,FALSE,0,0,0,FALSE,FALSE,N/A,N/A,N/A,0,0,0,0,0,0,FALSE,,0,,0
214699,Borivali Heights,Borivali Heights,214699,Active,Community,India,Mumbai Borivali East (Rotary),2026 - 2027,3141,Zone 4,Zone 4,25,No,Yes,FALSE,0,0,0,FALSE,FALSE,N/A,N/A,N/A,0,0,0,0,0,0,FALSE,,0,,0
8826054,Chandivali Mumbai,Chandivali Mumbai,8826054,Active,Community,India,Chandivali Mumbai (Rotary),2025 - 2026,3141,Zone 4,Zone 4,17,No,No,FALSE,0,0,0,FALSE,TRUE,Rotaract President,2025 - 2026,N,0,0,0,0,0,0,FALSE,,0,,0
7459,Churchgate,Churchgate,7459,Active,Community,India,Bombay North (Rotary),2026 - 2027,3141,Zone 4,Zone 4,29,No,Yes,FALSE,0,0,0,FALSE,FALSE,N/A,N/A,N/A,0,0,0,0,0,0,FALSE,,0,,0
7455,Dahisar Coast,Dahisar Coast,7455,Active,Community,India,Mumbai Dahisar (Rotary),2026 - 2027,3141,Zone 4,Zone 4,19,No,Yes,FALSE,0,0,0,FALSE,FALSE,N/A,N/A,N/A,0,0,0,0,0,0,FALSE,,0,,0
7451,Deonar,Deonar,7451,Active,Community,India,Deonar (Rotary),2025 - 2026,3141,Zone 4,Zone 4,13,No,No,FALSE,0,0,0,FALSE,TRUE,Rotaract President,2025 - 2026,N,0,0,0,0,0,0,FALSE,,0,,0
218546,DGMC/Deviprasad Goenka Management College of Media Studies,DGMC/Deviprasad Goenka Management College of Media Studies,218546,Active,University,India,Bombay Airport (Rotary),2025 - 2026,3141,Zone 4,Zone 4,13,No,No,FALSE,0,0,0,FALSE,TRUE,Rotaract President,2025 - 2026,N,0,0,0,0,0,0,FALSE,,0,,0
83636,DTSS College of Commerce,DTSS College of Commerce,83636,Active,University,India,Bombay North West-Malad (Rotary),2026 - 2027,3141,Zone 4,Zone 4,2,No,Yes,FALSE,0,0,0,FALSE,FALSE,N/A,N/A,N/A,0,0,0,0,0,0,FALSE,,0,,0
8826354,DY Patil International School,DY Patil International School,8826354,Active,University,India,Mumbai Sobo (Rotary),2024 - 2025,3141,Zone 4,Zone 4,16,Yes,No,TRUE,8496,88.5,8496,TRUE,TRUE,Rotaract President,2024 - 2025,N,0,0,0,0,0,0,FALSE,,0,,0
88864,Fr. Conceicao Rodrigues College of Engineering,Fr. Conceicao Rodrigues College of Engineering,88864,Active,University,India,Bombay Bandra (Rotary),2025 - 2026,3141,Zone 4,Zone 4,8,Yes,No,TRUE,8562,89.19,8562,TRUE,TRUE,Rotaract President,2025 - 2026,N,0,0,0,0,0,0,FALSE,,0,,0
213286,Ghanshyamdas Saraf College,Ghanshyamdas Saraf College,213286,Active,University,India,Mumbai West Coast (Rotary),2026 - 2027,3141,Zone 4,Zone 4,29,No,Yes,FALSE,0,0,0,FALSE,FALSE,N/A,N/A,N/A,0,0,0,0,0,0,FALSE,,0,,0
91260,G.N. Khalsa College,G.N. Khalsa College,91260,Active,University,India,,2024 - 2025,3141,Zone 4,Zone 4,10,Yes,No,TRUE,5310,55.31,5310,FALSE,TRUE,Rotaract President,2024 - 2025,N,0,0,0,0,0,0,FALSE,,0,,0
8827742,"Gokhale Education Society’s Arts, Commerce & Science College","Gokhale Education Society’s Arts, Commerce & Science College",8827742,Active,University,India,Mumbai Borivali East (Rotary),2026 - 2027,3141,Zone 4,Zone 4,12,Yes,Yes,TRUE,6372,66.38,6372,FALSE,FALSE,N/A,N/A,N/A,0,0,0,0,0,0,FALSE,,0,,0
7439,Government Dental College,Government Dental College,7439,Active,University,India,Bombay (Rotary),2025 - 2026,3141,Zone 4,Zone 4,6,No,No,FALSE,0,0,0,FALSE,TRUE,Rotaract President,2025 - 2026,N,0,0,0,0,0,0,FALSE,,0,,0
7435,Hassaram Rijhumal College of Commerce And Economic,Hassaram Rijhumal College of Commerce And Economic,7435,Active,University,India,Bombay (Rotary),2025 - 2026,3141,Zone 4,Zone 4,50,Yes,No,TRUE,135334,1409.73,135334,TRUE,TRUE,Rotaract President,2025 - 2026,N,0,0,0,0,0,0,FALSE,,0,,0
48641,Hinduja College,Hinduja College,48641,Active,University,India,Bombay (Rotary),2026 - 2027,3141,Zone 4,Zone 4,16,No,Yes,FALSE,0,0,0,FALSE,FALSE,N/A,N/A,N/A,0,0,0,0,0,0,FALSE,,0,,0
215091,IBS Mumbai,IBS Mumbai,215091,Active,University,India,Bombay East (Rotary),2023 - 2024,3141,Zone 4,Zone 4,24,No,No,FALSE,0,0,0,FALSE,TRUE,Rotaract President,2023 - 2024,N,0,0,0,0,0,0,FALSE,,0,,0
8827651,IHM Mumbai,IHM Mumbai,8827651,Active,University,India,Bombay (Rotary),2026 - 2027,3141,Zone 4,Zone 4,14,No,Yes,FALSE,0,0,0,FALSE,FALSE,N/A,N/A,N/A,0,0,0,0,0,0,FALSE,,0,,0
218326,Indian Institute of Management Mumbai,Indian Institute of Management Mumbai,218326,Active,University,India,Bombay Powai (Rotary),2023 - 2024,3141,Zone 4,Zone 4,4,Yes,No,TRUE,6112,63.67,6112,FALSE,TRUE,Rotaract President,2023 - 2024,N,0,0,0,0,0,0,FALSE,,0,,0
8823586,ISME,ISME,8823586,Active,University,India,Bombay (Rotary),2024 - 2025,3141,Zone 4,Zone 4,34,Yes,No,TRUE,18054,188.06,18054,TRUE,TRUE,Rotaract President,2024 - 2025,N,0,0,0,0,0,0,FALSE,,0,,0
42321,Jaihind College,Jaihind College,42321,Active,University,India,Bombay (Rotary),2026 - 2027,3141,Zone 4,Zone 4,71,No,Yes,FALSE,0,0,0,FALSE,FALSE,N/A,N/A,N/A,0,0,0,0,0,0,FALSE,,0,,0
8824179,Jalan College,Jalan College,8824179,Active,University,India,Bombay Kandivli (Rotaract); Bombay Kandivli (Rotary),2026 - 2027,3141,Zone 4,Zone 4,10,Yes,Yes,TRUE,4321,45.01,4321,FALSE,FALSE,N/A,N/A,N/A,0,0,0,0,0,0,FALSE,,0,,0
8827127,JES College - Parivartan,JES College - Parivartan,8827127,Active,University,India,Mumbai Sher-E-Punjab (Rotary),2026 - 2027,3141,Zone 4,Zone 4,20,No,Yes,FALSE,0,0,0,FALSE,FALSE,N/A,N/A,N/A,0,0,0,0,0,0,FALSE,,0,,0
8824428,Kapol Vidyanidhi College,Kapol Vidyanidhi College,8824428,Active,University,India,Mumbai Kandivli West (Rotary),2025 - 2026,3141,Zone 4,Zone 4,1,Yes,No,TRUE,4828,50.29,4828,FALSE,TRUE,Rotaract President,2025 - 2026,N,0,0,0,0,0,0,FALSE,,0,,0
7373,K.C. College,K.C. College,7373,Active,University,India,Bombay Queen City (Rotary),2026 - 2027,3141,Zone 4,Zone 4,169,No,Yes,FALSE,0,0,0,FALSE,FALSE,N/A,N/A,N/A,0,0,0,0,0,0,FALSE,,0,,0
215988,K.E.S College of Commerce and Economics,K.E.S College of Commerce and Economics,215988,Active,University,India,Bombay Airport (Rotary),2020 - 2021,3141,Zone 4,Zone 4,3,Yes,No,TRUE,6053,63.05,6053,FALSE,TRUE,Rotaract President,2020 - 2021,N,0,0,0,0,0,0,FALSE,,0,,0
90867,Khandwala College,Khandwala College,90867,Active,University,India,Bombay North West-Malad (Rotary),2025 - 2026,3141,Zone 4,Zone 4,12,No,No,FALSE,0,0,0,FALSE,TRUE,Rotaract President,2025 - 2026,N,0,0,0,0,0,0,FALSE,,0,,0
213174,King's Circle Matunga,King's Circle Matunga,213174,Active,Community,India,Mumbai Mahim (Rotary),2026 - 2027,3141,Zone 4,Zone 4,9,No,Yes,FALSE,0,0,0,FALSE,FALSE,N/A,N/A,N/A,0,0,0,0,0,0,FALSE,,0,,0
88252,Lala Lajpat Rai College of Commerce,Lala Lajpat Rai College of Commerce,88252,Active,University,India,Bombay Mid-Town (Rotary),2026 - 2027,3141,Zone 4,Zone 4,42,No,Yes,FALSE,0,0,0,FALSE,FALSE,N/A,N/A,N/A,0,0,0,0,0,0,FALSE,,0,,0
8828515,Laxmichand Golwala College of Commerce & Economics,Laxmichand Golwala College of Commerce & Economics,8828515,Active,University,India,Mumbai Kalakar (Rotary),2026 - 2027,3141,Zone 4,Zone 4,14,No,Yes,FALSE,0,0,0,FALSE,FALSE,N/A,N/A,N/A,0,0,0,0,0,0,FALSE,,0,,0
212558,Lotus College of Optometry,Lotus College of Optometry,212558,Active,University,India,Bombay Seacoast (Rotary),2025 - 2026,3141,Zone 4,Zone 4,8,Yes,No,TRUE,4694,48.9,4694,FALSE,TRUE,Rotaract President,2025 - 2026,N,0,0,0,0,0,0,FALSE,,0,,0
8826678,LS Raheja School of Architecture,LS Raheja School of Architecture,8826678,Active,University,India,Mumbai Neo (Rotary),2025 - 2026,3141,Zone 4,Zone 4,39,No,No,FALSE,0,0,0,FALSE,TRUE,Rotaract President,2025 - 2026,N,0,0,0,0,0,0,FALSE,,0,,0
90444,Maniben Nanavati Women's College,Maniben Nanavati Women's College,90444,Active,University,India,Bombay Airport (Rotary),2025 - 2026,3141,Zone 4,Zone 4,65,Yes,No,TRUE,44570,464.27,44570,TRUE,TRUE,Rotaract President,2025 - 2026,N,0,0,0,0,0,0,FALSE,,0,,0
218330,Medicrew,Medicrew,218330,Active,Community,India,Bombay Pier (Rotary),2026 - 2027,3141,Zone 4,Zone 4,26,No,Yes,FALSE,0,0,0,FALSE,FALSE,N/A,N/A,N/A,0,0,0,0,0,0,FALSE,,0,,0
8825387,Mithibai College,Mithibai College,8825387,Active,University,India,Bombay West (Rotary),2026 - 2027,3141,Zone 4,Zone 4,10,No,Yes,FALSE,0,0,0,FALSE,FALSE,N/A,N/A,N/A,0,0,0,0,0,0,FALSE,,0,,0
8823750,MMK College,MMK College,8823750,Active,University,India,Mumbai Iconic (Rotary),2025 - 2026,3141,Zone 4,Zone 4,3,Yes,No,TRUE,1860,19.38,1860,FALSE,TRUE,Rotaract President,2025 - 2026,N,0,0,0,0,0,0,FALSE,,0,,0
8828011,Mulund College of Commerce,Mulund College of Commerce,8828011,Active,University,India,Bombay Mulund Valley (Rotary),2026 - 2027,3141,Zone 4,Zone 4,4,No,Yes,FALSE,0,0,0,FALSE,FALSE,N/A,N/A,N/A,0,0,0,0,0,0,FALSE,,0,,0
213037,Mulund Hills,Mulund Hills,213037,Active,Community,India,Mulund Hills (Rotary),2026 - 2027,3141,Zone 4,Zone 4,14,No,Yes,FALSE,0,0,0,FALSE,FALSE,N/A,N/A,N/A,0,0,0,0,0,0,FALSE,,0,,0
92272,Mulund Hill View,Mulund Hill View,92272,Active,Community,India,Mulund Hill View (Rotary),2024 - 2025,3141,Zone 4,Zone 4,9,No,No,FALSE,0,0,0,FALSE,TRUE,Rotaract President,2024 - 2025,N,0,0,0,0,0,0,FALSE,,0,,0
91947,Mumbai Anchors,Mumbai Anchors,91947,Active,Community,India,Borivli (Rotary),2026 - 2027,3141,Zone 4,Zone 4,14,No,Yes,FALSE,0,0,0,FALSE,FALSE,N/A,N/A,N/A,0,0,0,0,0,0,FALSE,,0,,0
90351,Mumbai Bandra Kurla Complex,Mumbai Bandra Kurla Complex,90351,Active,Community,India,Mumbai Bandra Kurla Complex (Rotary),2026 - 2027,3141,Zone 4,Zone 4,15,No,Yes,FALSE,0,0,0,FALSE,FALSE,N/A,N/A,N/A,0,0,0,0,0,0,FALSE,,0,,0
8828562,Mumbai Bhandup,Mumbai Bhandup,8828562,Active,Community,India,Mumbai-Bhandup (Rotary),2026 - 2027,3141,Zone 4,Zone 4,22,No,Yes,FALSE,0,0,0,FALSE,FALSE,N/A,N/A,N/A,0,0,0,0,0,0,TRUE,20-Jul-2026,22,,0
7505,Mumbai Downtown,Mumbai Downtown,7505,Active,Community,India,Mumbai Down Town Sea Land (Rotary),2026 - 2027,3141,Zone 4,Zone 4,17,No,Yes,FALSE,0,0,0,FALSE,FALSE,N/A,N/A,N/A,0,0,0,0,0,0,FALSE,,0,,0
8823907,Mumbai Elegant,Mumbai Elegant,8823907,Active,Community,India,Mumbai Elegant (Rotary),2026 - 2027,3141,Zone 4,Zone 4,7,No,Yes,FALSE,0,0,0,FALSE,FALSE,N/A,N/A,N/A,0,0,0,0,0,0,FALSE,,0,,0
7503,Mumbai Ghatkopar,Mumbai Ghatkopar,7503,Active,Community,India,Mumbai Ghatkopar (Rotary),2026 - 2027,3141,Zone 4,Zone 4,29,No,Yes,FALSE,0,0,0,FALSE,FALSE,N/A,N/A,N/A,0,0,0,0,0,0,FALSE,,0,,0
218512,Mumbai Ghatkopar West,Mumbai Ghatkopar West,218512,Active,Community,India,Mumbai Ghatkopar West (Rotary),2023 - 2024,3141,Zone 4,Zone 4,9,Yes,No,TRUE,11035,114.95,11035,TRUE,TRUE,Rotaract President,2023 - 2024,N,0,0,0,0,0,0,FALSE,,0,,0
8826490,Mumbai Greens,Mumbai Greens,8826490,Active,Community,India,Mumbai Greens (Rotary),2025 - 2026,3141,Zone 4,Zone 4,15,No,No,FALSE,0,0,0,FALSE,TRUE,Rotaract President,2025 - 2026,N,0,0,0,0,0,0,FALSE,,0,,0
222307,Mumbai Jewels,Mumbai Jewels,222307,Active,Community,India,Mumbai Jewels (Rotary),2026 - 2027,3141,Zone 4,Zone 4,25,No,Yes,FALSE,0,0,0,FALSE,FALSE,N/A,N/A,N/A,0,0,0,0,0,0,FALSE,,0,,1
8828592,Mumbai JVLR Connect,Mumbai JVLR Connect,8828592,Active,Community,India,Mumbai Sher-E-Punjab (Rotary),2026 - 2027,3141,Zone 4,Zone 4,15,No,Yes,FALSE,0,0,0,FALSE,FALSE,N/A,N/A,N/A,0,0,0,0,0,0,TRUE,23-Jul-2026,15,,0
8827159,Mumbai JVPD,Mumbai JVPD,8827159,Active,Community,India,JVPD Mumbai (Rotary),2026 - 2027,3141,Zone 4,Zone 4,20,Yes,Yes,TRUE,16992,177,16992,TRUE,FALSE,N/A,N/A,N/A,0,0,0,0,0,0,FALSE,,0,,0
8825353,Mumbai Lakers,Mumbai Lakers,8825353,Active,Community,India,Mumbai Lakers (Rotary),2023 - 2024,3141,Zone 4,Zone 4,19,No,No,FALSE,0,0,0,FALSE,TRUE,Rotaract President,2023 - 2024,N,0,0,0,0,0,0,FALSE,,0,,0
8828554,Mumbai Malabar Hill Coast,Mumbai Malabar Hill Coast,8828554,Active,Community,India,Mumbai Malabar Hill (Rotary),2026 - 2027,3141,Zone 4,Zone 4,19,No,Yes,FALSE,0,0,0,FALSE,FALSE,N/A,N/A,N/A,0,0,0,0,0,0,TRUE,20-Jul-2026,19,,0
8823706,Mumbai Marvels,Mumbai Marvels,8823706,Active,Community,India,Mumbai Marvels (Rotary),2026 - 2027,3141,Zone 4,Zone 4,1,Yes,Yes,TRUE,11747,122.36,11747,TRUE,FALSE,N/A,N/A,N/A,0,0,0,0,0,0,FALSE,,0,,0
8826739,Mumbai Medico Marvels,Mumbai Medico Marvels,8826739,Active,Community,India,Bombay Central (Rotary),2026 - 2027,3141,Zone 4,Zone 4,41,No,Yes,FALSE,0,0,0,FALSE,FALSE,N/A,N/A,N/A,0,0,0,0,0,0,FALSE,,0,,0
7365,Mumbai Mulund South,Mumbai Mulund South,7365,Active,Community,India,Mumbai Mulund South (Rotary); Mumbai South Cuffe Parade (Rotary),2026 - 2027,3141,Zone 4,Zone 4,18,No,Yes,FALSE,0,0,0,FALSE,FALSE,N/A,N/A,N/A,0,0,0,0,0,0,FALSE,,0,,0
218293,Mumbai Nariman Point,Mumbai Nariman Point,218293,Active,Community,India,Mumbai Nariman Point (Rotary),2026 - 2027,3141,Zone 4,Zone 4,45,No,Yes,FALSE,0,0,0,FALSE,FALSE,N/A,N/A,N/A,0,0,0,0,0,0,FALSE,,0,,0
8824998,Mumbai Nova,Mumbai Nova,8824998,Active,Community,India,Mumbai Nova (Rotary),2026 - 2027,3141,Zone 4,Zone 4,9,No,Yes,FALSE,0,0,0,FALSE,FALSE,N/A,N/A,N/A,0,0,0,0,0,0,FALSE,,0,,0
213245,Mumbai Salt City,Mumbai Salt City,213245,Active,Community,India,Mumbai Salt City (Rotary),2026 - 2027,3141,Zone 4,Zone 4,16,No,Yes,FALSE,0,0,0,FALSE,FALSE,N/A,N/A,N/A,0,0,0,0,0,0,FALSE,,0,,0
69205,Mumbai Shivaji Park,Mumbai Shivaji Park,69205,Active,Community,India,,2026 - 2027,3141,Zone 4,Zone 4,16,No,Yes,FALSE,0,0,0,FALSE,FALSE,N/A,N/A,N/A,0,0,0,0,0,0,FALSE,,0,,0
216900,Mumbai Sky City,Mumbai Sky City,216900,Active,Community,India,Mumbai West Coast (Rotary),2026 - 2027,3141,Zone 4,Zone 4,26,No,Yes,FALSE,0,0,0,FALSE,FALSE,N/A,N/A,N/A,0,0,0,0,0,0,FALSE,,0,,0
8827497,Mumbai Southern Empire,Mumbai Southern Empire,8827497,Active,Community,India,Bombay North (Rotary),2026 - 2027,3141,Zone 4,Zone 4,14,No,Yes,FALSE,0,0,0,FALSE,FALSE,N/A,N/A,N/A,0,0,0,0,0,0,FALSE,,0,,0
8828586,Mumbai Spark,Mumbai Spark,8828586,Active,Community,India,Addiction Prevention 3141 (Rotary); Mumbai Mulund East (Rotary),2026 - 2027,3141,Zone 4,Zone 4,13,No,Yes,FALSE,0,0,0,FALSE,FALSE,N/A,N/A,N/A,0,0,0,0,0,0,TRUE,27-Jul-2026,13,,0
8828042,Mumbai Versova,Mumbai Versova,8828042,Active,Community,India,Mumbai Versova (Rotary),2026 - 2027,3141,Zone 4,Zone 4,28,No,Yes,FALSE,0,0,0,FALSE,FALSE,N/A,N/A,N/A,0,0,0,0,0,0,FALSE,,0,,0
218120,Mumbai Wadala East,Mumbai Wadala East,218120,Active,Community,India,Mumbai Wadala East (Rotary),2026 - 2027,3141,Zone 4,Zone 4,5,No,Yes,FALSE,0,0,0,FALSE,FALSE,N/A,N/A,N/A,0,0,0,0,0,0,FALSE,,0,,0
213639,Mumbai Western Elite,Mumbai Western Elite,213639,Active,Community,India,Mumbai Western Elite (Rotary),2026 - 2027,3141,Zone 4,Zone 4,28,No,Yes,FALSE,0,0,0,FALSE,FALSE,N/A,N/A,N/A,0,0,0,0,0,0,FALSE,,0,,0
218430,M V Mandali's Colleges of Commerce and Science,M V Mandali's Colleges of Commerce and Science,218430,Active,University,India,Mumbai Juhu (Rotary),2025 - 2026,3141,Zone 4,Zone 4,17,No,No,FALSE,0,0,0,FALSE,TRUE,Rotaract President,2025 - 2026,N,0,0,0,0,0,0,FALSE,,0,,0
43378,Narsee Monjee College,Narsee Monjee College,43378,Active,University,India,Bombay West (Rotary),2025 - 2026,3141,Zone 4,Zone 4,12,No,No,FALSE,0,0,0,FALSE,TRUE,Rotaract President,2025 - 2026,N,0,0,0,0,0,0,FALSE,,0,,0
8827983,Navneet College,Navneet College,8827983,Active,University,India,Mumbai Down Town Sea Land (Rotary),2026 - 2027,3141,Zone 4,Zone 4,27,No,Yes,FALSE,0,0,0,FALSE,FALSE,N/A,N/A,N/A,0,0,0,0,0,0,FALSE,,0,,0
215365,Nirmala Niketan,Nirmala Niketan,215365,Active,University,India,Mumbai South Cuffe Parade (Rotary),2025 - 2026,3141,Zone 4,Zone 4,7,Yes,No,TRUE,7823,81.49,7823,TRUE,TRUE,Rotaract President,2025 - 2026,N,0,0,0,0,0,0,FALSE,,0,,0
92132,NMIMS' Anil Surendra Modi School of Commerce,NMIMS' Anil Surendra Modi School of Commerce,92132,Active,University,India,Bombay Airport (Rotary),2026 - 2027,3141,Zone 4,Zone 4,22,No,Yes,FALSE,0,0,0,FALSE,FALSE,N/A,N/A,N/A,0,0,0,0,0,0,FALSE,,0,,0
215636,Northern Suburbs,Northern Suburbs,215636,Active,Community,India,Mira Road (Rotary),2026 - 2027,3141,Zone 4,Zone 4,16,No,Yes,FALSE,0,0,0,FALSE,FALSE,N/A,N/A,N/A,0,0,0,0,0,0,FALSE,,0,,1
8825352,NSS College Tardeo,NSS College Tardeo,8825352,Active,University,India,Bombay Sea Face (Rotary),2024 - 2025,3141,Zone 4,Zone 4,8,Yes,No,TRUE,4248,44.25,4248,FALSE,TRUE,Rotaract President,2024 - 2025,N,0,0,0,0,0,0,FALSE,,0,,0
90680,Palghar,Palghar,90680,Active,Community,India,Palghar (Rotary),2026 - 2027,3141,Zone 4,Zone 4,22,No,Yes,FALSE,0,0,0,FALSE,FALSE,N/A,N/A,N/A,0,0,0,0,0,0,FALSE,,0,,0
8824218,Parleshwar GenZ,Parleshwar GenZ,8824218,Active,Community,India,Mumbai Parleshwar (Rotary),2026 - 2027,3141,Zone 4,Zone 4,22,No,Yes,FALSE,0,0,0,FALSE,FALSE,N/A,N/A,N/A,0,0,0,0,0,0,FALSE,,0,,0
43442,Parle Tilak Vidyalaya Association's M.L.Dahanukar College of Commerce,Parle Tilak Vidyalaya Association's M.L.Dahanukar College of Commerce,43442,Active,University,India,Bombay Airport (Rotary),2026 - 2027,3141,Zone 4,Zone 4,45,No,Yes,FALSE,0,0,0,FALSE,FALSE,N/A,N/A,N/A,0,0,0,0,0,0,FALSE,,0,,0
217247,Pearl Mumbai,Pearl Mumbai,217247,Active,University,India,Mumbai Divas (Rotary),2024 - 2025,3141,Zone 4,Zone 4,14,Yes,No,TRUE,7434,77.44,7434,TRUE,TRUE,Rotaract President,2024 - 2025,N,0,0,0,0,0,0,FALSE,,0,,0
8825854,Podar World College,Podar World College,8825854,Active,University,India,Mumbai Horizons (Rotary),2025 - 2026,3141,Zone 4,Zone 4,27,No,No,FALSE,0,0,0,FALSE,TRUE,Rotaract President,2025 - 2026,N,0,0,0,0,0,0,FALSE,,0,,0
215156,Prabhavati Padamshi Soni International Jr. College,Prabhavati Padamshi Soni International Jr. College,215156,Active,University,India,Mumbai North Island (Rotary),2025 - 2026,3141,Zone 4,Zone 4,15,No,No,FALSE,0,0,0,FALSE,TRUE,Rotaract President,2025 - 2026,N,0,0,0,0,0,0,FALSE,,0,,0
8827100,Principal K. M. Kundnani College of Pharmacy,Principal K. M. Kundnani College of Pharmacy,8827100,Active,University,India,Bombay Mid-Town (Rotary),2026 - 2027,3141,Zone 4,Zone 4,18,Yes,Yes,TRUE,9558,99.56,9558,TRUE,FALSE,N/A,N/A,N/A,0,0,0,0,0,0,FALSE,,0,,0
90344,Ramnarain Ruia College,Ramnarain Ruia College,90344,Active,University,India,Mumbai Mahim (Rotary),2026 - 2027,3141,Zone 4,Zone 4,36,No,Yes,FALSE,0,0,0,FALSE,FALSE,N/A,N/A,N/A,0,0,0,0,0,0,FALSE,,0,,0
42889,R.J. College,R.J. College,42889,Active,University,India,Mumbai Ghatkopar (Rotary),2026 - 2027,3141,Zone 4,Zone 4,77,No,Yes,FALSE,0,0,0,FALSE,FALSE,N/A,N/A,N/A,0,0,0,0,0,0,FALSE,,0,,0
7415,Sathaye College,Sathaye College,7415,Active,University,India,Bombay West (Rotary),2026 - 2027,3141,Zone 4,Zone 4,32,No,Yes,FALSE,0,0,0,FALSE,FALSE,N/A,N/A,N/A,0,0,0,0,0,0,FALSE,,0,,0
8828263,Shri MD Shah Mahila College of Arts and Commerce,Shri MD Shah Mahila College of Arts and Commerce,8828263,Active,University,India,Mumbai Royales (Rotary),2026 - 2027,3141,Zone 4,Zone 4,14,No,Yes,FALSE,0,0,0,FALSE,FALSE,N/A,N/A,N/A,0,0,0,0,0,0,FALSE,,0,,0
89259,SIES College Sion (W),SIES College Sion (W),89259,Active,University,India,Bombay Pier (Rotary),2026 - 2027,3141,Zone 4,Zone 4,49,No,Yes,FALSE,0,0,0,FALSE,FALSE,N/A,N/A,N/A,0,0,0,0,0,0,FALSE,,0,,0
216121,SIES Sion (East),SIES Sion (East),216121,Active,University,India,Bombay Mulund Valley (Rotary),2026 - 2027,3141,Zone 4,Zone 4,31,No,Yes,FALSE,0,0,0,FALSE,FALSE,N/A,N/A,N/A,0,0,0,0,0,0,FALSE,,0,,0
8823184,Singapore International School,Singapore International School,8823184,Active,University,India,Mumbai Elegant (Rotary),2023 - 2024,3141,Zone 4,Zone 4,3,Yes,No,TRUE,3115,32.45,3115,FALSE,TRUE,Rotaract President,2023 - 2024,N,0,0,0,0,0,0,FALSE,,0,,0
215349,Sinhgad College,Sinhgad College,215349,Active,University,India,Mumbai Lakers (Rotary),2023 - 2024,3141,Zone 4,Zone 4,27,No,No,FALSE,0,0,0,FALSE,TRUE,Rotaract President,2023 - 2024,N,0,0,0,0,0,0,FALSE,,0,,0
217533,SNDT College,SNDT College,217533,Active,University,India,Mumbai South Cuffe Parade (Rotary),2022 - 2023,3141,Zone 4,Zone 4,3,Yes,No,TRUE,1593,16.59,1593,FALSE,TRUE,Rotaract President,2022 - 2023,N,0,0,0,0,0,0,FALSE,,0,,0
8824122,SOBO,SOBO,8824122,Active,Community,India,Mumbai Sobo (Rotary),2022 - 2023,3141,Zone 4,Zone 4,2,Yes,No,TRUE,1699,17.7,1699,FALSE,TRUE,Rotaract President,2022 - 2023,N,0,0,0,0,0,0,FALSE,,0,,0
214435,Sophia College for Women,Sophia College for Women,214435,Active,University,India,Bombay Central (Rotary),2026 - 2027,3141,Zone 4,Zone 4,87,No,Yes,FALSE,0,0,0,FALSE,FALSE,N/A,N/A,N/A,0,0,0,0,0,0,FALSE,,0,,0
217272,S P C E,S P C E,217272,Active,University,India,Bombay Mahakali Heights (Rotary),2026 - 2027,3141,Zone 4,Zone 4,3,No,Yes,FALSE,0,0,0,FALSE,FALSE,N/A,N/A,N/A,0,0,0,0,0,0,FALSE,,0,,0
90067,S.P.I.T.,S.P.I.T.,90067,Active,University,India,Mumbai Juhu (Rotary),2025 - 2026,3141,Zone 4,Zone 4,1,Yes,No,TRUE,8347,86.95,8347,TRUE,TRUE,Rotaract President,2025 - 2026,N,0,0,0,0,0,0,FALSE,,0,,0
212512,S.P.N. Doshi Womens College,S.P.N. Doshi Womens College,212512,Active,University,India,Mumbai Ghatkopar (Rotary),2025 - 2026,3141,Zone 4,Zone 4,23,Yes,No,TRUE,12748,132.79,12748,TRUE,TRUE,Rotaract President,2025 - 2026,N,0,0,0,0,0,0,FALSE,,0,,0
214378,St. Mathew's Jr. College,St. Mathew's Jr. College,214378,Active,University,India,Queen's Necklace (Rotary),2019 - 2020,3141,Zone 4,Zone 4,3,Yes,No,TRUE,6053,63.05,6053,FALSE,TRUE,Rotaract President,2019 - 2020,N,0,0,0,0,0,0,FALSE,,0,,0
218485,Sydenham College,Sydenham College,218485,Active,University,India,Bombay (Rotary),2026 - 2027,3141,Zone 4,Zone 4,25,No,Yes,FALSE,0,0,0,FALSE,FALSE,N/A,N/A,N/A,0,0,0,0,0,0,FALSE,,0,,0
215309,TCET,TCET,215309,Active,University,India,Mumbai Borivali East (Rotary),2026 - 2027,3141,Zone 4,Zone 4,48,No,Yes,FALSE,0,0,0,FALSE,FALSE,N/A,N/A,N/A,0,0,0,0,0,0,FALSE,,0,,0
213377,Thadomal Shahani Engineering College,Thadomal Shahani Engineering College,213377,Active,University,India,Bombay Airport (Rotary),2026 - 2027,3141,Zone 4,Zone 4,36,No,Yes,FALSE,0,0,0,FALSE,FALSE,N/A,N/A,N/A,0,0,0,0,0,0,FALSE,,0,,0
8825948,Thakur College of Science and Commerce,Thakur College of Science and Commerce,8825948,Active,University,India,Bombay Kandivli (Rotary),2024 - 2025,3141,Zone 4,Zone 4,18,Yes,No,TRUE,9558,99.56,9558,TRUE,TRUE,Rotaract President,2024 - 2025,N,0,0,0,0,0,0,FALSE,,0,,0
217638,"Universal College of Engineering, Vasai","Universal College of Engineering, Vasai",217638,Active,University,India,Vasai (Rotary),2025 - 2026,3141,Zone 4,Zone 4,38,Yes,No,TRUE,27315,284.53,27315,TRUE,TRUE,Rotaract President,2025 - 2026,N,0,0,0,0,0,0,FALSE,,0,,0
69323,"Usha Pravin Gandhi College of Arts, Science and Commerce","Usha Pravin Gandhi College of Arts, Science and Commerce",69323,Active,University,India,Bombay West (Rotary),2026 - 2027,3141,Zone 4,Zone 4,17,No,Yes,FALSE,0,0,0,FALSE,FALSE,N/A,N/A,N/A,0,0,0,0,0,0,FALSE,,0,,0
8825090,Valia C L College of Commerce and Valia L C College of Arts,Valia C L College of Commerce and Valia L C College of Arts,8825090,Active,University,India,Mumbai Juhu (Rotary),2026 - 2027,3141,Zone 4,Zone 4,15,No,Yes,FALSE,0,0,0,FALSE,FALSE,N/A,N/A,N/A,0,0,0,0,0,0,FALSE,,0,,0
213632,VES College of Pharmacy,VES College of Pharmacy,213632,Active,University,India,Mumbai Ghatkopar (Rotary),2026 - 2027,3141,Zone 4,Zone 4,47,No,Yes,FALSE,0,0,0,FALSE,FALSE,N/A,N/A,N/A,0,0,0,0,0,0,FALSE,,0,,0
213901,Vikhroli,Vikhroli,213901,Active,Community,India,Mumbai-Bhandup (Rotary),2024 - 2025,3141,Zone 4,Zone 4,5,Yes,No,TRUE,8307,86.53,8307,TRUE,TRUE,Rotaract President,2024 - 2025,N,0,0,0,0,0,0,FALSE,,0,,0
8826741,Virar,Virar,8826741,Active,Community,India,Virar (Rotary),2026 - 2027,3141,Zone 4,Zone 4,21,No,Yes,FALSE,0,0,0,FALSE,FALSE,N/A,N/A,N/A,0,0,0,0,0,0,FALSE,,0,,0
8823214,Vivek College of Commerce,Vivek College of Commerce,8823214,Active,University,India,Mumbai Juhu (Rotary),2023 - 2024,3141,Zone 4,Zone 4,12,Yes,No,TRUE,6372,66.38,6372,FALSE,TRUE,Rotaract President,2023 - 2024,N,0,0,0,0,0,0,FALSE,,0,,0
91371,Wilson College,Wilson College,91371,Active,University,India,Mumbai Down Town Sea Land (Rotary),2026 - 2027,3141,Zone 4,Zone 4,57,No,Yes,FALSE,0,0,0,FALSE,FALSE,N/A,N/A,N/A,0,0,0,0,0,0,FALSE,,0,,0
215384,Worli Lalbaug,Worli Lalbaug,215384,Active,Community,India,Bombay Worli (Rotary),2026 - 2027,3141,Zone 4,Zone 4,25,No,Yes,FALSE,0,0,0,FALSE,FALSE,N/A,N/A,N/A,0,0,0,0,0,0,FALSE,,0,,0
8823945,Achievers College,Achievers College,8823945,Active,University,India,New Kalyan (Rotary),2026 - 2027,3142,Zone 4,Zone 4,15,No,Yes,FALSE,0,0,0,FALSE,FALSE,N/A,N/A,N/A,0,0,0,0,0,0,FALSE,,0,,0
8824583,Amaara Thane,Amaara Thane,8824583,Active,Community,India,Aarna Thane (Rotary),2024 - 2025,3142,Zone 4,Zone 4,8,Yes,No,TRUE,6797,70.8,6797,FALSE,TRUE,Rotaract President,2024 - 2025,N,0,0,0,0,0,0,FALSE,,0,,0
7519,Ambarnath,Ambarnath,7519,Active,Community,India,Ambarnath (Rotary),2026 - 2027,3142,Zone 4,Zone 4,7,Yes,Yes,TRUE,6445,67.14,6445,FALSE,FALSE,N/A,N/A,N/A,0,0,0,0,0,0,FALSE,,0,,0
91070,Ambarnath East,Ambarnath East,91070,Active,Community,India,Ambarnath East (Rotary),2026 - 2027,3142,Zone 4,Zone 4,15,No,Yes,FALSE,0,0,0,FALSE,FALSE,N/A,N/A,N/A,0,0,0,0,0,0,FALSE,,0,,0
216993,Ambernath Smart City,Ambernath Smart City,216993,Active,Community,India,Ambernath Smart City (Rotary),2025 - 2026,3142,Zone 4,Zone 4,6,Yes,No,TRUE,4248,44.25,4248,FALSE,TRUE,Rotaract President,2025 - 2026,N,0,0,0,0,0,0,FALSE,,0,,0
8826836,Badlapur Smart City,Badlapur Smart City,8826836,Active,Community,India,Badlapur Smart City (Rotary),2025 - 2026,3142,Zone 4,Zone 4,18,Yes,No,TRUE,16075,167.45,16075,TRUE,TRUE,Rotaract President,2025 - 2026,N,0,0,0,0,0,0,FALSE,,0,,0
77079,Bharati Vidyapeeth Belapur,Bharati Vidyapeeth Belapur,77079,Active,University,India,Navi Mumbai Hill Side (Rotary),2025 - 2026,3142,Zone 4,Zone 4,12,No,No,FALSE,0,0,0,FALSE,TRUE,Rotaract President,2025 - 2026,N,0,0,0,0,0,0,FALSE,,0,,0
213341,Bharati Vidyapeeth Sunrise,Bharati Vidyapeeth Sunrise,213341,Active,University,India,Navi Mumbai Sunrise (Rotary),2026 - 2027,3142,Zone 4,Zone 4,12,Yes,Yes,TRUE,6372,66.38,6372,FALSE,FALSE,N/A,N/A,N/A,0,0,0,0,0,0,FALSE,,0,,0
83413,B. K. Birla College,B. K. Birla College,83413,Active,University,India,Kalyan (Rotary),2025 - 2026,3142,Zone 4,Zone 4,27,No,No,FALSE,0,0,0,FALSE,TRUE,Rotaract President,2025 - 2026,N,0,0,0,0,0,0,FALSE,,0,,0
217042,"CHM College, Ulhasnagar","CHM College, Ulhasnagar",217042,Active,University,India,Ulhasnagar (Rotary),2025 - 2026,3142,Zone 4,Zone 4,5,Yes,No,TRUE,2655,27.66,2655,FALSE,TRUE,Rotaract President,2025 - 2026,N,0,0,0,0,0,0,FALSE,,0,,0
8828114,Dnyan Ganga College of Pharmacy,Dnyan Ganga College of Pharmacy,8828114,Active,University,India,Thane Ghodbunder Road (Rotary),2026 - 2027,3142,Zone 4,Zone 4,20,No,Yes,FALSE,0,0,0,FALSE,FALSE,N/A,N/A,N/A,0,0,0,0,0,0,FALSE,,0,,0
7449,Dombivli,Dombivli,7449,Active,Community,India,Dombivli (Rotary),2026 - 2027,3142,Zone 4,Zone 4,12,No,Yes,FALSE,0,0,0,FALSE,FALSE,N/A,N/A,N/A,0,0,0,0,0,0,FALSE,,0,,0
8825127,Dombivli Downtown,Dombivli Downtown,8825127,Active,Community,India,Dombivli Downtown (Rotary),2026 - 2027,3142,Zone 4,Zone 4,12,No,Yes,FALSE,0,0,0,FALSE,FALSE,N/A,N/A,N/A,0,0,0,0,0,0,FALSE,,0,,0
90349,Dombivli East,Dombivli East,90349,Active,Community,India,Dombivli East (Rotary),2026 - 2027,3142,Zone 4,Zone 4,18,Yes,Yes,TRUE,14443,150.45,14443,TRUE,FALSE,N/A,N/A,N/A,0,0,0,0,0,0,FALSE,,0,,0
85652,Dombivli Midtown Youth,Dombivli Midtown Youth,85652,Active,Community,India,Dombivli Midtown (Rotary),2024 - 2025,3142,Zone 4,Zone 4,7,Yes,No,TRUE,5947,61.95,5947,FALSE,TRUE,Rotaract President,2024 - 2025,N,0,0,0,0,0,0,FALSE,,0,,0
91529,Dombivli Sun City,Dombivli Sun City,91529,Active,Community,India,Dombivli Sun City (Rotary),2026 - 2027,3142,Zone 4,Zone 4,12,Yes,Yes,TRUE,1277,13.3,1277,FALSE,FALSE,N/A,N/A,N/A,0,0,0,0,0,0,FALSE,,0,,0
8823355,D Y Patil University School of Pharmacy,D Y Patil University School of Pharmacy,8823355,Active,University,India,Navi Mumbai Industrial Area (Rotary),2025 - 2026,3142,Zone 4,Zone 4,6,No,No,FALSE,0,0,0,FALSE,TRUE,Rotaract President,2025 - 2026,N,0,0,0,0,0,0,FALSE,,0,,0
216651,DYPSBB Satellite City,DYPSBB Satellite City,216651,Active,University,India,Satellite City Navi Mumbai (Rotary),2026 - 2027,3142,Zone 4,Zone 4,28,No,Yes,FALSE,0,0,0,FALSE,FALSE,N/A,N/A,N/A,0,0,0,0,0,0,FALSE,,0,,0
71343,Hiranandani Estate,Hiranandani Estate,71343,Active,Community,India,Hiranandani Estate (Rotary),2026 - 2027,3142,Zone 4,Zone 4,5,No,Yes,FALSE,0,0,0,FALSE,FALSE,N/A,N/A,N/A,0,0,0,0,0,0,FALSE,,0,,0
8827810,Hiranandani Legends,Hiranandani Legends,8827810,Active,Community,India,Thane Hiranandani Legends (Rotary),2026 - 2027,3142,Zone 4,Zone 4,5,Yes,Yes,TRUE,7717,80.39,7717,TRUE,FALSE,N/A,N/A,N/A,0,0,0,0,0,0,FALSE,,0,,0
8827597,Indala Group of Institutions,Indala Group of Institutions,8827597,Active,University,India,Central Kalyan (Rotary),2026 - 2027,3142,Zone 4,Zone 4,20,Yes,No,TRUE,10620,110.63,10620,TRUE,TRUE,Rotaract President,2025 - 2026,N,0,0,0,0,0,0,FALSE,,0,,0
8827239,Kalyan Heritage City,Kalyan Heritage City,8827239,Active,Community,India,B. K. Birla College (Rotaract); Kalyan City (Rotary),2026 - 2027,3142,Zone 4,Zone 4,19,No,Yes,FALSE,0,0,0,FALSE,FALSE,N/A,N/A,N/A,0,0,0,0,0,0,FALSE,,0,,0
8827841,Kalyan West,Kalyan West,8827841,Active,Community,India,Kalyan (Rotary),2026 - 2027,3142,Zone 4,Zone 4,20,Yes,Yes,TRUE,16992,177,16992,TRUE,FALSE,N/A,N/A,N/A,0,0,0,0,0,0,FALSE,,0,,0
215455,K.C. College of Engineering and Management Studies and Research,K.C. College of Engineering and Management Studies and Research,215455,Active,University,India,Thane Uptown (Rotary),2025 - 2026,3142,Zone 4,Zone 4,23,Yes,No,TRUE,12347,128.61,12347,TRUE,TRUE,Rotaract President,2025 - 2026,N,0,0,0,0,0,0,FALSE,,0,,0
8827803,Lekarz (DY Patil School of Medicine),Lekarz (DY Patil School of Medicine),8827803,Active,University,India,Navi Mumbai Garima (Rotary),2025 - 2026,3142,Zone 4,Zone 4,15,No,No,FALSE,0,0,0,FALSE,TRUE,Rotaract President,2025 - 2026,N,0,0,0,0,0,0,FALSE,,0,,0
7417,Navi Mumbai,Navi Mumbai,7417,Active,Community,India,Navi Mumbai (Rotary),2026 - 2027,3142,Zone 4,Zone 4,27,No,Yes,FALSE,0,0,0,FALSE,FALSE,N/A,N/A,N/A,0,0,0,0,0,0,FALSE,,0,,0
80490,Navi Mumbai Hillside,Navi Mumbai Hillside,80490,Active,Community,India,Navi Mumbai Hill Side (Rotary),2025 - 2026,3142,Zone 4,Zone 4,8,Yes,No,TRUE,6797,70.8,6797,FALSE,TRUE,Rotaract President,2025 - 2026,N,0,0,0,0,0,0,FALSE,,0,,0
91727,Navi Mumbai Industrial Area (RONMID),Navi Mumbai Industrial Area (RONMID),91727,Active,Community,India,Navi Mumbai Industrial Area (Rotary),2025 - 2026,3142,Zone 4,Zone 4,6,Yes,No,TRUE,9716,101.21,9716,TRUE,TRUE,Rotaract President,2025 - 2026,N,0,0,0,0,0,0,FALSE,,0,,0
8826812,Navi Mumbai Nexus,Navi Mumbai Nexus,8826812,Active,Community,India,Navi Mumbai Industrial Area (RONMID) (Rotaract); Navi Mumbai Industrial Area (Rotary),2025 - 2026,3142,Zone 4,Zone 4,15,Yes,No,TRUE,12744,132.75,12744,TRUE,TRUE,Rotaract President,2024 - 2025,N,0,0,0,0,0,0,FALSE,,0,,0
8824563,Navi Mumbai Samaritans,Navi Mumbai Samaritans,8824563,Active,Community,India,Navi Mumbai Samaritans (Rotary),2026 - 2027,3142,Zone 4,Zone 4,5,No,Yes,FALSE,0,0,0,FALSE,FALSE,N/A,N/A,N/A,0,0,0,0,0,0,FALSE,,0,,0
218662,Navi Mumbai Sunrise,Navi Mumbai Sunrise,218662,Active,Community,India,Navi Mumbai Sunrise (Rotary),2026 - 2027,3142,Zone 4,Zone 4,19,No,Yes,FALSE,0,0,0,FALSE,FALSE,N/A,N/A,N/A,0,0,0,0,0,0,FALSE,,0,,0
213983,New Bombay Seaside,New Bombay Seaside,213983,Active,Community,India,New Bombay Seaside (Rotary),2026 - 2027,3142,Zone 4,Zone 4,31,No,Yes,FALSE,0,0,0,FALSE,FALSE,N/A,N/A,N/A,0,0,0,0,0,0,FALSE,,0,,0
8825851,New Bombees,New Bombees,8825851,Active,Community,India,Smart City Navi Mumbai (Rotary),2024 - 2025,3142,Zone 4,Zone 4,5,Yes,No,TRUE,4248,44.25,4248,FALSE,TRUE,Rotaract President,2024 - 2025,N,0,0,0,0,0,0,FALSE,,0,,0
8825966,New Dombivli,New Dombivli,8825966,Active,Community,India,New Dombivli (Rotary),2026 - 2027,3142,Zone 4,Zone 4,7,No,Yes,FALSE,0,0,0,FALSE,FALSE,N/A,N/A,N/A,0,0,0,0,0,0,FALSE,,0,,0
8825217,New Kalyan,New Kalyan,8825217,Active,Community,India,New Kalyan (Rotary),2026 - 2027,3142,Zone 4,Zone 4,12,No,Yes,FALSE,0,0,0,FALSE,FALSE,N/A,N/A,N/A,0,0,0,0,0,0,FALSE,,0,,0
216273,NMIMS Sunrise,NMIMS Sunrise,216273,Active,University,India,Navi Mumbai Sunrise (Rotary),2026 - 2027,3142,Zone 4,Zone 4,226,No,Yes,FALSE,0,0,0,FALSE,FALSE,N/A,N/A,N/A,0,0,0,0,0,0,FALSE,,0,,0
8824627,NRI Complex,NRI Complex,8824627,Active,Community,India,Navi Mumbai Industrial Area (RONMID) (Rotaract),2024 - 2025,3142,Zone 4,Zone 4,1,Yes,No,TRUE,2545,26.51,2545,FALSE,TRUE,Rotaract President,2024 - 2025,N,0,0,0,0,0,0,FALSE,,0,,0
89153,Saraswati College,Saraswati College,89153,Active,University,India,Navi Mumbai (Rotary),2026 - 2027,3142,Zone 4,Zone 4,31,No,Yes,FALSE,0,0,0,FALSE,FALSE,N/A,N/A,N/A,0,0,0,0,0,0,FALSE,,0,,0
8827868,Shivajirao S. Jondhale College of Engineering,Shivajirao S. Jondhale College of Engineering,8827868,Active,University,India,Dombivli (Rotaract); Dombivli (Rotary),2025 - 2026,3142,Zone 4,Zone 4,21,No,No,FALSE,0,0,0,FALSE,TRUE,Rotaract President,2025 - 2026,N,0,0,0,0,0,0,FALSE,,0,,0
8828377,SIES Graduate School of Technology,SIES Graduate School of Technology,8828377,Active,University,India,New Bombay Seaside (Rotary),2026 - 2027,3142,Zone 4,Zone 4,27,No,Yes,FALSE,0,0,0,FALSE,FALSE,N/A,N/A,N/A,0,0,0,0,0,0,FALSE,,0,,0
42507,"S.I.E.S. (Nerul) College of Arts, Science, & Commerce","S.I.E.S. (Nerul) College of Arts, Science, & Commerce",42507,Active,University,India,New Bombay Seaside (Rotary),2026 - 2027,3142,Zone 4,Zone 4,23,No,Yes,FALSE,0,0,0,FALSE,FALSE,N/A,N/A,N/A,0,0,0,0,0,0,FALSE,,0,,0
214443,Singhania School,Singhania School,214443,Active,University,India,Thane Northend (Rotary),2021 - 2022,3142,Zone 4,Zone 4,6,Yes,No,TRUE,9169,95.51,9169,TRUE,TRUE,Rotaract President,2021 - 2022,N,0,0,0,0,0,0,FALSE,,0,,0
8825257,S. K. College Millennium City,S. K. College Millennium City,8825257,Active,University,India,Millennium City (Rotary),2026 - 2027,3142,Zone 4,Zone 4,39,No,Yes,FALSE,0,0,0,FALSE,FALSE,N/A,N/A,N/A,0,0,0,0,0,0,FALSE,,0,,0
213296,Smart City Navi Mumbai,Smart City Navi Mumbai,213296,Active,Community,India,Smart City Navi Mumbai (Rotary),2026 - 2027,3142,Zone 4,Zone 4,16,Yes,Yes,TRUE,5077,52.89,5077,FALSE,FALSE,N/A,N/A,N/A,0,0,0,0,0,0,FALSE,,0,,0
218632,Thane,Thane,218632,Active,Community,India,Thane (Rotary),2026 - 2027,3142,Zone 4,Zone 4,13,No,Yes,FALSE,0,0,0,FALSE,FALSE,N/A,N/A,N/A,0,0,0,0,0,0,FALSE,,0,,0
217109,Thane Creekside,Thane Creekside,217109,Active,Community,India,Thane Creekside (Rotary),2026 - 2027,3142,Zone 4,Zone 4,7,No,Yes,FALSE,0,0,0,FALSE,FALSE,N/A,N/A,N/A,0,0,0,0,0,0,FALSE,,0,,0
91652,Thane Downtown,Thane Downtown,91652,Active,Community,India,Thane Downtown (Rotary),2026 - 2027,3142,Zone 4,Zone 4,31,No,Yes,FALSE,0,0,0,FALSE,FALSE,N/A,N/A,N/A,0,0,0,0,0,0,FALSE,,0,,0
215136,Thane East,Thane East,215136,Active,Community,India,Thane East (Rotary),2026 - 2027,3142,Zone 4,Zone 4,10,No,Yes,FALSE,0,0,0,FALSE,FALSE,N/A,N/A,N/A,0,0,0,0,0,0,FALSE,,0,,0
8824182,Thane Greenspans,Thane Greenspans,8824182,Active,Community,India,Thane Greenspans (Rotary),2026 - 2027,3142,Zone 4,Zone 4,8,No,Yes,FALSE,0,0,0,FALSE,FALSE,N/A,N/A,N/A,0,0,0,0,0,0,FALSE,,0,,0
7391,Thane Hills,Thane Hills,7391,Active,Community,India,Thane Hills (Rotary),2026 - 2027,3142,Zone 4,Zone 4,26,Yes,Yes,TRUE,23868,248.63,23868,TRUE,FALSE,N/A,N/A,N/A,0,0,0,0,0,0,FALSE,,0,,0
7399,Thane North,Thane North,7399,Active,Community,India,Thane North (Rotary),2026 - 2027,3142,Zone 4,Zone 4,29,No,Yes,FALSE,0,0,0,FALSE,FALSE,N/A,N/A,N/A,0,0,0,0,0,0,FALSE,,0,,0
90376,Thane North End,Thane North End,90376,Active,Community,India,Thane Northend (Rotary),2026 - 2027,3142,Zone 4,Zone 4,11,No,Yes,FALSE,0,0,0,FALSE,FALSE,N/A,N/A,N/A,0,0,0,0,0,0,FALSE,,0,,0
8827232,Thane Royales,Thane Royales,8827232,Active,Community,India,Thane Royales (Rotary),2025 - 2026,3142,Zone 4,Zone 4,11,Yes,No,TRUE,10057,104.76,10057,TRUE,TRUE,Rotaract President,2025 - 2026,N,0,0,0,0,0,0,FALSE,,0,,0
89852,Thane Suburban,Thane Suburban,89852,Active,Community,India,Thane Suburban (Rotary),2026 - 2027,3142,Zone 4,Zone 4,28,Yes,Yes,TRUE,25928,270.08,25928,TRUE,FALSE,N/A,N/A,N/A,0,0,0,0,0,0,FALSE,,0,,0
8825626,Thane Titans,Thane Titans,8825626,Active,Community,India,Thane Titans (Rotary),2026 - 2027,3142,Zone 4,Zone 4,14,No,Yes,FALSE,0,0,0,FALSE,FALSE,N/A,N/A,N/A,0,0,0,0,0,0,FALSE,,0,,0
8826653,Tilak College Navi Mumbai,Tilak College Navi Mumbai,8826653,Active,University,India,Millennium City (Rotary),2025 - 2026,3142,Zone 4,Zone 4,15,No,No,FALSE,0,0,0,FALSE,TRUE,Rotaract President,2025 - 2026,N,0,0,0,0,0,0,FALSE,,0,,0
90266,Ulhasnagar Sapna Garden,Ulhasnagar Sapna Garden,90266,Active,Community,India,Ulhasnagar Sapna Garden (Rotary),2026 - 2027,3142,Zone 4,Zone 4,24,No,Yes,FALSE,0,0,0,FALSE,FALSE,N/A,N/A,N/A,0,0,0,0,0,0,FALSE,,0,,0
218646,Apollo Medical College,Apollo Medical College,218646,Active,University,India,Secunderabad (Rotary),2026 - 2027,3150,Zone 7,Zone 7,57,No,Yes,FALSE,0,0,0,FALSE,FALSE,N/A,N/A,N/A,0,0,0,0,0,0,FALSE,,0,,0
8825385,BBCIT (Bankatlal Badruka College of Information Technology),BBCIT (Bankatlal Badruka College of Information Technology),8825385,Active,University,India,Hyderabad Mega City (Rotaract),2026 - 2027,3150,Zone 7,Zone 7,46,No,Yes,FALSE,0,0,0,FALSE,FALSE,N/A,N/A,N/A,0,0,0,0,0,0,FALSE,,0,,0
84602,Bhagyanagar,Bhagyanagar,84602,Active,Community,India,Bhagyanagar (Rotary),2025 - 2026,3150,Zone 7,Zone 7,18,Yes,No,TRUE,15293,159.3,15293,TRUE,TRUE,Rotaract President,2025 - 2026,N,0,0,0,0,0,0,FALSE,,0,,0
8825322,BVRIT Hyderabad College of Engineering for Women,BVRIT Hyderabad College of Engineering for Women,8825322,Active,University,India,Lake District Moinabad (Rotary),2026 - 2027,3150,Zone 7,Zone 7,108,No,Yes,FALSE,0,0,0,FALSE,FALSE,N/A,N/A,N/A,0,0,0,0,0,0,FALSE,,0,,0
8827769,Falcon,Falcon,8827769,Active,Community,India,,2026 - 2027,3150,Zone 7,Zone 7,24,No,Yes,FALSE,0,0,0,FALSE,FALSE,N/A,N/A,N/A,0,0,0,0,0,0,FALSE,,0,,0
91376,G. Narayanamma Institute of Technology & Science(Women),G. Narayanamma Institute of Technology & Science(Women),91376,Active,University,India,Hyderabad (Rotary),2025 - 2026,3150,Zone 7,Zone 7,30,No,No,FALSE,0,0,0,FALSE,TRUE,Rotaract President,2025 - 2026,N,0,0,0,0,0,0,FALSE,,0,,0
8828378,Gokaraju Rangaraju Institute of Engineering and Technology Hyderabad,Gokaraju Rangaraju Institute of Engineering and Technology Hyderabad,8828378,Active,University,India,Banjara Hills Hyderabad (Rotary),2026 - 2027,3150,Zone 7,Zone 7,23,No,Yes,FALSE,0,0,0,FALSE,FALSE,N/A,N/A,N/A,0,0,0,0,0,0,FALSE,,0,,0
8828181,Government Polytechnic Mahabubnagar,Government Polytechnic Mahabubnagar,8828181,Active,University,India,Hyderabad North (Rotary),2026 - 2027,3150,Zone 7,Zone 7,26,No,Yes,FALSE,0,0,0,FALSE,FALSE,N/A,N/A,N/A,0,0,0,0,0,0,FALSE,,0,,0
8826963,Government Vocational Junior College,Government Vocational Junior College,8826963,Active,University,India,Hanamkonda (Rotary),2026 - 2027,3150,Zone 7,Zone 7,20,Yes,Yes,TRUE,10620,110.63,10620,TRUE,FALSE,N/A,N/A,N/A,0,0,0,0,0,0,FALSE,,0,,0
8827887,Guntur Aadarsh Abhyudaya,Guntur Aadarsh Abhyudaya,8827887,Active,University,India,Guntur Aadarsh (Rotary),2025 - 2026,3150,Zone 7,Zone 7,8,No,No,FALSE,0,0,0,FALSE,TRUE,Rotaract President,2025 - 2026,N,0,0,0,0,0,0,FALSE,,0,,0
7675,Guntur (Main),Guntur (Main),7675,Active,Community,India,Guntur (Rotary),2024 - 2025,3150,Zone 7,Zone 7,4,Yes,No,TRUE,3398,35.4,3398,FALSE,TRUE,Rotaract President,2024 - 2025,N,0,0,0,0,0,0,FALSE,,0,,0
8824520,Hyderabad Corporates,Hyderabad Corporates,8824520,Active,Community,India,Hyderabad East (Rotaract); Hyderabad East (Rotary),2026 - 2027,3150,Zone 7,Zone 7,14,No,Yes,FALSE,0,0,0,FALSE,FALSE,N/A,N/A,N/A,0,0,0,0,0,0,FALSE,,0,,0
77962,Hyderabad East,Hyderabad East,77962,Active,Community,India,Hyderabad East (Rotary),2026 - 2027,3150,Zone 7,Zone 7,67,No,Yes,FALSE,0,0,0,FALSE,FALSE,N/A,N/A,N/A,0,0,0,0,0,0,FALSE,,0,,0
8828575,Hyderabad Emerald,Hyderabad Emerald,8828575,Active,Community,India,Hyderabad Emerald (Rotary),2026 - 2027,3150,Zone 7,Zone 7,17,No,Yes,FALSE,0,0,0,FALSE,FALSE,N/A,N/A,N/A,0,0,0,0,0,0,TRUE,24-Jul-2026,17,,0
212682,Hyderabad Himayat Nagar,Hyderabad Himayat Nagar,212682,Active,Community,India,Hyderabad Himayat Nagar (Rotary),2026 - 2027,3150,Zone 7,Zone 7,19,No,Yes,FALSE,0,0,0,FALSE,FALSE,N/A,N/A,N/A,0,0,0,0,0,0,FALSE,,0,,0
8826412,Hyderabad Medicos,Hyderabad Medicos,8826412,Active,Community,India,Jubilee Hills (Rotary),2026 - 2027,3150,Zone 7,Zone 7,61,No,Yes,FALSE,0,0,0,FALSE,FALSE,N/A,N/A,N/A,0,0,0,0,0,0,FALSE,,0,,0
8824640,Hyderabad Mega City,Hyderabad Mega City,8824640,Active,Community,India,Hyderabad Mega City (Rotary),2026 - 2027,3150,Zone 7,Zone 7,22,No,Yes,FALSE,0,0,0,FALSE,FALSE,N/A,N/A,N/A,0,0,0,0,0,0,FALSE,,0,,0
8824791,Hyderabad North,Hyderabad North,8824791,Active,Community,India,Hyderabad East (Rotaract); Hyderabad North (Rotary),2024 - 2025,3150,Zone 7,Zone 7,9,Yes,No,TRUE,7646,79.65,7646,TRUE,TRUE,Rotaract President,2024 - 2025,N,0,0,0,0,0,0,FALSE,,0,,0
8828015,Hyderabad Royals,Hyderabad Royals,8828015,Active,Community,India,Hyderabad Royals (Rotary),2026 - 2027,3150,Zone 7,Zone 7,12,No,Yes,FALSE,0,0,0,FALSE,FALSE,N/A,N/A,N/A,0,0,0,0,0,0,FALSE,,0,,0
8825105,Hyderabad The Legends,Hyderabad The Legends,8825105,Active,Community,India,Hyderabad The Legends (Rotary),2026 - 2027,3150,Zone 7,Zone 7,38,No,Yes,FALSE,0,0,0,FALSE,FALSE,N/A,N/A,N/A,0,0,0,0,0,0,FALSE,,0,,0
8828166,Hyderabad Trailblazers,Hyderabad Trailblazers,8828166,Active,Community,India,Hyderabad East (Rotaract),2026 - 2027,3150,Zone 7,Zone 7,20,No,Yes,FALSE,0,0,0,FALSE,FALSE,N/A,N/A,N/A,0,0,0,0,0,0,FALSE,,0,,0
8823946,Hyderabad Utsav,Hyderabad Utsav,8823946,Active,Community,India,Hyderabad East (Rotaract),2026 - 2027,3150,Zone 7,Zone 7,8,Yes,Yes,TRUE,11630,121.15,11630,TRUE,FALSE,N/A,N/A,N/A,0,0,0,0,0,0,FALSE,,0,,0
8826524,Hyderabad Visionaries,Hyderabad Visionaries,8826524,Active,Community,India,Hyderabad (Rotary),2025 - 2026,3150,Zone 7,Zone 7,30,Yes,No,TRUE,3643,37.95,3643,FALSE,TRUE,Rotaract President,2025 - 2026,N,0,0,0,0,0,0,FALSE,,0,,0
57139,In Bhadra Sarapaka,In Bhadra Sarapaka,57139,Active,Community,India,IN Bhadra Sarapaka (Rotary),2026 - 2027,3150,Zone 7,Zone 7,31,No,Yes,FALSE,0,0,0,FALSE,FALSE,N/A,N/A,N/A,0,0,0,0,0,0,FALSE,,0,,0
214391,Institute of Hotel Management,Institute of Hotel Management,214391,Active,University,India,Hyderabad Central (Rotary),2026 - 2027,3150,Zone 7,Zone 7,12,No,Yes,FALSE,0,0,0,FALSE,FALSE,N/A,N/A,N/A,0,0,0,0,0,0,FALSE,,0,,0
8828153,Kanoon Bhagyanagar,Kanoon Bhagyanagar,8828153,Active,Community,India,Hyderabad East (Rotary),2026 - 2027,3150,Zone 7,Zone 7,15,No,Yes,FALSE,0,0,0,FALSE,FALSE,N/A,N/A,N/A,0,0,0,0,0,0,FALSE,,0,,0
8823651,Keshav Memorial Institute of Technology,Keshav Memorial Institute of Technology,8823651,Active,University,India,Hyderabad East (Rotaract); Hyderabad East (Rotary),2025 - 2026,3150,Zone 7,Zone 7,78,No,No,FALSE,0,0,0,FALSE,TRUE,Rotaract President,2025 - 2026,N,0,0,0,0,0,0,FALSE,,0,,0
8828406,KGBV Pothavaram,KGBV Pothavaram,8828406,Active,University,India,Pandaripuram (Rotary),2026 - 2027,3150,Zone 7,Zone 7,20,No,Yes,FALSE,0,0,0,FALSE,FALSE,N/A,N/A,N/A,0,0,0,0,0,0,FALSE,,0,,0
8827969,KKR & KSR Institute of Technology and Sciences,KKR & KSR Institute of Technology and Sciences,8827969,Active,University,India,Guntur Centennial (Rotary),2026 - 2027,3150,Zone 7,Zone 7,16,No,Yes,FALSE,0,0,0,FALSE,FALSE,N/A,N/A,N/A,0,0,0,0,0,0,FALSE,,0,,0
8828323,Kokapet Aureum,Kokapet Aureum,8828323,Active,Community,India,Kokapet Ekam (Rotary),2026 - 2027,3150,Zone 7,Zone 7,14,No,Yes,FALSE,0,0,0,FALSE,FALSE,N/A,N/A,N/A,0,0,0,0,0,0,FALSE,,0,,0
8826951,Mahindra University,Mahindra University,8826951,Active,University,India,Lake District Moinabad (Rotary),2026 - 2027,3150,Zone 7,Zone 7,16,No,Yes,FALSE,0,0,0,FALSE,FALSE,N/A,N/A,N/A,0,0,0,0,0,0,FALSE,,0,,0
8827968,Malineni Lakshmaiah Women's Engineering College Guntur,Malineni Lakshmaiah Women's Engineering College Guntur,8827968,Active,University,India,Guntur Centennial (Rotary),2026 - 2027,3150,Zone 7,Zone 7,18,No,Yes,FALSE,0,0,0,FALSE,FALSE,N/A,N/A,N/A,0,0,0,0,0,0,FALSE,,0,,0
8826415,Mamata Academy of Medical Sciences,Mamata Academy of Medical Sciences,8826415,Active,University,India,Jubilee Hills (Rotary),2026 - 2027,3150,Zone 7,Zone 7,135,No,Yes,FALSE,0,0,0,FALSE,FALSE,N/A,N/A,N/A,0,0,0,0,0,0,FALSE,,0,,0
8827778,Martur,Martur,8827778,Active,Community,India,Martur (Rotary),2026 - 2027,3150,Zone 7,Zone 7,16,Yes,Yes,TRUE,12744,132.75,12744,TRUE,FALSE,N/A,N/A,N/A,0,0,0,0,0,0,FALSE,,0,,0
8827824,Martur Central,Martur Central,8827824,Active,Community,India,Martur (Rotary),2026 - 2027,3150,Zone 7,Zone 7,20,Yes,Yes,TRUE,16992,177,16992,TRUE,FALSE,N/A,N/A,N/A,0,0,0,0,0,0,FALSE,,0,,0
7613,Narasaraopet,Narasaraopet,7613,Active,Community,India,Narasaraopet (Rotary),2024 - 2025,3150,Zone 7,Zone 7,7,Yes,No,TRUE,5947,61.95,5947,FALSE,TRUE,Rotaract President,2024 - 2025,N,0,0,0,0,0,0,FALSE,,0,,0
8825123,Narasaraopet Phoenix,Narasaraopet Phoenix,8825123,Active,Community,India,Narasaraopet (Rotary),2025 - 2026,3150,Zone 7,Zone 7,11,No,No,FALSE,0,0,0,FALSE,TRUE,Rotaract President,2025 - 2026,N,0,0,0,0,0,0,FALSE,,0,,0
91856,New Age Engineers,New Age Engineers,91856,Active,Community,India,Secunderabad West (Rotary),2024 - 2025,3150,Zone 7,Zone 7,8,Yes,No,TRUE,13291,138.45,13291,TRUE,TRUE,Rotaract President,2024 - 2025,N,0,0,0,0,0,0,FALSE,,0,,0
8827537,Nirmala College of Pharmacy,Nirmala College of Pharmacy,8827537,Active,University,India,Mangalagiri (Rotary),2026 - 2027,3150,Zone 7,Zone 7,25,No,Yes,FALSE,0,0,0,FALSE,FALSE,N/A,N/A,N/A,0,0,0,0,0,0,FALSE,,0,,0
218324,Osmania Medical College,Osmania Medical College,218324,Active,University,India,Secunderabad (Rotary),2026 - 2027,3150,Zone 7,Zone 7,210,No,Yes,FALSE,0,0,0,FALSE,FALSE,N/A,N/A,N/A,0,0,0,0,0,0,FALSE,,0,,0
8824585,QIS Microbirds,QIS Microbirds,8824585,Active,University,India,Ongole Central (Rotary),2024 - 2025,3150,Zone 7,Zone 7,6,Yes,No,TRUE,3186,33.19,3186,FALSE,TRUE,Rotaract President,2024 - 2025,N,0,0,0,0,0,0,FALSE,,0,,0
8824587,QIS Thunders,QIS Thunders,8824587,Active,University,India,Ongole Central (Rotary),2025 - 2026,3150,Zone 7,Zone 7,3,Yes,No,TRUE,7735,80.57,7735,TRUE,TRUE,Rotaract President,2025 - 2026,N,0,0,0,0,0,0,FALSE,,0,,0
8824050,Rising Thunders,Rising Thunders,8824050,Active,Community,India,New Age Engineers (Rotaract),2026 - 2027,3150,Zone 7,Zone 7,5,Yes,No,TRUE,10742,111.9,10742,TRUE,TRUE,Rotaract President,2025 - 2026,N,0,0,0,0,0,0,FALSE,,0,,0
7575,Secunderabad,Secunderabad,7575,Active,Community,India,Secunderabad (Rotary),2026 - 2027,3150,Zone 7,Zone 7,22,No,Yes,FALSE,0,0,0,FALSE,FALSE,N/A,N/A,N/A,0,0,0,0,0,0,FALSE,,0,,0
218314,Secunderabad Medicos,Secunderabad Medicos,218314,Active,Community,India,Secunderabad (Rotary),2026 - 2027,3150,Zone 7,Zone 7,95,No,Yes,FALSE,0,0,0,FALSE,FALSE,N/A,N/A,N/A,0,0,0,0,0,0,FALSE,,0,,0
8825453,SFC Hyderabad Pearls,SFC Hyderabad Pearls,8825453,Active,University,India,Hyderabad Pearls (Rotary),2025 - 2026,3150,Zone 7,Zone 7,177,No,No,FALSE,0,0,0,FALSE,TRUE,Rotaract President,2025 - 2026,N,0,0,0,0,0,0,FALSE,,0,,0
8827926,Sri Harshini Degree College,Sri Harshini Degree College,8827926,Active,University,India,Ongole Central (Rotary),2026 - 2027,3150,Zone 7,Zone 7,18,Yes,Yes,TRUE,9558,99.56,9558,TRUE,FALSE,N/A,N/A,N/A,0,0,0,0,0,0,FALSE,,0,,0
66518,St. Ann's Degree College for Women,St. Ann's Degree College for Women,66518,Active,University,India,Hyderabad Central (Rotary),2026 - 2027,3150,Zone 7,Zone 7,170,No,Yes,FALSE,0,0,0,FALSE,FALSE,N/A,N/A,N/A,0,0,0,0,0,0,FALSE,,0,,0
90953,St. Peters Engineering College,St. Peters Engineering College,90953,Active,University,India,Secunderabad Sunrise (Rotary),2025 - 2026,3150,Zone 7,Zone 7,37,No,No,FALSE,0,0,0,FALSE,TRUE,Rotaract President,2025 - 2026,N,0,0,0,0,0,0,FALSE,,0,,0
84497,Sunrise,Sunrise,84497,Active,Community,India,Secunderabad Sunrise (Rotary),2026 - 2027,3150,Zone 7,Zone 7,15,No,Yes,FALSE,0,0,0,FALSE,FALSE,N/A,N/A,N/A,0,0,0,0,0,0,FALSE,,0,,0
8823475,Utkarsh,Utkarsh,8823475,Active,Community,India,Cantonment Secunderabad (Rotary),2026 - 2027,3150,Zone 7,Zone 7,25,No,Yes,FALSE,0,0,0,FALSE,FALSE,N/A,N/A,N/A,0,0,0,0,0,0,FALSE,,0,,0
217441,VILLA MARIE,VILLA MARIE,217441,Active,University,India,Hyderabad East (Rotary),2026 - 2027,3150,Zone 7,Zone 7,51,No,Yes,FALSE,0,0,0,FALSE,FALSE,N/A,N/A,N/A,0,0,0,0,0,0,FALSE,,0,,0
8827528,VJ Degree College,VJ Degree College,8827528,Active,University,India,Mangalagiri (Rotary),2026 - 2027,3150,Zone 7,Zone 7,26,No,Yes,FALSE,0,0,0,FALSE,FALSE,N/A,N/A,N/A,0,0,0,0,0,0,FALSE,,0,,0
8827312,Woxsen University,Woxsen University,8827312,Active,University,India,Hyderabad East (Rotary),2026 - 2027,3150,Zone 7,Zone 7,20,No,Yes,FALSE,0,0,0,FALSE,FALSE,N/A,N/A,N/A,0,0,0,0,0,0,FALSE,,0,,0
8824247,Amrutha Ayurveda Medical Colege C.T.A.,Amrutha Ayurveda Medical Colege C.T.A.,8824247,Active,University,India,Chitradurga (Rotary),2021 - 2022,3160,Zone 7,Zone 7,1,Yes,No,TRUE,2018,21.02,2018,FALSE,TRUE,Rotaract President,2021 - 2022,N,0,0,0,0,0,0,FALSE,,0,,0
8824246,Amrutha Ayurveda Medical College & Hospital CTA.,Amrutha Ayurveda Medical College & Hospital CTA.,8824246,Active,University,India,Chitradurga (Rotary),2021 - 2022,3160,Zone 7,Zone 7,1,Yes,No,TRUE,531,5.53,531,FALSE,TRUE,Rotaract President,2021 - 2022,N,0,0,0,0,0,0,FALSE,,0,,0
8828110,Anantapur Giving Hands,Anantapur Giving Hands,8828110,Active,Community,India,Anantapur (Rotary),2026 - 2027,3160,Zone 7,Zone 7,15,No,Yes,FALSE,0,0,0,FALSE,FALSE,N/A,N/A,N/A,0,0,0,0,0,0,FALSE,,0,,0
8827396,A.R.M. First Grade College Davanagere,A.R.M. First Grade College Davanagere,8827396,Active,University,India,Davangere Vidyanagar (Rotary),2025 - 2026,3160,Zone 7,Zone 7,20,Yes,No,TRUE,10620,110.63,10620,TRUE,TRUE,Rotaract President,2025 - 2026,N,0,0,0,0,0,0,FALSE,,0,,0
8823757,Bidar Heritage,Bidar Heritage,8823757,Active,University,India,Bidar New Century (Rotary),2020 - 2021,3160,Zone 7,Zone 7,1,Yes,No,TRUE,1039,10.82,1039,FALSE,TRUE,Rotaract President,2020 - 2021,N,0,0,0,0,0,0,FALSE,,0,,0
8823758,Bidar Legacy,Bidar Legacy,8823758,Active,University,India,Bidar New Century (Rotary),2020 - 2021,3160,Zone 7,Zone 7,1,Yes,No,TRUE,1039,10.82,1039,FALSE,TRUE,Rotaract President,2020 - 2021,N,0,0,0,0,0,0,FALSE,,0,,0
8828236,"B. V. Bhoomaraddi College of Arts, Science and Commerce Bidar","B. V. Bhoomaraddi College of Arts, Science and Commerce Bidar",8828236,Active,University,India,Bidar Silverstar (Rotary),2026 - 2027,3160,Zone 7,Zone 7,13,No,Yes,FALSE,0,0,0,FALSE,FALSE,N/A,N/A,N/A,0,0,0,0,0,0,FALSE,,0,,0
8828252,Chaitanya Bharathi Institute of Technology Proddaturu,Chaitanya Bharathi Institute of Technology Proddaturu,8828252,Active,University,India,Proddatur (Rotary),2026 - 2027,3160,Zone 7,Zone 7,7,No,Yes,FALSE,0,0,0,FALSE,FALSE,N/A,N/A,N/A,0,0,0,0,0,0,FALSE,,0,,0
90434,"College of Agricultural Engineering (CAE), Raichur","College of Agricultural Engineering (CAE), Raichur",90434,Active,University,India,Cotton City Raichur (Rotary),2020 - 2021,3160,Zone 7,Zone 7,1,Yes,No,TRUE,531,5.53,531,FALSE,TRUE,Rotaract President,2020 - 2021,N,0,0,0,0,0,0,FALSE,,0,,0
8828527,D. K. Govt. College for Women Nellore,D. K. Govt. College for Women Nellore,8828527,Active,University,India,Nellore Shakthi (Rotary),2026 - 2027,3160,Zone 7,Zone 7,6,No,Yes,FALSE,0,0,0,FALSE,FALSE,N/A,N/A,N/A,0,0,0,0,0,0,FALSE,,0,,0
216349,DRW College,DRW College,216349,Active,University,India,Gudur (Rotary),2020 - 2021,3160,Zone 7,Zone 7,1,No,No,FALSE,0,0,0,FALSE,TRUE,Rotaract President,2020 - 2021,N,0,0,0,0,0,0,FALSE,,0,,0
8824235,Govt Polytechnic Raichur,Govt Polytechnic Raichur,8824235,Active,University,India,Cotton City Raichur (Rotary); Raichur Central (Rotary); Raichur Krishna Tunge (Rotary),2021 - 2022,3160,Zone 7,Zone 7,1,Yes,No,TRUE,2018,21.02,2018,FALSE,TRUE,Rotaract President,2021 - 2022,N,0,0,0,0,0,0,FALSE,,0,,0
217688,Gulbarga Suncity,Gulbarga Suncity,217688,Active,Community,India,Gulbarga Suncity (Rotary),2019 - 2020,3160,Zone 7,Zone 7,1,Yes,No,TRUE,3228,33.63,3228,FALSE,TRUE,Rotaract President,2019 - 2020,N,0,0,0,0,0,0,FALSE,,0,,0
8827057,Guntakal Elites,Guntakal Elites,8827057,Active,Community,India,Guntakal (Rotary),2026 - 2027,3160,Zone 7,Zone 7,7,Yes,Yes,TRUE,6895,71.82,6895,FALSE,FALSE,N/A,N/A,N/A,0,0,0,0,0,0,FALSE,,0,,0
8827249,Helpinghearts-Rayachoty Govt. Polytechnic College,Helpinghearts-Rayachoty Govt. Polytechnic College,8827249,Active,University,India,Rayachoti (Rotary),2025 - 2026,3160,Zone 7,Zone 7,14,No,No,FALSE,0,0,0,FALSE,TRUE,Rotaract President,2025 - 2026,N,0,0,0,0,0,0,FALSE,,0,,0
8824237,JNTUA CE Ananthapuramu,JNTUA CE Ananthapuramu,8824237,Active,University,India,Anantapur Central (Rotary),2021 - 2022,3160,Zone 7,Zone 7,2,Yes,No,TRUE,1062,11.06,1062,FALSE,TRUE,Rotaract President,2021 - 2022,N,0,0,0,0,0,0,FALSE,,0,,0
8828313,"Karnataka Arts, Science and Commerce College Bidar","Karnataka Arts, Science and Commerce College Bidar",8828313,Active,University,India,Bidar Silverstar (Rotary),2026 - 2027,3160,Zone 7,Zone 7,8,No,Yes,FALSE,0,0,0,FALSE,FALSE,N/A,N/A,N/A,0,0,0,0,0,0,FALSE,,0,,0
8824238,M.M. Degree College Raichur,M.M. Degree College Raichur,8824238,Active,University,India,Cotton City Raichur (Rotary); Raichur Central (Rotary); Raichur Krishna Tunge (Rotary),2021 - 2022,3160,Zone 7,Zone 7,1,Yes,No,TRUE,2018,21.02,2018,FALSE,TRUE,Rotaract President,2021 - 2022,N,0,0,0,0,0,0,FALSE,,0,,0
214621,MSR Degree College,MSR Degree College,214621,Active,University,India,Kavali (Rotary),2021 - 2022,3160,Zone 7,Zone 7,1,Yes,No,TRUE,531,5.53,531,FALSE,TRUE,Rotaract President,2021 - 2022,N,0,0,0,0,0,0,FALSE,,0,,0
217170,Navanandi,Navanandi,217170,Active,University,India,Navanandi (Rotary),2019 - 2020,3160,Zone 7,Zone 7,1,Yes,No,TRUE,2018,21.02,2018,FALSE,TRUE,Rotaract President,2019 - 2020,N,0,0,0,0,0,0,FALSE,,0,,0
8824239,Nellore Sarvodaya,Nellore Sarvodaya,8824239,Active,University,India,Nellore South (Rotary),2021 - 2022,3160,Zone 7,Zone 7,1,Yes,No,TRUE,1039,10.82,1039,FALSE,TRUE,Rotaract President,2021 - 2022,N,0,0,0,0,0,0,FALSE,,0,,0
8824240,Nellore Shakthi,Nellore Shakthi,8824240,Active,Community,India,Nellore Shakthi (Rotary),2025 - 2026,3160,Zone 7,Zone 7,6,Yes,No,TRUE,5525,57.55,5525,FALSE,TRUE,Rotaract President,2024 - 2025,N,0,0,0,0,0,0,FALSE,,0,,0
8824225,Rajampet,Rajampet,8824225,Active,Community,India,,2021 - 2022,3160,Zone 7,Zone 7,1,Yes,No,TRUE,3228,33.63,3228,FALSE,TRUE,Rotaract President,2021 - 2022,N,0,0,0,0,0,0,FALSE,,0,,0
8826959,R G Institute of Commerce & Management,R G Institute of Commerce & Management,8826959,Active,University,India,Davangere South (Rotary),2026 - 2027,3160,Zone 7,Zone 7,20,Yes,Yes,TRUE,10620,110.63,10620,TRUE,FALSE,N/A,N/A,N/A,0,0,0,0,0,0,FALSE,,0,,0
8824226,Servo,Servo,8824226,Active,Community,India,Chitradurga (Rotary),2021 - 2022,3160,Zone 7,Zone 7,1,Yes,No,TRUE,3228,33.63,3228,FALSE,TRUE,Rotaract President,2021 - 2022,N,0,0,0,0,0,0,FALSE,,0,,0
8828404,SJM Institute of Technology,SJM Institute of Technology,8828404,Active,University,India,Chitradurga (Rotary),2026 - 2027,3160,Zone 7,Zone 7,6,No,Yes,FALSE,0,0,0,FALSE,FALSE,N/A,N/A,N/A,0,0,0,0,0,0,FALSE,,0,,0
8824227,Spoorthi,Spoorthi,8824227,Active,Community,India,Chitradurga (Rotary),2025 - 2026,3160,Zone 7,Zone 7,2,Yes,No,TRUE,2789,29.05,2789,FALSE,TRUE,Rotaract President,2025 - 2026,N,0,0,0,0,0,0,FALSE,,0,,0
8824230,SRIT Ananthapuramu,SRIT Ananthapuramu,8824230,Active,University,India,Anantapur Central (Rotary),2026 - 2027,3160,Zone 7,Zone 7,10,No,Yes,FALSE,0,0,0,FALSE,FALSE,N/A,N/A,N/A,0,0,0,0,0,0,FALSE,,0,,0
8824290,"Sri Virat Degree College, Yapaladinni","Sri Virat Degree College, Yapaladinni",8824290,Active,University,India,Cotton City Raichur (Rotary); Raichur Central (Rotary); Raichur Krishna Tunge (Rotary),2021 - 2022,3160,Zone 7,Zone 7,1,Yes,No,TRUE,2018,21.02,2018,FALSE,TRUE,Rotaract President,2021 - 2022,N,0,0,0,0,0,0,FALSE,,0,,0
8828250,Tadipatri Impact Leaders,Tadipatri Impact Leaders,8828250,Active,Community,India,Tadpatri (Rotary),2026 - 2027,3160,Zone 7,Zone 7,14,No,Yes,FALSE,0,0,0,FALSE,FALSE,N/A,N/A,N/A,0,0,0,0,0,0,FALSE,,0,,0
8823828,Vani Sakkare,Vani Sakkare,8823828,Active,University,India,Hiriyur (Rotary),2021 - 2022,3160,Zone 7,Zone 7,1,Yes,No,TRUE,1039,10.82,1039,FALSE,TRUE,Rotaract President,2021 - 2022,N,0,0,0,0,0,0,FALSE,,0,,0
8823829,VGFGC,VGFGC,8823829,Active,University,India,Hiriyur (Rotary),2020 - 2021,3160,Zone 7,Zone 7,1,Yes,No,TRUE,1039,10.82,1039,FALSE,TRUE,Rotaract President,2020 - 2021,N,0,0,0,0,0,0,FALSE,,0,,0
8824291,"Virat Degree College, Yapaladinni","Virat Degree College, Yapaladinni",8824291,Active,University,India,Cotton City Raichur (Rotary); Raichur Central (Rotary); Raichur Krishna Tunge (Rotary),2024 - 2025,3160,Zone 7,Zone 7,2,Yes,No,TRUE,2119,22.07,2119,FALSE,TRUE,Rotaract President,2024 - 2025,N,0,0,0,0,0,0,FALSE,,0,,0
8824231,Women's M. M. Degree College Raichur,Women's M. M. Degree College Raichur,8824231,Active,University,India,Cotton City Raichur (Rotary); Raichur Central (Rotary); Raichur Krishna Tunge (Rotary),2021 - 2022,3160,Zone 7,Zone 7,1,Yes,No,TRUE,2018,21.02,2018,FALSE,TRUE,Rotaract President,2021 - 2022,N,0,0,0,0,0,0,FALSE,,0,,0
8828572,Anandibai Raorane College Vaibhavwadi,Anandibai Raorane College Vaibhavwadi,8828572,Active,University,India,Vaibhavwadi (Rotary),2026 - 2027,3170,Zone 7,Zone 7,15,No,Yes,FALSE,0,0,0,FALSE,FALSE,N/A,N/A,N/A,0,0,0,0,0,0,TRUE,24-Jul-2026,15,,0
217897,Annasaheb Dange College Hatkanangale,Annasaheb Dange College Hatkanangale,217897,Active,University,India,Ichalkaranji Central (Rotary),2019 - 2020,3170,Zone 7,Zone 7,1,Yes,No,TRUE,2018,21.02,2018,FALSE,TRUE,Rotaract President,2019 - 2020,N,0,0,0,0,0,0,FALSE,,0,,0
8827963,Anuvartik Mirji Bharatesh Institute of Technology Belagavi,Anuvartik Mirji Bharatesh Institute of Technology Belagavi,8827963,Active,University,India,Belgaum South (Rotary),2026 - 2027,3170,Zone 7,Zone 7,20,No,Yes,FALSE,0,0,0,FALSE,FALSE,N/A,N/A,N/A,0,0,0,0,0,0,FALSE,,0,,0
217893,A. R. Patil Kanya College Ichalkaranji,A. R. Patil Kanya College Ichalkaranji,217893,Active,University,India,Ichalkaranji Central (Rotary),2019 - 2020,3170,Zone 7,Zone 7,1,Yes,No,TRUE,2018,21.02,2018,FALSE,TRUE,Rotaract President,2019 - 2020,N,0,0,0,0,0,0,FALSE,,0,,0
8827556,ASPM College Sangulwadi,ASPM College Sangulwadi,8827556,Active,University,India,Sindhudurg Central (Rotary); Vaibhavwadi (Rotary),2026 - 2027,3170,Zone 7,Zone 7,15,Yes,Yes,TRUE,7965,82.97,7965,TRUE,FALSE,N/A,N/A,N/A,0,0,0,0,0,0,FALSE,,0,,0
217899,Atigare,Atigare,217899,Active,Community,India,Ichalkaranji Central (Rotary),2019 - 2020,3170,Zone 7,Zone 7,1,Yes,No,TRUE,3228,33.63,3228,FALSE,TRUE,Rotaract President,2019 - 2020,N,0,0,0,0,0,0,FALSE,,0,,0
7939,Belgaum,Belgaum,7939,Active,Community,India,Belgaum (Rotary),2025 - 2026,3170,Zone 7,Zone 7,5,No,No,FALSE,0,0,0,FALSE,TRUE,Rotaract President,2025 - 2026,N,0,0,0,0,0,0,FALSE,,0,,1
8827698,Belgaum Elite,Belgaum Elite,8827698,Active,Community,India,Belgaum Elite (Rotary),2026 - 2027,3170,Zone 7,Zone 7,21,No,Yes,FALSE,0,0,0,FALSE,FALSE,N/A,N/A,N/A,0,0,0,0,0,0,FALSE,,0,,0
8823882,Belgaum Lingraj College,Belgaum Lingraj College,8823882,Active,University,India,Belgaum Central (Rotary),2022 - 2023,3170,Zone 7,Zone 7,2,Yes,No,TRUE,4035,42.03,4035,FALSE,TRUE,Rotaract President,2022 - 2023,N,0,0,0,0,0,0,FALSE,,0,,0
7813,Belgaum South,Belgaum South,7813,Active,Community,India,Belgaum South (Rotary),2026 - 2027,3170,Zone 7,Zone 7,25,No,Yes,FALSE,0,0,0,FALSE,FALSE,N/A,N/A,N/A,0,0,0,0,0,0,FALSE,,0,,0
218369,Belgaum Yuva Darpan,Belgaum Yuva Darpan,218369,Active,Community,India,Belgaum Darpan (Rotary),2026 - 2027,3170,Zone 7,Zone 7,29,No,Yes,FALSE,0,0,0,FALSE,FALSE,N/A,N/A,N/A,0,0,0,0,0,0,FALSE,,0,,0
8824633,Bharat College Dharwad,Bharat College Dharwad,8824633,Active,University,India,Dharwad Heritage (Rotary),2021 - 2022,3170,Zone 7,Zone 7,1,Yes,No,TRUE,2018,21.02,2018,FALSE,TRUE,Rotaract President,2021 - 2022,N,0,0,0,0,0,0,FALSE,,0,,0
92225,Bhatkal,Bhatkal,92225,Active,University,India,Bhatkal (Rotary),2025 - 2026,3170,Zone 7,Zone 7,4,No,No,FALSE,0,0,0,FALSE,TRUE,Rotaract President,2025 - 2026,N,0,0,0,0,0,0,FALSE,,0,,0
76816,Bicholim,Bicholim,76816,Active,Community,India,Bicholim (Rotary),2026 - 2027,3170,Zone 7,Zone 7,10,No,Yes,FALSE,0,0,0,FALSE,FALSE,N/A,N/A,N/A,0,0,0,0,0,0,FALSE,,0,,1
8824776,Bijapur,Bijapur,8824776,Active,Community,India,Bijapur North (Rotary),2022 - 2023,3170,Zone 7,Zone 7,1,Yes,No,TRUE,3228,33.63,3228,FALSE,TRUE,Rotaract President,2022 - 2023,N,0,0,0,0,0,0,FALSE,,0,,0
8827550,Chhatrapati Shivaji College of Agriculture Oros,Chhatrapati Shivaji College of Agriculture Oros,8827550,Active,University,India,Sindhudurg Central (Rotary),2026 - 2027,3170,Zone 7,Zone 7,15,Yes,Yes,TRUE,7965,82.97,7965,TRUE,FALSE,N/A,N/A,N/A,0,0,0,0,0,0,FALSE,,0,,0
43308,Chiplun,Chiplun,43308,Active,Community,India,Chiplun (Rotary),2026 - 2027,3170,Zone 7,Zone 7,12,No,Yes,FALSE,0,0,0,FALSE,FALSE,N/A,N/A,N/A,0,0,0,0,0,0,FALSE,,0,,0
8827386,Curchorem Sanvordem,Curchorem Sanvordem,8827386,Active,Community,India,Curchorem-Sanvordem (Rotary),2026 - 2027,3170,Zone 7,Zone 7,16,No,Yes,FALSE,0,0,0,FALSE,FALSE,N/A,N/A,N/A,0,0,0,0,0,0,FALSE,,0,,0
218716,Dakkhancha Raja Jotiba (Wadiratnagiri),Dakkhancha Raja Jotiba (Wadiratnagiri),218716,Active,Community,India,Smart City Kolhapur (Rotary),2020 - 2021,3170,Zone 7,Zone 7,1,Yes,No,TRUE,1662,17.31,1662,FALSE,TRUE,Rotaract President,2020 - 2021,N,0,0,0,0,0,0,FALSE,,0,,0
8827531,Dharwad Deccan,Dharwad Deccan,8827531,Active,Community,India,,2026 - 2027,3170,Zone 7,Zone 7,16,No,Yes,FALSE,0,0,0,FALSE,FALSE,N/A,N/A,N/A,0,0,0,0,0,0,FALSE,,0,,0
8828046,Dharwad Luminous,Dharwad Luminous,8828046,Active,Community,India,Dharwad Mid Town (Rotary),2026 - 2027,3170,Zone 7,Zone 7,11,No,Yes,FALSE,0,0,0,FALSE,FALSE,N/A,N/A,N/A,0,0,0,0,0,0,FALSE,,0,,0
8824878,Dharwad Pristine,Dharwad Pristine,8824878,Active,Community,India,Seven Hills Dharwad (Rotary),2022 - 2023,3170,Zone 7,Zone 7,1,Yes,No,TRUE,3228,33.63,3228,FALSE,TRUE,Rotaract President,2022 - 2023,N,0,0,0,0,0,0,FALSE,,0,,0
8828603,Don Bosco College Panjim,Don Bosco College Panjim,8828603,Active,University,India,Panaji Riviera (Rotary),2026 - 2027,3170,Zone 7,Zone 7,17,No,Yes,FALSE,0,0,0,FALSE,FALSE,N/A,N/A,N/A,0,0,0,0,0,0,TRUE,29-Jul-2026,17,,0
8828387,D.Y.P. Sunshine,D.Y.P. Sunshine,8828387,Active,University,India,Kolhapur Sunrise (Rotary),2026 - 2027,3170,Zone 7,Zone 7,15,No,Yes,FALSE,0,0,0,FALSE,FALSE,N/A,N/A,N/A,0,0,0,0,0,0,FALSE,,0,,0
8828627,GFGC for Women Karwar,GFGC for Women Karwar,8828627,Active,University,India,Karwar Seaside (Rotary),2026 - 2027,3170,Zone 7,Zone 7,4,No,Yes,FALSE,0,0,0,FALSE,FALSE,N/A,N/A,N/A,0,0,0,0,0,0,TRUE,03-Aug-2026,4,,0
8823356,GIC,GIC,8823356,Active,University,India,Hubli (Rotary),2020 - 2021,3170,Zone 7,Zone 7,1,Yes,No,TRUE,2018,21.02,2018,FALSE,TRUE,Rotaract President,2020 - 2021,N,0,0,0,0,0,0,FALSE,,0,,0
8828357,Goa College of Home Science Achievers,Goa College of Home Science Achievers,8828357,Active,University,India,Panaji Riviera (Rotary),2026 - 2027,3170,Zone 7,Zone 7,12,No,Yes,FALSE,0,0,0,FALSE,FALSE,N/A,N/A,N/A,0,0,0,0,0,0,FALSE,,0,,0
8824526,Gokak,Gokak,8824526,Active,Community,India,Gokak (Rotary),2021 - 2022,3170,Zone 7,Zone 7,1,Yes,No,TRUE,3228,33.63,3228,FALSE,TRUE,Rotaract President,2021 - 2022,N,0,0,0,0,0,0,FALSE,,0,,0
8826663,Government College Khandola,Government College Khandola,8826663,Active,University,India,Panaji Riviera (Rotary),2025 - 2026,3170,Zone 7,Zone 7,10,No,No,FALSE,0,0,0,FALSE,TRUE,Rotaract President,2025 - 2026,N,0,0,0,0,0,0,FALSE,,0,,0
8824637,Government College Navalur,Government College Navalur,8824637,Active,University,India,Dharwad Heritage (Rotary),2021 - 2022,3170,Zone 7,Zone 7,1,No,No,FALSE,0,0,0,FALSE,TRUE,Rotaract President,2021 - 2022,N,0,0,0,0,0,0,FALSE,,0,,0
214491,"Government Polytechnic College, Karwar","Government Polytechnic College, Karwar",214491,Active,University,India,Karwar (Rotary),2020 - 2021,3170,Zone 7,Zone 7,2,No,No,FALSE,0,0,0,FALSE,TRUE,Rotaract President,2020 - 2021,N,0,0,0,0,0,0,FALSE,,0,,0
217393,Haveri,Haveri,217393,Active,Community,India,Haveri (Rotary),2026 - 2027,3170,Zone 7,Zone 7,29,No,Yes,FALSE,0,0,0,FALSE,FALSE,N/A,N/A,N/A,0,0,0,0,0,0,FALSE,,0,,0
8827557,Hubbali,Hubbali,8827557,Active,Community,India,Hubli (Rotary),2025 - 2026,3170,Zone 7,Zone 7,10,No,No,FALSE,0,0,0,FALSE,TRUE,Rotaract President,2025 - 2026,N,0,0,0,0,0,0,FALSE,,0,,0
217852,Hupari,Hupari,217852,Active,Community,India,Hupari (Rotary),2025 - 2026,3170,Zone 7,Zone 7,4,Yes,No,TRUE,10148,105.71,10148,TRUE,TRUE,Rotaract President,2025 - 2026,N,0,0,0,0,0,0,FALSE,,0,,0
8828027,Hupari Pioneers,Hupari Pioneers,8828027,Active,Community,India,Hupari (Rotary),2026 - 2027,3170,Zone 7,Zone 7,24,No,Yes,FALSE,0,0,0,FALSE,FALSE,N/A,N/A,N/A,0,0,0,0,0,0,FALSE,,0,,0
218339,Ichalkaranji Central,Ichalkaranji Central,218339,Active,Community,India,Ichalkaranji Central (Rotary),2020 - 2021,3170,Zone 7,Zone 7,1,Yes,No,TRUE,3228,33.63,3228,FALSE,TRUE,Rotaract President,2020 - 2021,N,0,0,0,0,0,0,FALSE,,0,,0
8827015,Ichalkaranji Executive,Ichalkaranji Executive,8827015,Active,Community,India,Ichalkaranji Executive (Rotary),2026 - 2027,3170,Zone 7,Zone 7,33,No,Yes,FALSE,0,0,0,FALSE,FALSE,N/A,N/A,N/A,0,0,0,0,0,0,FALSE,,0,,0
217888,Ichalkaranji Nalanda,Ichalkaranji Nalanda,217888,Active,Community,India,Ichalkaranji Central (Rotary),2019 - 2020,3170,Zone 7,Zone 7,1,Yes,No,TRUE,3228,33.63,3228,FALSE,TRUE,Rotaract President,2019 - 2020,N,0,0,0,0,0,0,FALSE,,0,,0
8823357,IEMS,IEMS,8823357,Active,University,India,Hubli (Rotary),2020 - 2021,3170,Zone 7,Zone 7,1,Yes,No,TRUE,2018,21.02,2018,FALSE,TRUE,Rotaract President,2020 - 2021,N,0,0,0,0,0,0,FALSE,,0,,0
216714,IHM Catering Technology & Applied Nutrition,IHM Catering Technology & Applied Nutrition,216714,Active,University,India,Porvorim (Rotary),2025 - 2026,3170,Zone 7,Zone 7,12,No,No,FALSE,0,0,0,FALSE,TRUE,Rotaract President,2025 - 2026,N,0,0,0,0,0,0,FALSE,,0,,0
91052,Jaysingpur,Jaysingpur,91052,Active,Community,India,Jaysingpur (Rotary),2024 - 2025,3170,Zone 7,Zone 7,9,No,No,FALSE,0,0,0,FALSE,TRUE,Rotaract President,2024 - 2025,N,0,0,0,0,0,0,FALSE,,0,,0
8827538,JGND Bhartesh College,JGND Bhartesh College,8827538,Active,University,India,,2025 - 2026,3170,Zone 7,Zone 7,17,No,No,FALSE,0,0,0,FALSE,TRUE,Rotaract President,2025 - 2026,N,0,0,0,0,0,0,FALSE,,0,,0
8824881,JSS College of Speech & Hearing Dharwad,JSS College of Speech & Hearing Dharwad,8824881,Active,University,India,Seven Hills Dharwad (Rotary),2022 - 2023,3170,Zone 7,Zone 7,1,Yes,No,TRUE,2018,21.02,2018,FALSE,TRUE,Rotaract President,2022 - 2023,N,0,0,0,0,0,0,FALSE,,0,,0
8825839,JT College of BBA & BCA Gadag,JT College of BBA & BCA Gadag,8825839,Active,University,India,,2026 - 2027,3170,Zone 7,Zone 7,14,No,Yes,FALSE,0,0,0,FALSE,FALSE,N/A,N/A,N/A,0,0,0,0,0,0,FALSE,,0,,0
8828613,Kankavli,Kankavli,8828613,Active,Community,India,Kankavali Central (Rotary),2026 - 2027,3170,Zone 7,Zone 7,15,No,Yes,FALSE,0,0,0,FALSE,FALSE,N/A,N/A,N/A,0,0,0,0,0,0,TRUE,29-Jul-2026,15,,0
8828601,Karwar,Karwar,8828601,Active,Community,India,Karwar (Rotary),2026 - 2027,3170,Zone 7,Zone 7,14,No,Yes,FALSE,0,0,0,FALSE,FALSE,N/A,N/A,N/A,0,0,0,0,0,0,TRUE,29-Jul-2026,14,,0
8827416,Karwar Paschim,Karwar Paschim,8827416,Active,Community,India,Karwar Paschim (Rotary),2026 - 2027,3170,Zone 7,Zone 7,5,Yes,Yes,TRUE,4675,48.7,4675,FALSE,FALSE,N/A,N/A,N/A,0,0,0,0,0,0,FALSE,,0,,0
8827840,K. E. Board First Grade Arts & Commerce PU College Dharwad,K. E. Board First Grade Arts & Commerce PU College Dharwad,8827840,Active,University,India,Dharwad (Rotary),2025 - 2026,3170,Zone 7,Zone 7,14,Yes,No,TRUE,7434,77.44,7434,TRUE,TRUE,Rotaract President,2025 - 2026,N,0,0,0,0,0,0,FALSE,,0,,0
8828621,Kharepatan,Kharepatan,8828621,Active,Community,India,Kharepatan (Rotary),2026 - 2027,3170,Zone 7,Zone 7,12,No,Yes,FALSE,0,0,0,FALSE,FALSE,N/A,N/A,N/A,0,0,0,0,0,0,TRUE,07-Aug-2026,12,,0
8827542,Khed City,Khed City,8827542,Active,Community,India,Khed (Rotary),2026 - 2027,3170,Zone 7,Zone 7,16,Yes,Yes,TRUE,13594,141.6,13594,TRUE,FALSE,N/A,N/A,N/A,0,0,0,0,0,0,FALSE,,0,,0
216141,KIT Sunshine,KIT Sunshine,216141,Active,University,India,Kolhapur Sunrise (Rotary),2024 - 2025,3170,Zone 7,Zone 7,7,Yes,No,TRUE,8776,91.42,8776,TRUE,TRUE,Rotaract President,2024 - 2025,N,0,0,0,0,0,0,FALSE,,0,,0
8827935,KLE BCA College Mahalingpur,KLE BCA College Mahalingpur,8827935,Active,University,India,Ramteerth (Rotary),2025 - 2026,3170,Zone 7,Zone 7,12,Yes,No,TRUE,6372,66.38,6372,FALSE,TRUE,Rotaract President,2025 - 2026,N,0,0,0,0,0,0,FALSE,,0,,0
8825559,KLE BCA PCJSC Hubballi,KLE BCA PCJSC Hubballi,8825559,Active,University,India,Hubli-East (Rotary),2026 - 2027,3170,Zone 7,Zone 7,27,No,Yes,FALSE,0,0,0,FALSE,FALSE,N/A,N/A,N/A,0,0,0,0,0,0,FALSE,,0,,0
8825361,KLECBA Hubli,KLECBA Hubli,8825361,Active,University,India,Hubli (Rotary),2026 - 2027,3170,Zone 7,Zone 7,25,No,Yes,FALSE,0,0,0,FALSE,FALSE,N/A,N/A,N/A,0,0,0,0,0,0,FALSE,,0,,0
92030,KLE CBALC,KLE CBALC,92030,Active,University,India,Belgaum (Rotary),2026 - 2027,3170,Zone 7,Zone 7,8,No,Yes,FALSE,0,0,0,FALSE,FALSE,N/A,N/A,N/A,0,0,0,0,0,0,FALSE,,0,,0
8827532,KLE College of BCA Khanapur,KLE College of BCA Khanapur,8827532,Active,University,India,,2026 - 2027,3170,Zone 7,Zone 7,16,Yes,Yes,TRUE,8496,88.5,8496,TRUE,FALSE,N/A,N/A,N/A,0,0,0,0,0,0,FALSE,,0,,0
8828612,KLE MCA PCJSC,KLE MCA PCJSC,8828612,Active,University,India,Hubli Vidyanagar (Rotary),2026 - 2027,3170,Zone 7,Zone 7,20,No,Yes,FALSE,0,0,0,FALSE,FALSE,N/A,N/A,N/A,0,0,0,0,0,0,TRUE,31-Jul-2026,20,,0
8825974,KLE's College of BBA & BCA Dharwad,KLE's College of BBA & BCA Dharwad,8825974,Active,University,India,Hubli (Rotary),2025 - 2026,3170,Zone 7,Zone 7,14,No,No,FALSE,0,0,0,FALSE,TRUE,Rotaract President,2025 - 2026,N,0,0,0,0,0,0,FALSE,,0,,0
8828113,KLE's College of BCA Sankeshwar,KLE's College of BCA Sankeshwar,8828113,Active,University,India,Chikodi (Rotary),2026 - 2027,3170,Zone 7,Zone 7,19,No,Yes,FALSE,0,0,0,FALSE,FALSE,N/A,N/A,N/A,0,0,0,0,0,0,FALSE,,0,,0
8828610,"KLE's Degree College, Ankali","KLE's Degree College, Ankali",8828610,Active,University,India,Chikodi (Rotary),2026 - 2027,3170,Zone 7,Zone 7,25,No,Yes,FALSE,0,0,0,FALSE,FALSE,N/A,N/A,N/A,0,0,0,0,0,0,TRUE,31-Jul-2026,25,,0
225525,KLE's GH BCA Haveri,KLE's GH BCA Haveri,225525,Active,University,India,Haveri (Rotaract),2025 - 2026,3170,Zone 7,Zone 7,19,No,No,FALSE,0,0,0,FALSE,TRUE,Rotaract President,2025 - 2026,N,0,0,0,0,0,0,FALSE,,0,,0
8827510,KLE's GI Bagewadi BCA BBA,KLE's GI Bagewadi BCA BBA,8827510,Active,University,India,Nipani (Rotary),2025 - 2026,3170,Zone 7,Zone 7,4,No,No,FALSE,0,0,0,FALSE,TRUE,Rotaract President,2025 - 2026,N,0,0,0,0,0,0,FALSE,,0,,0
8827552,KLE's MP Commerce College Raibag,KLE's MP Commerce College Raibag,8827552,Active,University,India,Chikodi (Rotary),2025 - 2026,3170,Zone 7,Zone 7,15,Yes,No,TRUE,7965,82.97,7965,TRUE,TRUE,Rotaract President,2025 - 2026,N,0,0,0,0,0,0,FALSE,,0,,0
8827734,KLE Society's College of BCA Bailhongal,KLE Society's College of BCA Bailhongal,8827734,Active,University,India,Bailhongal (Rotary),2026 - 2027,3170,Zone 7,Zone 7,15,Yes,Yes,TRUE,7965,82.97,7965,TRUE,FALSE,N/A,N/A,N/A,0,0,0,0,0,0,FALSE,,0,,0
8825555,KLE Society's College of BCA RLS Institute Belagavi,KLE Society's College of BCA RLS Institute Belagavi,8825555,Active,University,India,,2025 - 2026,3170,Zone 7,Zone 7,5,Yes,No,TRUE,3475,36.2,3475,FALSE,TRUE,Rotaract President,2025 - 2026,N,0,0,0,0,0,0,FALSE,,0,,0
8828411,KLE Society's Institute of Management Studies and Research Hubballi,KLE Society's Institute of Management Studies and Research Hubballi,8828411,Active,University,India,Hubli Central (Rotary),2026 - 2027,3170,Zone 7,Zone 7,23,No,Yes,FALSE,0,0,0,FALSE,FALSE,N/A,N/A,N/A,0,0,0,0,0,0,FALSE,,0,,0
8828041,KLS Gogte Institute of Technology,KLS Gogte Institute of Technology,8828041,Active,University,India,E-Club of District 3170 Belgaum (Rotary),2026 - 2027,3170,Zone 7,Zone 7,15,No,Yes,FALSE,0,0,0,FALSE,FALSE,N/A,N/A,N/A,0,0,0,0,0,0,FALSE,,0,,0
7883,Kolhapur,Kolhapur,7883,Active,Community,India,Kolhapur (Rotary),2026 - 2027,3170,Zone 7,Zone 7,14,No,Yes,FALSE,0,0,0,FALSE,FALSE,N/A,N/A,N/A,0,0,0,0,0,0,FALSE,,0,,1
8824924,Kolhapur Central,Kolhapur Central,8824924,Active,Community,India,Kolhapur Central (Rotary),2026 - 2027,3170,Zone 7,Zone 7,16,No,Yes,FALSE,0,0,0,FALSE,FALSE,N/A,N/A,N/A,0,0,0,0,0,0,FALSE,,0,,0
8828582,Kolhapur Legacy,Kolhapur Legacy,8828582,Active,Community,India,Kolhapur Sunrise (Rotary),2026 - 2027,3170,Zone 7,Zone 7,12,No,Yes,FALSE,0,0,0,FALSE,FALSE,N/A,N/A,N/A,0,0,0,0,0,0,TRUE,24-Jul-2026,12,,0
43396,Kolhapur Midtown-Phoenix,Kolhapur Midtown-Phoenix,43396,Active,Community,India,Kolhapur Mid-Town (Rotary),2026 - 2027,3170,Zone 7,Zone 7,11,No,Yes,FALSE,0,0,0,FALSE,FALSE,N/A,N/A,N/A,0,0,0,0,0,0,FALSE,,0,,0
8827758,Kousali Institute of Management Studies Dharwad,Kousali Institute of Management Studies Dharwad,8827758,Active,University,India,Dharwad Central (Rotary),2026 - 2027,3170,Zone 7,Zone 7,25,No,Yes,FALSE,0,0,0,FALSE,FALSE,N/A,N/A,N/A,0,0,0,0,0,0,FALSE,,0,,0
213732,Krishna Valley,Krishna Valley,213732,Active,Community,India,Krishna Valley M.I.D.C. - Sangli (Rotary),2026 - 2027,3170,Zone 7,Zone 7,20,No,Yes,FALSE,0,0,0,FALSE,FALSE,N/A,N/A,N/A,0,0,0,0,0,0,FALSE,,0,,0
8828577,Kudal,Kudal,8828577,Active,Community,India,Kudal (Rotary),2026 - 2027,3170,Zone 7,Zone 7,16,No,Yes,FALSE,0,0,0,FALSE,FALSE,N/A,N/A,N/A,0,0,0,0,0,0,TRUE,24-Jul-2026,16,,0
8828581,Kumta Coastal,Kumta Coastal,8828581,Active,Community,India,Kumta (Rotary),2026 - 2027,3170,Zone 7,Zone 7,16,No,Yes,FALSE,0,0,0,FALSE,FALSE,N/A,N/A,N/A,0,0,0,0,0,0,TRUE,24-Jul-2026,16,,0
212580,Lote,Lote,212580,Active,Community,India,Lote (Rotary),2026 - 2027,3170,Zone 7,Zone 7,13,No,Yes,FALSE,0,0,0,FALSE,FALSE,N/A,N/A,N/A,0,0,0,0,0,0,FALSE,,0,,0
7867,Mapusa,Mapusa,7867,Active,Community,India,Mapuca (Rotary),2026 - 2027,3170,Zone 7,Zone 7,59,No,Yes,FALSE,0,0,0,FALSE,FALSE,N/A,N/A,N/A,0,0,0,0,0,0,FALSE,,0,,1
216971,Margao Midtown,Margao Midtown,216971,Active,University,India,Margao Midtown (Rotary),2024 - 2025,3170,Zone 7,Zone 7,14,No,No,FALSE,0,0,0,FALSE,TRUE,Rotaract President,2024 - 2025,N,0,0,0,0,0,0,FALSE,,0,,0
8825628,MES College of Nursing,MES College of Nursing,8825628,Active,University,India,Lote (Rotary),2025 - 2026,3170,Zone 7,Zone 7,7,Yes,No,TRUE,3851,40.11,3851,FALSE,TRUE,Rotaract President,2025 - 2026,N,0,0,0,0,0,0,FALSE,,0,,0
8827401,M.E.S Commerce College,M.E.S Commerce College,8827401,Active,University,India,Sirsi (Rotary),2025 - 2026,3170,Zone 7,Zone 7,1,Yes,No,TRUE,10620,110.63,10620,TRUE,TRUE,Rotaract President,2025 - 2026,N,0,0,0,0,0,0,FALSE,,0,,0
8828631,MES Vasant Joshi College of Arts and Commerce,MES Vasant Joshi College of Arts and Commerce,8828631,Active,University,India,Vasco Da Gama (Rotaract),2026 - 2027,3170,Zone 7,Zone 7,4,No,Yes,FALSE,0,0,0,FALSE,FALSE,N/A,N/A,N/A,0,0,0,0,0,0,TRUE,03-Aug-2026,4,,0
8828331,Narayan Zantye College of Commerce Champions,Narayan Zantye College of Commerce Champions,8828331,Active,University,India,Panaji Riviera (Rotary),2026 - 2027,3170,Zone 7,Zone 7,12,No,Yes,FALSE,0,0,0,FALSE,FALSE,N/A,N/A,N/A,0,0,0,0,0,0,FALSE,,0,,0
8828606,Oxford Group of Institutions,Oxford Group of Institutions,8828606,Active,University,India,Hubli Central (Rotary),2026 - 2027,3170,Zone 7,Zone 7,12,No,Yes,FALSE,0,0,0,FALSE,FALSE,N/A,N/A,N/A,0,0,0,0,0,0,TRUE,31-Jul-2026,12,,0
218715,Panhala,Panhala,218715,Active,Community,India,Smart City Kolhapur (Rotary),2020 - 2021,3170,Zone 7,Zone 7,1,Yes,No,TRUE,3228,33.63,3228,FALSE,TRUE,Rotaract President,2020 - 2021,N,0,0,0,0,0,0,FALSE,,0,,0
7849,Panjim,Panjim,7849,Active,Community,India,Panaji (Rotary),2026 - 2027,3170,Zone 7,Zone 7,40,No,Yes,FALSE,0,0,0,FALSE,FALSE,N/A,N/A,N/A,16.34,16.34,0,0,0,0,FALSE,,0,,2
8827953,Pattan-Kodoli,Pattan-Kodoli,8827953,Active,Community,India,Hupari (Rotary),2025 - 2026,3170,Zone 7,Zone 7,25,Yes,No,TRUE,21240,221.25,21240,TRUE,TRUE,Rotaract President,2025 - 2026,N,0,0,0,0,0,0,FALSE,,0,,0
8827921,Ponda,Ponda,8827921,Active,Community,India,Ponda (Rotary),2026 - 2027,3170,Zone 7,Zone 7,12,No,Yes,FALSE,0,0,0,FALSE,FALSE,N/A,N/A,N/A,0,0,0,0,0,0,FALSE,,0,,0
218019,Presentation Girl's Composite P.U. College,Presentation Girl's Composite P.U. College,218019,Active,University,India,Dharwad Central (Rotary),2022 - 2023,3170,Zone 7,Zone 7,10,Yes,No,TRUE,10383,108.16,10383,TRUE,TRUE,Rotaract President,2022 - 2023,N,0,0,0,0,0,0,FALSE,,0,,0
217898,"Rajarshi Shahu College, Rukadi","Rajarshi Shahu College, Rukadi",217898,Active,University,India,Ichalkaranji Central (Rotary),2022 - 2023,3170,Zone 7,Zone 7,2,Yes,No,TRUE,4035,42.03,4035,FALSE,TRUE,Rotaract President,2022 - 2023,N,0,0,0,0,0,0,FALSE,,0,,0
8825658,Ratnagiri Midtown,Ratnagiri Midtown,8825658,Active,Community,India,Ratnagiri Midtown (Rotary),2026 - 2027,3170,Zone 7,Zone 7,11,No,Yes,FALSE,0,0,0,FALSE,FALSE,N/A,N/A,N/A,0,0,0,0,0,0,FALSE,,0,,0
8825323,Rising Youth Banda,Rising Youth Banda,8825323,Active,Community,India,Banda (Rotary),2026 - 2027,3170,Zone 7,Zone 7,15,Yes,Yes,TRUE,12744,132.75,12744,TRUE,FALSE,N/A,N/A,N/A,0,0,0,0,0,0,FALSE,,0,,0
8824934,RPD College,RPD College,8824934,Active,University,India,Belgaum South (Rotary),2022 - 2023,3170,Zone 7,Zone 7,1,Yes,No,TRUE,2018,21.02,2018,FALSE,TRUE,Rotaract President,2022 - 2023,N,0,0,0,0,0,0,FALSE,,0,,0
218304,Sahyadri Pashan,Sahyadri Pashan,218304,Active,Community,India,Vishrambag (Rotary),2025 - 2026,3170,Zone 7,Zone 7,12,Yes,No,TRUE,10693,111.39,10693,TRUE,TRUE,Rotaract President,2025 - 2026,N,0,0,0,0,0,0,FALSE,,0,,0
7839,Sangli,Sangli,7839,Active,University,India,Sangli (Rotary),2026 - 2027,3170,Zone 7,Zone 7,5,No,Yes,FALSE,0,0,0,FALSE,FALSE,N/A,N/A,N/A,0,0,0,0,0,0,FALSE,,0,,2
8825730,Sangli Midtown Synergy,Sangli Midtown Synergy,8825730,Active,Community,India,Sangli Midtown (Rotary),2024 - 2025,3170,Zone 7,Zone 7,9,No,No,FALSE,0,0,0,FALSE,TRUE,Rotaract President,2024 - 2025,N,0,0,0,0,0,0,FALSE,,0,,0
8828624,Sanjeevini Ayurveda Medical College & Hospital Elite,Sanjeevini Ayurveda Medical College & Hospital Elite,8828624,Active,University,India,Hubli Elite (Rotary),2026 - 2027,3170,Zone 7,Zone 7,4,No,Yes,FALSE,0,0,0,FALSE,FALSE,N/A,N/A,N/A,0,0,0,0,0,0,TRUE,07-Aug-2026,4,,0
8824549,Sanjeevini Pharmacy College,Sanjeevini Pharmacy College,8824549,Active,University,India,Bijapur North (Rotary),2022 - 2023,3170,Zone 7,Zone 7,1,Yes,No,TRUE,531,5.53,531,FALSE,TRUE,Rotaract President,2022 - 2023,N,0,0,0,0,0,0,FALSE,,0,,0
216241,"Sarohini College of Pharmacy ""Samarpan""","Sarohini College of Pharmacy ""Samarpan""",216241,Active,University,India,Gargis Kolhapur (Rotary),2024 - 2025,3170,Zone 7,Zone 7,12,Yes,No,TRUE,7221,75.22,7221,TRUE,TRUE,Rotaract President,2024 - 2025,N,0,0,0,0,0,0,FALSE,,0,,0
218023,Sawantwadi,Sawantwadi,218023,Active,Community,India,Savantwadi (Rotary),2026 - 2027,3170,Zone 7,Zone 7,18,No,Yes,FALSE,0,0,0,FALSE,FALSE,N/A,N/A,N/A,0,0,0,0,0,0,FALSE,,0,,0
8828108,S. B. Khade Mahavidyalaya Koparde,S. B. Khade Mahavidyalaya Koparde,8828108,Active,University,India,Kolhapur (Rotaract),2026 - 2027,3170,Zone 7,Zone 7,2,No,Yes,FALSE,0,0,0,FALSE,FALSE,N/A,N/A,N/A,0,0,0,0,0,0,FALSE,,0,,0
215206,"SDM Degree College, Honnavar","SDM Degree College, Honnavar",215206,Active,University,India,Honavar (Rotary),2022 - 2023,3170,Zone 7,Zone 7,2,Yes,No,TRUE,2076,21.63,2076,FALSE,TRUE,Rotaract President,2022 - 2023,N,0,0,0,0,0,0,FALSE,,0,,0
8828630,SDM Dental Impact,SDM Dental Impact,8828630,Active,University,India,Hubli Vidyanagar (Rotary),2026 - 2027,3170,Zone 7,Zone 7,4,No,Yes,FALSE,0,0,0,FALSE,FALSE,N/A,N/A,N/A,0,0,0,0,0,0,TRUE,03-Aug-2026,4,,0
8824524,Shantiniketan,Shantiniketan,8824524,Active,University,India,E-Club of District 3170 Belgaum (Rotary),2021 - 2022,3170,Zone 7,Zone 7,1,Yes,No,TRUE,2018,21.02,2018,FALSE,TRUE,Rotaract President,2021 - 2022,N,0,0,0,0,0,0,FALSE,,0,,0
8827412,"Shivaji Arts, Commerce and BCA College","Shivaji Arts, Commerce and BCA College",8827412,Active,University,India,Karwar Seaside (Rotary),2026 - 2027,3170,Zone 7,Zone 7,14,No,Yes,FALSE,0,0,0,FALSE,FALSE,N/A,N/A,N/A,0,0,0,0,0,0,FALSE,,0,,0
214497,"Shivaji College of Educatin, Baad, Karwar","Shivaji College of Educatin, Baad, Karwar",214497,Active,University,India,Karwar (Rotary),2020 - 2021,3170,Zone 7,Zone 7,2,No,No,FALSE,0,0,0,FALSE,TRUE,Rotaract President,2020 - 2021,N,0,0,0,0,0,0,FALSE,,0,,0
8827934,Shree Pushpasen Sawant College of Pharmacy,Shree Pushpasen Sawant College of Pharmacy,8827934,Active,University,India,Sindhudurg Central (Rotary),2026 - 2027,3170,Zone 7,Zone 7,38,Yes,Yes,TRUE,21240,221.25,21240,TRUE,FALSE,N/A,N/A,N/A,0,0,0,0,0,0,FALSE,,0,,0
217366,Shreeya College of Nursing,Shreeya College of Nursing,217366,Active,University,India,Seven Hills Dharwad (Rotary),2019 - 2020,3170,Zone 7,Zone 7,1,Yes,No,TRUE,2018,21.02,2018,FALSE,TRUE,Rotaract President,2019 - 2020,N,0,0,0,0,0,0,FALSE,,0,,0
217823,"Shri Santram PU College, Athani","Shri Santram PU College, Athani",217823,Active,University,India,Athani (Rotary),2019 - 2020,3170,Zone 7,Zone 7,1,Yes,No,TRUE,2018,21.02,2018,FALSE,TRUE,Rotaract President,2019 - 2020,N,0,0,0,0,0,0,FALSE,,0,,0
217724,"SJMVS BBA COLLEGE FOR WOMEN, HUBLI","SJMVS BBA COLLEGE FOR WOMEN, HUBLI",217724,Active,University,India,Hubli Mid-Town (Rotary),2019 - 2020,3170,Zone 7,Zone 7,1,Yes,No,TRUE,2018,21.02,2018,FALSE,TRUE,Rotaract President,2019 - 2020,N,0,0,0,0,0,0,FALSE,,0,,0
8826065,S.J.M.V.S. Womens BBA College,S.J.M.V.S. Womens BBA College,8826065,Active,University,India,Hubli (Rotary),2024 - 2025,3170,Zone 7,Zone 7,12,Yes,No,TRUE,12462,129.81,12462,TRUE,TRUE,Rotaract President,2024 - 2025,N,0,0,0,0,0,0,FALSE,,0,,0
8828579,Smt. A.R.P. Kanya Mahavidyalaya Ichalkaranji,Smt. A.R.P. Kanya Mahavidyalaya Ichalkaranji,8828579,Active,University,India,Smart City Kolhapur (Rotary),2026 - 2027,3170,Zone 7,Zone 7,14,No,Yes,FALSE,0,0,0,FALSE,FALSE,N/A,N/A,N/A,0,0,0,0,0,0,TRUE,24-Jul-2026,14,,0
8824632,Smt. C. B. Shah Mahila Mahavidyalay,Smt. C. B. Shah Mahila Mahavidyalay,8824632,Active,University,India,Sangli (Rotary),2024 - 2025,3170,Zone 7,Zone 7,4,Yes,No,TRUE,7518,78.31,7518,TRUE,TRUE,Rotaract President,2024 - 2025,N,0,0,0,0,0,0,FALSE,,0,,0
8828045,Smt. Shakuntala Institute of Nursing Education,Smt. Shakuntala Institute of Nursing Education,8828045,Active,University,India,Hubli West (Rotary),2026 - 2027,3170,Zone 7,Zone 7,12,No,Yes,FALSE,0,0,0,FALSE,FALSE,N/A,N/A,N/A,0,0,0,0,0,0,FALSE,,0,,0
8828626,Sridora Caculo College of Commerce & Management Studies,Sridora Caculo College of Commerce & Management Studies,8828626,Active,University,India,Mapusa (Rotaract),2026 - 2027,3170,Zone 7,Zone 7,4,No,Yes,FALSE,0,0,0,FALSE,FALSE,N/A,N/A,N/A,0,0,0,0,0,0,TRUE,07-Aug-2026,4,,0
8828602,SSA Government College and Research Center Pernem,SSA Government College and Research Center Pernem,8828602,Active,University,India,Mapusa Elegance (Rotary),2026 - 2027,3170,Zone 7,Zone 7,28,No,Yes,FALSE,0,0,0,FALSE,FALSE,N/A,N/A,N/A,0,0,0,0,0,0,TRUE,29-Jul-2026,28,,0
8828332,S. S. Dempo College Autonomous,S. S. Dempo College Autonomous,8828332,Active,University,India,Dona Paula (Rotary),2026 - 2027,3170,Zone 7,Zone 7,44,No,Yes,FALSE,0,0,0,FALSE,FALSE,N/A,N/A,N/A,0,0,0,0,0,0,FALSE,,0,,0
216092,St. Xaviers College,St. Xaviers College,216092,Active,University,India,Mapuca (Rotary),2021 - 2022,3170,Zone 7,Zone 7,3,Yes,No,TRUE,6053,63.05,6053,FALSE,TRUE,Rotaract President,2021 - 2022,N,0,0,0,0,0,0,FALSE,,0,,0
8824914,Sunshine Sangli,Sunshine Sangli,8824914,Active,Community,India,Sangli (Rotary),2026 - 2027,3170,Zone 7,Zone 7,11,No,Yes,FALSE,0,0,0,FALSE,FALSE,N/A,N/A,N/A,0,0,0,0,0,0,FALSE,,0,,0
8823546,Swarajya,Swarajya,8823546,Active,Community,India,Kolhapur (Rotaract),2022 - 2023,3170,Zone 7,Zone 7,2,Yes,No,TRUE,3323,34.61,3323,FALSE,TRUE,Rotaract President,2022 - 2023,N,0,0,0,0,0,0,FALSE,,0,,0
213062,Tasgaon Grape City,Tasgaon Grape City,213062,Active,Community,India,Tasgaon (Rotary),2026 - 2027,3170,Zone 7,Zone 7,15,No,Yes,FALSE,0,0,0,FALSE,FALSE,N/A,N/A,N/A,0,0,0,0,0,0,FALSE,,0,,0
215190,Trinity College,Trinity College,215190,Active,University,India,Belgaum Central (Rotary),2020 - 2021,3170,Zone 7,Zone 7,3,Yes,No,TRUE,6053,63.05,6053,FALSE,TRUE,Rotaract President,2020 - 2021,N,0,0,0,0,0,0,FALSE,,0,,0
8828571,Twin City,Twin City,8828571,Active,Community,India,Hubli South (Rotary),2026 - 2027,3170,Zone 7,Zone 7,15,No,Yes,FALSE,0,0,0,FALSE,FALSE,N/A,N/A,N/A,0,0,0,0,0,0,TRUE,20-Jul-2026,15,,0
8827402,Uttara Kannada United,Uttara Kannada United,8827402,Active,Community,India,Bhatkal (Rotary),2026 - 2027,3170,Zone 7,Zone 7,7,Yes,Yes,TRUE,9492,98.88,9492,TRUE,FALSE,N/A,N/A,N/A,0,0,0,0,0,0,FALSE,,0,,0
7827,Vasco Da Gama,Vasco Da Gama,7827,Active,Community,India,Vasco-da-Gama (Rotary),2026 - 2027,3170,Zone 7,Zone 7,29,No,Yes,FALSE,0,0,0,FALSE,FALSE,N/A,N/A,N/A,0,0,0,0,0,0,FALSE,,0,,0
8828576,Vengurla,Vengurla,8828576,Active,Community,India,,2026 - 2027,3170,Zone 7,Zone 7,13,No,Yes,FALSE,0,0,0,FALSE,FALSE,N/A,N/A,N/A,0,0,0,0,0,0,TRUE,24-Jul-2026,13,,0
90368,Venugram-Belgaum,Venugram-Belgaum,90368,Active,Community,India,Venugram-Belgaum (Rotary),2026 - 2027,3170,Zone 7,Zone 7,24,No,Yes,FALSE,0,0,0,FALSE,FALSE,N/A,N/A,N/A,0,0,0,0,0,0,FALSE,,0,,0
218020,Vidya P Hanchinmani PU Science College,Vidya P Hanchinmani PU Science College,218020,Active,University,India,Dharwad Central (Rotary),2019 - 2020,3170,Zone 7,Zone 7,1,Yes,No,TRUE,2018,21.02,2018,FALSE,TRUE,Rotaract President,2019 - 2020,N,0,0,0,0,0,0,FALSE,,0,,0
8828578,Vishrambag Zenith,Vishrambag Zenith,8828578,Active,Community,India,Vishrambag (Rotary),2026 - 2027,3170,Zone 7,Zone 7,14,No,Yes,FALSE,0,0,0,FALSE,FALSE,N/A,N/A,N/A,0,0,0,0,0,0,TRUE,24-Jul-2026,14,,0
8826216,Vivekanand College Kolhapur,Vivekanand College Kolhapur,8826216,Active,University,India,Smart City Kolhapur (Rotary),2025 - 2026,3170,Zone 7,Zone 7,7,No,No,FALSE,0,0,0,FALSE,TRUE,Rotaract President,2025 - 2026,N,0,0,0,0,0,0,FALSE,,0,,0
8828115,Akshaya College,Akshaya College,8828115,Active,University,India,Puttur Yuva (Rotary),2026 - 2027,3181,Zone 7,Zone 7,14,No,Yes,FALSE,0,0,0,FALSE,FALSE,N/A,N/A,N/A,0,0,0,0,0,0,FALSE,,0,,0
8826474,Aramane Nagari,Aramane Nagari,8826474,Active,Community,India,Mysore (Rotary),2026 - 2027,3181,Zone 7,Zone 7,20,No,Yes,FALSE,0,0,0,FALSE,FALSE,N/A,N/A,N/A,0,0,0,0,0,0,FALSE,,0,,0
216654,Besant P.G. Studies in Commerce,Besant P.G. Studies in Commerce,216654,Active,University,India,Mangalore (Rotary),2020 - 2021,3181,Zone 7,Zone 7,3,Yes,No,TRUE,4584,47.75,4584,FALSE,TRUE,Rotaract President,2020 - 2021,N,0,0,0,0,0,0,FALSE,,0,,0
8828201,BIMS University of Mysore,BIMS University of Mysore,8828201,Active,University,India,Panchsheel Mysore (Rotary),2026 - 2027,3181,Zone 7,Zone 7,21,No,Yes,FALSE,0,0,0,FALSE,FALSE,N/A,N/A,N/A,0,0,0,0,0,0,FALSE,,0,,0
215995,B.T.C.G. Govt. First Grade College Yadoor,B.T.C.G. Govt. First Grade College Yadoor,215995,Active,University,India,Somwarpet Hills (Rotary),2020 - 2021,3181,Zone 7,Zone 7,1,Yes,No,TRUE,2018,21.02,2018,FALSE,TRUE,Rotaract President,2020 - 2021,N,0,0,0,0,0,0,FALSE,,0,,0
217825,Canara P.G. Centre For Commerce,Canara P.G. Centre For Commerce,217825,Active,University,India,Mangalore (Rotary),2020 - 2021,3181,Zone 7,Zone 7,2,Yes,No,TRUE,4035,42.03,4035,FALSE,TRUE,Rotaract President,2020 - 2021,N,0,0,0,0,0,0,FALSE,,0,,0
8828240,Cauvery College Gonikoppal,Cauvery College Gonikoppal,8828240,Active,University,India,Gonikoppal (Rotary),2026 - 2027,3181,Zone 7,Zone 7,12,No,Yes,FALSE,0,0,0,FALSE,FALSE,N/A,N/A,N/A,0,0,0,0,0,0,FALSE,,0,,0
213039,Coorg Institute of Technology,Coorg Institute of Technology,213039,Active,University,India,Gonikoppal (Rotary),2025 - 2026,3181,Zone 7,Zone 7,5,No,No,FALSE,0,0,0,FALSE,TRUE,Rotaract President,2025 - 2026,N,0,0,0,0,0,0,FALSE,,0,,0
8824497,De Paul College,De Paul College,8824497,Active,University,India,Mysore Mid-Town (Rotary),2025 - 2026,3181,Zone 7,Zone 7,12,Yes,No,TRUE,17017,177.26,17017,TRUE,TRUE,Rotaract President,2025 - 2026,N,0,0,0,0,0,0,FALSE,,0,,0
8827748,E-Club of Mysuru Performing Artists,E-Club of Mysuru Performing Artists,8827748,Active,Community,India,E-Club of Mysuru Center (Rotary),2026 - 2027,3181,Zone 7,Zone 7,12,Yes,Yes,TRUE,26338,274.35,26338,TRUE,FALSE,N/A,N/A,N/A,0,0,0,0,0,0,FALSE,,0,,0
216348,Forestry College Ponnampet,Forestry College Ponnampet,216348,Active,University,India,Gonikoppal (Rotary),2022 - 2023,3181,Zone 7,Zone 7,1,Yes,No,TRUE,1528,15.92,1528,FALSE,TRUE,Rotaract President,2022 - 2023,N,0,0,0,0,0,0,FALSE,,0,,0
217331,GFGC Mudipu,GFGC Mudipu,217331,Active,University,India,Bantwal (Rotary),2020 - 2021,3181,Zone 7,Zone 7,2,Yes,No,TRUE,4035,42.03,4035,FALSE,TRUE,Rotaract President,2020 - 2021,N,0,0,0,0,0,0,FALSE,,0,,0
217329,Government 1st Grade Degree College Vamadapadavu,Government 1st Grade Degree College Vamadapadavu,217329,Active,University,India,Bantwal Loretto Hills (Rotary),2019 - 2020,3181,Zone 7,Zone 7,1,Yes,No,TRUE,2018,21.02,2018,FALSE,TRUE,Rotaract President,2019 - 2020,N,0,0,0,0,0,0,FALSE,,0,,0
8828180,Government First Grade College for Women Madikeri,Government First Grade College for Women Madikeri,8828180,Active,University,India,Madikeri Woods (Rotary),2026 - 2027,3181,Zone 7,Zone 7,16,No,Yes,FALSE,0,0,0,FALSE,FALSE,N/A,N/A,N/A,0,0,0,0,0,0,FALSE,,0,,0
8828111,Govt. First Grade College Jidekal Puttur,Govt. First Grade College Jidekal Puttur,8828111,Active,University,India,Puttur City (Rotary),2026 - 2027,3181,Zone 7,Zone 7,15,No,Yes,FALSE,0,0,0,FALSE,FALSE,N/A,N/A,N/A,0,0,0,0,0,0,FALSE,,0,,0
217599,Govt First Grade College Punjalakatte,Govt First Grade College Punjalakatte,217599,Active,University,India,Madanthyar (Rotary),2020 - 2021,3181,Zone 7,Zone 7,1,Yes,No,TRUE,2018,21.02,2018,FALSE,TRUE,Rotaract President,2020 - 2021,N,0,0,0,0,0,0,FALSE,,0,,0
215555,Govt. First Grade College Siddakatte,Govt. First Grade College Siddakatte,215555,Active,University,India,Bantwal Loretto Hills (Rotary),2019 - 2020,3181,Zone 7,Zone 7,1,Yes,No,TRUE,2018,21.02,2018,FALSE,TRUE,Rotaract President,2019 - 2020,N,0,0,0,0,0,0,FALSE,,0,,0
8827701,Hindustan First Grade College,Hindustan First Grade College,8827701,Active,University,India,Mysore (Rotary),2026 - 2027,3181,Zone 7,Zone 7,1,Yes,Yes,TRUE,7965,82.97,7965,TRUE,FALSE,N/A,N/A,N/A,0,0,0,0,0,0,FALSE,,0,,0
8823284,JSS Law College Mysore North,JSS Law College Mysore North,8823284,Active,University,India,Mysore North (Rotary),2026 - 2027,3181,Zone 7,Zone 7,9,No,Yes,FALSE,0,0,0,FALSE,FALSE,N/A,N/A,N/A,90.95,0,90.95,0,0,0,FALSE,,0,,0
8828182,Keyyur,Keyyur,8828182,Active,Community,India,Puttur Central (Rotary),2026 - 2027,3181,Zone 7,Zone 7,20,No,Yes,FALSE,0,0,0,FALSE,FALSE,N/A,N/A,N/A,0,0,0,0,0,0,FALSE,,0,,0
8825967,Kodagu,Kodagu,8825967,Active,Community,India,Gonikoppal (Rotary),2026 - 2027,3181,Zone 7,Zone 7,20,Yes,No,TRUE,22641,235.84,22641,TRUE,TRUE,Rotaract President,2025 - 2026,N,0,0,0,0,0,0,FALSE,,0,,0
8827516,Krishnarajanagara,Krishnarajanagara,8827516,Active,Community,India,Krishnarajanagar (Rotary),2026 - 2027,3181,Zone 7,Zone 7,12,Yes,Yes,TRUE,10408,108.42,10408,TRUE,FALSE,N/A,N/A,N/A,0,0,0,0,0,0,FALSE,,0,,0
8827740,Mahajana FGC Mysore,Mahajana FGC Mysore,8827740,Active,University,India,Mysore Metro (Rotary),2026 - 2027,3181,Zone 7,Zone 7,22,No,Yes,FALSE,0,0,0,FALSE,FALSE,N/A,N/A,N/A,0,0,0,0,0,0,FALSE,,0,,0
8828200,Manel Srinivas Nayak Institute of Management (MSNIM),Manel Srinivas Nayak Institute of Management (MSNIM),8828200,Active,University,India,Mangalore North (Rotary),2026 - 2027,3181,Zone 7,Zone 7,12,No,Yes,FALSE,0,0,0,FALSE,FALSE,N/A,N/A,N/A,0,0,0,0,0,0,FALSE,,0,,0
7949,Mangalore City,Mangalore City,7949,Active,Community,India,Mangalore Central (Rotary),2026 - 2027,3181,Zone 7,Zone 7,20,No,Yes,FALSE,0,0,0,FALSE,FALSE,N/A,N/A,N/A,0,0,0,0,0,0,FALSE,,0,,0
8827885,Mangalore Swastika,Mangalore Swastika,8827885,Active,Community,India,Mangalore City (Rotary),2026 - 2027,3181,Zone 7,Zone 7,29,Yes,Yes,TRUE,24638,256.65,24638,TRUE,FALSE,N/A,N/A,N/A,0,0,0,0,0,0,FALSE,,0,,0
8825968,MIT First Grade College,MIT First Grade College,8825968,Active,University,India,Mysore South East (Rotary),2025 - 2026,3181,Zone 7,Zone 7,7,No,No,FALSE,0,0,0,FALSE,TRUE,Rotaract President,2025 - 2026,N,0,0,0,0,0,0,FALSE,,0,,0
7999,Mysore,Mysore,7999,Active,Community,India,Mysore (Rotary),2026 - 2027,3181,Zone 7,Zone 7,37,No,Yes,FALSE,0,0,0,FALSE,FALSE,N/A,N/A,N/A,0,0,0,0,0,0,FALSE,,0,,0
90722,Mysore East,Mysore East,90722,Active,Community,India,Mysore East (Rotary),2026 - 2027,3181,Zone 7,Zone 7,12,Yes,Yes,TRUE,15122,157.52,15122,TRUE,FALSE,N/A,N/A,N/A,0,0,0,0,0,0,FALSE,,0,,0
8826032,Mysore Mid Town,Mysore Mid Town,8826032,Active,Community,India,Mysore Mid-Town (Rotary),2025 - 2026,3181,Zone 7,Zone 7,12,No,No,FALSE,0,0,0,FALSE,TRUE,Rotaract President,2025 - 2026,N,0,0,0,0,0,0,FALSE,,0,,0
8828608,Mysore North,Mysore North,8828608,Active,Community,India,Mysore North (Rotary),2026 - 2027,3181,Zone 7,Zone 7,15,No,Yes,FALSE,0,0,0,FALSE,FALSE,N/A,N/A,N/A,0,0,0,0,0,0,TRUE,30-Jul-2026,15,,0
8827745,Mysore School of Architecture,Mysore School of Architecture,8827745,Active,University,India,Mysore Metro (Rotary),2026 - 2027,3181,Zone 7,Zone 7,15,Yes,Yes,TRUE,7965,82.97,7965,TRUE,FALSE,N/A,N/A,N/A,0,0,0,0,0,0,FALSE,,0,,0
8827703,Mysore School of Design,Mysore School of Design,8827703,Active,University,India,Mysore Metro (Rotary),2026 - 2027,3181,Zone 7,Zone 7,19,Yes,Yes,TRUE,10089,105.09,10089,TRUE,FALSE,N/A,N/A,N/A,0,0,0,0,0,0,FALSE,,0,,0
8825969,Mysore South East,Mysore South East,8825969,Active,Community,India,Mysore South East (Rotary),2026 - 2027,3181,Zone 7,Zone 7,10,No,Yes,FALSE,0,0,0,FALSE,FALSE,N/A,N/A,N/A,0,0,0,0,0,0,FALSE,,0,,0
8827807,Mysuru Trailblazers,Mysuru Trailblazers,8827807,Active,Community,India,Mysore Jayaprakash Nagar (Rotary),2026 - 2027,3181,Zone 7,Zone 7,12,No,Yes,FALSE,0,0,0,FALSE,FALSE,N/A,N/A,N/A,0,0,0,0,0,0,FALSE,,0,,0
8827738,National Institute of Engineering Mysore,National Institute of Engineering Mysore,8827738,Active,University,India,Mysore Metro (Rotary),2026 - 2027,3181,Zone 7,Zone 7,120,No,No,FALSE,0,0,0,FALSE,TRUE,Rotaract President,2025 - 2026,N,0,0,0,0,0,0,FALSE,,0,,0
8826927,National Institute of Technology Karnataka,National Institute of Technology Karnataka,8826927,Active,University,India,Surathkal (Rotary),2025 - 2026,3181,Zone 7,Zone 7,52,Yes,No,TRUE,27612,287.63,27612,TRUE,TRUE,Rotaract President,2025 - 2026,N,0,0,0,0,0,0,FALSE,,0,,0
8823387,NIE First Grade College,NIE First Grade College,8823387,Active,University,India,Mysore (Rotary),2026 - 2027,3181,Zone 7,Zone 7,2,Yes,Yes,TRUE,8790,91.56,8790,TRUE,FALSE,N/A,N/A,N/A,0,0,0,0,0,0,FALSE,,0,,0
8827605,Nitte University,Nitte University,8827605,Active,University,India,Mangalore (Rotary),2026 - 2027,3181,Zone 7,Zone 7,26,No,Yes,FALSE,0,0,0,FALSE,FALSE,N/A,N/A,N/A,0,0,0,0,0,0,FALSE,,0,,0
8824133,Pragathi Paramedical,Pragathi Paramedical,8824133,Active,University,India,Puttur (Rotary),2025 - 2026,3181,Zone 7,Zone 7,7,Yes,No,TRUE,6230,64.9,6230,FALSE,TRUE,Rotaract President,2025 - 2026,N,0,0,0,0,0,0,FALSE,,0,,0
7987,Puttur,Puttur,7987,Active,Community,India,Puttur (Rotary),2025 - 2026,3181,Zone 7,Zone 7,11,No,No,FALSE,0,0,0,FALSE,TRUE,Rotaract President,2025 - 2026,N,0,0,0,0,0,0,FALSE,,0,,0
8827611,SDM MBA Mangalore,SDM MBA Mangalore,8827611,Active,University,India,Mangalore (Rotary),2026 - 2027,3181,Zone 7,Zone 7,12,No,Yes,FALSE,0,0,0,FALSE,FALSE,N/A,N/A,N/A,0,0,0,0,0,0,FALSE,,0,,0
8827691,Seshadripuram Degree College Mysore,Seshadripuram Degree College Mysore,8827691,Active,University,India,Mysore Metro (Rotary),2026 - 2027,3181,Zone 7,Zone 7,12,Yes,Yes,TRUE,6372,66.38,6372,FALSE,FALSE,N/A,N/A,N/A,0,0,0,0,0,0,FALSE,,0,,0
217387,SNM Polytechnic,SNM Polytechnic,217387,Active,University,India,Moodabidri (Rotary),2019 - 2020,3181,Zone 7,Zone 7,1,Yes,No,TRUE,2018,21.02,2018,FALSE,TRUE,Rotaract President,2019 - 2020,N,0,0,0,0,0,0,FALSE,,0,,0
215990,Spandan Somwarpet Hills,Spandan Somwarpet Hills,215990,Active,University,India,Somwarpet Hills (Rotary),2020 - 2021,3181,Zone 7,Zone 7,2,Yes,No,TRUE,4035,42.03,4035,FALSE,TRUE,Rotaract President,2020 - 2021,N,0,0,0,0,0,0,FALSE,,0,,0
215162,Srinivas University College of Engineering & Technology,Srinivas University College of Engineering & Technology,215162,Active,University,India,Surathkal (Rotary),2026 - 2027,3181,Zone 7,Zone 7,4,No,Yes,FALSE,0,0,0,FALSE,FALSE,N/A,N/A,N/A,0,0,0,0,0,0,FALSE,,0,,0
8828112,Sri Pragathi Vistara College for Aviation and Management Puttur,Sri Pragathi Vistara College for Aviation and Management Puttur,8828112,Active,University,India,Puttur City (Rotary),2026 - 2027,3181,Zone 7,Zone 7,15,No,Yes,FALSE,0,0,0,FALSE,FALSE,N/A,N/A,N/A,0,0,0,0,0,0,FALSE,,0,,0
8826347,Sri Vani Vilas Urs Women's First Grade College,Sri Vani Vilas Urs Women's First Grade College,8826347,Active,University,India,Ivory City Mysuru (Rotary),2025 - 2026,3181,Zone 7,Zone 7,21,Yes,No,TRUE,495,5.16,495,FALSE,TRUE,Rotaract President,2025 - 2026,N,0,0,0,0,0,0,FALSE,,0,,0
8825680,St Aloysius College,St Aloysius College,8825680,Active,University,India,Mangalore North (Rotary),2026 - 2027,3181,Zone 7,Zone 7,4,No,Yes,FALSE,0,0,0,FALSE,FALSE,N/A,N/A,N/A,0,0,0,0,0,0,FALSE,,0,,0
215994,St. Joseph Degree College Somwarpet,St. Joseph Degree College Somwarpet,215994,Active,University,India,Somwarpet Hills (Rotary),2022 - 2023,3181,Zone 7,Zone 7,3,Yes,No,TRUE,6053,63.05,6053,FALSE,TRUE,Rotaract President,2022 - 2023,N,0,0,0,0,0,0,FALSE,,0,,0
217834,Sullia,Sullia,217834,Active,Community,India,Sullia (Rotary),2022 - 2023,3181,Zone 7,Zone 7,2,Yes,No,TRUE,6456,67.25,6456,FALSE,TRUE,Rotaract President,2022 - 2023,N,0,0,0,0,0,0,FALSE,,0,,0
8826341,Sullia United,Sullia United,8826341,Active,Community,India,Sullia City (Rotary),2024 - 2025,3181,Zone 7,Zone 7,10,Yes,No,TRUE,8496,88.5,8496,TRUE,TRUE,Rotaract President,2024 - 2025,N,0,0,0,0,0,0,FALSE,,0,,0
8827889,Swastika National Business School,Swastika National Business School,8827889,Active,University,India,Mangalore Down Town (Rotary),2026 - 2027,3181,Zone 7,Zone 7,38,Yes,Yes,TRUE,20178,210.19,20178,TRUE,FALSE,N/A,N/A,N/A,0,0,0,0,0,0,FALSE,,0,,0
8828178,Teresian College,Teresian College,8828178,Active,University,India,Mysore West (Rotary),2026 - 2027,3181,Zone 7,Zone 7,17,No,Yes,FALSE,0,0,0,FALSE,FALSE,N/A,N/A,N/A,0,0,0,0,0,0,FALSE,,0,,0
8827665,Thingalady,Thingalady,8827665,Active,Community,India,Puttur-East (Rotary),2025 - 2026,3181,Zone 7,Zone 7,12,No,No,FALSE,0,0,0,FALSE,TRUE,Rotaract President,2025 - 2026,N,0,0,0,0,0,0,FALSE,,0,,0
8827694,Trinity College Mysore,Trinity College Mysore,8827694,Active,University,India,Mysore Mid-Town (Rotary),2026 - 2027,3181,Zone 7,Zone 7,38,Yes,Yes,TRUE,20178,210.19,20178,TRUE,FALSE,N/A,N/A,N/A,0,0,0,0,0,0,FALSE,,0,,0
8828228,Vidyavardhaka College of Engineering,Vidyavardhaka College of Engineering,8828228,Active,University,India,Mysore West (Rotary),2026 - 2027,3181,Zone 7,Zone 7,14,No,Yes,FALSE,0,0,0,FALSE,FALSE,N/A,N/A,N/A,0,0,0,0,0,0,FALSE,,0,,0
217824,"Yenopaya Institute of Arts, Science, Commerce & Management","Yenopaya Institute of Arts, Science, Commerce & Management",217824,Active,University,India,Mangalore (Rotary),2020 - 2021,3181,Zone 7,Zone 7,2,Yes,No,TRUE,1062,11.06,1062,FALSE,TRUE,Rotaract President,2020 - 2021,N,0,0,0,0,0,0,FALSE,,0,,0
8826217,Aaraike,Aaraike,8826217,Active,Community,India,Hassan Midtown (Rotary),2025 - 2026,3182,Zone 7,Zone 7,15,Yes,No,TRUE,12744,132.75,12744,TRUE,TRUE,Rotaract President,2025 - 2026,N,0,0,0,0,0,0,FALSE,,0,,0
217924,Ashothara Seva Jayapura,Ashothara Seva Jayapura,217924,Active,Community,India,Jayapura (Rotary),2020 - 2021,3182,Zone 7,Zone 7,1,Yes,No,TRUE,3228,33.63,3228,FALSE,TRUE,Rotaract President,2020 - 2021,N,0,0,0,0,0,0,FALSE,,0,,0
217501,A S S I T I Billady,A S S I T I Billady,217501,Active,University,India,Saibarkatte (Rotary),2022 - 2023,3182,Zone 7,Zone 7,2,Yes,No,TRUE,1062,11.06,1062,FALSE,TRUE,Rotaract President,2021 - 2022,N,0,0,0,0,0,0,FALSE,,0,,0
217520,Bahubali College of Engineering,Bahubali College of Engineering,217520,Active,University,India,Channarayapatna Vision (Rotary),2022 - 2023,3182,Zone 7,Zone 7,4,Yes,No,TRUE,6112,63.67,6112,FALSE,TRUE,Rotaract President,2022 - 2023,N,0,0,0,0,0,0,FALSE,,0,,0
217464,Brahmavar,Brahmavar,217464,Active,Community,India,Brahmavar (Rotary),2023 - 2024,3182,Zone 7,Zone 7,11,No,No,FALSE,0,0,0,FALSE,TRUE,Rotaract President,2022 - 2023,N,0,0,0,0,0,0,FALSE,,0,,0
8827099,Chikkamagaluru Institute of Medical Sciences,Chikkamagaluru Institute of Medical Sciences,8827099,Active,University,India,Chikmagalur-Coffee Land (Rotary),2025 - 2026,3182,Zone 7,Zone 7,9,No,No,FALSE,0,0,0,FALSE,TRUE,Rotaract President,2025 - 2026,N,0,0,0,0,0,0,FALSE,,0,,0
217550,Dr. G. Shankar Gov. Women First Grade College,Dr. G. Shankar Gov. Women First Grade College,217550,Active,University,India,Udupi (Rotary),2021 - 2022,3182,Zone 7,Zone 7,2,Yes,No,TRUE,4035,42.03,4035,FALSE,TRUE,Rotaract President,2021 - 2022,N,0,0,0,0,0,0,FALSE,,0,,0
74684,"Dr. T.M.A. Pai Polytechnic, Manipal","Dr. T.M.A. Pai Polytechnic, Manipal",74684,Active,University,India,Manipal (Rotary),2022 - 2023,3182,Zone 7,Zone 7,3,No,No,FALSE,0,0,0,FALSE,TRUE,Rotaract President,2022 - 2023,N,0,0,0,0,0,0,FALSE,,0,,0
8825039,Gangolli,Gangolli,8825039,Active,University,India,Ganguli (Rotary),2022 - 2023,3182,Zone 7,Zone 7,1,Yes,No,TRUE,1528,15.92,1528,FALSE,TRUE,Rotaract President,2022 - 2023,N,0,0,0,0,0,0,FALSE,,0,,0
8828449,Good Citizen College,Good Citizen College,8828449,Active,University,India,Quanta Hassan (Rotary),2026 - 2027,3182,Zone 7,Zone 7,13,No,Yes,FALSE,0,0,0,FALSE,FALSE,N/A,N/A,N/A,0,0,0,0,0,0,FALSE,,0,,0
8826805,Government First Grade College Byndoor,Government First Grade College Byndoor,8826805,Active,University,India,Byndoor (Rotary),2025 - 2026,3182,Zone 7,Zone 7,12,Yes,No,TRUE,2141,22.3,2141,FALSE,TRUE,Rotaract President,2025 - 2026,N,0,0,0,0,0,0,FALSE,,0,,0
217486,Government Junior College-Kemmannu,Government Junior College-Kemmannu,217486,Active,University,India,Kallianpur (Rotary),2021 - 2022,3182,Zone 7,Zone 7,1,Yes,No,TRUE,1039,10.82,1039,FALSE,TRUE,Rotaract President,2021 - 2022,N,0,0,0,0,0,0,FALSE,,0,,0
216799,Govt. Engineering College,Govt. Engineering College,216799,Active,University,India,Hassan (Rotary),2020 - 2021,3182,Zone 7,Zone 7,1,Yes,No,TRUE,2018,21.02,2018,FALSE,TRUE,Rotaract President,2020 - 2021,N,0,0,0,0,0,0,FALSE,,0,,0
217485,Govt. Polytechnic College Manipal,Govt. Polytechnic College Manipal,217485,Active,University,India,Manipal Town (Rotary),2022 - 2023,3182,Zone 7,Zone 7,2,Yes,No,TRUE,4035,42.03,4035,FALSE,TRUE,Rotaract President,2022 - 2023,N,0,0,0,0,0,0,FALSE,,0,,0
217736,Govt. Polytechnic Karkala,Govt. Polytechnic Karkala,217736,Active,University,India,Karkala Rock City (Rotary),2019 - 2020,3182,Zone 7,Zone 7,1,Yes,No,TRUE,1528,15.92,1528,FALSE,TRUE,Rotaract President,2019 - 2020,N,0,0,0,0,0,0,FALSE,,0,,0
216810,Govt. Science College,Govt. Science College,216810,Active,University,India,Hassan (Rotary),2020 - 2021,3182,Zone 7,Zone 7,1,Yes,No,TRUE,2018,21.02,2018,FALSE,TRUE,Rotaract President,2020 - 2021,N,0,0,0,0,0,0,FALSE,,0,,0
215518,Hassan Institute of Medical Sciences,Hassan Institute of Medical Sciences,215518,Active,University,India,Hassan (Rotary),2021 - 2022,3182,Zone 7,Zone 7,4,Yes,No,TRUE,2124,22.13,2124,FALSE,TRUE,Rotaract President,2021 - 2022,N,0,0,0,0,0,0,FALSE,,0,,0
217601,ITI Pragathi Nagara,ITI Pragathi Nagara,217601,Active,University,India,Manipal Hills (Rotary),2022 - 2023,3182,Zone 7,Zone 7,2,Yes,No,TRUE,1062,11.06,1062,FALSE,TRUE,Rotaract President,2022 - 2023,N,0,0,0,0,0,0,FALSE,,0,,0
217488,"JNNCE, Shimoga","JNNCE, Shimoga",217488,Active,University,India,Shimoga Midtown (Rotary),2019 - 2020,3182,Zone 7,Zone 7,1,Yes,No,TRUE,2018,21.02,2018,FALSE,TRUE,Rotaract President,2019 - 2020,N,0,0,0,0,0,0,FALSE,,0,,0
8824785,Kadur,Kadur,8824785,Active,Community,India,Kadur (Rotary),2022 - 2023,3182,Zone 7,Zone 7,1,Yes,No,TRUE,3228,33.63,3228,FALSE,TRUE,Rotaract President,2022 - 2023,N,0,0,0,0,0,0,FALSE,,0,,0
217813,Kamala Nehru Shimoga,Kamala Nehru Shimoga,217813,Active,University,India,Shimoga North (Rotary),2019 - 2020,3182,Zone 7,Zone 7,1,Yes,No,TRUE,2018,21.02,2018,FALSE,TRUE,Rotaract President,2019 - 2020,N,0,0,0,0,0,0,FALSE,,0,,0
89844,Karkala,Karkala,89844,Active,Community,India,Karkala (Rotary),2024 - 2025,3182,Zone 7,Zone 7,11,No,No,FALSE,0,0,0,FALSE,TRUE,Rotaract President,2024 - 2025,N,0,0,0,0,0,0,FALSE,,0,,0
8828329,Kasturba Medical College Manipal,Kasturba Medical College Manipal,8828329,Active,University,India,Manipal Town (Rotary),2026 - 2027,3182,Zone 7,Zone 7,17,No,Yes,FALSE,0,0,0,FALSE,FALSE,N/A,N/A,N/A,0,0,0,0,0,0,FALSE,,0,,0
216502,Katpady,Katpady,216502,Active,Community,India,Katpady (Rotary),2020 - 2021,3182,Zone 7,Zone 7,2,Yes,No,TRUE,6456,67.25,6456,FALSE,TRUE,Rotaract President,2020 - 2021,N,0,0,0,0,0,0,FALSE,,0,,0
8827774,Kota-Saligrama,Kota-Saligrama,8827774,Active,Community,India,Kota-Saligram (Rotary),2026 - 2027,3182,Zone 7,Zone 7,13,Yes,Yes,TRUE,11045,115.05,11045,TRUE,FALSE,N/A,N/A,N/A,0,0,0,0,0,0,FALSE,,0,,0
217569,Koteshwara,Koteshwara,217569,Active,Community,India,Koteshwara (Rotary),2025 - 2026,3182,Zone 7,Zone 7,22,No,No,FALSE,0,0,0,FALSE,TRUE,Rotaract President,2025 - 2026,N,0,0,0,0,0,0,FALSE,,0,,0
216500,K.V.S.M. College Katapady,K.V.S.M. College Katapady,216500,Active,University,India,Katpady (Rotary),2020 - 2021,3182,Zone 7,Zone 7,2,Yes,No,TRUE,4035,42.03,4035,FALSE,TRUE,Rotaract President,2020 - 2021,N,0,0,0,0,0,0,FALSE,,0,,0
215339,Malnad College of Engineering,Malnad College of Engineering,215339,Active,University,India,Hassan (Rotary),2022 - 2023,3182,Zone 7,Zone 7,4,Yes,No,TRUE,2124,22.13,2124,FALSE,TRUE,Rotaract President,2022 - 2023,N,0,0,0,0,0,0,FALSE,,0,,0
8003,Manipal,Manipal,8003,Active,University,India,Manipal (Rotary),2026 - 2027,3182,Zone 7,Zone 7,13,No,Yes,FALSE,0,0,0,FALSE,FALSE,N/A,N/A,N/A,0,0,0,0,0,0,FALSE,,0,,0
216443,Manipal Academy of Higher Education,Manipal Academy of Higher Education,216443,Active,University,India,Manipal (Rotary),2023 - 2024,3182,Zone 7,Zone 7,4,Yes,No,TRUE,4154,43.27,4154,FALSE,TRUE,Rotaract President,2023 - 2024,N,0,0,0,0,0,0,FALSE,,0,,0
218444,Manipal Central,Manipal Central,218444,Active,Community,India,Manipal (Rotary),2025 - 2026,3182,Zone 7,Zone 7,12,No,No,FALSE,0,0,0,FALSE,TRUE,Rotaract President,2025 - 2026,N,0,0,0,0,0,0,FALSE,,0,,0
8828568,Manipal College of Dental Sciences,Manipal College of Dental Sciences,8828568,Active,University,India,Manipal (Rotary),2026 - 2027,3182,Zone 7,Zone 7,20,No,Yes,FALSE,0,0,0,FALSE,FALSE,N/A,N/A,N/A,0,0,0,0,0,0,TRUE,20-Jul-2026,20,,0
217487,Milagres College Kallianpur,Milagres College Kallianpur,217487,Active,University,India,Kallianpur (Rotary),2019 - 2020,3182,Zone 7,Zone 7,1,Yes,No,TRUE,2018,21.02,2018,FALSE,TRUE,Rotaract President,2019 - 2020,N,0,0,0,0,0,0,FALSE,,0,,0
214342,MPMG College,MPMG College,214342,Active,University,India,Karkala (Rotary),2019 - 2020,3182,Zone 7,Zone 7,2,Yes,No,TRUE,1062,11.06,1062,FALSE,TRUE,Rotaract President,2019 - 2020,N,0,0,0,0,0,0,FALSE,,0,,0
215303,"Muniyal Ayurveda College, Manipal","Muniyal Ayurveda College, Manipal",215303,Active,University,India,Manipal (Rotary),2022 - 2023,3182,Zone 7,Zone 7,4,No,No,FALSE,0,0,0,FALSE,TRUE,Rotaract President,2022 - 2023,N,0,0,0,0,0,0,FALSE,,0,,0
215361,"Netra Jyothi College of Optometry & Paramedical Science, Udupi","Netra Jyothi College of Optometry & Paramedical Science, Udupi",215361,Active,University,India,Manipal (Rotary),2020 - 2021,3182,Zone 7,Zone 7,3,Yes,No,TRUE,6053,63.05,6053,FALSE,TRUE,Rotaract President,2020 - 2021,N,0,0,0,0,0,0,FALSE,,0,,0
215923,NMAM Institute of Technology,NMAM Institute of Technology,215923,Active,University,India,Nitte (Rotary),2021 - 2022,3182,Zone 7,Zone 7,6,No,No,FALSE,0,0,0,FALSE,TRUE,Rotaract President,2021 - 2022,N,0,0,0,0,0,0,FALSE,,0,,0
217733,Pragathi Dr. B.B. Hedge First Grade College Kundapura,Pragathi Dr. B.B. Hedge First Grade College Kundapura,217733,Active,University,India,Kundapura (Rotary),2019 - 2020,3182,Zone 7,Zone 7,1,Yes,No,TRUE,2018,21.02,2018,FALSE,TRUE,Rotaract President,2019 - 2020,N,0,0,0,0,0,0,FALSE,,0,,0
8828514,Rajeev Institute of Technology Hassan,Rajeev Institute of Technology Hassan,8828514,Active,University,India,Hassan Midtown (Rotary),2026 - 2027,3182,Zone 7,Zone 7,49,No,Yes,FALSE,0,0,0,FALSE,FALSE,N/A,N/A,N/A,0,0,0,0,0,0,FALSE,,0,,0
216157,Rajeev Polytechnic,Rajeev Polytechnic,216157,Active,University,India,Hassan Midtown (Rotary),2020 - 2021,3182,Zone 7,Zone 7,4,Yes,No,TRUE,8071,84.07,8071,TRUE,TRUE,Rotaract President,2020 - 2021,N,0,0,0,0,0,0,FALSE,,0,,0
215507,Sagri,Sagri,215507,Active,Community,India,Manipal (Rotary),2020 - 2021,3182,Zone 7,Zone 7,2,Yes,No,TRUE,6456,67.25,6456,FALSE,TRUE,Rotaract President,2020 - 2021,N,0,0,0,0,0,0,FALSE,,0,,0
8828004,Sanjeevini Govt. Degree College Menase,Sanjeevini Govt. Degree College Menase,8828004,Active,University,India,Sringeri (Rotary),2026 - 2027,3182,Zone 7,Zone 7,21,No,Yes,FALSE,0,0,0,FALSE,FALSE,N/A,N/A,N/A,0,0,0,0,0,0,FALSE,,0,,0
218004,S D M C Ayurveda Kuthpadi,S D M C Ayurveda Kuthpadi,218004,Active,University,India,Manipal (Rotary),2026 - 2027,3182,Zone 7,Zone 7,5,No,Yes,FALSE,0,0,0,FALSE,FALSE,N/A,N/A,N/A,0,0,0,0,0,0,FALSE,,0,,0
216781,SDM Royals,SDM Royals,216781,Active,Community,India,Hassan Royal (Rotary),2019 - 2020,3182,Zone 7,Zone 7,1,Yes,No,TRUE,3228,33.63,3228,FALSE,TRUE,Rotaract President,2019 - 2020,N,0,0,0,0,0,0,FALSE,,0,,0
217876,Seva,Seva,217876,Active,Community,India,Hassan Midtown (Rotary),2019 - 2020,3182,Zone 7,Zone 7,2,Yes,No,TRUE,6456,67.25,6456,FALSE,TRUE,Rotaract President,2019 - 2020,N,0,0,0,0,0,0,FALSE,,0,,0
217761,Sharavathi 1st Grade College,Sharavathi 1st Grade College,217761,Active,University,India,Konandur (Rotary),2022 - 2023,3182,Zone 7,Zone 7,2,No,No,FALSE,0,0,0,FALSE,TRUE,Rotaract President,2022 - 2023,N,0,0,0,0,0,0,FALSE,,0,,0
8825729,Shimoga North Elite,Shimoga North Elite,8825729,Active,Community,India,Shimoga North (Rotary),2026 - 2027,3182,Zone 7,Zone 7,26,Yes,Yes,TRUE,992,10.33,992,FALSE,FALSE,N/A,N/A,N/A,0,0,0,0,0,0,FALSE,,0,,0
8827160,Shimoga Stars,Shimoga Stars,8827160,Active,Community,India,Shimoga (Rotary),2025 - 2026,3182,Zone 7,Zone 7,14,No,No,FALSE,0,0,0,FALSE,TRUE,Rotaract President,2025 - 2026,N,0,0,0,0,0,0,FALSE,,0,,0
8823650,Shirdi Sai Degree College,Shirdi Sai Degree College,8823650,Active,University,India,Karkala (Rotary),2022 - 2023,3182,Zone 7,Zone 7,2,Yes,No,TRUE,4035,42.03,4035,FALSE,TRUE,Rotaract President,2022 - 2023,N,0,0,0,0,0,0,FALSE,,0,,0
217737,Sri Bhuvanedra College Karkala,Sri Bhuvanedra College Karkala,217737,Active,University,India,Karkala Rock City (Rotary),2022 - 2023,3182,Zone 7,Zone 7,2,Yes,No,TRUE,1062,11.06,1062,FALSE,TRUE,Rotaract President,2022 - 2023,N,0,0,0,0,0,0,FALSE,,0,,0
8824548,Subasnagara,Subasnagara,8824548,Active,Community,India,Shankerpura (Rotary),2026 - 2027,3182,Zone 7,Zone 7,25,No,Yes,FALSE,0,0,0,FALSE,FALSE,N/A,N/A,N/A,0,0,0,0,0,0,FALSE,,0,,0
212957,Udupi,Udupi,212957,Active,Community,India,Udupi (Rotary),2026 - 2027,3182,Zone 7,Zone 7,25,No,Yes,FALSE,0,0,0,FALSE,FALSE,N/A,N/A,N/A,0,0,0,0,0,0,FALSE,,0,,0
8827176,Udupi Dhanvanthari College of Nursing,Udupi Dhanvanthari College of Nursing,8827176,Active,University,India,Udupi Midtown (Rotary),2026 - 2027,3182,Zone 7,Zone 7,12,Yes,Yes,TRUE,6372,66.38,6372,FALSE,FALSE,N/A,N/A,N/A,0,0,0,0,0,0,FALSE,,0,,0
215571,Udupi Dhnavantari College & School of Nursing,Udupi Dhnavantari College & School of Nursing,215571,Active,University,India,Parkala (Rotary),2023 - 2024,3182,Zone 7,Zone 7,5,No,No,FALSE,0,0,0,FALSE,TRUE,Rotaract President,2023 - 2024,N,0,0,0,0,0,0,FALSE,,0,,0
8828226,Vaidya Institute of Nursing and Paramedical Sciences,Vaidya Institute of Nursing and Paramedical Sciences,8828226,Active,University,India,Channarayapatna Vision (Rotary),2026 - 2027,3182,Zone 7,Zone 7,15,No,Yes,FALSE,0,0,0,FALSE,FALSE,N/A,N/A,N/A,0,0,0,0,0,0,FALSE,,0,,0
8826961,AMC Engineering College,AMC Engineering College,8826961,Active,University,India,Bengaluru Harmony (Rotary),2025 - 2026,3191,Zone 7,Zone 7,3,Yes,No,TRUE,1593,16.59,1593,FALSE,TRUE,Rotaract President,2025 - 2026,N,0,0,0,0,0,0,FALSE,,0,,0
8824329,A P S College of Engineering,A P S College of Engineering,8824329,Active,University,India,Bangalore Koramangala (Rotary); Koramangala (Rotaract),2025 - 2026,3191,Zone 7,Zone 7,6,Yes,No,TRUE,7965,82.97,7965,TRUE,TRUE,Rotaract President,2025 - 2026,N,0,0,0,0,0,0,FALSE,,0,,0
216417,Atria Institute of Technology,Atria Institute of Technology,216417,Active,University,India,Bangalore South (Rotary),2026 - 2027,3191,Zone 7,Zone 7,107,No,Yes,FALSE,0,0,0,FALSE,FALSE,N/A,N/A,N/A,0,0,0,0,0,0,FALSE,,0,,0
212622,Banashankari,Banashankari,212622,Active,Community,India,Bangalore Banashankari (Rotary),2026 - 2027,3191,Zone 7,Zone 7,22,No,Yes,FALSE,0,0,0,FALSE,FALSE,N/A,N/A,N/A,0,0,0,0,0,0,FALSE,,0,,0
218259,Bangalore Aagneya,Bangalore Aagneya,218259,Active,University,India,Bangalore Aagneya (Rotary),2026 - 2027,3191,Zone 7,Zone 7,27,No,Yes,FALSE,0,0,0,FALSE,FALSE,N/A,N/A,N/A,0,0,0,0,0,0,FALSE,,0,,0
8825219,Bangalore Advaitha,Bangalore Advaitha,8825219,Active,Community,India,Bengaluru BTM (Rotary); Koramangala (Rotaract),2026 - 2027,3191,Zone 7,Zone 7,4,No,Yes,FALSE,0,0,0,FALSE,FALSE,N/A,N/A,N/A,0,0,0,0,0,0,FALSE,,0,,0
217186,Bangalore East,Bangalore East,217186,Active,Community,India,Bangalore East (Rotary),2026 - 2027,3191,Zone 7,Zone 7,7,No,Yes,FALSE,0,0,0,FALSE,FALSE,N/A,N/A,N/A,0,0,0,0,0,0,FALSE,,0,,0
8826633,Bangalore High Grounds,Bangalore High Grounds,8826633,Active,Community,India,Bangalore Highgrounds (Rotary),2026 - 2027,3191,Zone 7,Zone 7,23,No,Yes,FALSE,0,0,0,FALSE,FALSE,N/A,N/A,N/A,0,0,0,0,0,0,FALSE,,0,,0
8825916,Bangalore Institute of Technology,Bangalore Institute of Technology,8825916,Active,University,India,Bangalore Aagneya (Rotary),2026 - 2027,3191,Zone 7,Zone 7,9,No,Yes,FALSE,0,0,0,FALSE,FALSE,N/A,N/A,N/A,0,0,0,0,0,0,FALSE,,0,,0
8185,Bangalore Jayanagar,Bangalore Jayanagar,8185,Active,Community,India,Bangalore South (Rotary),2026 - 2027,3191,Zone 7,Zone 7,62,No,Yes,FALSE,0,0,0,FALSE,FALSE,N/A,N/A,N/A,0,0,0,0,0,0,FALSE,,0,,0
8823877,Bangalore JP Nagar,Bangalore JP Nagar,8823877,Active,Community,India,Bangalore J.P. Nagar (Rotary),2026 - 2027,3191,Zone 7,Zone 7,65,No,Yes,FALSE,0,0,0,FALSE,FALSE,N/A,N/A,N/A,0,0,0,0,0,0,FALSE,,0,,0
8827862,Bangalore Neo Minds,Bangalore Neo Minds,8827862,Active,Community,India,Bangalore Highgrounds (Rotary),2026 - 2027,3191,Zone 7,Zone 7,24,No,Yes,FALSE,0,0,0,FALSE,FALSE,N/A,N/A,N/A,0,0,0,0,0,0,FALSE,,0,,0
214015,Bangalore Orchards,Bangalore Orchards,214015,Active,Community,India,Bangalore Orchards (Rotary),2026 - 2027,3191,Zone 7,Zone 7,18,No,Yes,FALSE,0,0,0,FALSE,FALSE,N/A,N/A,N/A,0,0,0,0,0,0,FALSE,,0,,0
8825970,Bangalore Prime,Bangalore Prime,8825970,Active,Community,India,Bangalore Prime (Rotary),2026 - 2027,3191,Zone 7,Zone 7,14,No,Yes,FALSE,0,0,0,FALSE,FALSE,N/A,N/A,N/A,0,0,0,0,0,0,FALSE,,0,,0
8824988,Bangalore Revolution,Bangalore Revolution,8824988,Active,Community,India,Bangalore IT Corridor (Rotary),2026 - 2027,3191,Zone 7,Zone 7,19,No,Yes,FALSE,0,0,0,FALSE,FALSE,N/A,N/A,N/A,0,0,0,0,0,0,FALSE,,0,,0
8828305,Bangalore South,Bangalore South,8828305,Active,Community,India,Bangalore South (Rotary),2026 - 2027,3191,Zone 7,Zone 7,25,No,Yes,FALSE,0,0,0,FALSE,FALSE,N/A,N/A,N/A,0,0,0,0,0,0,FALSE,,0,,0
91519,Bangalore South Parade,Bangalore South Parade,91519,Active,Community,India,Bangalore South Parade (Rotary),2026 - 2027,3191,Zone 7,Zone 7,13,Yes,Yes,TRUE,1699,17.7,1699,FALSE,FALSE,N/A,N/A,N/A,0,0,0,0,0,0,FALSE,,0,,0
215514,Bangalore Southwest,Bangalore Southwest,215514,Active,Community,India,Bangalore Southwest (Rotary),2026 - 2027,3191,Zone 7,Zone 7,14,No,Yes,FALSE,0,0,0,FALSE,FALSE,N/A,N/A,N/A,0,0,0,0,0,0,FALSE,,0,,0
8826562,Bangalore Spandana,Bangalore Spandana,8826562,Active,Community,India,Bangalore Spandana (Rotary),2026 - 2027,3191,Zone 7,Zone 7,4,No,Yes,FALSE,0,0,0,FALSE,FALSE,N/A,N/A,N/A,0,0,0,0,0,0,FALSE,,0,,0
8167,Bangalore Vijayanagar,Bangalore Vijayanagar,8167,Active,Community,India,Bangalore Vijayanagar (Rotary),2026 - 2027,3191,Zone 7,Zone 7,19,No,Yes,FALSE,0,0,0,FALSE,FALSE,N/A,N/A,N/A,21.06,21.06,0,0,0,0,FALSE,,0,,0
8826661,Bengaluru Avyanna,Bengaluru Avyanna,8826661,Active,Community,India,Bengaluru South End (Rotary),2025 - 2026,3191,Zone 7,Zone 7,18,Yes,No,TRUE,16218,168.94,16218,TRUE,TRUE,Rotaract President,2025 - 2026,N,0,0,0,0,0,0,FALSE,,0,,0
8828567,Bengaluru Binnypet,Bengaluru Binnypet,8828567,Active,Community,India,Bengaluru Upkar (Rotary); Koramangala (Rotaract),2026 - 2027,3191,Zone 7,Zone 7,15,No,Yes,FALSE,0,0,0,FALSE,FALSE,N/A,N/A,N/A,0,0,0,0,0,0,TRUE,20-Jul-2026,15,,0
8826232,Bengaluru BTM,Bengaluru BTM,8826232,Active,Community,India,Bengaluru BTM (Rotary),2026 - 2027,3191,Zone 7,Zone 7,37,No,Yes,FALSE,0,0,0,FALSE,FALSE,N/A,N/A,N/A,0,0,0,0,0,0,FALSE,,0,,0
8823827,Bengaluru Harmony,Bengaluru Harmony,8823827,Active,Community,India,Bengaluru Harmony (Rotary),2024 - 2025,3191,Zone 7,Zone 7,14,Yes,No,TRUE,11894,123.9,11894,TRUE,TRUE,Rotaract President,2024 - 2025,N,0,0,0,0,0,0,FALSE,,0,,0
8823262,Bengaluru HSR,Bengaluru HSR,8823262,Active,Community,India,Bengaluru HSR (Rotary); Koramangala (Rotaract),2026 - 2027,3191,Zone 7,Zone 7,19,No,Yes,FALSE,0,0,0,FALSE,FALSE,N/A,N/A,N/A,0,0,0,0,0,0,FALSE,,0,,0
217243,Bengaluru South End,Bengaluru South End,217243,Active,Community,India,Bengaluru South End (Rotary),2026 - 2027,3191,Zone 7,Zone 7,26,No,Yes,FALSE,0,0,0,FALSE,FALSE,N/A,N/A,N/A,0,0,0,0,0,0,FALSE,,0,,0
218214,Bengaluru United,Bengaluru United,218214,Active,Community,India,Bengaluru Basavanagudi (Rotary),2026 - 2027,3191,Zone 7,Zone 7,15,No,Yes,FALSE,0,0,0,FALSE,FALSE,N/A,N/A,N/A,0,0,0,0,0,0,FALSE,,0,,0
89320,Bishop Cotton Womens Christian College,Bishop Cotton Womens Christian College,89320,Active,University,India,Bangalore Banashankari (Rotary),2026 - 2027,3191,Zone 7,Zone 7,17,No,Yes,FALSE,0,0,0,FALSE,FALSE,N/A,N/A,N/A,0,0,0,0,0,0,FALSE,,0,,0
91509,BMSCE,BMSCE,91509,Active,University,India,Bangalore Banashankari (Rotary),2026 - 2027,3191,Zone 7,Zone 7,39,No,Yes,FALSE,0,0,0,FALSE,FALSE,N/A,N/A,N/A,0,0,0,0,0,0,FALSE,,0,,0
8826343,BSVP First Grade College,BSVP First Grade College,8826343,Active,University,India,Ramanagaram (Rotary),2024 - 2025,3191,Zone 7,Zone 7,7,Yes,No,TRUE,7269,75.72,7269,TRUE,TRUE,Rotaract President,2024 - 2025,N,0,0,0,0,0,0,FALSE,,0,,0
8824902,DA Pandu RV Dental College,DA Pandu RV Dental College,8824902,Active,University,India,Bangalore J.P. Nagar (Rotary),2026 - 2027,3191,Zone 7,Zone 7,2,No,Yes,FALSE,0,0,0,FALSE,FALSE,N/A,N/A,N/A,0,0,0,0,0,0,FALSE,,0,,0
8828097,Dayananda Sagar College of Dental Sciences,Dayananda Sagar College of Dental Sciences,8828097,Active,University,India,Bangalore Palmville (Rotary),2026 - 2027,3191,Zone 7,Zone 7,15,No,Yes,FALSE,0,0,0,FALSE,FALSE,N/A,N/A,N/A,0,0,0,0,0,0,FALSE,,0,,0
8826295,Ghousia College of Engineering,Ghousia College of Engineering,8826295,Active,University,India,Ramanagaram (Rotary),2024 - 2025,3191,Zone 7,Zone 7,13,Yes,No,TRUE,13500,140.62,13500,TRUE,TRUE,Rotaract President,2024 - 2025,N,0,0,0,0,0,0,FALSE,,0,,0
8828149,Govt. Engg. College Ramanagara,Govt. Engg. College Ramanagara,8828149,Active,University,India,Silk City Ramanagara (Rotary),2026 - 2027,3191,Zone 7,Zone 7,23,No,Yes,FALSE,0,0,0,FALSE,FALSE,N/A,N/A,N/A,0,0,0,0,0,0,FALSE,,0,,0
217504,"Govt. First Grade College, Ramanagara","Govt. First Grade College, Ramanagara",217504,Active,University,India,Ramanagaram (Rotary),2023 - 2024,3191,Zone 7,Zone 7,6,Yes,No,TRUE,3186,33.19,3186,FALSE,TRUE,Rotaract President,2023 - 2024,N,0,0,0,0,0,0,FALSE,,0,,0
8825481,Indian Institute of Fashion Technology,Indian Institute of Fashion Technology,8825481,Active,University,India,Bangalore Highgrounds (Rotary),2026 - 2027,3191,Zone 7,Zone 7,7,No,Yes,FALSE,0,0,0,FALSE,FALSE,N/A,N/A,N/A,0,0,0,0,0,0,FALSE,,0,,0
213579,Jain Evening College,Jain Evening College,213579,Active,University,India,Bangalore Banashankari (Rotary),2026 - 2027,3191,Zone 7,Zone 7,35,No,Yes,FALSE,0,0,0,FALSE,FALSE,N/A,N/A,N/A,0,0,0,0,0,0,FALSE,,0,,0
8143,Jyoti Nivas College,Jyoti Nivas College,8143,Active,University,India,Bangalore Koramangala (Rotary),2026 - 2027,3191,Zone 7,Zone 7,20,No,Yes,FALSE,0,0,0,FALSE,FALSE,N/A,N/A,N/A,0,0,0,0,0,0,FALSE,,0,,0
215974,K.G.F. Community,K.G.F. Community,215974,Active,Community,India,Kolar Gold Fields (Rotary),2026 - 2027,3191,Zone 7,Zone 7,8,No,Yes,FALSE,0,0,0,FALSE,FALSE,N/A,N/A,N/A,0,0,0,0,0,0,FALSE,,0,,0
8826417,KLE Law College,KLE Law College,8826417,Active,University,India,Bengaluru Ullal (Rotary),2026 - 2027,3191,Zone 7,Zone 7,47,No,Yes,FALSE,0,0,0,FALSE,FALSE,N/A,N/A,N/A,0,0,0,0,0,0,FALSE,,0,,0
89212,Koramangala,Koramangala,89212,Active,Community,India,Bangalore Koramangala (Rotary),2026 - 2027,3191,Zone 7,Zone 7,76,No,Yes,FALSE,0,0,0,FALSE,FALSE,N/A,N/A,N/A,0,0,0,0,0,0,FALSE,,0,,0
8827817,Krupanidhi College of Commerce & Management,Krupanidhi College of Commerce & Management,8827817,Active,University,India,Bangalore Lakeside (Rotary),2026 - 2027,3191,Zone 7,Zone 7,12,Yes,Yes,TRUE,6372,66.38,6372,FALSE,FALSE,N/A,N/A,N/A,0,0,0,0,0,0,FALSE,,0,,0
8824521,Krupanidhi Group of Institutions,Krupanidhi Group of Institutions,8824521,Active,University,India,Bangalore Koramangala (Rotary),2026 - 2027,3191,Zone 7,Zone 7,1,No,Yes,FALSE,0,0,0,FALSE,FALSE,N/A,N/A,N/A,0,0,0,0,0,0,FALSE,,0,,0
213238,KSSEM,KSSEM,213238,Active,University,India,Bangalore Vidyapeeta (Rotary),2026 - 2027,3191,Zone 7,Zone 7,8,No,Yes,FALSE,0,0,0,FALSE,FALSE,N/A,N/A,N/A,0,0,0,0,0,0,FALSE,,0,,0
8827855,Madanapalle Institute of Technology and Sciences,Madanapalle Institute of Technology and Sciences,8827855,Active,University,India,Madanapalle (Rotary),2026 - 2027,3191,Zone 7,Zone 7,62,Yes,Yes,TRUE,32922,342.94,32922,TRUE,FALSE,N/A,N/A,N/A,0,0,0,0,0,0,FALSE,,0,,0
8826292,Maharani Lakshmi Ammanni College,Maharani Lakshmi Ammanni College,8826292,Active,University,India,Bangalore East (Rotaract); Bangalore East (Rotary),2025 - 2026,3191,Zone 7,Zone 7,16,Yes,No,TRUE,8496,88.5,8496,TRUE,TRUE,Rotaract President,2025 - 2026,N,0,0,0,0,0,0,FALSE,,0,,0
213555,Marathahalli,Marathahalli,213555,Active,Community,India,Bangalore Midtown (Rotary),2025 - 2026,3191,Zone 7,Zone 7,17,No,No,FALSE,0,0,0,FALSE,TRUE,Rotaract President,2025 - 2026,N,0,0,0,0,0,0,FALSE,,0,,0
8825064,MEDIKARDIA,MEDIKARDIA,8825064,Active,Community,India,Bangalore Jeevanbimanagar (Rotary),2025 - 2026,3191,Zone 7,Zone 7,20,No,No,FALSE,0,0,0,FALSE,TRUE,Rotaract President,2025 - 2026,N,0,0,0,0,0,0,FALSE,,0,,0
212627,Mount Carmel (Deemed to be University),Mount Carmel (Deemed to be University),212627,Active,University,India,Bangalore Midtown (Rotary),2026 - 2027,3191,Zone 7,Zone 7,48,No,Yes,FALSE,0,0,0,FALSE,FALSE,N/A,N/A,N/A,0,0,0,0,0,0,FALSE,,0,,0
8823249,"Narsee Monjee Institute of Mangement Studies, Bangalore","Narsee Monjee Institute of Mangement Studies, Bangalore",8823249,Active,University,India,Koramangala (Rotaract),2026 - 2027,3191,Zone 7,Zone 7,45,No,Yes,FALSE,0,0,0,FALSE,FALSE,N/A,N/A,N/A,0,0,0,0,0,0,FALSE,,0,,0
8826924,New Horizon College,New Horizon College,8826924,Active,University,India,Bangalore Lakeside (Rotary),2025 - 2026,3191,Zone 7,Zone 7,15,No,No,FALSE,0,0,0,FALSE,TRUE,Rotaract President,2025 - 2026,N,0,0,0,0,0,0,FALSE,,0,,0
8824377,NMIT-MBA,NMIT-MBA,8824377,Active,University,India,Bangalore Highgrounds (Rotary),2024 - 2025,3191,Zone 7,Zone 7,8,Yes,No,TRUE,6255,65.16,6255,FALSE,TRUE,Rotaract President,2024 - 2025,N,0,0,0,0,0,0,FALSE,,0,,0
8828165,NSB Bangalore,NSB Bangalore,8828165,Active,University,India,Bangalore Health City (Rotary),2026 - 2027,3191,Zone 7,Zone 7,27,No,Yes,FALSE,0,0,0,FALSE,FALSE,N/A,N/A,N/A,0,0,0,0,0,0,FALSE,,0,,0
8827702,Padmashree Institute of Management and Sciences,Padmashree Institute of Management and Sciences,8827702,Active,University,India,,2026 - 2027,3191,Zone 7,Zone 7,20,No,Yes,FALSE,0,0,0,FALSE,FALSE,N/A,N/A,N/A,0,0,0,0,0,0,FALSE,,0,,0
218245,Palmville,Palmville,218245,Active,Community,India,Bangalore Palmville (Rotary),2023 - 2024,3191,Zone 7,Zone 7,3,No,No,FALSE,0,0,0,FALSE,TRUE,Rotaract President,2023 - 2024,N,0,0,0,0,0,0,FALSE,,0,,0
8828194,Patel Group of Nursing,Patel Group of Nursing,8828194,Active,University,India,Silk City Ramanagara (Rotary),2026 - 2027,3191,Zone 7,Zone 7,15,No,Yes,FALSE,0,0,0,FALSE,FALSE,N/A,N/A,N/A,0,0,0,0,0,0,FALSE,,0,,0
91584,PES University,PES University,91584,Active,University,India,Bangalore Banashankari (Rotary),2024 - 2025,3191,Zone 7,Zone 7,29,Yes,No,TRUE,15399,160.41,15399,TRUE,TRUE,Rotaract President,2024 - 2025,N,0,0,0,0,0,0,FALSE,,0,,0
8825365,PES University Electronic City,PES University Electronic City,8825365,Active,University,India,E-Connect (Rotary),2026 - 2027,3191,Zone 7,Zone 7,5,Yes,Yes,TRUE,8897,92.68,8897,TRUE,FALSE,N/A,N/A,N/A,0,0,0,0,0,0,FALSE,,0,,0
8824187,Prestige Falcon City,Prestige Falcon City,8824187,Active,Community,India,Bengaluru Kanakapura Road (Rotary),2026 - 2027,3191,Zone 7,Zone 7,18,No,Yes,FALSE,0,0,0,FALSE,FALSE,N/A,N/A,N/A,0,0,0,0,0,0,FALSE,,0,,0
8827267,Ramaiah College of Law,Ramaiah College of Law,8827267,Active,University,India,Bangalore Abilities (Rotary),2025 - 2026,3191,Zone 7,Zone 7,22,No,No,FALSE,0,0,0,FALSE,TRUE,Rotaract President,2025 - 2026,N,0,0,0,0,0,0,FALSE,,0,,0
8824041,Ramanagara,Ramanagara,8824041,Active,Community,India,Ramanagaram (Rotary),2026 - 2027,3191,Zone 7,Zone 7,4,No,Yes,FALSE,0,0,0,FALSE,FALSE,N/A,N/A,N/A,0,0,0,0,0,0,FALSE,,0,,0
8826516,RNS Institute of Technology,RNS Institute of Technology,8826516,Active,University,India,Bangalore Aagneya (Rotary),2026 - 2027,3191,Zone 7,Zone 7,17,No,Yes,FALSE,0,0,0,FALSE,FALSE,N/A,N/A,N/A,0,0,0,0,0,0,FALSE,,0,,0
68941,R.V.C.E.,R.V.C.E.,68941,Active,University,India,Bangalore South (Rotary),2026 - 2027,3191,Zone 7,Zone 7,33,No,Yes,FALSE,0,0,0,FALSE,FALSE,N/A,N/A,N/A,0,0,0,0,0,0,FALSE,,0,,0
8826865,R V College of Architecture,R V College of Architecture,8826865,Active,University,India,Bangalore Orchards (Rotary),2026 - 2027,3191,Zone 7,Zone 7,24,No,Yes,FALSE,0,0,0,FALSE,FALSE,N/A,N/A,N/A,0,0,0,0,0,0,FALSE,,0,,0
8826053,R. V. University,R. V. University,8826053,Active,University,India,E-Club of Bangalore District 3190 (Rotary),2024 - 2025,3191,Zone 7,Zone 7,18,Yes,No,TRUE,9558,99.56,9558,TRUE,TRUE,Rotaract President,2024 - 2025,N,0,0,0,0,0,0,FALSE,,0,,0
8828199,Sacred Heart College - UG,Sacred Heart College - UG,8828199,Active,University,India,Bangalore Palmville (Rotary),2026 - 2027,3191,Zone 7,Zone 7,15,No,Yes,FALSE,0,0,0,FALSE,FALSE,N/A,N/A,N/A,0,0,0,0,0,0,FALSE,,0,,0
8824817,Sacred Heart Degree College for Women,Sacred Heart Degree College for Women,8824817,Active,University,India,Bangalore Palmville (Rotary); Bangalore Social (Rotary); Bengaluru Disha (Rotary),2024 - 2025,3191,Zone 7,Zone 7,24,Yes,No,TRUE,14868,154.88,14868,TRUE,TRUE,Rotaract President,2024 - 2025,N,0,0,0,0,0,0,FALSE,,0,,0
8824518,Samarpane RC College,Samarpane RC College,8824518,Active,University,India,Bengaluru South Samarpane (Rotary),2023 - 2024,3191,Zone 7,Zone 7,28,Yes,No,TRUE,14868,154.88,14868,TRUE,TRUE,Rotaract President,2023 - 2024,N,0,0,0,0,0,0,FALSE,,0,,0
8826819,SEI College Tejas,SEI College Tejas,8826819,Active,University,India,Bangalore Aagneya (Rotary),2026 - 2027,3191,Zone 7,Zone 7,25,No,Yes,FALSE,0,0,0,FALSE,FALSE,N/A,N/A,N/A,0,0,0,0,0,0,FALSE,,0,,0
8825562,Seshadripuram Academy of Business Studies,Seshadripuram Academy of Business Studies,8825562,Active,University,India,Kengeri Upanagara (Rotary),2026 - 2027,3191,Zone 7,Zone 7,14,No,Yes,FALSE,0,0,0,FALSE,FALSE,N/A,N/A,N/A,0,0,0,0,0,0,FALSE,,0,,0
8825547,Seshadripuram Institute of Commerce & Management,Seshadripuram Institute of Commerce & Management,8825547,Active,University,India,Bangalore South Parade (Rotary),2026 - 2027,3191,Zone 7,Zone 7,15,No,Yes,FALSE,0,0,0,FALSE,FALSE,N/A,N/A,N/A,0,0,0,0,0,0,FALSE,,0,,0
91568,Shantiniketan,Shantiniketan,91568,Active,University,India,Ramanagaram (Rotary),2026 - 2027,3191,Zone 7,Zone 7,3,No,Yes,FALSE,0,0,0,FALSE,FALSE,N/A,N/A,N/A,0,0,0,0,0,0,FALSE,,0,,0
213076,Shishu Mandir,Shishu Mandir,213076,Active,Community,India,Bangalore Whitefield Central (Rotary),2026 - 2027,3191,Zone 7,Zone 7,16,No,Yes,FALSE,0,0,0,FALSE,FALSE,N/A,N/A,N/A,0,0,0,0,0,0,FALSE,,0,,0
8827863,Shri Gnanambica Degree College Madanapalle,Shri Gnanambica Degree College Madanapalle,8827863,Active,University,India,Madanapalle (Rotary),2026 - 2027,3191,Zone 7,Zone 7,39,Yes,Yes,TRUE,20709,215.72,20709,TRUE,FALSE,N/A,N/A,N/A,0,0,0,0,0,0,FALSE,,0,,0
213531,Sri Bhagawan Mahaveer Jain College KGF,Sri Bhagawan Mahaveer Jain College KGF,213531,Active,University,India,Kolar Gold Fields (Rotary),2026 - 2027,3191,Zone 7,Zone 7,2,No,Yes,FALSE,0,0,0,FALSE,FALSE,N/A,N/A,N/A,0,0,0,0,0,0,FALSE,,0,,0
8827781,Sri Saraswathi Vidyanikethana,Sri Saraswathi Vidyanikethana,8827781,Active,University,India,Bangalore Lakeside (Rotary),2026 - 2027,3191,Zone 7,Zone 7,18,Yes,Yes,TRUE,9558,99.56,9558,TRUE,FALSE,N/A,N/A,N/A,0,0,0,0,0,0,FALSE,,0,,0
8827495,SRNGS Boys Hostel,SRNGS Boys Hostel,8827495,Active,Community,India,E-Club of Bangalore District 3190 (Rotary),2026 - 2027,3191,Zone 7,Zone 7,33,No,Yes,FALSE,0,0,0,FALSE,FALSE,N/A,N/A,N/A,0,0,0,0,0,0,FALSE,,0,,0
84598,S.S.M.R.V. College,S.S.M.R.V. College,84598,Active,University,India,Bangalore Cantonment (Rotary),2026 - 2027,3191,Zone 7,Zone 7,51,No,Yes,FALSE,0,0,0,FALSE,FALSE,N/A,N/A,N/A,0,0,0,0,0,0,FALSE,,0,,0
8824472,St. Francis de Sales College,St. Francis de Sales College,8824472,Active,University,India,Bangalore Health City (Rotary),2023 - 2024,3191,Zone 7,Zone 7,2,Yes,No,TRUE,2566,26.73,2566,FALSE,TRUE,Rotaract President,2023 - 2024,N,0,0,0,0,0,0,FALSE,,0,,0
8081,St. Joseph's College Of Commerce,St. Joseph's College Of Commerce,8081,Active,University,India,Bangalore Cantonment (Rotary),2026 - 2027,3191,Zone 7,Zone 7,4,No,Yes,FALSE,0,0,0,FALSE,FALSE,N/A,N/A,N/A,0,0,0,0,0,0,FALSE,,0,,0
8828123,SVCE Tirupati,SVCE Tirupati,8828123,Active,University,India,Tirupati (Rotary),2026 - 2027,3191,Zone 7,Zone 7,106,No,Yes,FALSE,0,0,0,FALSE,FALSE,N/A,N/A,N/A,0,0,0,0,0,0,FALSE,,0,,0
8827943,S-VYASA,S-VYASA,8827943,Active,University,India,Bengaluru Malhar (Rotary),2026 - 2027,3191,Zone 7,Zone 7,17,Yes,Yes,TRUE,7965,82.97,7965,TRUE,FALSE,N/A,N/A,N/A,0,0,0,0,0,0,FALSE,,0,,0
212680,T.S.M.T.,T.S.M.T.,212680,Active,Community,India,Bangalore Southwest (Rotary),2024 - 2025,3191,Zone 7,Zone 7,17,No,No,FALSE,0,0,0,FALSE,TRUE,Rotaract President,2024 - 2025,N,0,0,0,0,0,0,FALSE,,0,,0
8826526,V.E.T First Grade College JP Nagar,V.E.T First Grade College JP Nagar,8826526,Active,University,India,Bangalore Spandana (Rotary),2025 - 2026,3191,Zone 7,Zone 7,15,Yes,No,TRUE,9126,95.06,9126,TRUE,TRUE,Rotaract President,2025 - 2026,N,0,0,0,0,0,0,FALSE,,0,,0
8827555,Acharya Bangalore B School,Acharya Bangalore B School,8827555,Active,University,India,Bangalore Brigades (Rotary),2026 - 2027,3192,Zone 7,Zone 7,4,No,Yes,FALSE,0,0,0,FALSE,FALSE,N/A,N/A,N/A,0,0,0,0,0,0,FALSE,,0,,0
8826946,Aditya Institute of Management Studies,Aditya Institute of Management Studies,8826946,Active,University,India,Bangalore Yelahanka (Rotary),2026 - 2027,3192,Zone 7,Zone 7,44,Yes,Yes,TRUE,23364,243.38,23364,TRUE,FALSE,N/A,N/A,N/A,0,0,0,0,0,0,FALSE,,0,,0
8824484,Agragami Degree College,Agragami Degree College,8824484,Active,University,India,Bangalore Yelahanka (Rotary),2021 - 2022,3192,Zone 7,Zone 7,1,Yes,No,TRUE,2018,21.02,2018,FALSE,TRUE,Rotaract President,N/A,N,0,0,0,0,0,0,FALSE,,0,,0
215387,AIMIT College,AIMIT College,215387,Active,University,India,Bangalore West (Rotary),2025 - 2026,3192,Zone 7,Zone 7,15,No,No,FALSE,0,0,0,FALSE,TRUE,Rotaract President,2025 - 2026,N,0,0,0,0,0,0,FALSE,,0,,0
216045,AIMS Institute of Higher Education,AIMS Institute of Higher Education,216045,Active,University,India,Bangalore Udyog (Rotary),2026 - 2027,3192,Zone 7,Zone 7,5,No,Yes,FALSE,0,0,0,FALSE,FALSE,N/A,N/A,N/A,0,0,0,0,0,0,FALSE,,0,,0
8826703,Ambedkar Institute of Technology,Ambedkar Institute of Technology,8826703,Active,University,India,Bangalore Sadgamaya (Rotary),2025 - 2026,3192,Zone 7,Zone 7,15,Yes,No,TRUE,8629,89.89,8629,TRUE,TRUE,Rotaract President,2025 - 2026,N,0,0,0,0,0,0,FALSE,,0,,0
61077,Baldwin Women's Methodist College,Baldwin Women's Methodist College,61077,Active,University,India,Bangalore Brigades (Rotary),2025 - 2026,3192,Zone 7,Zone 7,11,Yes,No,TRUE,2745,28.59,2745,FALSE,TRUE,Rotaract President,2025 - 2026,N,0,0,0,0,0,0,FALSE,,0,,0
8199,Bangalore,Bangalore,8199,Active,Community,India,Bangalore (Rotary),2026 - 2027,3192,Zone 7,Zone 7,80,No,Yes,FALSE,0,0,0,FALSE,FALSE,N/A,N/A,N/A,0,0,0,0,0,0,FALSE,,0,,2
217197,Bangalore Basaveshwaranagar,Bangalore Basaveshwaranagar,217197,Active,Community,India,Bangalore Basaveswaranagar (Rotary),2026 - 2027,3192,Zone 7,Zone 7,18,No,Yes,FALSE,0,0,0,FALSE,FALSE,N/A,N/A,N/A,0,0,0,0,0,0,FALSE,,0,,0
8825097,Bangalore Bhuvaneshwari Nagar,Bangalore Bhuvaneshwari Nagar,8825097,Active,Community,India,Bangalore Bhuvaneshwarinagar (Rotary),2026 - 2027,3192,Zone 7,Zone 7,13,Yes,Yes,TRUE,10057,104.76,10057,TRUE,FALSE,N/A,N/A,N/A,0,0,0,0,0,0,FALSE,,0,,0
89917,Bangalore Golden Rock,Bangalore Golden Rock,89917,Active,Community,India,Bangalore Brigades (Rotary),2026 - 2027,3192,Zone 7,Zone 7,14,No,Yes,FALSE,0,0,0,FALSE,FALSE,N/A,N/A,N/A,0,0,0,0,0,0,FALSE,,0,,0
8187,Bangalore Indiranagar,Bangalore Indiranagar,8187,Active,Community,India,Bangalore Indiranagar (Rotary),2026 - 2027,3192,Zone 7,Zone 7,13,No,Yes,FALSE,0,0,0,FALSE,FALSE,N/A,N/A,N/A,0,0,0,0,0,0,FALSE,,0,,0
215774,Bangalore Junction,Bangalore Junction,215774,Active,Community,India,Bangalore Junction (Rotary),2024 - 2025,3192,Zone 7,Zone 7,20,No,No,FALSE,0,0,0,FALSE,TRUE,Rotaract President,2024 - 2025,N,0,0,0,0,0,0,FALSE,,0,,0
8826766,Bangalore Nandini,Bangalore Nandini,8826766,Active,Community,India,Bangalore Nandini (Rotary),2025 - 2026,3192,Zone 7,Zone 7,20,Yes,No,TRUE,16992,177,16992,TRUE,TRUE,Rotaract President,2025 - 2026,N,0,0,0,0,0,0,FALSE,,0,,0
90196,Bangalore North West,Bangalore North West,90196,Active,Community,India,Bangalore North West (Rotary),2026 - 2027,3192,Zone 7,Zone 7,18,No,Yes,FALSE,0,0,0,FALSE,FALSE,N/A,N/A,N/A,10.53,10.53,0,0,0,0,FALSE,,0,,0
8826605,Bangalore Oasis,Bangalore Oasis,8826605,Active,Community,India,Bangalore Oasis (Rotary),2026 - 2027,3192,Zone 7,Zone 7,15,No,Yes,FALSE,0,0,0,FALSE,FALSE,N/A,N/A,N/A,0,0,0,0,0,0,FALSE,,0,,0
215080,Bangalore Rajmahal Vilas,Bangalore Rajmahal Vilas,215080,Active,Community,India,Bangalore Rajmahal Vilas (Rotary),2026 - 2027,3192,Zone 7,Zone 7,25,No,Yes,FALSE,0,0,0,FALSE,FALSE,N/A,N/A,N/A,0,0,0,0,0,0,FALSE,,0,,0
8173,Bangalore R.T. Nagar,Bangalore R.T. Nagar,8173,Active,Community,India,Bangalore R.T. Nagar (Rotary),2025 - 2026,3192,Zone 7,Zone 7,9,Yes,No,TRUE,8003,83.36,8003,TRUE,TRUE,Rotaract President,2025 - 2026,N,0,0,0,0,0,0,FALSE,,0,,0
8825840,Bangalore Udyog,Bangalore Udyog,8825840,Active,Community,India,Bangalore Udyog (Rotary),2026 - 2027,3192,Zone 7,Zone 7,44,No,Yes,FALSE,0,0,0,FALSE,FALSE,N/A,N/A,N/A,0,0,0,0,0,0,FALSE,,0,,0
8825975,Bangalore Warriors,Bangalore Warriors,8825975,Active,Community,India,Bengaluru Manyata (Rotary),2026 - 2027,3192,Zone 7,Zone 7,10,No,Yes,FALSE,0,0,0,FALSE,FALSE,N/A,N/A,N/A,0,0,0,0,0,0,FALSE,,0,,0
8165,Bangalore West,Bangalore West,8165,Active,Community,India,Bangalore West (Rotary),2026 - 2027,3192,Zone 7,Zone 7,31,No,Yes,FALSE,0,0,0,FALSE,FALSE,N/A,N/A,N/A,0,0,0,0,0,0,FALSE,,0,,0
8826631,Bengaluru Avinya,Bengaluru Avinya,8826631,Active,Community,India,Bangalore Brigades (Rotary),2025 - 2026,3192,Zone 7,Zone 7,5,Yes,No,TRUE,4248,44.25,4248,FALSE,TRUE,Rotaract President,2025 - 2026,N,0,0,0,0,0,0,FALSE,,0,,0
8827481,Bengaluru Compassion Crew,Bengaluru Compassion Crew,8827481,Active,Community,India,Bengaluru Platinum City (Rotary),2025 - 2026,3192,Zone 7,Zone 7,14,Yes,No,TRUE,11894,123.9,11894,TRUE,TRUE,Rotaract President,2025 - 2026,N,0,0,0,0,0,0,FALSE,,0,,0
8823830,Bengaluru Nagasandra,Bengaluru Nagasandra,8823830,Active,Community,India,Bangalore Udyog (Rotary),2026 - 2027,3192,Zone 7,Zone 7,32,No,Yes,FALSE,0,0,0,FALSE,FALSE,N/A,N/A,N/A,0,0,0,0,0,0,FALSE,,0,,0
8826606,Bengaluru Nava Chaitanya,Bengaluru Nava Chaitanya,8826606,Active,Community,India,Swarna Bengaluru (Rotaract),2026 - 2027,3192,Zone 7,Zone 7,10,No,Yes,FALSE,0,0,0,FALSE,FALSE,N/A,N/A,N/A,0,0,0,0,0,0,FALSE,,0,,0
8823923,Bengaluru Orion Gateway,Bengaluru Orion Gateway,8823923,Active,Community,India,Bengaluru Orion Gateway (Rotary),2026 - 2027,3192,Zone 7,Zone 7,18,No,Yes,FALSE,0,0,0,FALSE,FALSE,N/A,N/A,N/A,0,0,0,0,0,0,FALSE,,0,,0
216046,Bishop Cotton Yelahanka,Bishop Cotton Yelahanka,216046,Active,University,India,Bangalore R.T. Nagar (Rotary),2021 - 2022,3192,Zone 7,Zone 7,3,Yes,No,TRUE,6053,63.05,6053,FALSE,TRUE,Rotaract President,N/A,N,0,0,0,0,0,0,FALSE,,0,,0
215552,BMS Yelahanka,BMS Yelahanka,215552,Active,University,India,Bangalore Yelahanka (Rotary),2026 - 2027,3192,Zone 7,Zone 7,8,No,Yes,FALSE,0,0,0,FALSE,FALSE,N/A,N/A,N/A,0,0,0,0,0,0,FALSE,,0,,0
8828021,BNM Institute of Technology,BNM Institute of Technology,8828021,Active,University,India,Bangalore Mahalakshmi Central (Rotary),2026 - 2027,3192,Zone 7,Zone 7,18,No,Yes,FALSE,0,0,0,FALSE,FALSE,N/A,N/A,N/A,0,0,0,0,0,0,FALSE,,0,,0
8827601,Charan's Degree College,Charan's Degree College,8827601,Active,University,India,Bangalore Ulsoor (Rotary),2026 - 2027,3192,Zone 7,Zone 7,12,No,Yes,FALSE,0,0,0,FALSE,FALSE,N/A,N/A,N/A,0,0,0,0,0,0,FALSE,,0,,0
8827833,Christ University Bangalore Yeshwanthpur Campus,Christ University Bangalore Yeshwanthpur Campus,8827833,Active,University,India,Bangalore Udyog (Rotary),2026 - 2027,3192,Zone 7,Zone 7,168,No,Yes,FALSE,0,0,0,FALSE,FALSE,N/A,N/A,N/A,0,0,0,0,0,0,FALSE,,0,,0
8828358,Christ University Bannerghatta Road Campus,Christ University Bannerghatta Road Campus,8828358,Active,University,India,Bangalore North West (Rotary),2026 - 2027,3192,Zone 7,Zone 7,36,No,Yes,FALSE,0,0,0,FALSE,FALSE,N/A,N/A,N/A,0,0,0,0,0,0,FALSE,,0,,0
8826693,Christ University Central Campus,Christ University Central Campus,8826693,Active,University,India,Bangalore North West (Rotary),2026 - 2027,3192,Zone 7,Zone 7,30,Yes,Yes,TRUE,16376,170.58,16376,TRUE,FALSE,N/A,N/A,N/A,0,0,0,0,0,0,FALSE,,0,,0
8828466,Christ University Kengeri Campus,Christ University Kengeri Campus,8828466,Active,University,India,Bangalore North West (Rotary),2026 - 2027,3192,Zone 7,Zone 7,60,No,Yes,FALSE,0,0,0,FALSE,FALSE,N/A,N/A,N/A,0,0,0,0,0,0,FALSE,,0,,0
212785,C M R I T,C M R I T,212785,Active,University,India,Bangalore Ramamurthy Nagar (Rotary),2025 - 2026,3192,Zone 7,Zone 7,17,No,No,FALSE,0,0,0,FALSE,TRUE,Rotaract President,2025 - 2026,N,0,0,0,0,0,0,FALSE,,0,,0
8827752,Dhanwantri Institutions,Dhanwantri Institutions,8827752,Active,University,India,Bangalore Udyog (Rotary),2026 - 2027,3192,Zone 7,Zone 7,39,Yes,Yes,TRUE,20709,215.72,20709,TRUE,FALSE,N/A,N/A,N/A,0,0,0,0,0,0,FALSE,,0,,0
8825140,Falcon Youth,Falcon Youth,8825140,Active,Community,India,Bangalore Indiranagar (Rotary),2025 - 2026,3192,Zone 7,Zone 7,19,No,No,FALSE,0,0,0,FALSE,TRUE,Rotaract President,2025 - 2026,N,0,0,0,0,0,0,FALSE,,0,,0
214320,GEMs B School,GEMs B School,214320,Active,University,India,Bangalore Junction (Rotary),2025 - 2026,3192,Zone 7,Zone 7,15,Yes,No,TRUE,2922,30.44,2922,FALSE,TRUE,Rotaract President,2025 - 2026,N,0,0,0,0,0,0,FALSE,,0,,0
8826418,GITAM Bengaluru,GITAM Bengaluru,8826418,Active,University,India,Bengaluru Manyata (Rotary),2024 - 2025,3192,Zone 7,Zone 7,12,Yes,No,TRUE,12930,134.69,12930,TRUE,TRUE,Rotaract President,2024 - 2025,N,0,0,0,0,0,0,FALSE,,0,,0
8828495,Government First Grade College Chikkanayakanahalli Kalpataru Youths,Government First Grade College Chikkanayakanahalli Kalpataru Youths,8828495,Active,University,India,Chiknayakanahally (Rotary),2026 - 2027,3192,Zone 7,Zone 7,15,No,Yes,FALSE,0,0,0,FALSE,FALSE,N/A,N/A,N/A,0,0,0,0,0,0,FALSE,,0,,0
8827838,Gulmohar KIT MBA Department Tiptur,Gulmohar KIT MBA Department Tiptur,8827838,Active,University,India,Bangalore Gulmohar (Rotary),2026 - 2027,3192,Zone 7,Zone 7,12,No,Yes,FALSE,0,0,0,FALSE,FALSE,N/A,N/A,N/A,0,0,0,0,0,0,FALSE,,0,,0
8827415,HKBK Group of Institutions,HKBK Group of Institutions,8827415,Active,University,India,Bangalore Skyway (Rotary),2026 - 2027,3192,Zone 7,Zone 7,15,Yes,Yes,TRUE,7965,82.97,7965,TRUE,FALSE,N/A,N/A,N/A,0,0,0,0,0,0,FALSE,,0,,0
8827620,HKES Sree Veerendra Patil Degree College,HKES Sree Veerendra Patil Degree College,8827620,Active,University,India,Bangalore Nandini (Rotary),2026 - 2027,3192,Zone 7,Zone 7,15,Yes,Yes,TRUE,8144,84.83,8144,TRUE,FALSE,N/A,N/A,N/A,0,0,0,0,0,0,FALSE,,0,,0
8828060,H K Veeranna Gowda College,H K Veeranna Gowda College,8828060,Active,University,India,Maddur (Rotary),2026 - 2027,3192,Zone 7,Zone 7,12,No,Yes,FALSE,0,0,0,FALSE,FALSE,N/A,N/A,N/A,0,0,0,0,0,0,FALSE,,0,,0
8826152,Jyothy Institute of Technology,Jyothy Institute of Technology,8826152,Active,University,India,Bangalore (Rotary),2026 - 2027,3192,Zone 7,Zone 7,27,No,Yes,FALSE,0,0,0,FALSE,FALSE,N/A,N/A,N/A,0,0,0,0,0,0,FALSE,,0,,0
8827608,Koshys Institute of Management Studies Autonomous,Koshys Institute of Management Studies Autonomous,8827608,Active,University,India,Bangalore DownTowners (Rotary),2026 - 2027,3192,Zone 7,Zone 7,20,Yes,Yes,TRUE,10620,110.63,10620,TRUE,FALSE,N/A,N/A,N/A,0,0,0,0,0,0,FALSE,,0,,0
8828051,Mandya,Mandya,8828051,Active,Community,India,Bangalore (Rotary); Sakkare Naadu Mandya (Rotary),2026 - 2027,3192,Zone 7,Zone 7,24,No,Yes,FALSE,0,0,0,FALSE,FALSE,N/A,N/A,N/A,0,0,0,0,0,0,FALSE,,0,,0
212892,MES College,MES College,212892,Active,University,India,Bangalore North West (Rotary),2026 - 2027,3192,Zone 7,Zone 7,22,No,Yes,FALSE,0,0,0,FALSE,FALSE,N/A,N/A,N/A,0,0,0,0,0,0,FALSE,,0,,0
8825496,MES Institute of Management,MES Institute of Management,8825496,Active,University,India,Bangalore North (Rotary),2026 - 2027,3192,Zone 7,Zone 7,2,No,Yes,FALSE,0,0,0,FALSE,FALSE,N/A,N/A,N/A,0,0,0,0,0,0,FALSE,,0,,0
8828574,MKPM RV Institute of Legal Studies,MKPM RV Institute of Legal Studies,8828574,Active,University,India,Bangalore Brigades (Rotary),2026 - 2027,3192,Zone 7,Zone 7,29,No,Yes,FALSE,0,0,0,FALSE,FALSE,N/A,N/A,N/A,0,0,0,0,0,0,TRUE,13-Jul-2026,29,,0
8827567,MP Birla Institute of Management,MP Birla Institute of Management,8827567,Active,University,India,E-Club of Bengaluru Sakhi (Rotary),2026 - 2027,3192,Zone 7,Zone 7,17,No,Yes,FALSE,0,0,0,FALSE,FALSE,N/A,N/A,N/A,0,0,0,0,0,0,FALSE,,0,,0
8827247,M. S. Engineering College,M. S. Engineering College,8827247,Active,University,India,Bangalore Bhuvaneshwarinagar (Rotary),2026 - 2027,3192,Zone 7,Zone 7,11,Yes,No,TRUE,19919,207.49,19919,TRUE,TRUE,Rotaract President,2025 - 2026,N,0,0,0,0,0,0,FALSE,,0,,0
8827146,"M S Ramaiah College of Arts, Science and Commerce","M S Ramaiah College of Arts, Science and Commerce",8827146,Active,University,India,Bangalore North West (Rotary),2026 - 2027,3192,Zone 7,Zone 7,17,No,Yes,FALSE,0,0,0,FALSE,FALSE,N/A,N/A,N/A,0,0,0,0,0,0,FALSE,,0,,0
8827782,NBC College,NBC College,8827782,Active,University,India,Bangalore DownTowners (Rotary),2025 - 2026,3192,Zone 7,Zone 7,27,Yes,No,TRUE,14337,149.34,14337,TRUE,TRUE,Rotaract President,2025 - 2026,N,0,0,0,0,0,0,FALSE,,0,,0
68154,Presidency College,Presidency College,68154,Active,University,India,Bangalore Rajmahal Vilas (Rotary),2026 - 2027,3192,Zone 7,Zone 7,18,No,Yes,FALSE,0,0,0,FALSE,FALSE,N/A,N/A,N/A,0,0,0,0,0,0,FALSE,,0,,0
217365,Presidency University Bangalore,Presidency University Bangalore,217365,Active,University,India,Bangalore Oasis (Rotary),2026 - 2027,3192,Zone 7,Zone 7,10,No,Yes,FALSE,0,0,0,FALSE,FALSE,N/A,N/A,N/A,0,0,0,0,0,0,FALSE,,0,,0
8827584,Rajanukunte Royals,Rajanukunte Royals,8827584,Active,Community,India,Bengaluru Nagasandra (Rotaract),2026 - 2027,3192,Zone 7,Zone 7,8,No,Yes,FALSE,0,0,0,FALSE,FALSE,N/A,N/A,N/A,0,0,0,0,0,0,FALSE,,0,,0
8825298,RajaRajeswari College of Engineering,RajaRajeswari College of Engineering,8825298,Active,University,India,Bangalore (Rotary),2026 - 2027,3192,Zone 7,Zone 7,1,No,Yes,FALSE,0,0,0,FALSE,FALSE,N/A,N/A,N/A,0,0,0,0,0,0,FALSE,,0,,0
212992,Ramaiah Institute of Management (RIMS),Ramaiah Institute of Management (RIMS),212992,Active,University,India,Bangalore Rajmahal Vilas (Rotary),2026 - 2027,3192,Zone 7,Zone 7,42,No,Yes,FALSE,0,0,0,FALSE,FALSE,N/A,N/A,N/A,0,0,0,0,0,0,FALSE,,0,,0
8826806,RPA First Grade College Rajajinagar,RPA First Grade College Rajajinagar,8826806,Active,University,India,Bangalore West (Rotary),2025 - 2026,3192,Zone 7,Zone 7,18,No,No,FALSE,0,0,0,FALSE,TRUE,Rotaract President,2025 - 2026,N,0,0,0,0,0,0,FALSE,,0,,0
8825021,RUAS,RUAS,8825021,Active,University,India,Bengaluru Manyata (Rotary),2026 - 2027,3192,Zone 7,Zone 7,15,No,Yes,FALSE,0,0,0,FALSE,FALSE,N/A,N/A,N/A,0,0,0,0,0,0,FALSE,,0,,0
8827603,Sahakaranagar,Sahakaranagar,8827603,Active,Community,India,Bangalore Sahakaranagar (Rotary),2026 - 2027,3192,Zone 7,Zone 7,12,Yes,Yes,TRUE,10195,106.2,10195,TRUE,FALSE,N/A,N/A,N/A,0,0,0,0,0,0,FALSE,,0,,0
8825126,Sai Vidya Institute of Technology,Sai Vidya Institute of Technology,8825126,Active,University,India,Bangalore Yelahanka (Rotary),2026 - 2027,3192,Zone 7,Zone 7,119,No,Yes,FALSE,0,0,0,FALSE,FALSE,N/A,N/A,N/A,0,0,0,0,0,0,FALSE,,0,,0
8828032,Seshadripuram College,Seshadripuram College,8828032,Active,University,India,Bangalore Centennial (Rotary),2026 - 2027,3192,Zone 7,Zone 7,19,No,Yes,FALSE,0,0,0,FALSE,FALSE,N/A,N/A,N/A,0,0,0,0,0,0,FALSE,,0,,0
214429,Seshadripuram Institute of Management Studies,Seshadripuram Institute of Management Studies,214429,Active,University,India,Bangalore Yelahanka (Rotary),2025 - 2026,3192,Zone 7,Zone 7,25,No,No,FALSE,0,0,0,FALSE,TRUE,Rotaract President,2025 - 2026,N,0,0,0,0,0,0,FALSE,,0,,0
8827053,Siddaganga Institute of Technology Tumakuru,Siddaganga Institute of Technology Tumakuru,8827053,Active,University,India,Tumkur Central (Rotary),2026 - 2027,3192,Zone 7,Zone 7,15,Yes,Yes,TRUE,7965,82.97,7965,TRUE,FALSE,N/A,N/A,N/A,0,0,0,0,0,0,FALSE,,0,,0
8825501,Silicon City,Silicon City,8825501,Active,University,India,Bengaluru Manyata (Rotary),2026 - 2027,3192,Zone 7,Zone 7,23,No,Yes,FALSE,0,0,0,FALSE,FALSE,N/A,N/A,N/A,0,0,0,0,0,0,FALSE,,0,,0
8827610,Soundarya Institute of Management and Science,Soundarya Institute of Management and Science,8827610,Active,University,India,Bengaluru Chimney Hill (Rotary),2026 - 2027,3192,Zone 7,Zone 7,21,No,Yes,FALSE,0,0,0,FALSE,FALSE,N/A,N/A,N/A,0,0,0,0,0,0,FALSE,,0,,0
8826279,Sree Siddaganga First Grade College,Sree Siddaganga First Grade College,8826279,Active,University,India,Nelamangala (Rotary),2024 - 2025,3192,Zone 7,Zone 7,12,Yes,No,TRUE,12462,129.81,12462,TRUE,TRUE,Rotaract President,2024 - 2025,N,0,0,0,0,0,0,FALSE,,0,,0
8826201,Sri Basaveshwara First Grade College,Sri Basaveshwara First Grade College,8826201,Active,University,India,Nelamangala (Rotary),2024 - 2025,3192,Zone 7,Zone 7,12,Yes,No,TRUE,12462,129.81,12462,TRUE,TRUE,Rotaract President,2024 - 2025,N,0,0,0,0,0,0,FALSE,,0,,0
8827585,Sri Guru Sai First Grade College,Sri Guru Sai First Grade College,8827585,Active,University,India,Bengaluru Spectrum (Rotary),2025 - 2026,3192,Zone 7,Zone 7,45,Yes,No,TRUE,23895,248.91,23895,TRUE,TRUE,Rotaract President,2025 - 2026,N,0,0,0,0,0,0,FALSE,,0,,0
8828351,Srirangapatna,Srirangapatna,8828351,Active,Community,India,Srirangapatna (Rotary),2026 - 2027,3192,Zone 7,Zone 7,14,No,Yes,FALSE,0,0,0,FALSE,FALSE,N/A,N/A,N/A,0,0,0,0,0,0,FALSE,,0,,0
8828029,Sri Sai College for Women,Sri Sai College for Women,8828029,Active,University,India,Bangalore Mahalakshmi Central (Rotary),2026 - 2027,3192,Zone 7,Zone 7,19,No,Yes,FALSE,0,0,0,FALSE,FALSE,N/A,N/A,N/A,0,0,0,0,0,0,FALSE,,0,,0
8826801,St. Annes Degree College for Women,St. Annes Degree College for Women,8826801,Active,University,India,Bangalore Ulsoor (Rotary),2025 - 2026,3192,Zone 7,Zone 7,14,Yes,No,TRUE,7434,77.44,7434,TRUE,TRUE,Rotaract President,2025 - 2026,N,0,0,0,0,0,0,FALSE,,0,,0
8826849,St. Anne's First Grade College for Women,St. Anne's First Grade College for Women,8826849,Active,University,India,Bangalore Kalyan (Rotary),2025 - 2026,3192,Zone 7,Zone 7,25,No,No,FALSE,0,0,0,FALSE,TRUE,Rotaract President,2025 - 2026,N,0,0,0,0,0,0,FALSE,,0,,0
8824314,St. Claret College,St. Claret College,8824314,Active,University,India,Bengaluru Jalahalli (Rotary),2026 - 2027,3192,Zone 7,Zone 7,13,Yes,Yes,TRUE,8480,88.33,8480,TRUE,FALSE,N/A,N/A,N/A,0,0,0,0,0,0,FALSE,,0,,0
8824042,St Pauls College,St Pauls College,8824042,Active,University,India,Bangalore Vidyaranyapura (Rotary),2021 - 2022,3192,Zone 7,Zone 7,1,Yes,No,TRUE,2018,21.02,2018,FALSE,TRUE,Rotaract President,N/A,N,0,0,0,0,0,0,FALSE,,0,,0
212458,Surana College,Surana College,212458,Active,University,India,Bangalore Indiranagar (Rotary),2026 - 2027,3192,Zone 7,Zone 7,35,No,Yes,FALSE,0,0,0,FALSE,FALSE,N/A,N/A,N/A,0,0,0,0,0,0,FALSE,,0,,0
217238,Surana College Peenya,Surana College Peenya,217238,Active,University,India,Bangalore Udyog (Rotary),2025 - 2026,3192,Zone 7,Zone 7,7,No,No,FALSE,0,0,0,FALSE,TRUE,Rotaract President,2025 - 2026,N,0,0,0,0,0,0,FALSE,,0,,0
91484,Swarna Bengaluru,Swarna Bengaluru,91484,Active,Community,India,Bangalore (Rotary),2026 - 2027,3192,Zone 7,Zone 7,47,No,Yes,FALSE,0,0,0,FALSE,FALSE,N/A,N/A,N/A,0,0,0,0,0,0,FALSE,,0,,0
8827200,Triveni College,Triveni College,8827200,Active,University,India,Bangalore Udyog (Rotary),2026 - 2027,3192,Zone 7,Zone 7,31,No,Yes,FALSE,0,0,0,FALSE,FALSE,N/A,N/A,N/A,0,0,0,0,0,0,FALSE,,0,,0
8827575,United International Business School,United International Business School,8827575,Active,University,India,Bangalore DownTowners (Rotary),2026 - 2027,3192,Zone 7,Zone 7,38,Yes,Yes,TRUE,15930,165.94,15930,TRUE,FALSE,N/A,N/A,N/A,0,0,0,0,0,0,FALSE,,0,,0
8823940,VBR College,VBR College,8823940,Active,University,India,Bangalore Golden Rock (Rotaract),2025 - 2026,3192,Zone 7,Zone 7,19,Yes,No,TRUE,18318,190.81,18318,TRUE,TRUE,Rotaract President,2025 - 2026,N,0,0,0,0,0,0,FALSE,,0,,0
8827756,Vidya Para Medical College,Vidya Para Medical College,8827756,Active,University,India,Malavalli (Rotary),2026 - 2027,3192,Zone 7,Zone 7,12,No,Yes,FALSE,0,0,0,FALSE,FALSE,N/A,N/A,N/A,0,0,0,0,0,0,FALSE,,0,,0
215353,Vidyaranyapura,Vidyaranyapura,215353,Active,Community,India,Bangalore Vidyaranyapura (Rotary),2026 - 2027,3192,Zone 7,Zone 7,67,No,Yes,FALSE,0,0,0,FALSE,FALSE,N/A,N/A,N/A,0,0,0,0,0,0,FALSE,,0,,0
88694,Yelahanka,Yelahanka,88694,Active,Community,India,Bangalore Yelahanka (Rotary),2026 - 2027,3192,Zone 7,Zone 7,45,No,Yes,FALSE,0,0,0,FALSE,FALSE,N/A,N/A,N/A,0,0,0,0,0,0,FALSE,,0,,0
8826511,Yenepoya,Yenepoya,8826511,Active,University,India,Bangalore Junction (Rotary),2025 - 2026,3192,Zone 7,Zone 7,65,Yes,No,TRUE,48520,505.42,48520,TRUE,TRUE,Rotaract President,2025 - 2026,N,0,0,0,0,0,0,FALSE,,0,,0
218375,Adaiyalam,Adaiyalam,218375,Active,Community,India,Udumalpet Central (Rotary),2026 - 2027,3203,Zone 5,Zone 5,11,No,Yes,FALSE,0,0,0,FALSE,FALSE,N/A,N/A,N/A,0,0,0,0,0,0,FALSE,,0,,0
217635,Akshaya Institute of Management Studies,Akshaya Institute of Management Studies,217635,Active,University,India,Pollachi (Rotary),2019 - 2020,3203,Zone 5,Zone 5,1,Yes,No,TRUE,2018,21.02,2018,FALSE,TRUE,Rotaract President,N/A,N,0,0,0,0,0,0,FALSE,,0,,0
218111,Avinashi East,Avinashi East,218111,Active,Community,India,Avinashi East (Rotary),2026 - 2027,3203,Zone 5,Zone 5,14,No,Yes,FALSE,0,0,0,FALSE,FALSE,N/A,N/A,N/A,0,0,0,0,0,0,FALSE,,0,,0
214041,AVP College of Arts and Science,AVP College of Arts and Science,214041,Active,University,India,Tirupur Metal Town (Rotary),2025 - 2026,3203,Zone 5,Zone 5,18,No,No,FALSE,0,0,0,FALSE,TRUE,Rotaract President,2025 - 2026,N,0,0,0,0,0,0,FALSE,,0,,0
8826023,Bannari Amman Institute of Technology,Bannari Amman Institute of Technology,8826023,Active,University,India,Sathy (Rotary),2024 - 2025,3203,Zone 5,Zone 5,25,No,No,FALSE,0,0,0,FALSE,TRUE,Rotaract President,2024 - 2025,N,0,0,0,0,0,0,FALSE,,0,,0
8827747,Bharathidasan College of Arts & Science,Bharathidasan College of Arts & Science,8827747,Active,University,India,Erode Central (Rotary),2025 - 2026,3203,Zone 5,Zone 5,17,Yes,No,TRUE,9027,94.03,9027,TRUE,TRUE,Rotaract President,2025 - 2026,N,0,0,0,0,0,0,FALSE,,0,,0
8827581,Bishop Thorp College,Bishop Thorp College,8827581,Active,University,India,Dharapuram (Rotary),2026 - 2027,3203,Zone 5,Zone 5,30,No,No,FALSE,0,0,0,FALSE,TRUE,Rotaract President,2025 - 2026,N,0,0,0,0,0,0,FALSE,,0,,0
8825944,Builders Engineering College,Builders Engineering College,8825944,Active,University,India,Kangeyam Town (Rotary),2026 - 2027,3203,Zone 5,Zone 5,22,No,Yes,FALSE,0,0,0,FALSE,FALSE,N/A,N/A,N/A,0,0,0,0,0,0,FALSE,,0,,0
8828570,Cauvery Nexus,Cauvery Nexus,8828570,Active,Community,India,Erode Nexus (Rotary),2026 - 2027,3203,Zone 5,Zone 5,12,No,Yes,FALSE,0,0,0,FALSE,FALSE,N/A,N/A,N/A,0,0,0,0,0,0,TRUE,08-Jul-2026,12,,0
8828379,Christ The King Engineering College Karamadai Youth,Christ The King Engineering College Karamadai Youth,8828379,Active,University,India,Karamadai (Rotary),2026 - 2027,3203,Zone 5,Zone 5,19,No,Yes,FALSE,0,0,0,FALSE,FALSE,N/A,N/A,N/A,0,0,0,0,0,0,FALSE,,0,,0
8827202,Dharapuram Pride,Dharapuram Pride,8827202,Active,Community,India,Dharapuram (Rotary),2026 - 2027,3203,Zone 5,Zone 5,12,No,Yes,FALSE,0,0,0,FALSE,FALSE,N/A,N/A,N/A,0,0,0,0,0,0,FALSE,,0,,0
8827579,Dr. R.A.N.M. Arts and Science College,Dr. R.A.N.M. Arts and Science College,8827579,Active,University,India,Erode Focus (Rotary),2026 - 2027,3203,Zone 5,Zone 5,27,Yes,Yes,TRUE,14337,149.34,14337,TRUE,FALSE,N/A,N/A,N/A,0,0,0,0,0,0,FALSE,,0,,0
8827631,Dr. RV Arts and Science College,Dr. RV Arts and Science College,8827631,Active,University,India,Karamadai (Rotary),2026 - 2027,3203,Zone 5,Zone 5,34,Yes,Yes,TRUE,18054,188.06,18054,TRUE,FALSE,N/A,N/A,N/A,0,0,0,0,0,0,FALSE,,0,,0
8828148,Erode Arts and Science College,Erode Arts and Science College,8828148,Active,University,India,Erode Nexus (Rotary),2026 - 2027,3203,Zone 5,Zone 5,38,No,Yes,FALSE,0,0,0,FALSE,FALSE,N/A,N/A,N/A,0,0,0,0,0,0,FALSE,,0,,0
77961,Erode Central,Erode Central,77961,Active,Community,India,Erode Central (Rotary),2025 - 2026,3203,Zone 5,Zone 5,16,Yes,No,TRUE,15230,158.65,15230,TRUE,TRUE,Rotaract President,2025 - 2026,N,0,0,0,0,0,0,FALSE,,0,,0
8827566,Erode College of Law,Erode College of Law,8827566,Active,University,India,Gobi (Rotary),2026 - 2027,3203,Zone 5,Zone 5,31,Yes,Yes,TRUE,16461,171.47,16461,TRUE,FALSE,N/A,N/A,N/A,0,0,0,0,0,0,FALSE,,0,,0
8825631,Erode Kalam,Erode Kalam,8825631,Active,Community,India,,2025 - 2026,3203,Zone 5,Zone 5,15,No,No,FALSE,0,0,0,FALSE,TRUE,Rotaract President,2025 - 2026,N,0,0,0,0,0,0,FALSE,,0,,0
218162,Erode North,Erode North,218162,Active,Community,India,Erode North (Rotary),2026 - 2027,3203,Zone 5,Zone 5,14,Yes,Yes,TRUE,13033,135.76,13033,TRUE,FALSE,N/A,N/A,N/A,0,0,0,0,0,0,FALSE,,0,,0
8825893,Erode Sengunthar Engineering College,Erode Sengunthar Engineering College,8825893,Active,University,India,Perundurai (Rotary),2024 - 2025,3203,Zone 5,Zone 5,12,No,No,FALSE,0,0,0,FALSE,TRUE,Rotaract President,2024 - 2025,N,0,0,0,0,0,0,FALSE,,0,,0
8826705,Erode Turmeric City,Erode Turmeric City,8826705,Active,Community,India,Erode (Rotary),2026 - 2027,3203,Zone 5,Zone 5,8,Yes,Yes,TRUE,5667,59.03,5667,FALSE,FALSE,N/A,N/A,N/A,0,0,0,0,0,0,FALSE,,0,,0
8827198,Forest College and Research Institute,Forest College and Research Institute,8827198,Active,University,India,Mettupalayam (Rotary),2025 - 2026,3203,Zone 5,Zone 5,18,No,No,FALSE,0,0,0,FALSE,TRUE,Rotaract President,2025 - 2026,N,0,0,0,0,0,0,FALSE,,0,,0
8828355,Gandhi Arts and Science College,Gandhi Arts and Science College,8828355,Active,University,India,Punjai Puliampatti (Rotary),2026 - 2027,3203,Zone 5,Zone 5,29,No,Yes,FALSE,0,0,0,FALSE,FALSE,N/A,N/A,N/A,0,0,0,0,0,0,FALSE,,0,,0
8828061,Government Arts and Science College Anthiyur,Government Arts and Science College Anthiyur,8828061,Active,University,India,Bhavani-Komarapalayam (Rotary),2026 - 2027,3203,Zone 5,Zone 5,30,No,Yes,FALSE,0,0,0,FALSE,FALSE,N/A,N/A,N/A,0,0,0,0,0,0,FALSE,,0,,0
8826856,Government Arts and Science College Sathyamangalam,Government Arts and Science College Sathyamangalam,8826856,Active,University,India,Sathy (Rotary),2025 - 2026,3203,Zone 5,Zone 5,22,No,No,FALSE,0,0,0,FALSE,TRUE,Rotaract President,2025 - 2026,N,0,0,0,0,0,0,FALSE,,0,,0
8827757,Government Arts and Science College Thittamalai,Government Arts and Science College Thittamalai,8827757,Active,University,India,Gobi (Rotary),2026 - 2027,3203,Zone 5,Zone 5,15,Yes,Yes,TRUE,7965,82.97,7965,TRUE,FALSE,N/A,N/A,N/A,0,0,0,0,0,0,FALSE,,0,,0
8827583,Government Erode Medical College,Government Erode Medical College,8827583,Active,University,India,Erode North (Rotary),2026 - 2027,3203,Zone 5,Zone 5,15,Yes,No,TRUE,7965,82.97,7965,TRUE,TRUE,Rotaract President,2025 - 2026,N,0,0,0,0,0,0,FALSE,,0,,0
8828077,Government Medical College The Nilgiris,Government Medical College The Nilgiris,8828077,Active,University,India,Nilgiris West (Rotary),2026 - 2027,3203,Zone 5,Zone 5,44,No,Yes,FALSE,0,0,0,FALSE,FALSE,N/A,N/A,N/A,0,0,0,0,0,0,FALSE,,0,,0
53811,Greenfield Vidyasagar College of Arts & Science,Greenfield Vidyasagar College of Arts & Science,53811,Active,University,India,Udamalpet (Rotary),2020 - 2021,3203,Zone 5,Zone 5,3,No,No,FALSE,0,0,0,FALSE,TRUE,Rotaract President,N/A,N,0,0,0,0,0,0,FALSE,,0,,0
8828030,IRT School of Nursing,IRT School of Nursing,8828030,Active,University,India,Erode Nexus (Rotary),2026 - 2027,3203,Zone 5,Zone 5,30,No,Yes,FALSE,0,0,0,FALSE,FALSE,N/A,N/A,N/A,0,0,0,0,0,0,FALSE,,0,,0
8827815,JSS AHER,JSS AHER,8827815,Active,University,India,Ooty Central (Rotary),2026 - 2027,3203,Zone 5,Zone 5,22,No,No,FALSE,0,0,0,FALSE,TRUE,Rotaract President,2025 - 2026,N,0,0,0,0,0,0,FALSE,,0,,0
8826024,Kaamadhenu Arts and Science College,Kaamadhenu Arts and Science College,8826024,Active,University,India,Sathy (Rotary),2025 - 2026,3203,Zone 5,Zone 5,25,No,No,FALSE,0,0,0,FALSE,TRUE,Rotaract President,2025 - 2026,N,0,0,0,0,0,0,FALSE,,0,,0
212203,Kamalam College,Kamalam College,212203,Active,University,India,Udumalpet Tejas (Rotary),2025 - 2026,3203,Zone 5,Zone 5,9,No,No,FALSE,0,0,0,FALSE,TRUE,Rotaract President,2025 - 2026,N,0,0,0,0,0,0,FALSE,,0,,0
8825941,Kangeyam Institute of Commerce,Kangeyam Institute of Commerce,8825941,Active,University,India,Kangeyam Town (Rotary),2025 - 2026,3203,Zone 5,Zone 5,14,No,No,FALSE,0,0,0,FALSE,TRUE,Rotaract President,2025 - 2026,N,0,0,0,0,0,0,FALSE,,0,,0
217564,KEC(Erode),KEC(Erode),217564,Active,Community,India,Erode Mid Town (Rotary),2024 - 2025,3203,Zone 5,Zone 5,12,No,No,FALSE,0,0,0,FALSE,TRUE,Rotaract President,2024 - 2025,N,0,0,0,0,0,0,FALSE,,0,,0
8827936,KMC College of Law,KMC College of Law,8827936,Active,University,India,Perumanallur (Rotary),2026 - 2027,3203,Zone 5,Zone 5,59,No,Yes,FALSE,0,0,0,FALSE,FALSE,N/A,N/A,N/A,0,0,0,0,0,0,FALSE,,0,,0
8825553,Kongu Arts and Science College,Kongu Arts and Science College,8825553,Active,University,India,Erode (Rotary),2026 - 2027,3203,Zone 5,Zone 5,6,No,Yes,FALSE,0,0,0,FALSE,FALSE,N/A,N/A,N/A,0,0,0,0,0,0,FALSE,,0,,0
8828573,Kongu Naturopathy and Yoga Medical College,Kongu Naturopathy and Yoga Medical College,8828573,Active,University,India,Erode Nexus (Rotary),2026 - 2027,3203,Zone 5,Zone 5,25,No,Yes,FALSE,0,0,0,FALSE,FALSE,N/A,N/A,N/A,0,0,0,0,0,0,TRUE,13-Jul-2026,25,,0
8828359,Kumaraguru Institute of Agriculture,Kumaraguru Institute of Agriculture,8828359,Active,University,India,Sakthinagar (Rotary),2026 - 2027,3203,Zone 5,Zone 5,37,No,Yes,FALSE,0,0,0,FALSE,FALSE,N/A,N/A,N/A,0,0,0,0,0,0,FALSE,,0,,0
8827730,Nandha Dental College and Hospital,Nandha Dental College and Hospital,8827730,Active,University,India,Erode Emerald (Rotary),2026 - 2027,3203,Zone 5,Zone 5,77,Yes,Yes,TRUE,40887,425.91,40887,TRUE,FALSE,N/A,N/A,N/A,0,0,0,0,0,0,FALSE,,0,,0
8828325,Nandha Engineering College,Nandha Engineering College,8828325,Active,University,India,Erode North (Rotary),2026 - 2027,3203,Zone 5,Zone 5,52,No,Yes,FALSE,0,0,0,FALSE,FALSE,N/A,N/A,N/A,0,0,0,0,0,0,FALSE,,0,,0
89722,NGM College,NGM College,89722,Active,University,India,Pollachi (Rotary),2025 - 2026,3203,Zone 5,Zone 5,10,No,No,FALSE,0,0,0,FALSE,TRUE,Rotaract President,2025 - 2026,N,0,0,0,0,0,0,FALSE,,0,,0
8826650,Ootacamund Odyssey,Ootacamund Odyssey,8826650,Active,Community,India,Ootacamund (Rotary),2025 - 2026,3203,Zone 5,Zone 5,1,No,No,FALSE,0,0,0,FALSE,TRUE,Rotaract President,2025 - 2026,N,0,0,0,0,0,0,FALSE,,0,,0
8828336,Ooty Maatram,Ooty Maatram,8828336,Active,Community,India,Ooty Central (Rotary),2026 - 2027,3203,Zone 5,Zone 5,13,No,Yes,FALSE,0,0,0,FALSE,FALSE,N/A,N/A,N/A,0,0,0,0,0,0,FALSE,,0,,0
8826850,Park's College,Park's College,8826850,Active,University,India,Tirupur Next Generation (Rotary),2025 - 2026,3203,Zone 5,Zone 5,19,No,No,FALSE,0,0,0,FALSE,TRUE,Rotaract President,2025 - 2026,N,0,0,0,0,0,0,FALSE,,0,,0
8827533,P K R Arts College for Women,P K R Arts College for Women,8827533,Active,University,India,,2026 - 2027,3203,Zone 5,Zone 5,15,No,No,FALSE,0,0,0,FALSE,TRUE,Rotaract President,2025 - 2026,N,0,0,0,0,0,0,FALSE,,0,,0
8823594,Pollachi Green Paradise,Pollachi Green Paradise,8823594,Active,Community,India,Pollachi (Rotary),2026 - 2027,3203,Zone 5,Zone 5,15,No,Yes,FALSE,0,0,0,FALSE,FALSE,N/A,N/A,N/A,0,0,0,0,0,0,FALSE,,0,,0
212424,Pollachi Varnas,Pollachi Varnas,212424,Active,Community,India,Pollachi Royalz (Rotary),2024 - 2025,3203,Zone 5,Zone 5,6,No,No,FALSE,0,0,0,FALSE,TRUE,Rotaract President,2024 - 2025,N,0,0,0,0,0,0,FALSE,,0,,0
8828079,Providence College for Women (Autonomous),Providence College for Women (Autonomous),8828079,Active,University,India,Ooty Town (Rotary),2026 - 2027,3203,Zone 5,Zone 5,6,No,Yes,FALSE,0,0,0,FALSE,FALSE,N/A,N/A,N/A,0,0,0,0,0,0,FALSE,,0,,0
8828363,Revathi Institutions,Revathi Institutions,8828363,Active,University,India,Tirupur Gandhinagar (Rotary),2026 - 2027,3203,Zone 5,Zone 5,36,No,Yes,FALSE,0,0,0,FALSE,FALSE,N/A,N/A,N/A,0,0,0,0,0,0,FALSE,,0,,0
8826876,Sasurie College of Arts and Science,Sasurie College of Arts and Science,8826876,Active,University,India,Uthukuli (Rotary),2026 - 2027,3203,Zone 5,Zone 5,21,No,Yes,FALSE,0,0,0,FALSE,FALSE,N/A,N/A,N/A,0,0,0,0,0,0,FALSE,,0,,0
8827311,Shree Venkateshwara Arts and Science (Co-education) College,Shree Venkateshwara Arts and Science (Co-education) College,8827311,Active,University,India,Bhavani Koodal (Rotary),2026 - 2027,3203,Zone 5,Zone 5,24,Yes,Yes,TRUE,12744,132.75,12744,TRUE,FALSE,N/A,N/A,N/A,0,0,0,0,0,0,FALSE,,0,,0
8827322,Shree Venkateshwara Hi-Tech Engineering College,Shree Venkateshwara Hi-Tech Engineering College,8827322,Active,University,India,Erode Central (Rotary),2026 - 2027,3203,Zone 5,Zone 5,40,Yes,Yes,TRUE,21240,221.25,21240,TRUE,FALSE,N/A,N/A,N/A,0,0,0,0,0,0,FALSE,,0,,0
8827971,Shri Kumaran College of Arts and Science,Shri Kumaran College of Arts and Science,8827971,Active,University,India,Karamadai (Rotary),2026 - 2027,3203,Zone 5,Zone 5,47,No,Yes,FALSE,0,0,0,FALSE,FALSE,N/A,N/A,N/A,0,0,0,0,0,0,FALSE,,0,,0
8823253,SIIMS,SIIMS,8823253,Active,University,India,Pollachi (Rotary),2024 - 2025,3203,Zone 5,Zone 5,20,Yes,No,TRUE,10620,110.63,10620,TRUE,TRUE,Rotaract President,2024 - 2025,N,0,0,0,0,0,0,FALSE,,0,,0
52125,Sree Saraswathi Thyagaraja College,Sree Saraswathi Thyagaraja College,52125,Active,University,India,Pollachi (Rotary),2026 - 2027,3203,Zone 5,Zone 5,1,Yes,Yes,TRUE,18311,190.74,18311,TRUE,FALSE,N/A,N/A,N/A,0,0,0,0,0,0,FALSE,,0,,0
8827826,Sri Guru Sarva,Sri Guru Sarva,8827826,Active,University,India,Tirupur Midtown (Rotary),2026 - 2027,3203,Zone 5,Zone 5,33,No,Yes,FALSE,0,0,0,FALSE,FALSE,N/A,N/A,N/A,0,0,0,0,0,0,FALSE,,0,,0
8828569,Sri Vasavi College (Self Finance Wing),Sri Vasavi College (Self Finance Wing),8828569,Active,University,India,Erode Nexus (Rotary),2026 - 2027,3203,Zone 5,Zone 5,25,No,Yes,FALSE,0,0,0,FALSE,FALSE,N/A,N/A,N/A,0,0,0,0,0,0,TRUE,13-Jul-2026,25,,0
8828364,St. Joseph's College for Women Amarpana,St. Joseph's College for Women Amarpana,8828364,Active,University,India,Tirupur South (Rotary),2026 - 2027,3203,Zone 5,Zone 5,30,No,Yes,FALSE,0,0,0,FALSE,FALSE,N/A,N/A,N/A,0,0,0,0,0,0,FALSE,,0,,0
8828374,St. Joseph's College for Women Smarpana,St. Joseph's College for Women Smarpana,8828374,Active,University,India,Tirupur South (Rotary),2026 - 2027,3203,Zone 5,Zone 5,38,No,Yes,FALSE,0,0,0,FALSE,FALSE,N/A,N/A,N/A,0,0,0,0,0,0,FALSE,,0,,0
8826931,Theeran Chinnamalai College of Arts and Science for Women,Theeran Chinnamalai College of Arts and Science for Women,8826931,Active,University,India,Tirupur Vanjipalayam (Rotary),2025 - 2026,3203,Zone 5,Zone 5,8,Yes,No,TRUE,4779,49.78,4779,FALSE,TRUE,Rotaract President,2025 - 2026,N,0,0,0,0,0,0,FALSE,,0,,0
8828632,Tiruppur Maniax,Tiruppur Maniax,8828632,Active,Community,India,Tirupur Smart City (Rotary),2026 - 2027,3203,Zone 5,Zone 5,3,No,Yes,FALSE,0,0,0,FALSE,FALSE,N/A,N/A,N/A,0,0,0,0,0,0,TRUE,04-Aug-2026,3,,0
8828222,Tirupur Celebration,Tirupur Celebration,8828222,Active,Community,India,Tirupur Celebration (Rotary),2026 - 2027,3203,Zone 5,Zone 5,17,No,Yes,FALSE,0,0,0,FALSE,FALSE,N/A,N/A,N/A,0,0,0,0,0,0,FALSE,,0,,0
8827806,Tirupur Kumaran College for Women,Tirupur Kumaran College for Women,8827806,Active,University,India,Tirupur Kumaran (Rotary),2026 - 2027,3203,Zone 5,Zone 5,30,No,Yes,FALSE,0,0,0,FALSE,FALSE,N/A,N/A,N/A,0,0,0,0,0,0,FALSE,,0,,0
8827268,Tirupur Nexus,Tirupur Nexus,8827268,Active,Community,India,Tirupur (Rotary),2026 - 2027,3203,Zone 5,Zone 5,12,No,Yes,FALSE,0,0,0,FALSE,FALSE,N/A,N/A,N/A,0,0,0,0,0,0,FALSE,,0,,0
8827593,Tirupur Redeemers,Tirupur Redeemers,8827593,Active,Community,India,,2026 - 2027,3203,Zone 5,Zone 5,10,Yes,Yes,TRUE,10195,106.2,10195,TRUE,FALSE,N/A,N/A,N/A,0,0,0,0,0,0,FALSE,,0,,0
8825697,Tirupur Royals,Tirupur Royals,8825697,Active,University,India,,2026 - 2027,3203,Zone 5,Zone 5,18,No,Yes,FALSE,0,0,0,FALSE,FALSE,N/A,N/A,N/A,0,0,0,0,0,0,FALSE,,0,,0
8828623,Tirupur Smart Unity,Tirupur Smart Unity,8828623,Active,Community,India,Tirupur Smart City (Rotary),2026 - 2027,3203,Zone 5,Zone 5,4,No,Yes,FALSE,0,0,0,FALSE,FALSE,N/A,N/A,N/A,0,0,0,0,0,0,TRUE,06-Aug-2026,4,,0
212277,Tirupur Young Generation,Tirupur Young Generation,212277,Active,Community,India,Tirupur Thirumuruganpoondi (Rotary),2026 - 2027,3203,Zone 5,Zone 5,11,No,Yes,FALSE,0,0,0,FALSE,FALSE,N/A,N/A,N/A,0,0,0,0,0,0,FALSE,,0,,4
8211,Udamalpet Gandhi Nagar,Udamalpet Gandhi Nagar,8211,Active,Community,India,Udamalpet (Rotary),2025 - 2026,3203,Zone 5,Zone 5,7,No,No,FALSE,0,0,0,FALSE,TRUE,Rotaract President,2025 - 2026,N,0,0,0,0,0,0,FALSE,,0,,0
90197,Udumalpet Yuvas,Udumalpet Yuvas,90197,Active,Community,India,Udumalpet Tejas (Rotary),2026 - 2027,3203,Zone 5,Zone 5,15,No,Yes,FALSE,0,0,0,FALSE,FALSE,N/A,N/A,N/A,0,0,0,0,0,0,FALSE,,0,,0
63181,Velalar College of Engineering and Technology,Velalar College of Engineering and Technology,63181,Active,University,India,Erode Thindal (Rotary),2026 - 2027,3203,Zone 5,Zone 5,13,No,Yes,FALSE,0,0,0,FALSE,FALSE,N/A,N/A,N/A,0,0,0,0,0,0,FALSE,,0,,2
8827602,Vellalar College of Pharmacy,Vellalar College of Pharmacy,8827602,Active,University,India,Erode Central (Rotaract); Erode Central (Rotary),2026 - 2027,3203,Zone 5,Zone 5,5,Yes,No,TRUE,2655,27.66,2655,FALSE,TRUE,Rotaract President,2025 - 2026,N,0,0,0,0,0,0,FALSE,,0,,0
8827054,VET Institute of Arts and Science,VET Institute of Arts and Science,8827054,Active,University,India,Erode Mid Town (Rotary),2026 - 2027,3203,Zone 5,Zone 5,12,No,Yes,FALSE,0,0,0,FALSE,FALSE,N/A,N/A,N/A,0,0,0,0,0,0,FALSE,,0,,0
42389,Vidhyasagar College of Arts & Science,Vidhyasagar College of Arts & Science,42389,Active,University,India,Udamalpet (Rotary),2020 - 2021,3203,Zone 5,Zone 5,6,No,No,FALSE,0,0,0,FALSE,TRUE,Rotaract President,N/A,N,0,0,0,0,0,0,FALSE,,0,,0
8826528,Yadhoom Pollachi,Yadhoom Pollachi,8826528,Active,Community,India,Pollachi (Rotary),2025 - 2026,3203,Zone 5,Zone 5,11,No,No,FALSE,0,0,0,FALSE,TRUE,Rotaract President,2025 - 2026,N,0,0,0,0,0,0,FALSE,,0,,0
8825627,Yermunai Ilaingarkal,Yermunai Ilaingarkal,8825627,Active,Community,India,Poondurai Yermunai (Rotary),2025 - 2026,3203,Zone 5,Zone 5,15,No,No,FALSE,0,0,0,FALSE,TRUE,Rotaract President,2025 - 2026,N,0,0,0,0,0,0,FALSE,,0,,0
8826958,Airborne College of Aviation and Management Studies,Airborne College of Aviation and Management Studies,8826958,Active,University,India,Payyanur Mid Town (Rotary),2026 - 2027,3204,Zone 5,Zone 5,20,Yes,Yes,TRUE,10620,110.63,10620,TRUE,FALSE,N/A,N/A,N/A,0,0,0,0,0,0,FALSE,,0,,0
217975,CALICUT CENTRAL,CALICUT CENTRAL,217975,Active,Community,India,Calicut Central (Rotary),2020 - 2021,3204,Zone 5,Zone 5,13,Yes,No,TRUE,11045,115.05,11045,TRUE,TRUE,Rotaract President,N/A,N,0,0,0,0,0,0,FALSE,,0,,0
217978,"Calicut Central SDSMW College, Vellannur","Calicut Central SDSMW College, Vellannur",217978,Active,Community,India,Calicut Central (Rotary),2020 - 2021,3204,Zone 5,Zone 5,1,Yes,No,TRUE,3228,33.63,3228,FALSE,TRUE,Rotaract President,N/A,N,0,0,0,0,0,0,FALSE,,0,,0
8824155,Calicut City,Calicut City,8824155,Active,Community,India,Calicut City (Rotary),2021 - 2022,3204,Zone 5,Zone 5,1,Yes,No,TRUE,3228,33.63,3228,FALSE,TRUE,Rotaract President,2021 - 2022,N,0,0,0,0,0,0,FALSE,,0,,0
8824336,Calicut Cybercity Future,Calicut Cybercity Future,8824336,Active,Community,India,Calicut Cyber City (Rotary),2021 - 2022,3204,Zone 5,Zone 5,1,Yes,No,TRUE,3228,33.63,3228,FALSE,TRUE,Rotaract President,2021 - 2022,N,0,0,0,0,0,0,FALSE,,0,,0
8824316,Calicut Cybercity Youth,Calicut Cybercity Youth,8824316,Active,Community,India,Calicut Cyber City (Rotary),2021 - 2022,3204,Zone 5,Zone 5,1,Yes,No,TRUE,3228,33.63,3228,FALSE,TRUE,Rotaract President,2021 - 2022,N,0,0,0,0,0,0,FALSE,,0,,0
8827118,Calicut East,Calicut East,8827118,Active,Community,India,Calicut East (Rotary),2026 - 2027,3204,Zone 5,Zone 5,20,No,Yes,FALSE,0,0,0,FALSE,FALSE,N/A,N/A,N/A,0,0,0,0,0,0,FALSE,,0,,0
8826818,Calicut Eyes Institute of Ophthalmology Mukkam,Calicut Eyes Institute of Ophthalmology Mukkam,8826818,Active,University,India,Mukkam (Rotary),2025 - 2026,3204,Zone 5,Zone 5,16,Yes,No,TRUE,8496,88.5,8496,TRUE,TRUE,Rotaract President,2025 - 2026,N,0,0,0,0,0,0,FALSE,,0,,0
8826512,CSWA Cybercity,CSWA Cybercity,8826512,Active,University,India,Calicut Cyber City (Rotary),2025 - 2026,3204,Zone 5,Zone 5,12,Yes,No,TRUE,12462,129.81,12462,TRUE,TRUE,Rotaract President,2025 - 2026,N,0,0,0,0,0,0,FALSE,,0,,0
8826508,CSWA Kaloor Road,CSWA Kaloor Road,8826508,Active,University,India,Calicut Cyber City (Rotary),2025 - 2026,3204,Zone 5,Zone 5,12,Yes,No,TRUE,12462,129.81,12462,TRUE,TRUE,Rotaract President,2025 - 2026,N,0,0,0,0,0,0,FALSE,,0,,0
8826841,Eminent Nilambur,Eminent Nilambur,8826841,Active,Community,India,Nilambur (Rotary),2026 - 2027,3204,Zone 5,Zone 5,22,Yes,Yes,TRUE,18691,194.7,18691,TRUE,FALSE,N/A,N/A,N/A,0,0,0,0,0,0,FALSE,,0,,0
8826796,Government College Kasaragod,Government College Kasaragod,8826796,Active,University,India,Kasaragod (Rotary),2025 - 2026,3204,Zone 5,Zone 5,25,Yes,No,TRUE,13275,138.28,13275,TRUE,TRUE,Rotaract President,2025 - 2026,N,0,0,0,0,0,0,FALSE,,0,,0
216747,Gurudev College,Gurudev College,216747,Active,University,India,Payyanur Mid Town (Rotary),2020 - 2021,3204,Zone 5,Zone 5,1,Yes,No,TRUE,1528,15.92,1528,FALSE,TRUE,Rotaract President,N/A,N,0,0,0,0,0,0,FALSE,,0,,0
8827317,KUFOS College of Fisheries Payyanur,KUFOS College of Fisheries Payyanur,8827317,Active,University,India,Payyanur (Rotary),2026 - 2027,3204,Zone 5,Zone 5,15,Yes,Yes,TRUE,7965,82.97,7965,TRUE,FALSE,N/A,N/A,N/A,0,0,0,0,0,0,FALSE,,0,,0
216695,Madayi Co-operative Arts & Science College,Madayi Co-operative Arts & Science College,216695,Active,University,India,Payangadi (Rotary),2025 - 2026,3204,Zone 5,Zone 5,14,Yes,No,TRUE,8103,84.41,8103,TRUE,TRUE,Rotaract President,2025 - 2026,N,0,0,0,0,0,0,FALSE,,0,,0
8828179,Maharajas College Badagara,Maharajas College Badagara,8828179,Active,University,India,Badagara Town (Rotary),2026 - 2027,3204,Zone 5,Zone 5,17,No,Yes,FALSE,0,0,0,FALSE,FALSE,N/A,N/A,N/A,0,0,0,0,0,0,FALSE,,0,,0
8826920,Mahe Institute of Dental Sciences,Mahe Institute of Dental Sciences,8826920,Active,University,India,Payyanur Mid Town (Rotary),2026 - 2027,3204,Zone 5,Zone 5,20,Yes,Yes,TRUE,10620,110.63,10620,TRUE,FALSE,N/A,N/A,N/A,0,0,0,0,0,0,FALSE,,0,,0
217856,Manjeri,Manjeri,217856,Active,Community,India,Manjeri (Rotary),2019 - 2020,3204,Zone 5,Zone 5,1,Yes,No,TRUE,3228,33.63,3228,FALSE,TRUE,Rotaract President,N/A,N,0,0,0,0,0,0,FALSE,,0,,0
218036,"NSS Unit Women's Polytechnic College, Muthathi, Payyanur","NSS Unit Women's Polytechnic College, Muthathi, Payyanur",218036,Active,University,India,Payyanur Mid Town (Rotary),2019 - 2020,3204,Zone 5,Zone 5,1,Yes,No,TRUE,1528,15.92,1528,FALSE,TRUE,Rotaract President,N/A,N,0,0,0,0,0,0,FALSE,,0,,0
8827359,NTTF Tellicherry,NTTF Tellicherry,8827359,Active,University,India,Tellicherry (Rotary),2026 - 2027,3204,Zone 5,Zone 5,15,Yes,Yes,TRUE,7965,82.97,7965,TRUE,FALSE,N/A,N/A,N/A,0,0,0,0,0,0,FALSE,,0,,0
215554,Payyanur Mid Town,Payyanur Mid Town,215554,Active,Community,India,Payyanur Mid Town (Rotary),2020 - 2021,3204,Zone 5,Zone 5,2,Yes,No,TRUE,6456,67.25,6456,FALSE,TRUE,Rotaract President,N/A,N,0,0,0,0,0,0,FALSE,,0,,0
8823415,Rajive Gandhi Institute of Speech & Hearing,Rajive Gandhi Institute of Speech & Hearing,8823415,Active,University,India,Trikarpur (Rotary),2020 - 2021,3204,Zone 5,Zone 5,1,Yes,No,TRUE,2018,21.02,2018,FALSE,TRUE,Rotaract President,N/A,N,0,0,0,0,0,0,FALSE,,0,,0
8826707,Sir Syed College Thaliparamba,Sir Syed College Thaliparamba,8826707,Active,University,India,Payangadi (Rotary),2026 - 2027,3204,Zone 5,Zone 5,22,Yes,Yes,TRUE,13385,139.43,13385,TRUE,FALSE,N/A,N/A,N/A,0,0,0,0,0,0,FALSE,,0,,0
8824826,SNES IMSAR,SNES IMSAR,8824826,Active,University,India,Calicut East (Rotary),2022 - 2023,3204,Zone 5,Zone 5,1,Yes,No,TRUE,2018,21.02,2018,FALSE,TRUE,Rotaract President,2022 - 2023,N,0,0,0,0,0,0,FALSE,,0,,0
8827031,St. Joseph's College Pilathara,St. Joseph's College Pilathara,8827031,Active,University,India,Pilathara (Rotary),2026 - 2027,3204,Zone 5,Zone 5,1,No,Yes,FALSE,0,0,0,FALSE,FALSE,N/A,N/A,N/A,0,0,0,0,0,0,FALSE,,0,,0
8827035,Sunrise College of Advanced Studies Kuttur,Sunrise College of Advanced Studies Kuttur,8827035,Active,University,India,Pilathara (Rotary),2026 - 2027,3204,Zone 5,Zone 5,1,No,Yes,FALSE,0,0,0,FALSE,FALSE,N/A,N/A,N/A,0,0,0,0,0,0,FALSE,,0,,0
8827999,Christ College (Autonomous) Irinjalakuda,Christ College (Autonomous) Irinjalakuda,8827999,Active,University,India,Irinjalakuda (Rotary),2026 - 2027,3205,Zone 5,Zone 5,20,No,Yes,FALSE,0,0,0,FALSE,FALSE,N/A,N/A,N/A,0,0,0,0,0,0,FALSE,,0,,0
8828000,Christ College of Engineering (Autonomous),Christ College of Engineering (Autonomous),8828000,Active,University,India,Irinjalakuda Central (Rotary),2026 - 2027,3205,Zone 5,Zone 5,33,No,Yes,FALSE,0,0,0,FALSE,FALSE,N/A,N/A,N/A,0,0,0,0,0,0,FALSE,,0,,0
218263,Cochin Airport,Cochin Airport,218263,Active,Community,India,Cochin Airport (Rotary),2023 - 2024,3205,Zone 5,Zone 5,2,Yes,No,TRUE,4889,50.93,4889,FALSE,TRUE,Rotaract President,N/A,N,0,0,0,0,0,0,FALSE,,0,,0
8827952,Cochin Arts and Science College,Cochin Arts and Science College,8827952,Active,University,India,Cochin Suburbs (Rotary),2026 - 2027,3205,Zone 5,Zone 5,29,No,Yes,FALSE,0,0,0,FALSE,FALSE,N/A,N/A,N/A,0,0,0,0,0,0,FALSE,,0,,0
215316,Cochin East,Cochin East,215316,Active,Community,India,Cochin East (Rotary),2026 - 2027,3205,Zone 5,Zone 5,12,No,Yes,FALSE,0,0,0,FALSE,FALSE,N/A,N/A,N/A,0,0,0,0,0,0,FALSE,,0,,0
8823824,Cochin Lords,Cochin Lords,8823824,Active,Community,India,Cochin Lords (Rotary),2022 - 2023,3205,Zone 5,Zone 5,2,Yes,No,TRUE,4889,50.93,4889,FALSE,TRUE,Rotaract President,N/A,N,0,0,0,0,0,0,FALSE,,0,,0
8825825,De Paul Institute of Technology,De Paul Institute of Technology,8825825,Active,University,India,Cochin (Rotary),2025 - 2026,3205,Zone 5,Zone 5,7,No,No,FALSE,0,0,0,FALSE,TRUE,Rotaract President,2025 - 2026,N,0,0,0,0,0,0,FALSE,,0,,0
8828057,Don Bosco College Mannuthy Thrissur,Don Bosco College Mannuthy Thrissur,8828057,Active,University,India,,2026 - 2027,3205,Zone 5,Zone 5,33,No,Yes,FALSE,0,0,0,FALSE,FALSE,N/A,N/A,N/A,0,0,0,0,0,0,FALSE,,0,,0
8828014,FISAT Business School,FISAT Business School,8828014,Active,University,India,Chalakudy (Rotary),2026 - 2027,3205,Zone 5,Zone 5,20,No,Yes,FALSE,0,0,0,FALSE,FALSE,N/A,N/A,N/A,0,0,0,0,0,0,FALSE,,0,,0
8828253,Government Model Engineering College Kochi,Government Model Engineering College Kochi,8828253,Active,University,India,Cochin Metropolis (Rotary),2026 - 2027,3205,Zone 5,Zone 5,17,No,Yes,FALSE,0,0,0,FALSE,FALSE,N/A,N/A,N/A,0,0,0,0,0,0,FALSE,,0,,0
8828126,Holy Grace Academy of Management Studies,Holy Grace Academy of Management Studies,8828126,Active,University,India,Mala (Rotary),2026 - 2027,3205,Zone 5,Zone 5,26,No,Yes,FALSE,0,0,0,FALSE,FALSE,N/A,N/A,N/A,0,0,0,0,0,0,FALSE,,0,,0
8828056,IES College of Engineering,IES College of Engineering,8828056,Active,University,India,Trichur Cultural City (Rotary),2026 - 2027,3205,Zone 5,Zone 5,16,No,Yes,FALSE,0,0,0,FALSE,FALSE,N/A,N/A,N/A,0,0,0,0,0,0,FALSE,,0,,0
8827511,Indira Gandhi Institute of Dental Sciences Kothamangalam,Indira Gandhi Institute of Dental Sciences Kothamangalam,8827511,Active,University,India,Perumbavoor Heritage (Rotary),2026 - 2027,3205,Zone 5,Zone 5,35,No,Yes,FALSE,0,0,0,FALSE,FALSE,N/A,N/A,N/A,0,0,0,0,0,0,FALSE,,0,,0
8827455,Kerala University of Fisheries and Ocean Studies,Kerala University of Fisheries and Ocean Studies,8827455,Active,University,India,Cochin Lands End (Rotary),2026 - 2027,3205,Zone 5,Zone 5,29,No,Yes,FALSE,0,0,0,FALSE,FALSE,N/A,N/A,N/A,0,0,0,0,0,0,FALSE,,0,,0
8824770,KMEA,KMEA,8824770,Active,University,India,Cochin Technopolis (Rotary),2025 - 2026,3205,Zone 5,Zone 5,13,Yes,No,TRUE,5841,60.84,5841,FALSE,TRUE,Rotaract President,2025 - 2026,N,0,0,0,0,0,0,FALSE,,0,,0
8828321,Kochi United,Kochi United,8828321,Active,Community,India,Kochi United (Rotary),2026 - 2027,3205,Zone 5,Zone 5,17,No,Yes,FALSE,0,0,0,FALSE,FALSE,N/A,N/A,N/A,0,0,0,0,0,0,FALSE,,0,,0
8824204,Little Flower College,Little Flower College,8824204,Active,University,India,Trichur (Rotary),2021 - 2022,3205,Zone 5,Zone 5,1,Yes,No,TRUE,2018,21.02,2018,FALSE,TRUE,Rotaract President,N/A,N,0,0,0,0,0,0,FALSE,,0,,0
8825370,Muthoot Institute of Technology and Science,Muthoot Institute of Technology and Science,8825370,Active,University,India,Cochin East (Rotary),2026 - 2027,3205,Zone 5,Zone 5,20,No,Yes,FALSE,0,0,0,FALSE,FALSE,N/A,N/A,N/A,0,0,0,0,0,0,FALSE,,0,,0
8828043,Naipunnya Institute of Management and Information Technology Pongam,Naipunnya Institute of Management and Information Technology Pongam,8828043,Active,University,India,Chalakudy Central (Rotary),2026 - 2027,3205,Zone 5,Zone 5,20,No,Yes,FALSE,0,0,0,FALSE,FALSE,N/A,N/A,N/A,0,0,0,0,0,0,FALSE,,0,,0
8824951,Nirmala Arts & Science College,Nirmala Arts & Science College,8824951,Active,University,India,Mulanthuruthy (Rotary),2022 - 2023,3205,Zone 5,Zone 5,1,Yes,No,TRUE,2018,21.02,2018,FALSE,TRUE,Rotaract President,N/A,N,0,0,0,0,0,0,FALSE,,0,,0
8827882,Prajyoti Niketan College,Prajyoti Niketan College,8827882,Active,University,India,Trichur Elite (Rotary),2026 - 2027,3205,Zone 5,Zone 5,20,Yes,Yes,TRUE,10620,110.63,10620,TRUE,FALSE,N/A,N/A,N/A,0,0,0,0,0,0,FALSE,,0,,0
214548,Prayaga Vypin Island,Prayaga Vypin Island,214548,Active,University,India,Cochin-Vypin Island (Rotary),2019 - 2020,3205,Zone 5,Zone 5,2,Yes,No,TRUE,4035,42.03,4035,FALSE,TRUE,Rotaract President,N/A,N,0,0,0,0,0,0,FALSE,,0,,0
79173,Rajagiri College of Social Sciences,Rajagiri College of Social Sciences,79173,Active,University,India,Cochin Beach Side (Rotary),2026 - 2027,3205,Zone 5,Zone 5,7,No,Yes,FALSE,0,0,0,FALSE,FALSE,N/A,N/A,N/A,0,0,0,0,0,0,FALSE,,0,,0
8824509,Sacred Heart College,Sacred Heart College,8824509,Active,University,India,Cochin Downtown (Rotary),2025 - 2026,3205,Zone 5,Zone 5,9,No,No,FALSE,0,0,0,FALSE,TRUE,Rotaract President,2025 - 2026,N,0,0,0,0,0,0,FALSE,,0,,0
8828058,Sacred Heart College (Autonomous) Chalakudy,Sacred Heart College (Autonomous) Chalakudy,8828058,Active,University,India,Athirappilly (Rotary),2026 - 2027,3205,Zone 5,Zone 5,19,No,Yes,FALSE,0,0,0,FALSE,FALSE,N/A,N/A,N/A,0,0,0,0,0,0,FALSE,,0,,0
8827891,Sahrdaya College of Advanced Studies Autonomous,Sahrdaya College of Advanced Studies Autonomous,8827891,Active,University,India,Trichur Elite (Rotary),2026 - 2027,3205,Zone 5,Zone 5,21,Yes,Yes,TRUE,11151,116.16,11151,TRUE,FALSE,N/A,N/A,N/A,0,0,0,0,0,0,FALSE,,0,,0
8828020,Sahrdaya College of Engineering and Technology Autonomous,Sahrdaya College of Engineering and Technology Autonomous,8828020,Active,University,India,Chalakudy (Rotary),2026 - 2027,3205,Zone 5,Zone 5,20,No,Yes,FALSE,0,0,0,FALSE,FALSE,N/A,N/A,N/A,0,0,0,0,0,0,FALSE,,0,,0
8828016,Sahrdaya Institute of Management Studies (SIMS),Sahrdaya Institute of Management Studies (SIMS),8828016,Active,University,India,Trichur Central (Rotary),2026 - 2027,3205,Zone 5,Zone 5,25,No,Yes,FALSE,0,0,0,FALSE,FALSE,N/A,N/A,N/A,0,0,0,0,0,0,FALSE,,0,,0
8828121,SCMS Cochin School of Business,SCMS Cochin School of Business,8828121,Active,University,India,Cochin (Rotary),2026 - 2027,3205,Zone 5,Zone 5,20,No,Yes,FALSE,0,0,0,FALSE,FALSE,N/A,N/A,N/A,0,0,0,0,0,0,FALSE,,0,,0
8828125,SCMS School of Technology and Management,SCMS School of Technology and Management,8828125,Active,University,India,Cochin North (Rotary),2026 - 2027,3205,Zone 5,Zone 5,15,No,Yes,FALSE,0,0,0,FALSE,FALSE,N/A,N/A,N/A,0,0,0,0,0,0,FALSE,,0,,0
8828080,St. Aloysius College Elthuruth Thrissur,St. Aloysius College Elthuruth Thrissur,8828080,Active,University,India,Trichur City (Rotary),2026 - 2027,3205,Zone 5,Zone 5,22,No,Yes,FALSE,0,0,0,FALSE,FALSE,N/A,N/A,N/A,0,0,0,0,0,0,FALSE,,0,,0
8827831,St. Joseph's College Irinjalakkuda,St. Joseph's College Irinjalakkuda,8827831,Active,University,India,Irinjalakuda (Rotary),2026 - 2027,3205,Zone 5,Zone 5,34,No,Yes,FALSE,0,0,0,FALSE,FALSE,N/A,N/A,N/A,0,0,0,0,0,0,FALSE,,0,,0
8826901,St. Mary's College (Autonomous) Thrissur,St. Mary's College (Autonomous) Thrissur,8826901,Active,University,India,Trichur (Rotary),2025 - 2026,3205,Zone 5,Zone 5,20,Yes,No,TRUE,10620,110.63,10620,TRUE,TRUE,Rotaract President,2025 - 2026,N,0,0,0,0,0,0,FALSE,,0,,0
217600,St. Teresa's College Cochin,St. Teresa's College Cochin,217600,Active,University,India,Cochin Milan (Rotary),2026 - 2027,3205,Zone 5,Zone 5,16,No,Yes,FALSE,0,0,0,FALSE,FALSE,N/A,N/A,N/A,0,0,0,0,0,0,FALSE,,0,,0
8828002,St. Thomas College (Autonomous) Thrissur,St. Thomas College (Autonomous) Thrissur,8828002,Active,University,India,Trichur West (Rotary),2026 - 2027,3205,Zone 5,Zone 5,19,No,Yes,FALSE,0,0,0,FALSE,FALSE,N/A,N/A,N/A,0,0,0,0,0,0,FALSE,,0,,0
8827318,Synergy,Synergy,8827318,Active,Community,India,Cochin Milan (Rotary),2026 - 2027,3205,Zone 5,Zone 5,20,No,Yes,FALSE,0,0,0,FALSE,FALSE,N/A,N/A,N/A,0,0,0,0,0,0,FALSE,,0,,0
8823951,TIST,TIST,8823951,Active,University,India,Cochin East (Rotary),2021 - 2022,3205,Zone 5,Zone 5,1,Yes,No,TRUE,2018,21.02,2018,FALSE,TRUE,Rotaract President,N/A,N,0,0,0,0,0,0,FALSE,,0,,0
8824205,Vimala College,Vimala College,8824205,Active,University,India,Trichur (Rotary),2021 - 2022,3205,Zone 5,Zone 5,1,Yes,No,TRUE,2018,21.02,2018,FALSE,TRUE,Rotaract President,N/A,N,0,0,0,0,0,0,FALSE,,0,,0
218056,Adithya,Adithya,218056,Active,University,India,Coimbatore (Rotary),2026 - 2027,3206,Zone 5,Zone 5,1,No,No,FALSE,0,0,0,FALSE,TRUE,Rotaract President,2025 - 2026,N,0,0,0,0,0,0,FALSE,,0,,0
217565,Ahalia ASM,Ahalia ASM,217565,Active,University,India,Palghat (Rotary),2021 - 2022,3206,Zone 5,Zone 5,1,Yes,No,TRUE,2018,21.02,2018,FALSE,TRUE,Rotaract President,N/A,N,0,0,0,0,0,0,FALSE,,0,,0
217566,Ahalia ASO,Ahalia ASO,217566,Active,University,India,Palghat (Rotary),2022 - 2023,3206,Zone 5,Zone 5,2,Yes,No,TRUE,4035,42.03,4035,FALSE,TRUE,Rotaract President,N/A,N,0,0,0,0,0,0,FALSE,,0,,0
216522,AIHSHEW,AIHSHEW,216522,Active,University,India,Coimbatore Monarks (Rotary),2026 - 2027,3206,Zone 5,Zone 5,13,No,Yes,FALSE,0,0,0,FALSE,FALSE,N/A,N/A,N/A,0,0,0,0,0,0,FALSE,,0,,0
8828150,AJK College of Arts and Science,AJK College of Arts and Science,8828150,Active,University,India,Coimbatore Mid-Town (Rotary),2026 - 2027,3206,Zone 5,Zone 5,22,No,Yes,FALSE,0,0,0,FALSE,FALSE,N/A,N/A,N/A,0,0,0,0,0,0,FALSE,,0,,0
8827856,Akshaya College of Arts and Science,Akshaya College of Arts and Science,8827856,Active,University,India,Coimbatore Heritage (Rotary),2026 - 2027,3206,Zone 5,Zone 5,13,Yes,Yes,TRUE,10620,110.63,10620,TRUE,FALSE,N/A,N/A,N/A,0,0,0,0,0,0,FALSE,,0,,0
92358,Akshaya College of Engineering & Technology,Akshaya College of Engineering & Technology,92358,Active,University,India,Coimbatore Heritage (Rotary),2024 - 2025,3206,Zone 5,Zone 5,17,Yes,No,TRUE,9027,94.03,9027,TRUE,TRUE,Rotaract President,N/A,N,0,0,0,0,0,0,FALSE,,0,,0
8826821,Atlanta College,Atlanta College,8826821,Active,University,India,,2024 - 2025,3206,Zone 5,Zone 5,20,Yes,No,TRUE,12169,126.76,12169,TRUE,TRUE,Rotaract President,N/A,N,0,0,0,0,0,0,FALSE,,0,,0
8827828,Coimbatore Central,Coimbatore Central,8827828,Active,Community,India,Coimbatore Central (Rotary),2026 - 2027,3206,Zone 5,Zone 5,26,No,Yes,FALSE,0,0,0,FALSE,FALSE,N/A,N/A,N/A,0,0,0,0,0,0,FALSE,,0,,0
8827472,Coimbatore Changemakers,Coimbatore Changemakers,8827472,Active,Community,India,E-club of Coimbatore Changemakers (Rotary),2026 - 2027,3206,Zone 5,Zone 5,15,No,Yes,FALSE,0,0,0,FALSE,FALSE,N/A,N/A,N/A,0,0,0,0,0,0,FALSE,,0,,0
8823931,Coimbatore City,Coimbatore City,8823931,Active,Community,India,Coimbatore City (Rotary),2026 - 2027,3206,Zone 5,Zone 5,25,No,Yes,FALSE,0,0,0,FALSE,FALSE,N/A,N/A,N/A,0,0,0,0,0,0,FALSE,,0,,0
8315,Coimbatore Comito,Coimbatore Comito,8315,Active,Community,India,Coimbatore Mid-Town (Rotary),2026 - 2027,3206,Zone 5,Zone 5,23,No,Yes,FALSE,0,0,0,FALSE,FALSE,N/A,N/A,N/A,0,0,0,0,0,0,FALSE,,0,,0
91843,Coimbatore Cosmopolitan,Coimbatore Cosmopolitan,91843,Active,Community,India,Coimbatore Cosmopolitan (Rotary),2026 - 2027,3206,Zone 5,Zone 5,25,No,Yes,FALSE,0,0,0,FALSE,FALSE,N/A,N/A,N/A,0,0,0,0,0,0,FALSE,,0,,0
42238,Coimbatore Cosmos,Coimbatore Cosmos,42238,Active,Community,India,Coimbatore (Rotary),2026 - 2027,3206,Zone 5,Zone 5,25,No,Yes,FALSE,0,0,0,FALSE,FALSE,N/A,N/A,N/A,0,0,0,0,0,0,FALSE,,0,,0
215195,Coimbatore Crystals,Coimbatore Crystals,215195,Active,Community,India,Coimbatore Metropolis (Rotary),2026 - 2027,3206,Zone 5,Zone 5,27,No,Yes,FALSE,0,0,0,FALSE,FALSE,N/A,N/A,N/A,0,0,0,0,0,0,FALSE,,0,,0
87596,Coimbatore Gaalaxy,Coimbatore Gaalaxy,87596,Active,Community,India,Coimbatore Gaalaxy (Rotary),2026 - 2027,3206,Zone 5,Zone 5,41,No,Yes,FALSE,0,0,0,FALSE,FALSE,N/A,N/A,N/A,0,0,0,0,0,0,FALSE,,0,,0
8827477,Coimbatore Green City,Coimbatore Green City,8827477,Active,Community,India,Coimbatore Green City (Rotary),2026 - 2027,3206,Zone 5,Zone 5,16,No,Yes,FALSE,0,0,0,FALSE,FALSE,N/A,N/A,N/A,0,0,0,0,0,0,FALSE,,0,,1
8827595,Coimbatore Ignite,Coimbatore Ignite,8827595,Active,Community,India,Coimbatore Unicorns (Rotary),2026 - 2027,3206,Zone 5,Zone 5,17,No,Yes,FALSE,0,0,0,FALSE,FALSE,N/A,N/A,N/A,0,0,0,0,0,0,FALSE,,0,,0
90938,Coimbatore Ikons,Coimbatore Ikons,90938,Active,Community,India,Coimbatore Ikons (Rotary),2026 - 2027,3206,Zone 5,Zone 5,24,No,Yes,FALSE,0,0,0,FALSE,FALSE,N/A,N/A,N/A,0,0,0,0,0,0,FALSE,,0,,0
8827345,Coimbatore Infra,Coimbatore Infra,8827345,Active,Community,India,Coimbatore Infra (Rotary),2025 - 2026,3206,Zone 5,Zone 5,17,Yes,No,TRUE,15795,164.53,15795,TRUE,TRUE,Rotaract President,2025 - 2026,N,0,0,0,0,0,0,FALSE,,0,,0
8331,Coimbatore Institute Of Technology,Coimbatore Institute Of Technology,8331,Active,University,India,Coimbatore East (Rotary),2026 - 2027,3206,Zone 5,Zone 5,30,No,Yes,FALSE,0,0,0,FALSE,FALSE,N/A,N/A,N/A,0,0,0,0,0,0,FALSE,,0,,0
77966,Coimbatore Main,Coimbatore Main,77966,Active,Community,India,Coimbatore (Rotary),2026 - 2027,3206,Zone 5,Zone 5,13,No,Yes,FALSE,0,0,0,FALSE,FALSE,N/A,N/A,N/A,0,0,0,0,0,0,FALSE,,0,,0
8329,Coimbatore Majestic,Coimbatore Majestic,8329,Active,Community,India,Coimbatore Mid-Town (Rotary),2026 - 2027,3206,Zone 5,Zone 5,26,No,Yes,FALSE,0,0,0,FALSE,FALSE,N/A,N/A,N/A,0,0,0,0,0,0,FALSE,,0,,0
52802,Coimbatore Millennium,Coimbatore Millennium,52802,Active,Community,India,Coimbatore Millennium (Rotary),2026 - 2027,3206,Zone 5,Zone 5,15,No,Yes,FALSE,0,0,0,FALSE,FALSE,N/A,N/A,N/A,0,0,0,0,0,0,FALSE,,0,,0
8825936,Coimbatore New Gen,Coimbatore New Gen,8825936,Active,Community,India,Coimbatore Aram (Rotary),2026 - 2027,3206,Zone 5,Zone 5,27,No,Yes,FALSE,0,0,0,FALSE,FALSE,N/A,N/A,N/A,0,0,0,0,0,0,FALSE,,0,,0
8828315,Coimbatore Nexus,Coimbatore Nexus,8828315,Active,Community,India,Coimbatore Downtown (Rotary),2026 - 2027,3206,Zone 5,Zone 5,25,No,Yes,FALSE,0,0,0,FALSE,FALSE,N/A,N/A,N/A,26.95,26.95,0,0,0,0,FALSE,,0,,0
212477,Coimbatore Royals,Coimbatore Royals,212477,Active,Community,India,Coimbatore North (Rotary),2025 - 2026,3206,Zone 5,Zone 5,22,No,No,FALSE,0,0,0,FALSE,TRUE,Rotaract President,2025 - 2026,N,0,0,0,0,0,0,FALSE,,0,,0
8826467,Coimbatore RS Puram,Coimbatore RS Puram,8826467,Active,Community,India,Coimbatore West (Rotary),2026 - 2027,3206,Zone 5,Zone 5,11,No,Yes,FALSE,0,0,0,FALSE,FALSE,N/A,N/A,N/A,0,0,0,0,0,0,FALSE,,0,,0
8823645,Coimbatore Smart City,Coimbatore Smart City,8823645,Active,Community,India,Coimbatore Smart City (Rotary),2026 - 2027,3206,Zone 5,Zone 5,19,No,Yes,FALSE,0,0,0,FALSE,FALSE,N/A,N/A,N/A,0,0,0,0,0,0,FALSE,,0,,0
8827316,Coimbatore Smartcity Umeed,Coimbatore Smartcity Umeed,8827316,Active,Community,India,Coimbatore Smart City (Rotary),2025 - 2026,3206,Zone 5,Zone 5,12,Yes,No,TRUE,10195,106.2,10195,TRUE,TRUE,Rotaract President,2025 - 2026,N,0,0,0,0,0,0,FALSE,,0,,0
87598,Coimbatore Sparks,Coimbatore Sparks,87598,Active,Community,India,Coimbatore Gaalaxy (Rotary),2026 - 2027,3206,Zone 5,Zone 5,7,No,Yes,FALSE,0,0,0,FALSE,FALSE,N/A,N/A,N/A,0,0,0,0,0,0,FALSE,,0,,0
92268,Coimbatore Spectrum,Coimbatore Spectrum,92268,Active,Community,India,Coimbatore Spectrum (Rotary),2026 - 2027,3206,Zone 5,Zone 5,48,No,Yes,FALSE,0,0,0,FALSE,FALSE,N/A,N/A,N/A,0,0,0,0,0,0,FALSE,,0,,0
42240,Coimbatore Symphony,Coimbatore Symphony,42240,Active,Community,India,Coimbatore (Rotary),2026 - 2027,3206,Zone 5,Zone 5,14,No,Yes,FALSE,0,0,0,FALSE,FALSE,N/A,N/A,N/A,0,0,0,0,0,0,FALSE,,0,,0
8319,Coimbatore Texcity,Coimbatore Texcity,8319,Active,Community,India,Coimbatore Texcity (Rotary),2026 - 2027,3206,Zone 5,Zone 5,42,No,Yes,FALSE,0,0,0,FALSE,FALSE,N/A,N/A,N/A,0,0,0,0,0,0,FALSE,,0,,0
8826134,Coimbatore Unicorns,Coimbatore Unicorns,8826134,Active,Community,India,Coimbatore Unicorns (Rotary),2026 - 2027,3206,Zone 5,Zone 5,4,No,Yes,FALSE,0,0,0,FALSE,FALSE,N/A,N/A,N/A,0,0,0,0,0,0,FALSE,,0,,0
50295,Coimbatore Unique,Coimbatore Unique,50295,Active,Community,India,Thondamuthur (Rotary),2026 - 2027,3206,Zone 5,Zone 5,22,No,Yes,FALSE,0,0,0,FALSE,FALSE,N/A,N/A,N/A,0,0,0,0,0,0,FALSE,,0,,0
91594,Coimbatore Unity,Coimbatore Unity,91594,Active,Community,India,Coimbatore East (Rotary),2026 - 2027,3206,Zone 5,Zone 5,17,No,Yes,FALSE,0,0,0,FALSE,FALSE,N/A,N/A,N/A,0,0,0,0,0,0,FALSE,,0,,0
91901,Coimbatore Uptown,Coimbatore Uptown,91901,Active,Community,India,Coimbatore Uptown (Rotary),2026 - 2027,3206,Zone 5,Zone 5,16,No,Yes,FALSE,0,0,0,FALSE,FALSE,N/A,N/A,N/A,0,0,0,0,0,0,FALSE,,0,,0
214318,Coimbatore-Vadavalli,Coimbatore-Vadavalli,214318,Active,Community,India,Coimbatore Vadavalli (Rotary),2024 - 2025,3206,Zone 5,Zone 5,16,Yes,No,TRUE,13594,141.6,13594,TRUE,TRUE,Rotaract President,N/A,N,0,0,0,0,0,0,FALSE,,0,,3
84140,Cug (Covai User Group),Cug (Covai User Group),84140,Active,Community,India,Coimbatore Satellite (Rotary),2026 - 2027,3206,Zone 5,Zone 5,14,No,Yes,FALSE,0,0,0,FALSE,FALSE,N/A,N/A,N/A,0,0,0,0,0,0,FALSE,,0,,0
8827225,Dhaanish Ahmed Institute of Technology,Dhaanish Ahmed Institute of Technology,8827225,Active,University,India,Coimbatore (Rotary),2026 - 2027,3206,Zone 5,Zone 5,51,Yes,Yes,TRUE,27081,282.09,27081,TRUE,FALSE,N/A,N/A,N/A,0,0,0,0,0,0,FALSE,,0,,0
217835,Dr. N.G.P Arts & Science College,Dr. N.G.P Arts & Science College,217835,Active,University,India,Coimbatore Meridian (Rotary),2026 - 2027,3206,Zone 5,Zone 5,17,No,Yes,FALSE,0,0,0,FALSE,FALSE,N/A,N/A,N/A,0,0,0,0,0,0,FALSE,,0,,0
8825316,Dr. N.G.P. Institute of Technology,Dr. N.G.P. Institute of Technology,8825316,Active,University,India,Coimbatore East (Rotary),2024 - 2025,3206,Zone 5,Zone 5,25,No,No,FALSE,0,0,0,FALSE,TRUE,Rotaract President,N/A,N,0,0,0,0,0,0,FALSE,,0,,0
90418,GCT Coimbatore,GCT Coimbatore,90418,Active,University,India,Coimbatore East (Rotary),2026 - 2027,3206,Zone 5,Zone 5,26,No,Yes,FALSE,0,0,0,FALSE,FALSE,N/A,N/A,N/A,0,0,0,0,0,0,FALSE,,0,,0
218054,Happy Valley,Happy Valley,218054,Active,University,India,Coimbatore (Rotary),2025 - 2026,3206,Zone 5,Zone 5,14,Yes,No,TRUE,10779,112.28,10779,TRUE,TRUE,Rotaract President,2025 - 2026,N,0,0,0,0,0,0,FALSE,,0,,1
92108,HICAS,HICAS,92108,Active,University,India,Coimbatore Aakruthi (Rotary),2026 - 2027,3206,Zone 5,Zone 5,17,No,Yes,FALSE,0,0,0,FALSE,FALSE,N/A,N/A,N/A,0,0,0,0,0,0,FALSE,,0,,0
218638,Hindusthan College of Engineering and Technology,Hindusthan College of Engineering and Technology,218638,Active,University,India,Coimbatore Town (Rotary),2026 - 2027,3206,Zone 5,Zone 5,20,No,Yes,FALSE,0,0,0,FALSE,FALSE,N/A,N/A,N/A,0,0,0,0,0,0,FALSE,,0,,0
89603,Info Institute of Engineering,Info Institute of Engineering,89603,Active,University,India,Coimbatore (Rotary),2026 - 2027,3206,Zone 5,Zone 5,20,No,Yes,FALSE,0,0,0,FALSE,FALSE,N/A,N/A,N/A,0,0,0,0,0,0,FALSE,,0,,0
8827000,JCT College of Arts and Science,JCT College of Arts and Science,8827000,Active,University,India,Coimbatore Aakruthi (Rotary),2026 - 2027,3206,Zone 5,Zone 5,20,Yes,Yes,TRUE,10620,110.63,10620,TRUE,FALSE,N/A,N/A,N/A,0,0,0,0,0,0,FALSE,,0,,0
8826991,JCT College of Engineering and Technology,JCT College of Engineering and Technology,8826991,Active,University,India,Coimbatore Aakruthi (Rotary),2026 - 2027,3206,Zone 5,Zone 5,15,Yes,Yes,TRUE,7965,82.97,7965,TRUE,FALSE,N/A,N/A,N/A,0,0,0,0,0,0,FALSE,,0,,0
8826997,JCT Polytechnic College,JCT Polytechnic College,8826997,Active,University,India,Coimbatore Aakruthi (Rotary),2026 - 2027,3206,Zone 5,Zone 5,18,Yes,Yes,TRUE,9558,99.56,9558,TRUE,FALSE,N/A,N/A,N/A,0,0,0,0,0,0,FALSE,,0,,0
215399,JSS Institute of Naturopathy & Yogic Sciences,JSS Institute of Naturopathy & Yogic Sciences,215399,Active,University,India,Coimbatore Spectrum (Rotary),2025 - 2026,3206,Zone 5,Zone 5,21,No,No,FALSE,0,0,0,FALSE,TRUE,Rotaract President,2025 - 2026,N,0,0,0,0,0,0,FALSE,,0,,0
8824843,Karpagam Academy of Higher Education,Karpagam Academy of Higher Education,8824843,Active,University,India,Coimbatore South (Rotary),2026 - 2027,3206,Zone 5,Zone 5,10,No,Yes,FALSE,0,0,0,FALSE,FALSE,N/A,N/A,N/A,0,0,0,0,0,0,FALSE,,0,,0
8824529,Karpagam College of Engineering,Karpagam College of Engineering,8824529,Active,University,India,Coimbatore Spectrum (Rotary),2026 - 2027,3206,Zone 5,Zone 5,22,No,Yes,FALSE,0,0,0,FALSE,FALSE,N/A,N/A,N/A,0,0,0,0,0,0,FALSE,,0,,0
8824429,Karpagam College of Pharmacy,Karpagam College of Pharmacy,8824429,Active,University,India,Coimbatore Town (Rotary),2025 - 2026,3206,Zone 5,Zone 5,1,Yes,No,TRUE,9878,102.9,9878,TRUE,TRUE,Rotaract President,2025 - 2026,N,0,0,0,0,0,0,FALSE,,0,,0
8824668,Karpagam Institute of Technology,Karpagam Institute of Technology,8824668,Active,University,India,Coimbatore Millennium (Rotary),2025 - 2026,3206,Zone 5,Zone 5,22,Yes,No,TRUE,13823,143.99,13823,TRUE,TRUE,Rotaract President,2025 - 2026,N,0,0,0,0,0,0,FALSE,,0,,0
214602,Karunya School of Management,Karunya School of Management,214602,Active,University,India,Coimbatore Aakruthi (Rotary),2026 - 2027,3206,Zone 5,Zone 5,23,No,Yes,FALSE,0,0,0,FALSE,FALSE,N/A,N/A,N/A,0,0,0,0,0,0,FALSE,,0,,0
42291,Karunya University,Karunya University,42291,Active,University,India,Thondamuthur (Rotary),2025 - 2026,3206,Zone 5,Zone 5,14,No,No,FALSE,0,0,0,FALSE,TRUE,Rotaract President,2025 - 2026,N,0,0,0,0,0,0,FALSE,,0,,0
8826061,Kathir College of Engineering,Kathir College of Engineering,8826061,Active,University,India,Coimbatore North (Rotary),2026 - 2027,3206,Zone 5,Zone 5,11,No,Yes,FALSE,0,0,0,FALSE,FALSE,N/A,N/A,N/A,0,0,0,0,0,0,FALSE,,0,,0
8828376,KG College of Arts and Science,KG College of Arts and Science,8828376,Active,University,India,Coimbatore Ikons (Rotary),2026 - 2027,3206,Zone 5,Zone 5,30,No,Yes,FALSE,0,0,0,FALSE,FALSE,N/A,N/A,N/A,0,0,0,0,0,0,FALSE,,0,,0
8827255,KGiSL Institute of Technology,KGiSL Institute of Technology,8827255,Active,University,India,Coimbatore Elite (Rotary),2026 - 2027,3206,Zone 5,Zone 5,20,Yes,Yes,TRUE,13921,145.01,13921,TRUE,FALSE,N/A,N/A,N/A,0,0,0,0,0,0,FALSE,,0,,0
92157,Kovai Knights,Kovai Knights,92157,Active,Community,India,Coimbatore Cosmopolitan (Rotary),2026 - 2027,3206,Zone 5,Zone 5,18,Yes,Yes,TRUE,13740,143.13,13740,TRUE,FALSE,N/A,N/A,N/A,0,0,0,0,0,0,FALSE,,0,,0
8823913,KPRCAS,KPRCAS,8823913,Active,University,India,Coimbatore Central (Rotary),2026 - 2027,3206,Zone 5,Zone 5,20,No,Yes,FALSE,0,0,0,FALSE,FALSE,N/A,N/A,N/A,0,0,0,0,0,0,FALSE,,0,,0
8825524,KPR Institute of Engineering and Technology,KPR Institute of Engineering and Technology,8825524,Active,University,India,Coimbatore Central (Rotary),2026 - 2027,3206,Zone 5,Zone 5,8,No,Yes,FALSE,0,0,0,FALSE,FALSE,N/A,N/A,N/A,0,0,0,0,0,0,FALSE,,0,,0
216632,KSG College of Arts and Science,KSG College of Arts and Science,216632,Active,University,India,Coimbatore Manchester (Rotary),2019 - 2020,3206,Zone 5,Zone 5,3,Yes,No,TRUE,6053,63.05,6053,FALSE,TRUE,Rotaract President,N/A,N,0,0,0,0,0,0,FALSE,,0,,0
8824395,Kumaraguru College of Liberal Arts & Science,Kumaraguru College of Liberal Arts & Science,8824395,Active,University,India,Coimbatore Texcity (Rotary),2025 - 2026,3206,Zone 5,Zone 5,21,No,No,FALSE,0,0,0,FALSE,TRUE,Rotaract President,2025 - 2026,N,0,0,0,0,0,0,FALSE,,0,,0
8277,Kumaraguru College of Technology,Kumaraguru College of Technology,8277,Active,University,India,Coimbatore Central (Rotary),2026 - 2027,3206,Zone 5,Zone 5,21,No,Yes,FALSE,0,0,0,FALSE,FALSE,N/A,N/A,N/A,0,0,0,0,0,0,FALSE,,0,,0
8824844,Lakshmi Narayana Arts and Science College,Lakshmi Narayana Arts and Science College,8824844,Active,University,India,Ottapalam (Rotary),2022 - 2023,3206,Zone 5,Zone 5,1,No,No,FALSE,0,0,0,FALSE,TRUE,Rotaract President,N/A,N,0,0,0,0,0,0,FALSE,,0,,0
90502,"Lead College of Management, Dhoni","Lead College of Management, Dhoni",90502,Active,University,India,Palghat East (Rotary),2023 - 2024,3206,Zone 5,Zone 5,26,No,No,FALSE,0,0,0,FALSE,TRUE,Rotaract President,N/A,N,0,0,0,0,0,0,FALSE,,0,,0
90062,LIA (Lead India Ahead),LIA (Lead India Ahead),90062,Active,Community,India,Coimbatore Texcity (Rotary),2026 - 2027,3206,Zone 5,Zone 5,13,No,Yes,FALSE,0,0,0,FALSE,FALSE,N/A,N/A,N/A,0,0,0,0,0,0,FALSE,,0,,0
215845,Martin Homeopathy Medical College,Martin Homeopathy Medical College,215845,Active,University,India,Coimbatore Aakruthi (Rotary),2023 - 2024,3206,Zone 5,Zone 5,55,No,No,FALSE,0,0,0,FALSE,TRUE,Rotaract President,N/A,N,0,0,0,0,0,0,FALSE,,0,,0
216420,Monarks IIVM,Monarks IIVM,216420,Active,University,India,Coimbatore Monarks (Rotary),2025 - 2026,3206,Zone 5,Zone 5,17,Yes,No,TRUE,9473,98.68,9473,TRUE,TRUE,Rotaract President,2025 - 2026,N,0,0,0,0,0,0,FALSE,,0,,0
217622,Nehru Academy of Law,Nehru Academy of Law,217622,Active,University,India,Ottapalam (Rotary),2025 - 2026,3206,Zone 5,Zone 5,3,No,No,FALSE,0,0,0,FALSE,TRUE,Rotaract President,2025 - 2026,N,0,0,0,0,0,0,FALSE,,0,,0
91518,Nehru College of Aeronautics and Applied Sciences,Nehru College of Aeronautics and Applied Sciences,91518,Active,University,India,Coimbatore Zenith (Rotary),2026 - 2027,3206,Zone 5,Zone 5,1,No,Yes,FALSE,0,0,0,FALSE,FALSE,N/A,N/A,N/A,0,0,0,0,0,0,FALSE,,0,,0
215499,Nehru Institute of Engineering and Technology,Nehru Institute of Engineering and Technology,215499,Active,University,India,Kovaipudur (Rotary),2026 - 2027,3206,Zone 5,Zone 5,12,Yes,Yes,TRUE,16179,168.53,16179,TRUE,FALSE,N/A,N/A,N/A,0,0,0,0,0,0,FALSE,,0,,0
8824388,Nirmala College for Women,Nirmala College for Women,8824388,Active,University,India,Coimbatore Gaalaxy (Rotary),2025 - 2026,3206,Zone 5,Zone 5,2,Yes,No,TRUE,1240,12.92,1240,FALSE,TRUE,Rotaract President,2025 - 2026,N,0,0,0,0,0,0,FALSE,,0,,0
8824398,PPG Institute Of Technology,PPG Institute Of Technology,8824398,Active,University,India,Coimbatore East (Rotary),2025 - 2026,3206,Zone 5,Zone 5,20,Yes,No,TRUE,14322,149.19,14322,TRUE,TRUE,Rotaract President,2025 - 2026,N,0,0,0,0,0,0,FALSE,,0,,0
61218,PSG CAS,PSG CAS,61218,Active,University,India,Coimbatore Mid-Town (Rotary),2026 - 2027,3206,Zone 5,Zone 5,22,No,Yes,FALSE,0,0,0,FALSE,FALSE,N/A,N/A,N/A,0,0,0,0,0,0,FALSE,,0,,0
8823771,PSG iTech,PSG iTech,8823771,Active,University,India,Coimbatore Saicity (Rotary),2025 - 2026,3206,Zone 5,Zone 5,19,No,No,FALSE,0,0,0,FALSE,TRUE,Rotaract President,2025 - 2026,N,0,0,0,0,0,0,FALSE,,0,,0
8255,PSGR Krishnammal College for Women,PSGR Krishnammal College for Women,8255,Active,University,India,Coimbatore East (Rotary),2026 - 2027,3206,Zone 5,Zone 5,20,No,Yes,FALSE,0,0,0,FALSE,FALSE,N/A,N/A,N/A,0,0,0,0,0,0,FALSE,,0,,0
8824416,Rathinam College of Arts and Science,Rathinam College of Arts and Science,8824416,Active,University,India,Coimbatore South (Rotary),2023 - 2024,3206,Zone 5,Zone 5,8,Yes,No,TRUE,4248,44.25,4248,FALSE,TRUE,Rotaract President,N/A,N,0,0,0,0,0,0,FALSE,,0,,0
8827699,Royal Care Institute of Nursing,Royal Care Institute of Nursing,8827699,Active,University,India,Coimbatore City (Rotary),2026 - 2027,3206,Zone 5,Zone 5,26,No,Yes,FALSE,0,0,0,FALSE,FALSE,N/A,N/A,N/A,0,0,0,0,0,0,FALSE,,0,,0
215683,RVS Technical Campus,RVS Technical Campus,215683,Active,University,India,Coimbatore Centennial (Rotary),2026 - 2027,3206,Zone 5,Zone 5,25,No,No,FALSE,0,0,0,FALSE,TRUE,Rotaract President,2025 - 2026,N,0,0,0,0,0,0,FALSE,,0,,0
8247,Saibaba Colony,Saibaba Colony,8247,Active,Community,India,Coimbatore West (Rotary),2026 - 2027,3206,Zone 5,Zone 5,6,No,Yes,FALSE,0,0,0,FALSE,FALSE,N/A,N/A,N/A,0,0,0,0,0,0,FALSE,,0,,0
8824046,Sai Ramakrishna NC,Sai Ramakrishna NC,8824046,Active,University,India,Coimbatore Saicity (Rotary),2023 - 2024,3206,Zone 5,Zone 5,16,No,No,FALSE,0,0,0,FALSE,TRUE,Rotaract President,N/A,N,0,0,0,0,0,0,FALSE,,0,,0
212470,Sankara College of Science and Commerce,Sankara College of Science and Commerce,212470,Active,University,India,Coimbatore Downtown (Rotary),2024 - 2025,3206,Zone 5,Zone 5,4,Yes,No,TRUE,2124,22.13,2124,FALSE,TRUE,Rotaract President,N/A,N,0,0,0,0,0,0,FALSE,,0,,0
8825947,SNS College of Technology,SNS College of Technology,8825947,Active,University,India,Coimbatore Green City (Rotary),2026 - 2027,3206,Zone 5,Zone 5,15,No,Yes,FALSE,0,0,0,FALSE,FALSE,N/A,N/A,N/A,0,0,0,0,0,0,FALSE,,0,,0
74476,Sri Krishna Arts & Science College,Sri Krishna Arts & Science College,74476,Active,University,India,Coimbatore Spectrum (Rotary),2026 - 2027,3206,Zone 5,Zone 5,21,No,Yes,FALSE,0,0,0,FALSE,FALSE,N/A,N/A,N/A,0,0,0,0,0,0,FALSE,,0,,0
92267,Sri Krishna College of Engineering and Technology,Sri Krishna College of Engineering and Technology,92267,Active,University,India,Coimbatore Spectrum (Rotary),2026 - 2027,3206,Zone 5,Zone 5,21,No,Yes,FALSE,0,0,0,FALSE,FALSE,N/A,N/A,N/A,0,0,0,0,0,0,FALSE,,0,,0
8249,Sri Ramakrishna College of Arts and Science,Sri Ramakrishna College of Arts and Science,8249,Active,University,India,Coimbatore Mid-Town (Rotary),2026 - 2027,3206,Zone 5,Zone 5,4,No,Yes,FALSE,0,0,0,FALSE,FALSE,N/A,N/A,N/A,0,0,0,0,0,0,FALSE,,0,,0
8826933,Sri Ramakrishna Institute of Technology,Sri Ramakrishna Institute of Technology,8826933,Active,University,India,Coimbatore West (Rotary),2026 - 2027,3206,Zone 5,Zone 5,30,No,Yes,FALSE,0,0,0,FALSE,FALSE,N/A,N/A,N/A,0,0,0,0,0,0,FALSE,,0,,0
76581,Sri Ramalinga Sowdambigai College,Sri Ramalinga Sowdambigai College,76581,Active,University,India,Coimbatore North (Rotary),2025 - 2026,3206,Zone 5,Zone 5,10,No,No,FALSE,0,0,0,FALSE,TRUE,Rotaract President,2025 - 2026,N,0,0,0,0,0,0,FALSE,,0,,0
8824228,Sri Shakti Institute of Engineering & Technology,Sri Shakti Institute of Engineering & Technology,8824228,Active,University,India,Coimbatore West (Rotary),2026 - 2027,3206,Zone 5,Zone 5,24,No,Yes,FALSE,0,0,0,FALSE,FALSE,N/A,N/A,N/A,0,0,0,0,0,0,FALSE,,0,,0
8825486,TNAU (Tamil Nadu Agricultural University),TNAU (Tamil Nadu Agricultural University),8825486,Active,University,India,Coimbatore West (Rotary),2026 - 2027,3206,Zone 5,Zone 5,13,No,Yes,FALSE,0,0,0,FALSE,FALSE,N/A,N/A,N/A,0,0,0,0,0,0,FALSE,,0,,0
87600,UIT,UIT,87600,Active,University,India,Coimbatore Gaalaxy (Rotary),2026 - 2027,3206,Zone 5,Zone 5,18,No,Yes,FALSE,0,0,0,FALSE,FALSE,N/A,N/A,N/A,0,0,0,0,0,0,FALSE,,0,,0
8824390,United College of Arts and Science,United College of Arts and Science,8824390,Active,University,India,Coimbatore Gaalaxy (Rotary),2025 - 2026,3206,Zone 5,Zone 5,16,No,No,FALSE,0,0,0,FALSE,TRUE,Rotaract President,2025 - 2026,N,0,0,0,0,0,0,FALSE,,0,,0
8824445,United College of Nursing,United College of Nursing,8824445,Active,University,India,Coimbatore Elite (Rotary),2025 - 2026,3206,Zone 5,Zone 5,13,Yes,No,TRUE,7929,82.59,7929,TRUE,TRUE,Rotaract President,2025 - 2026,N,0,0,0,0,0,0,FALSE,,0,,0
8824212,United College of Pharmacy,United College of Pharmacy,8824212,Active,University,India,Coimbatore Elite (Rotary),2026 - 2027,3206,Zone 5,Zone 5,1,Yes,No,TRUE,8728,90.92,8728,TRUE,TRUE,Rotaract President,2025 - 2026,N,0,0,0,0,0,0,FALSE,,0,,0
8828394,United College of Physiotherapy,United College of Physiotherapy,8828394,Active,University,India,Coimbatore Elite (Rotary),2026 - 2027,3206,Zone 5,Zone 5,30,No,Yes,FALSE,0,0,0,FALSE,FALSE,N/A,N/A,N/A,0,0,0,0,0,0,FALSE,,0,,0
8824649,Vadakkencherry,Vadakkencherry,8824649,Active,Community,India,Vadakkencherry (Rotary),2025 - 2026,3206,Zone 5,Zone 5,20,No,No,FALSE,0,0,0,FALSE,TRUE,Rotaract President,2025 - 2026,N,0,0,0,0,0,0,FALSE,,0,,0
8827967,VLB Janakiammal College of Arts and Science,VLB Janakiammal College of Arts and Science,8827967,Active,University,India,Coimbatore D'elite (Rotary),2026 - 2027,3206,Zone 5,Zone 5,60,No,Yes,FALSE,0,0,0,FALSE,FALSE,N/A,N/A,N/A,0,0,0,0,0,0,FALSE,,0,,0
214199,Western Valley,Western Valley,214199,Active,Community,India,Coimbatore Town (Rotary),2026 - 2027,3206,Zone 5,Zone 5,25,Yes,Yes,TRUE,22881,238.34,22881,TRUE,FALSE,N/A,N/A,N/A,0,0,0,0,0,0,FALSE,,0,,0
215194,Young Vibrants,Young Vibrants,215194,Active,Community,India,Coimbatore Elite (Rotary),2026 - 2027,3206,Zone 5,Zone 5,21,No,Yes,FALSE,0,0,0,FALSE,FALSE,N/A,N/A,N/A,0,0,0,0,0,0,FALSE,,0,,0
215901,Yuvakshetra,Yuvakshetra,215901,Active,University,India,Kalladikode (Rotary),2020 - 2021,3206,Zone 5,Zone 5,3,Yes,No,TRUE,6053,63.05,6053,FALSE,TRUE,Rotaract President,N/A,N,0,0,0,0,0,0,FALSE,,0,,0
8827822,Aryanadu,Aryanadu,8827822,Active,Community,India,Thiruvananthapuram Midcity (Rotary),2026 - 2027,3211,Zone 5,Zone 5,18,Yes,Yes,TRUE,15293,159.3,15293,TRUE,FALSE,N/A,N/A,N/A,0,0,0,0,0,0,FALSE,,0,,0
8827704,BCM College,BCM College,8827704,Active,University,India,Kottayam East (Rotary),2026 - 2027,3211,Zone 5,Zone 5,22,No,Yes,FALSE,0,0,0,FALSE,FALSE,N/A,N/A,N/A,0,0,0,0,0,0,FALSE,,0,,0
8827058,Chrisanta at The Dale View,Chrisanta at The Dale View,8827058,Active,University,India,Thiruvananthapuram Midcity (Rotary),2025 - 2026,3211,Zone 5,Zone 5,1,Yes,No,TRUE,531,5.53,531,FALSE,TRUE,Rotaract President,2025 - 2026,N,0,0,0,0,0,0,FALSE,,0,,0
8827540,Girideepam Institute of Advanced Learning,Girideepam Institute of Advanced Learning,8827540,Active,University,India,Kottayam Town (Rotary),2026 - 2027,3211,Zone 5,Zone 5,27,Yes,No,TRUE,14337,149.34,14337,TRUE,TRUE,Rotaract President,2025 - 2026,N,0,0,0,0,0,0,FALSE,,0,,0
8827541,Greater Changanassery,Greater Changanassery,8827541,Active,Community,India,Greater Changanacherry (Rotary),2026 - 2027,3211,Zone 5,Zone 5,10,No,Yes,FALSE,0,0,0,FALSE,FALSE,N/A,N/A,N/A,0,0,0,0,0,0,FALSE,,0,,0
8827883,IHRD College of Applied Science Puthuppally,IHRD College of Applied Science Puthuppally,8827883,Active,University,India,Puthupally (Rotary),2026 - 2027,3211,Zone 5,Zone 5,20,No,Yes,FALSE,0,0,0,FALSE,FALSE,N/A,N/A,N/A,0,0,0,0,0,0,FALSE,,0,,0
8827743,Karode,Karode,8827743,Active,Community,India,Thiruvananthapuram Midcity (Rotary),2026 - 2027,3211,Zone 5,Zone 5,15,Yes,Yes,TRUE,12744,132.75,12744,TRUE,FALSE,N/A,N/A,N/A,0,0,0,0,0,0,FALSE,,0,,0
8826870,KICMA Business School,KICMA Business School,8826870,Active,University,India,Trivandrum Suburban (Rotary),2026 - 2027,3211,Zone 5,Zone 5,27,No,Yes,FALSE,0,0,0,FALSE,FALSE,N/A,N/A,N/A,0,0,0,0,0,0,FALSE,,0,,0
8827816,Kollam City,Kollam City,8827816,Active,Community,India,Kollam City (Rotary),2026 - 2027,3211,Zone 5,Zone 5,13,Yes,Yes,TRUE,11045,115.05,11045,TRUE,FALSE,N/A,N/A,N/A,0,0,0,0,0,0,FALSE,,0,,0
8823874,Kovalam,Kovalam,8823874,Active,Community,India,Kovalam (Rotary),2021 - 2022,3211,Zone 5,Zone 5,1,Yes,No,TRUE,2445,25.47,2445,FALSE,TRUE,Rotaract President,2021 - 2022,N,0,0,0,0,0,0,FALSE,,0,,0
8827890,Kuriakose Gregorios College,Kuriakose Gregorios College,8827890,Active,University,India,Puthupally (Rotary),2026 - 2027,3211,Zone 5,Zone 5,15,No,Yes,FALSE,0,0,0,FALSE,FALSE,N/A,N/A,N/A,0,0,0,0,0,0,FALSE,,0,,0
8825938,Little Lourdes College of Nursing Kidangoor,Little Lourdes College of Nursing Kidangoor,8825938,Active,University,India,Kottayam Southern (Rotary),2024 - 2025,3211,Zone 5,Zone 5,26,No,No,FALSE,0,0,0,FALSE,TRUE,Rotaract President,2024 - 2025,N,0,0,0,0,0,0,FALSE,,0,,0
8824150,Loyola College Trivandrum,Loyola College Trivandrum,8824150,Active,University,India,Trivandrum South (Rotary),2021 - 2022,3211,Zone 5,Zone 5,1,Yes,No,TRUE,2018,21.02,2018,FALSE,TRUE,Rotaract President,2021 - 2022,N,0,0,0,0,0,0,FALSE,,0,,0
8827568,Manarcad,Manarcad,8827568,Active,University,India,Manarcad (Rotary),2026 - 2027,3211,Zone 5,Zone 5,15,No,Yes,FALSE,0,0,0,FALSE,FALSE,N/A,N/A,N/A,0,0,0,0,0,0,FALSE,,0,,0
8827777,Mylechal,Mylechal,8827777,Active,Community,India,Thiruvananthapuram Midcity (Rotary),2026 - 2027,3211,Zone 5,Zone 5,20,Yes,Yes,TRUE,16992,177,16992,TRUE,FALSE,N/A,N/A,N/A,0,0,0,0,0,0,FALSE,,0,,0
8827205,Paippad,Paippad,8827205,Active,Community,India,Paippad (Rotary),2026 - 2027,3211,Zone 5,Zone 5,9,No,Yes,FALSE,0,0,0,FALSE,FALSE,N/A,N/A,N/A,0,0,0,0,0,0,FALSE,,0,,0
8827559,PMS College of Dental Science & Research,PMS College of Dental Science & Research,8827559,Active,University,India,Trivandrum East (Rotary),2026 - 2027,3211,Zone 5,Zone 5,20,No,Yes,FALSE,0,0,0,FALSE,FALSE,N/A,N/A,N/A,0,0,0,0,0,0,FALSE,,0,,0
8827886,Providence College of Engineering,Providence College of Engineering,8827886,Active,University,India,Chengannur (Rotary),2026 - 2027,3211,Zone 5,Zone 5,15,No,Yes,FALSE,0,0,0,FALSE,FALSE,N/A,N/A,N/A,0,0,0,0,0,0,FALSE,,0,,0
8827741,Punalal,Punalal,8827741,Active,Community,India,Thiruvananthapuram Midcity (Rotary),2026 - 2027,3211,Zone 5,Zone 5,16,Yes,Yes,TRUE,13594,141.6,13594,TRUE,FALSE,N/A,N/A,N/A,0,0,0,0,0,0,FALSE,,0,,0
8826923,Puthuppally,Puthuppally,8826923,Active,Community,India,Puthupally (Rotary),2025 - 2026,3211,Zone 5,Zone 5,18,No,No,FALSE,0,0,0,FALSE,TRUE,Rotaract President,2025 - 2026,N,0,0,0,0,0,0,FALSE,,0,,0
8827437,Quilon East,Quilon East,8827437,Active,Community,India,Quilon East (Rotary),2026 - 2027,3211,Zone 5,Zone 5,12,Yes,Yes,TRUE,10195,106.2,10195,TRUE,FALSE,N/A,N/A,N/A,0,0,0,0,0,0,FALSE,,0,,0
8827811,Quilon Heritage,Quilon Heritage,8827811,Active,Community,India,Quilon Heritage (Rotary),2026 - 2027,3211,Zone 5,Zone 5,19,No,Yes,FALSE,0,0,0,FALSE,FALSE,N/A,N/A,N/A,0,0,0,0,0,0,FALSE,,0,,0
8828496,Quilon Heritage Mythri,Quilon Heritage Mythri,8828496,Active,Community,India,Quilon Heritage (Rotary),2026 - 2027,3211,Zone 5,Zone 5,16,No,Yes,FALSE,0,0,0,FALSE,FALSE,N/A,N/A,N/A,0,0,0,0,0,0,FALSE,,0,,0
8827864,Saraswathy College of Nursing,Saraswathy College of Nursing,8827864,Active,University,India,Parassala (Rotary),2026 - 2027,3211,Zone 5,Zone 5,20,Yes,Yes,TRUE,10620,110.63,10620,TRUE,FALSE,N/A,N/A,N/A,0,0,0,0,0,0,FALSE,,0,,0
8825693,St. Joseph College of Communication,St. Joseph College of Communication,8825693,Active,University,India,Greater Changanacherry (Rotary),2024 - 2025,3211,Zone 5,Zone 5,12,No,No,FALSE,0,0,0,FALSE,TRUE,Rotaract President,2024 - 2025,N,0,0,0,0,0,0,FALSE,,0,,0
8827749,The Dale View College of Paramedical Sciences,The Dale View College of Paramedical Sciences,8827749,Active,University,India,Thiruvananthapuram Midcity (Rotary),2026 - 2027,3211,Zone 5,Zone 5,15,Yes,Yes,TRUE,7965,82.97,7965,TRUE,FALSE,N/A,N/A,N/A,0,0,0,0,0,0,FALSE,,0,,0
8827695,The Dale View College of Pharmacy and Research Centre,The Dale View College of Pharmacy and Research Centre,8827695,Active,University,India,Thiruvananthapuram Midcity (Rotary),2026 - 2027,3211,Zone 5,Zone 5,20,Yes,Yes,TRUE,10620,110.63,10620,TRUE,FALSE,N/A,N/A,N/A,0,0,0,0,0,0,FALSE,,0,,0
8827539,Trivandrum Central,Trivandrum Central,8827539,Active,Community,India,Trivandrum Central (Rotary),2025 - 2026,3211,Zone 5,Zone 5,12,Yes,No,TRUE,10195,106.2,10195,TRUE,TRUE,Rotaract President,2025 - 2026,N,0,0,0,0,0,0,FALSE,,0,,0
8826503,Trivandrum Phoenix,Trivandrum Phoenix,8826503,Active,Community,India,Trivandrum Phoenix (Rotary),2025 - 2026,3211,Zone 5,Zone 5,17,Yes,No,TRUE,14443,150.45,14443,TRUE,TRUE,Rotaract President,2025 - 2026,N,0,0,0,0,0,0,FALSE,,0,,0
8823859,Trivandrum Residency,Trivandrum Residency,8823859,Active,Community,India,Trivandrum Residency (Rotary),2021 - 2022,3211,Zone 5,Zone 5,1,Yes,No,TRUE,3228,33.63,3228,FALSE,TRUE,Rotaract President,2021 - 2022,N,0,0,0,0,0,0,FALSE,,0,,0
8827938,Trivandrum Suburban NSSA,Trivandrum Suburban NSSA,8827938,Active,Community,India,Trivandrum Suburban (Rotary),2026 - 2027,3211,Zone 5,Zone 5,41,No,Yes,FALSE,0,0,0,FALSE,FALSE,N/A,N/A,N/A,0,0,0,0,0,0,FALSE,,0,,0
218635,Udiyankulangara,Udiyankulangara,218635,Active,Community,India,Udiyankulangara (Rotary),2020 - 2021,3211,Zone 5,Zone 5,1,Yes,No,TRUE,2445,25.47,2445,FALSE,TRUE,Rotaract President,2020 - 2021,N,0,0,0,0,0,0,FALSE,,0,,0
8827920,Venjaramoodu,Venjaramoodu,8827920,Active,Community,India,Venjaramoodu (Rotary),2026 - 2027,3211,Zone 5,Zone 5,14,Yes,Yes,TRUE,11894,123.9,11894,TRUE,FALSE,N/A,N/A,N/A,0,0,0,0,0,0,FALSE,,0,,0
8824729,AAA College of Engineering & Technology,AAA College of Engineering & Technology,8824729,Active,University,India,Sivakasi Sparkler (Rotary),2021 - 2022,3212,Zone 5,Zone 5,1,Yes,No,TRUE,531,5.53,531,FALSE,TRUE,Rotaract President,2021 - 2022,N,0,0,0,0,0,0,FALSE,,0,,0
8826995,"A.K.D. Dharma Raja Women's College, Rajapalayam","A.K.D. Dharma Raja Women's College, Rajapalayam",8826995,Active,University,India,Rajapalayam (Rotary),2026 - 2027,3212,Zone 5,Zone 5,11,Yes,Yes,TRUE,5841,60.84,5841,FALSE,FALSE,N/A,N/A,N/A,0,0,0,0,0,0,FALSE,,0,,0
8827814,AKDD Liora,AKDD Liora,8827814,Active,University,India,Rajapalayam Kings City (Rotary),2026 - 2027,3212,Zone 5,Zone 5,12,No,Yes,FALSE,0,0,0,FALSE,FALSE,N/A,N/A,N/A,0,0,0,0,0,0,FALSE,,0,,0
8826278,Alagappa Chettiar Government College of Engineering and Technology Karaikudi,Alagappa Chettiar Government College of Engineering and Technology Karaikudi,8826278,Active,University,India,Karaikudi (Rotary),2025 - 2026,3212,Zone 5,Zone 5,9,No,No,FALSE,0,0,0,FALSE,TRUE,Rotaract President,2025 - 2026,N,0,0,0,0,0,0,FALSE,,0,,0
217546,Amrita College of Engineering and Technology,Amrita College of Engineering and Technology,217546,Active,University,India,Nagercoil Town (Rotary),2019 - 2020,3212,Zone 5,Zone 5,1,Yes,No,TRUE,2018,21.02,2018,FALSE,TRUE,Rotaract President,2019 - 2020,N,0,0,0,0,0,0,FALSE,,0,,0
218127,"Annai Velankanni College of Engineering, Pottalkulam","Annai Velankanni College of Engineering, Pottalkulam",218127,Active,Community,India,Nagercoil Blossoms (Rotary),2019 - 2020,3212,Zone 5,Zone 5,1,Yes,No,TRUE,3228,33.63,3228,FALSE,TRUE,Rotaract President,2019 - 2020,N,0,0,0,0,0,0,FALSE,,0,,0
213115,Annamalai Nursing College,Annamalai Nursing College,213115,Active,University,India,Puduvayal (Rotary),2019 - 2020,3212,Zone 5,Zone 5,1,Yes,No,TRUE,2018,21.02,2018,FALSE,TRUE,Rotaract President,2019 - 2020,N,0,0,0,0,0,0,FALSE,,0,,0
8824713,Annammal College and School of Nursing,Annammal College and School of Nursing,8824713,Active,University,India,,2021 - 2022,3212,Zone 5,Zone 5,1,Yes,No,TRUE,531,5.53,531,FALSE,TRUE,Rotaract President,2021 - 2022,N,0,0,0,0,0,0,FALSE,,0,,0
8826853,Arasan Ganesan College of Preceptors,Arasan Ganesan College of Preceptors,8826853,Active,University,India,Sivakasi Diamonds (Rotary),2025 - 2026,3212,Zone 5,Zone 5,24,Yes,No,TRUE,6907,71.95,6907,FALSE,TRUE,Rotaract President,2025 - 2026,N,0,0,0,0,0,0,FALSE,,0,,0
213207,Arasan Ganesan Polytechnic College,Arasan Ganesan Polytechnic College,213207,Active,Community,India,Sivakasi (Rotary),2023 - 2024,3212,Zone 5,Zone 5,8,No,No,FALSE,0,0,0,FALSE,TRUE,Rotaract President,2023 - 2024,N,0,0,0,0,0,0,FALSE,,0,,0
212919,"Arignar Anna College, Aralvaimozhi","Arignar Anna College, Aralvaimozhi",212919,Active,University,India,Nagercoil (Rotary),2019 - 2020,3212,Zone 5,Zone 5,2,Yes,No,TRUE,4035,42.03,4035,FALSE,TRUE,Rotaract President,2019 - 2020,N,0,0,0,0,0,0,FALSE,,0,,0
217177,Arunachala College of Engineering for Women,Arunachala College of Engineering for Women,217177,Active,University,India,Nagercoil Town (Rotary),2019 - 2020,3212,Zone 5,Zone 5,1,Yes,No,TRUE,1039,10.82,1039,FALSE,TRUE,Rotaract President,2019 - 2020,N,0,0,0,0,0,0,FALSE,,0,,0
213580,Bejan Singh Institute of Opthmology,Bejan Singh Institute of Opthmology,213580,Active,University,India,Nagercoil (Rotary),2023 - 2024,3212,Zone 5,Zone 5,3,Yes,No,TRUE,6053,63.05,6053,FALSE,TRUE,Rotaract President,2023 - 2024,N,0,0,0,0,0,0,FALSE,,0,,0
217584,Bishop Agniswamy College of Education,Bishop Agniswamy College of Education,217584,Active,University,India,,2019 - 2020,3212,Zone 5,Zone 5,1,Yes,No,TRUE,2018,21.02,2018,FALSE,TRUE,Rotaract President,2019 - 2020,N,0,0,0,0,0,0,FALSE,,0,,0
212827,"Cape Institute of Techonology, Tirunelveli","Cape Institute of Techonology, Tirunelveli",212827,Active,University,India,Nagercoil Blossoms (Rotary),2019 - 2020,3212,Zone 5,Zone 5,2,Yes,No,TRUE,4035,42.03,4035,FALSE,TRUE,Rotaract President,2019 - 2020,N,0,0,0,0,0,0,FALSE,,0,,0
8827362,Dr. Jeyasekharan Medical Trust College,Dr. Jeyasekharan Medical Trust College,8827362,Active,University,India,Nagercoil (Rotary),2026 - 2027,3212,Zone 5,Zone 5,13,Yes,Yes,TRUE,6903,71.91,6903,FALSE,FALSE,N/A,N/A,N/A,0,0,0,0,0,0,FALSE,,0,,0
8828498,East Coast Ramnad,East Coast Ramnad,8828498,Active,Community,India,East Coast Ramnad (Rotary),2026 - 2027,3212,Zone 5,Zone 5,14,No,Yes,FALSE,0,0,0,FALSE,FALSE,N/A,N/A,N/A,0,0,0,0,0,0,FALSE,,0,,0
218392,Elite Angels,Elite Angels,218392,Active,Community,India,Ramnad (Rotary),2024 - 2025,3212,Zone 5,Zone 5,3,Yes,No,TRUE,6813,70.97,6813,FALSE,TRUE,Rotaract President,2024 - 2025,N,0,0,0,0,0,0,FALSE,,0,,0
212479,Francis Xavier Engineering College,Francis Xavier Engineering College,212479,Active,University,India,Tinnevelly (Rotary),2019 - 2020,3212,Zone 5,Zone 5,3,Yes,No,TRUE,6053,63.05,6053,FALSE,TRUE,Rotaract President,2019 - 2020,N,0,0,0,0,0,0,FALSE,,0,,0
8824651,Government Arts and Science College Sivakasi,Government Arts and Science College Sivakasi,8824651,Active,University,India,Sivakasi Greens (Rotary),2023 - 2024,3212,Zone 5,Zone 5,4,Yes,No,TRUE,6850,71.35,6850,FALSE,TRUE,Rotaract President,2023 - 2024,N,0,0,0,0,0,0,FALSE,,0,,0
8827479,Government Arts & Science College Srivilliputhur,Government Arts & Science College Srivilliputhur,8827479,Active,University,India,Rajapalayam Super Kings (Rotary),2026 - 2027,3212,Zone 5,Zone 5,15,No,Yes,FALSE,0,0,0,FALSE,FALSE,N/A,N/A,N/A,0,0,0,0,0,0,FALSE,,0,,0
8826357,Government Law College Ramanathapuram,Government Law College Ramanathapuram,8826357,Active,University,India,Ramnad (Rotary),2025 - 2026,3212,Zone 5,Zone 5,12,Yes,No,TRUE,12462,129.81,12462,TRUE,TRUE,Rotaract President,2025 - 2026,N,0,0,0,0,0,0,FALSE,,0,,0
8827368,Government Nursing School-TVMC,Government Nursing School-TVMC,8827368,Active,University,India,Tirunelveli Central (Rotary),2026 - 2027,3212,Zone 5,Zone 5,12,No,Yes,FALSE,0,0,0,FALSE,FALSE,N/A,N/A,N/A,0,0,0,0,0,0,FALSE,,0,,0
8828167,Govt Law College Tirunelveli,Govt Law College Tirunelveli,8828167,Active,University,India,Tinnevelly (Rotary),2026 - 2027,3212,Zone 5,Zone 5,21,No,Yes,FALSE,0,0,0,FALSE,FALSE,N/A,N/A,N/A,0,0,0,0,0,0,FALSE,,0,,0
8824305,Hitech Polytechnic College,Hitech Polytechnic College,8824305,Active,University,India,Valliyoor Central (Rotary),2023 - 2024,3212,Zone 5,Zone 5,3,Yes,No,TRUE,5568,58,5568,FALSE,TRUE,Rotaract President,2023 - 2024,N,0,0,0,0,0,0,FALSE,,0,,0
8827746,Holy Cross College (Autonomous) Nagercoil,Holy Cross College (Autonomous) Nagercoil,8827746,Active,University,India,Nagercoil (Rotary),2026 - 2027,3212,Zone 5,Zone 5,12,Yes,Yes,TRUE,6372,66.38,6372,FALSE,FALSE,N/A,N/A,N/A,0,0,0,0,0,0,FALSE,,0,,0
212914,James College of Engineering,James College of Engineering,212914,Active,University,India,Nagercoil (Rotary),2019 - 2020,3212,Zone 5,Zone 5,3,Yes,No,TRUE,6053,63.05,6053,FALSE,TRUE,Rotaract President,2019 - 2020,N,0,0,0,0,0,0,FALSE,,0,,0
212898,James College of Nursing,James College of Nursing,212898,Active,University,India,Nagercoil (Rotary),2019 - 2020,3212,Zone 5,Zone 5,3,Yes,No,TRUE,6053,63.05,6053,FALSE,TRUE,Rotaract President,2019 - 2020,N,0,0,0,0,0,0,FALSE,,0,,0
91826,"Jayamatha Engineering College, Aralvaimozhi","Jayamatha Engineering College, Aralvaimozhi",91826,Active,University,India,Nagercoil (Rotary),2019 - 2020,3212,Zone 5,Zone 5,2,Yes,No,TRUE,4035,42.03,4035,FALSE,TRUE,Rotaract President,2019 - 2020,N,0,0,0,0,0,0,FALSE,,0,,0
8828251,Kamaraj College,Kamaraj College,8828251,Active,University,India,Spic Nagar (Rotary),2026 - 2027,3212,Zone 5,Zone 5,20,No,Yes,FALSE,0,0,0,FALSE,FALSE,N/A,N/A,N/A,0,0,0,0,0,0,FALSE,,0,,0
8827494,Kanyakumari Government Medical College and Hospital,Kanyakumari Government Medical College and Hospital,8827494,Active,University,India,Nagercoil (Rotary),2026 - 2027,3212,Zone 5,Zone 5,12,Yes,Yes,TRUE,6372,66.38,6372,FALSE,FALSE,N/A,N/A,N/A,0,0,0,0,0,0,FALSE,,0,,0
8826527,KPATDR-SMPA's Sivakasi Institute of Printing Technology,KPATDR-SMPA's Sivakasi Institute of Printing Technology,8826527,Active,University,India,"Sivakasi (Rotary); Sri Kaliswari College, Sivakasi (Rotaract)",2025 - 2026,3212,Zone 5,Zone 5,12,No,No,FALSE,0,0,0,FALSE,TRUE,Rotaract President,2025 - 2026,N,0,0,0,0,0,0,FALSE,,0,,0
8823455,Kumarapuram Thoppur Elite,Kumarapuram Thoppur Elite,8823455,Active,Community,India,Nagercoil Elite (Rotary),2020 - 2021,3212,Zone 5,Zone 5,1,Yes,No,TRUE,2445,25.47,2445,FALSE,TRUE,Rotaract President,2020 - 2021,N,0,0,0,0,0,0,FALSE,,0,,0
8827596,Literary Wing of Mohamed Sathak Hamid College,Literary Wing of Mohamed Sathak Hamid College,8827596,Active,University,India,Coral City Ramnad (Rotary),2026 - 2027,3212,Zone 5,Zone 5,14,No,Yes,FALSE,0,0,0,FALSE,FALSE,N/A,N/A,N/A,0,0,0,0,0,0,FALSE,,0,,0
217179,Malankara Catholic College,Malankara Catholic College,217179,Active,University,India,Kuzhithurai (Rotary),2020 - 2021,3212,Zone 5,Zone 5,3,Yes,No,TRUE,6053,63.05,6053,FALSE,TRUE,Rotaract President,2020 - 2021,N,0,0,0,0,0,0,FALSE,,0,,0
8824960,Manonmaniam Sundaranar University College Govindaperi,Manonmaniam Sundaranar University College Govindaperi,8824960,Active,University,India,Ambasamudram East (Rotary),2023 - 2024,3212,Zone 5,Zone 5,3,Yes,No,TRUE,5572,58.04,5572,FALSE,TRUE,Rotaract President,2023 - 2024,N,0,0,0,0,0,0,FALSE,,0,,0
214077,Maria College of Engineering and Technology,Maria College of Engineering and Technology,214077,Active,University,India,,2019 - 2020,3212,Zone 5,Zone 5,2,Yes,No,TRUE,4035,42.03,4035,FALSE,TRUE,Rotaract President,2019 - 2020,N,0,0,0,0,0,0,FALSE,,0,,0
8824439,Moderator Gnanadason Polytechnic College,Moderator Gnanadason Polytechnic College,8824439,Active,University,India,Nagercoil Elite (Rotary),2021 - 2022,3212,Zone 5,Zone 5,1,Yes,No,TRUE,1528,15.92,1528,FALSE,TRUE,Rotaract President,2021 - 2022,N,0,0,0,0,0,0,FALSE,,0,,0
8826918,Mohamed Sathak Dasthagir College of Education Ramnad,Mohamed Sathak Dasthagir College of Education Ramnad,8826918,Active,University,India,Coral City Ramnad (Rotary),2026 - 2027,3212,Zone 5,Zone 5,17,No,Yes,FALSE,0,0,0,FALSE,FALSE,N/A,N/A,N/A,0,0,0,0,0,0,FALSE,,0,,0
217738,Mohamed Sathak Hamid College Of Arts And Science For Women,Mohamed Sathak Hamid College Of Arts And Science For Women,217738,Active,University,India,Ramnad Royals (Rotary),2023 - 2024,3212,Zone 5,Zone 5,1,Yes,No,TRUE,2018,21.02,2018,FALSE,TRUE,Rotaract President,2023 - 2024,N,0,0,0,0,0,0,FALSE,,0,,0
8824725,Paul Antony Community College,Paul Antony Community College,8824725,Active,Community,India,Sivakasi Sparkler (Rotary),2021 - 2022,3212,Zone 5,Zone 5,1,Yes,No,TRUE,3228,33.63,3228,FALSE,TRUE,Rotaract President,2021 - 2022,N,0,0,0,0,0,0,FALSE,,0,,0
212896,"Pioneer Kumaraswamy College, Vetturnimadam","Pioneer Kumaraswamy College, Vetturnimadam",212896,Active,University,India,Nagercoil (Rotary),2022 - 2023,3212,Zone 5,Zone 5,8,No,No,FALSE,0,0,0,FALSE,TRUE,Rotaract President,2022 - 2023,N,0,0,0,0,0,0,FALSE,,0,,0
212888,Ponjesly Engineering College,Ponjesly Engineering College,212888,Active,University,India,Nagercoil Blossoms (Rotary),2019 - 2020,3212,Zone 5,Zone 5,3,Yes,No,TRUE,6053,63.05,6053,FALSE,TRUE,Rotaract President,2019 - 2020,N,0,0,0,0,0,0,FALSE,,0,,0
213582,PSN College of Education,PSN College of Education,213582,Active,University,India,Nagercoil Blossoms (Rotary),2019 - 2020,3212,Zone 5,Zone 5,3,Yes,No,TRUE,6053,63.05,6053,FALSE,TRUE,Rotaract President,2019 - 2020,N,0,0,0,0,0,0,FALSE,,0,,0
212831,"PSN College of Engineering & Technology, Tirunelveli","PSN College of Engineering & Technology, Tirunelveli",212831,Active,University,India,Nagercoil Blossoms (Rotary),2019 - 2020,3212,Zone 5,Zone 5,2,Yes,No,TRUE,4035,42.03,4035,FALSE,TRUE,Rotaract President,2019 - 2020,N,0,0,0,0,0,0,FALSE,,0,,0
212833,"PSN Engineering College, Tirunelveli","PSN Engineering College, Tirunelveli",212833,Active,University,India,Nagercoil Blossoms (Rotary),2019 - 2020,3212,Zone 5,Zone 5,3,Yes,No,TRUE,6053,63.05,6053,FALSE,TRUE,Rotaract President,2019 - 2020,N,0,0,0,0,0,0,FALSE,,0,,0
213583,"PSN Institute of Technology and Science, Tirunelveli","PSN Institute of Technology and Science, Tirunelveli",213583,Active,University,India,Nagercoil Blossoms (Rotary),2019 - 2020,3212,Zone 5,Zone 5,2,Yes,No,TRUE,4035,42.03,4035,FALSE,TRUE,Rotaract President,2019 - 2020,N,0,0,0,0,0,0,FALSE,,0,,0
212837,"PSN Institute of Technology, Kanyakumari","PSN Institute of Technology, Kanyakumari",212837,Active,University,India,Nagercoil Blossoms (Rotary),2019 - 2020,3212,Zone 5,Zone 5,2,Yes,No,TRUE,4035,42.03,4035,FALSE,TRUE,Rotaract President,2019 - 2020,N,0,0,0,0,0,0,FALSE,,0,,0
212891,PSN Polytechnic College,PSN Polytechnic College,212891,Active,University,India,Nagercoil Blossoms (Rotary),2019 - 2020,3212,Zone 5,Zone 5,1,Yes,No,TRUE,2018,21.02,2018,FALSE,TRUE,Rotaract President,2019 - 2020,N,0,0,0,0,0,0,FALSE,,0,,0
8826166,Rajapalayam Rajus’ College Elite,Rajapalayam Rajus’ College Elite,8826166,Active,University,India,Rajapalayam Kings City (Rotary),2024 - 2025,3212,Zone 5,Zone 5,12,No,No,FALSE,0,0,0,FALSE,TRUE,Rotaract President,2024 - 2025,N,0,0,0,0,0,0,FALSE,,0,,0
8827348,Rajas Dental College,Rajas Dental College,8827348,Active,University,India,Nagercoil (Rotary),2026 - 2027,3212,Zone 5,Zone 5,12,No,Yes,FALSE,0,0,0,FALSE,FALSE,N/A,N/A,N/A,0,0,0,0,0,0,FALSE,,0,,0
8826695,Ramco Institute of Technology,Ramco Institute of Technology,8826695,Active,University,India,Rajapalayam (Rotary),2025 - 2026,3212,Zone 5,Zone 5,12,Yes,No,TRUE,12462,129.81,12462,TRUE,TRUE,Rotaract President,2025 - 2026,N,0,0,0,0,0,0,FALSE,,0,,0
8827612,Ramnad Corallites,Ramnad Corallites,8827612,Active,Community,India,Coral City Ramnad (Rotary),2026 - 2027,3212,Zone 5,Zone 5,15,Yes,Yes,TRUE,12744,132.75,12744,TRUE,FALSE,N/A,N/A,N/A,0,0,0,0,0,0,FALSE,,0,,0
217320,Rojavanam Paramedical College,Rojavanam Paramedical College,217320,Active,University,India,Nagercoil (Rotary),2019 - 2020,3212,Zone 5,Zone 5,1,Yes,No,TRUE,2018,21.02,2018,FALSE,TRUE,Rotaract President,2019 - 2020,N,0,0,0,0,0,0,FALSE,,0,,0
217176,Salvation Army Catherene Booth College of Nursing,Salvation Army Catherene Booth College of Nursing,217176,Active,University,India,Nagercoil Town (Rotary),2019 - 2020,3212,Zone 5,Zone 5,1,Yes,No,TRUE,1039,10.82,1039,FALSE,TRUE,Rotaract President,2019 - 2020,N,0,0,0,0,0,0,FALSE,,0,,0
8827411,Sardar Rajas Nursing College,Sardar Rajas Nursing College,8827411,Active,University,India,Nagercoil (Rotary),2026 - 2027,3212,Zone 5,Zone 5,12,No,Yes,FALSE,0,0,0,FALSE,FALSE,N/A,N/A,N/A,0,0,0,0,0,0,FALSE,,0,,0
8828013,SFR College for Women Sivakasi,SFR College for Women Sivakasi,8828013,Active,University,India,Sivakasi Diamonds (Rotary),2026 - 2027,3212,Zone 5,Zone 5,12,No,Yes,FALSE,0,0,0,FALSE,FALSE,N/A,N/A,N/A,0,0,0,0,0,0,FALSE,,0,,0
213978,Sivakasi Bell Institute,Sivakasi Bell Institute,213978,Active,Community,India,Sivakasi Town (Rotary),2025 - 2026,3212,Zone 5,Zone 5,12,No,No,FALSE,0,0,0,FALSE,TRUE,Rotaract President,2025 - 2026,N,0,0,0,0,0,0,FALSE,,0,,0
90621,SPIC Nagar,SPIC Nagar,90621,Active,University,India,Spic Nagar (Rotary),2023 - 2024,3212,Zone 5,Zone 5,7,Yes,No,TRUE,7269,75.72,7269,TRUE,TRUE,Rotaract President,2023 - 2024,N,0,0,0,0,0,0,FALSE,,0,,0
213221,"Sri Kaliswari College, Sivakasi","Sri Kaliswari College, Sivakasi",213221,Active,University,India,Sivakasi (Rotary),2023 - 2024,3212,Zone 5,Zone 5,9,No,No,FALSE,0,0,0,FALSE,TRUE,Rotaract President,2023 - 2024,N,0,0,0,0,0,0,FALSE,,0,,3
8823304,Sri Parasakthi Womens College,Sri Parasakthi Womens College,8823304,Active,University,India,Courtallam (Rotary),2023 - 2024,3212,Zone 5,Zone 5,3,Yes,No,TRUE,5896,61.42,5896,FALSE,TRUE,Rotaract President,2023 - 2024,N,0,0,0,0,0,0,FALSE,,0,,0
213339,Sri Raaja Raajan College of Engg. & Technology,Sri Raaja Raajan College of Engg. & Technology,213339,Active,University,India,Ramnagar Parks (Rotary),2020 - 2021,3212,Zone 5,Zone 5,2,Yes,No,TRUE,4035,42.03,4035,FALSE,TRUE,Rotaract President,2020 - 2021,N,0,0,0,0,0,0,FALSE,,0,,0
80936,"SRI SRNM College, Sattur","SRI SRNM College, Sattur",80936,Active,University,India,Sattur (Rotary),2026 - 2027,3212,Zone 5,Zone 5,4,Yes,No,TRUE,4440,46.25,4440,FALSE,TRUE,Rotaract President,2025 - 2026,N,0,0,0,0,0,0,FALSE,,0,,0
217285,Sri Vidya Arts and Science College,Sri Vidya Arts and Science College,217285,Active,University,India,Virudhunagar (Rotary),2021 - 2022,3212,Zone 5,Zone 5,1,Yes,No,TRUE,2018,21.02,2018,FALSE,TRUE,Rotaract President,2021 - 2022,N,0,0,0,0,0,0,FALSE,,0,,0
214728,Sri Vidya College of Engineering & Technology,Sri Vidya College of Engineering & Technology,214728,Active,University,India,Virudhunagar (Rotary),2022 - 2023,3212,Zone 5,Zone 5,2,Yes,No,TRUE,4035,42.03,4035,FALSE,TRUE,Rotaract President,2022 - 2023,N,0,0,0,0,0,0,FALSE,,0,,0
8826903,SSDM College Kovilpatti,SSDM College Kovilpatti,8826903,Active,University,India,Kovilpatti (Rotary),2025 - 2026,3212,Zone 5,Zone 5,20,No,No,FALSE,0,0,0,FALSE,TRUE,Rotaract President,2025 - 2026,N,0,0,0,0,0,0,FALSE,,0,,0
8826724,St. Ignatious College of Education Palayamkottai,St. Ignatious College of Education Palayamkottai,8826724,Active,University,India,Tirunelveli Suburbs (Rotary),2025 - 2026,3212,Zone 5,Zone 5,12,No,No,FALSE,0,0,0,FALSE,TRUE,Rotaract President,2025 - 2026,N,0,0,0,0,0,0,FALSE,,0,,0
217552,St. Jerome's College,St. Jerome's College,217552,Active,University,India,Nagercoil Mid Town (Rotary),2019 - 2020,3212,Zone 5,Zone 5,1,Yes,No,TRUE,2018,21.02,2018,FALSE,TRUE,Rotaract President,2019 - 2020,N,0,0,0,0,0,0,FALSE,,0,,0
216906,St. John's College of Arts and Science,St. John's College of Arts and Science,216906,Active,University,India,Nagercoil South (Rotary),2019 - 2020,3212,Zone 5,Zone 5,1,Yes,No,TRUE,2018,21.02,2018,FALSE,TRUE,Rotaract President,2019 - 2020,N,0,0,0,0,0,0,FALSE,,0,,0
217553,Sun College of Education,Sun College of Education,217553,Active,University,India,Nagercoil Town (Rotary),2019 - 2020,3212,Zone 5,Zone 5,1,Yes,No,TRUE,2018,21.02,2018,FALSE,TRUE,Rotaract President,2019 - 2020,N,0,0,0,0,0,0,FALSE,,0,,0
8823459,"Sundareshwari Institutions, Srivilliputtur","Sundareshwari Institutions, Srivilliputtur",8823459,Active,University,India,,2020 - 2021,3212,Zone 5,Zone 5,1,Yes,No,TRUE,2018,21.02,2018,FALSE,TRUE,Rotaract President,2020 - 2021,N,0,0,0,0,0,0,FALSE,,0,,0
212830,Syed Ammal Arts and Science College,Syed Ammal Arts and Science College,212830,Active,University,India,Ramnad Royals (Rotary),2023 - 2024,3212,Zone 5,Zone 5,3,Yes,No,TRUE,6053,63.05,6053,FALSE,TRUE,Rotaract President,2023 - 2024,N,0,0,0,0,0,0,FALSE,,0,,0
8827529,Syed Ammal School of Nursing,Syed Ammal School of Nursing,8827529,Active,University,India,Ramnad Royals (Rotary),2026 - 2027,3212,Zone 5,Zone 5,40,Yes,Yes,TRUE,21240,221.25,21240,TRUE,FALSE,N/A,N/A,N/A,0,0,0,0,0,0,FALSE,,0,,0
8824659,Thamirabharani Engineering College Tirunelveli,Thamirabharani Engineering College Tirunelveli,8824659,Active,University,India,Tirunelveli Suburbs (Rotary),2021 - 2022,3212,Zone 5,Zone 5,1,Yes,No,TRUE,2018,21.02,2018,FALSE,TRUE,Rotaract President,2021 - 2022,N,0,0,0,0,0,0,FALSE,,0,,0
213199,The Standard Fireworks Rajaratnam College for Women,The Standard Fireworks Rajaratnam College for Women,213199,Active,Community,India,Sivakasi (Rotary),2023 - 2024,3212,Zone 5,Zone 5,5,Yes,No,TRUE,4248,44.25,4248,FALSE,TRUE,Rotaract President,2023 - 2024,N,0,0,0,0,0,0,FALSE,,0,,0
213613,"Universal College of Education, Valliyoor","Universal College of Education, Valliyoor",213613,Active,University,India,Valliyoor Central (Rotary),2019 - 2020,3212,Zone 5,Zone 5,2,Yes,No,TRUE,4035,42.03,4035,FALSE,TRUE,Rotaract President,2019 - 2020,N,0,0,0,0,0,0,FALSE,,0,,0
212666,Universal College of Engineering & Technology Valliyur,Universal College of Engineering & Technology Valliyur,212666,Active,University,India,Valliyoor Central (Rotary),2019 - 2020,3212,Zone 5,Zone 5,2,Yes,No,TRUE,4035,42.03,4035,FALSE,TRUE,Rotaract President,2019 - 2020,N,0,0,0,0,0,0,FALSE,,0,,0
8827973,Versatile Wing of Thassim Beevi Abdul Kader College for Women,Versatile Wing of Thassim Beevi Abdul Kader College for Women,8827973,Active,University,India,Kilakarai (Rotary),2026 - 2027,3212,Zone 5,Zone 5,18,No,Yes,FALSE,0,0,0,FALSE,FALSE,N/A,N/A,N/A,0,0,0,0,0,0,FALSE,,0,,0
8828017,VHNSN College,VHNSN College,8828017,Active,University,India,Virudhunagar Elite (Rotary),2026 - 2027,3212,Zone 5,Zone 5,11,No,Yes,FALSE,0,0,0,FALSE,FALSE,N/A,N/A,N/A,0,0,0,0,0,0,FALSE,,0,,0
213577,"Vins College of Engineering For Women, Kanyakumari","Vins College of Engineering For Women, Kanyakumari",213577,Active,University,India,Nagercoil (Rotary),2019 - 2020,3212,Zone 5,Zone 5,1,Yes,No,TRUE,2018,21.02,2018,FALSE,TRUE,Rotaract President,2019 - 2020,N,0,0,0,0,0,0,FALSE,,0,,0
8827471,Virudhunagar,Virudhunagar,8827471,Active,Community,India,Virudhunagar (Rotary),2026 - 2027,3212,Zone 5,Zone 5,16,No,Yes,FALSE,0,0,0,FALSE,FALSE,N/A,N/A,N/A,0,0,0,0,0,0,FALSE,,0,,0
8826807,Virudhunagar Kamaraj College of Engineering and Technology,Virudhunagar Kamaraj College of Engineering and Technology,8826807,Active,University,India,Virudhunagar (Rotary),2025 - 2026,3212,Zone 5,Zone 5,30,No,No,FALSE,0,0,0,FALSE,TRUE,Rotaract President,2025 - 2026,N,0,0,0,0,0,0,FALSE,,0,,0
8826960,Virudhunagar Village Kings,Virudhunagar Village Kings,8826960,Active,Community,India,Virudhunagar Kingdom (Rotary),2026 - 2027,3212,Zone 5,Zone 5,18,Yes,Yes,TRUE,15293,159.3,15293,TRUE,FALSE,N/A,N/A,N/A,0,0,0,0,0,0,FALSE,,0,,0
212834,"Vivek Institute, Kanyakumari","Vivek Institute, Kanyakumari",212834,Active,University,India,Nagercoil Blossoms (Rotary),2019 - 2020,3212,Zone 5,Zone 5,3,Yes,No,TRUE,3115,32.45,3115,FALSE,TRUE,Rotaract President,2019 - 2020,N,0,0,0,0,0,0,FALSE,,0,,0
8828299,V.V.Vanniaperumal College for Women Youth Force,V.V.Vanniaperumal College for Women Youth Force,8828299,Active,University,India,Virudhunagar Elite (Rotary),2026 - 2027,3212,Zone 5,Zone 5,16,No,Yes,FALSE,0,0,0,FALSE,FALSE,N/A,N/A,N/A,0,0,0,0,0,0,FALSE,,0,,0
213581,White Memorial College of Nursing,White Memorial College of Nursing,213581,Active,University,India,Nagercoil (Rotary),2019 - 2020,3212,Zone 5,Zone 5,2,Yes,No,TRUE,4035,42.03,4035,FALSE,TRUE,Rotaract President,2019 - 2020,N,0,0,0,0,0,0,FALSE,,0,,0
88675,Achievers Lanka Business School,Achievers Lanka Business School,88675,Active,University,Sri Lanka,Colombo Mid Town (Rotary),2026 - 2027,3220,Zone 5,Zone 5,35,No,Yes,FALSE,0,0,0,FALSE,FALSE,N/A,N/A,N/A,0,0,0,0,0,0,FALSE,,0,,0
8828405,Aegis Nexus,Aegis Nexus,8828405,Active,Community,Sri Lanka,,2026 - 2027,3220,Zone 5,Zone 5,21,No,Yes,FALSE,0,0,0,FALSE,FALSE,N/A,N/A,N/A,0,0,0,0,0,0,FALSE,,0,,0
91220,Alumni of University of Moratuwa,Alumni of University of Moratuwa,91220,Active,Community,Sri Lanka,Colombo West (Rotary),2026 - 2027,3220,Zone 5,Zone 5,75,No,Yes,FALSE,0,0,0,FALSE,FALSE,N/A,N/A,N/A,200,0,0,200,0,0,FALSE,,0,,0
67964,American National College,American National College,67964,Active,University,Sri Lanka,Colombo West (Rotary),2026 - 2027,3220,Zone 5,Zone 5,34,No,Yes,FALSE,0,0,0,FALSE,FALSE,N/A,N/A,N/A,0,0,0,0,0,0,FALSE,,0,,0
217094,APIIT,APIIT,217094,Active,University,Sri Lanka,Colombo East (Rotary),2026 - 2027,3220,Zone 5,Zone 5,96,No,Yes,FALSE,0,0,0,FALSE,FALSE,N/A,N/A,N/A,0,0,0,0,0,0,FALSE,,0,,0
217914,Athugalpura,Athugalpura,217914,Active,Community,Sri Lanka,Athugalpura (Rotary),2025 - 2026,3220,Zone 5,Zone 5,46,Yes,No,TRUE,34537,359.76,34537,TRUE,TRUE,Rotaract President,2025 - 2026,N,0,0,0,0,0,0,FALSE,,0,,0
72293,Battaramulla,Battaramulla,72293,Active,Community,Sri Lanka,,2025 - 2026,3220,Zone 5,Zone 5,19,Yes,No,TRUE,13503,140.66,13503,TRUE,TRUE,Rotaract President,2025 - 2026,N,0,0,0,0,0,0,FALSE,,0,,0
8826934,Batticaloa,Batticaloa,8826934,Active,Community,Sri Lanka,,2026 - 2027,3220,Zone 5,Zone 5,15,No,Yes,FALSE,0,0,0,FALSE,FALSE,N/A,N/A,N/A,0,0,0,0,0,0,FALSE,,0,,0
85447,Centennial United,Centennial United,85447,Active,Community,Sri Lanka,Colombo Centennial (Rotary),2026 - 2027,3220,Zone 5,Zone 5,2,No,Yes,FALSE,0,0,0,FALSE,FALSE,N/A,N/A,N/A,0,0,0,0,0,0,FALSE,,0,,0
213975,C F P S,C F P S,213975,Active,University,Sri Lanka,Colombo East (Rotary),2026 - 2027,3220,Zone 5,Zone 5,16,No,Yes,FALSE,0,0,0,FALSE,FALSE,N/A,N/A,N/A,0,0,0,0,0,0,FALSE,,0,,0
212329,Chulipuram,Chulipuram,212329,Active,Community,Sri Lanka,Nallur (Rotary),2024 - 2025,3220,Zone 5,Zone 5,3,Yes,No,TRUE,6285,65.47,6285,FALSE,TRUE,Rotaract President,2024 - 2025,N,0,0,0,0,0,0,FALSE,,0,,0
42519,Chunnakam,Chunnakam,42519,Active,Community,Sri Lanka,Jaffna (Rotary),2026 - 2027,3220,Zone 5,Zone 5,31,No,Yes,FALSE,0,0,0,FALSE,FALSE,N/A,N/A,N/A,0,0,0,0,0,0,FALSE,,0,,0
215957,CINEC,CINEC,215957,Active,University,Sri Lanka,Sri Jayawardenapura (Rotary),2026 - 2027,3220,Zone 5,Zone 5,94,No,Yes,FALSE,0,0,0,FALSE,FALSE,N/A,N/A,N/A,0,0,0,0,0,0,FALSE,,0,,0
44751,Cinnamon Gardens,Cinnamon Gardens,44751,Active,Community,Sri Lanka,Cinnamon Gardens (Rotary),2026 - 2027,3220,Zone 5,Zone 5,73,No,Yes,FALSE,0,0,0,FALSE,FALSE,N/A,N/A,N/A,0,0,0,0,0,0,FALSE,,0,,0
90435,College of Chemical Sciences,College of Chemical Sciences,90435,Active,University,Sri Lanka,Colombo Regency (Rotary),2026 - 2027,3220,Zone 5,Zone 5,43,No,Yes,FALSE,0,0,0,FALSE,FALSE,N/A,N/A,N/A,0,0,0,0,0,0,FALSE,,0,,0
8613,Colombo,Colombo,8613,Active,Community,Sri Lanka,Colombo (Rotary),2026 - 2027,3220,Zone 5,Zone 5,22,No,Yes,FALSE,0,0,0,FALSE,FALSE,N/A,N/A,N/A,0,0,0,0,0,0,FALSE,,0,,0
8826917,Colombo Citadel,Colombo Citadel,8826917,Active,Community,Sri Lanka,Colombo North (Rotary),2026 - 2027,3220,Zone 5,Zone 5,30,No,Yes,FALSE,0,0,0,FALSE,FALSE,N/A,N/A,N/A,0,0,0,0,0,0,FALSE,,0,,0
8609,Colombo East,Colombo East,8609,Active,Community,Sri Lanka,Colombo East (Rotary),2026 - 2027,3220,Zone 5,Zone 5,31,No,Yes,FALSE,0,0,0,FALSE,FALSE,N/A,N/A,N/A,0,0,0,0,0,0,FALSE,,0,,0
213876,Colombo Fort,Colombo Fort,213876,Active,Community,Sri Lanka,Colombo Fort (Rotary),2026 - 2027,3220,Zone 5,Zone 5,50,No,Yes,FALSE,0,0,0,FALSE,FALSE,N/A,N/A,N/A,0,0,0,0,0,0,FALSE,,0,,0
8823186,Colombo Heritage,Colombo Heritage,8823186,Active,Community,Sri Lanka,Colombo Heritage (Rotary),2026 - 2027,3220,Zone 5,Zone 5,40,No,Yes,FALSE,0,0,0,FALSE,FALSE,N/A,N/A,N/A,0,0,0,0,0,0,FALSE,,0,,0
8827207,Colombo Infinity,Colombo Infinity,8827207,Active,Community,Sri Lanka,Colombo Heritage (Rotary),2026 - 2027,3220,Zone 5,Zone 5,25,No,Yes,FALSE,0,0,0,FALSE,FALSE,N/A,N/A,N/A,0,0,0,0,0,0,FALSE,,0,,0
8825180,Colombo Metropolitan,Colombo Metropolitan,8825180,Active,Community,Sri Lanka,Colombo Metropolitan (Rotary),2026 - 2027,3220,Zone 5,Zone 5,39,No,Yes,FALSE,0,0,0,FALSE,FALSE,N/A,N/A,N/A,0,0,0,0,0,0,FALSE,,0,,0
8603,Colombo Mid-City,Colombo Mid-City,8603,Active,Community,Sri Lanka,Colombo Mid-City (Rotary),2026 - 2027,3220,Zone 5,Zone 5,17,No,Yes,FALSE,0,0,0,FALSE,FALSE,N/A,N/A,N/A,0,0,0,0,0,0,FALSE,,0,,0
8601,Colombo Mid-Town,Colombo Mid-Town,8601,Active,Community,Sri Lanka,Colombo Mid Town (Rotary),2026 - 2027,3220,Zone 5,Zone 5,42,No,Yes,FALSE,0,0,0,FALSE,FALSE,N/A,N/A,N/A,0,0,0,0,0,0,FALSE,,0,,0
8569,Colombo North,Colombo North,8569,Active,Community,Sri Lanka,Colombo North (Rotary),2026 - 2027,3220,Zone 5,Zone 5,72,No,Yes,FALSE,0,0,0,FALSE,FALSE,N/A,N/A,N/A,0,0,0,0,0,0,FALSE,,0,,0
8825223,Colombo Port City,Colombo Port City,8825223,Active,Community,Sri Lanka,Colombo Port City (Rotary),2026 - 2027,3220,Zone 5,Zone 5,46,No,Yes,FALSE,0,0,0,FALSE,FALSE,N/A,N/A,N/A,0,0,0,0,0,0,FALSE,,0,,0
8823460,Colombo Regency,Colombo Regency,8823460,Active,Community,Sri Lanka,Colombo Regency (Rotary),2026 - 2027,3220,Zone 5,Zone 5,11,No,Yes,FALSE,0,0,0,FALSE,FALSE,N/A,N/A,N/A,0,0,0,0,0,0,FALSE,,0,,0
42613,Colombo Regent,Colombo Regent,42613,Active,Community,Sri Lanka,Colombo (Rotary),2026 - 2027,3220,Zone 5,Zone 5,17,No,Yes,FALSE,0,0,0,FALSE,FALSE,N/A,N/A,N/A,0,0,0,0,0,0,FALSE,,0,,0
8827805,Colombo South,Colombo South,8827805,Active,Community,Sri Lanka,Colombo South (Rotary),2026 - 2027,3220,Zone 5,Zone 5,27,No,Yes,FALSE,0,0,0,FALSE,FALSE,N/A,N/A,N/A,0,0,0,0,0,0,FALSE,,0,,0
42577,Colombo Up-Town,Colombo Up-Town,42577,Active,Community,Sri Lanka,Colombo Uptown (Rotary),2026 - 2027,3220,Zone 5,Zone 5,38,No,Yes,FALSE,0,0,0,FALSE,FALSE,N/A,N/A,N/A,0,0,0,0,0,0,FALSE,,0,,0
8599,Colombo West,Colombo West,8599,Active,Community,Sri Lanka,Colombo West (Rotary),2026 - 2027,3220,Zone 5,Zone 5,81,No,Yes,FALSE,0,0,0,FALSE,FALSE,N/A,N/A,N/A,0,0,0,0,0,0,FALSE,,0,,0
8828225,ECU ECC Kandy,ECU ECC Kandy,8828225,Active,University,Sri Lanka,Katugastota (Rotary),2026 - 2027,3220,Zone 5,Zone 5,26,No,Yes,FALSE,0,0,0,FALSE,FALSE,N/A,N/A,N/A,0,0,0,0,0,0,FALSE,,0,,0
91932,Edith Cowan University,Edith Cowan University,91932,Active,University,Sri Lanka,Colombo Mid Town (Rotary),2026 - 2027,3220,Zone 5,Zone 5,77,No,Yes,FALSE,0,0,0,FALSE,FALSE,N/A,N/A,N/A,0,0,0,0,0,0,FALSE,,0,,0
8828426,Esoft University,Esoft University,8828426,Active,University,Sri Lanka,,2026 - 2027,3220,Zone 5,Zone 5,25,No,Yes,FALSE,0,0,0,FALSE,FALSE,N/A,N/A,N/A,0,0,0,0,0,0,FALSE,,0,,0
92276,Excellence,Excellence,92276,Active,Community,Sri Lanka,Colombo Metropolitan (Rotary),2025 - 2026,3220,Zone 5,Zone 5,28,Yes,No,TRUE,22577,235.18,22577,TRUE,TRUE,Rotaract President,2025 - 2026,N,0,0,0,0,0,0,FALSE,,0,,0
89963,"Faculty of Law, University of Colombo","Faculty of Law, University of Colombo",89963,Active,University,Sri Lanka,Colombo East (Rotary),2026 - 2027,3220,Zone 5,Zone 5,70,No,Yes,FALSE,0,0,0,FALSE,FALSE,N/A,N/A,N/A,0,0,0,0,0,0,FALSE,,0,,0
8823817,"Faculty of Medicine, Sabaragamuwa Univesity of Sri Lanka","Faculty of Medicine, Sabaragamuwa Univesity of Sri Lanka",8823817,Active,University,Sri Lanka,,2026 - 2027,3220,Zone 5,Zone 5,26,No,Yes,FALSE,0,0,0,FALSE,FALSE,N/A,N/A,N/A,0,0,0,0,0,0,FALSE,,0,,0
216481,Faculty of Medicine University of Colombo,Faculty of Medicine University of Colombo,216481,Active,University,Sri Lanka,Colombo North (Rotary),2026 - 2027,3220,Zone 5,Zone 5,62,No,Yes,FALSE,0,0,0,FALSE,FALSE,N/A,N/A,N/A,0,0,0,0,0,0,FALSE,,0,,0
74274,"Faculty of Science, University of Colombo","Faculty of Science, University of Colombo",74274,Active,University,Sri Lanka,Colombo Down Town (Rotary),2026 - 2027,3220,Zone 5,Zone 5,64,No,Yes,FALSE,0,0,0,FALSE,FALSE,N/A,N/A,N/A,0,0,0,0,0,0,FALSE,,0,,0
8828235,Galle,Galle,8828235,Active,Community,Sri Lanka,Galle (Rotary),2026 - 2027,3220,Zone 5,Zone 5,25,No,Yes,FALSE,0,0,0,FALSE,FALSE,N/A,N/A,N/A,0,0,0,0,0,0,FALSE,,0,,0
8826468,Gampaha,Gampaha,8826468,Active,Community,Sri Lanka,Colombo Heritage (Rotary),2026 - 2027,3220,Zone 5,Zone 5,40,No,Yes,FALSE,0,0,0,FALSE,FALSE,N/A,N/A,N/A,0,0,0,0,0,0,FALSE,,0,,0
8828239,Gampaha Wickramarachchi University of Indigenous Medicine - FISSMS,Gampaha Wickramarachchi University of Indigenous Medicine - FISSMS,8828239,Active,University,Sri Lanka,Dompe (Rotary),2026 - 2027,3220,Zone 5,Zone 5,31,No,Yes,FALSE,0,0,0,FALSE,FALSE,N/A,N/A,N/A,0,0,0,0,0,0,FALSE,,0,,0
91117,General Sir John Kotelawala Defence,General Sir John Kotelawala Defence,91117,Active,University,Sri Lanka,Colombo (Rotary),2026 - 2027,3220,Zone 5,Zone 5,48,No,Yes,FALSE,0,0,0,FALSE,FALSE,N/A,N/A,N/A,0,0,0,0,0,0,FALSE,,0,,0
8828348,General Sir John Kotelawala Defence University South,General Sir John Kotelawala Defence University South,8828348,Active,University,Sri Lanka,Cinnamon Gardens (Rotary),2026 - 2027,3220,Zone 5,Zone 5,26,No,Yes,FALSE,0,0,0,FALSE,FALSE,N/A,N/A,N/A,0,0,0,0,0,0,FALSE,,0,,0
8825008,Horizon Campus,Horizon Campus,8825008,Active,University,Sri Lanka,PanColombo (Rotary),2026 - 2027,3220,Zone 5,Zone 5,41,No,Yes,FALSE,0,0,0,FALSE,FALSE,N/A,N/A,N/A,0,0,0,0,0,0,FALSE,,0,,0
216053,ICBT,ICBT,216053,Active,University,Sri Lanka,Cinnamon Gardens (Rotary),2026 - 2027,3220,Zone 5,Zone 5,26,No,Yes,FALSE,0,0,0,FALSE,FALSE,N/A,N/A,N/A,0,0,0,0,0,0,FALSE,,0,,0
218404,Imperial College of Business and Studies,Imperial College of Business and Studies,218404,Active,University,Sri Lanka,Colombo North (Rotary),2026 - 2027,3220,Zone 5,Zone 5,38,No,Yes,FALSE,0,0,0,FALSE,FALSE,N/A,N/A,N/A,0,0,0,0,0,0,FALSE,,0,,0
88758,Informatics Institute of Technology,Informatics Institute of Technology,88758,Active,University,Sri Lanka,PanColombo (Rotary),2026 - 2027,3220,Zone 5,Zone 5,44,No,Yes,FALSE,0,0,0,FALSE,FALSE,N/A,N/A,N/A,0,0,0,0,0,0,FALSE,,0,,0
42564,Jaffna Mid-Town,Jaffna Mid-Town,42564,Active,Community,Sri Lanka,Jaffna (Rotary),2025 - 2026,3220,Zone 5,Zone 5,14,No,No,FALSE,0,0,0,FALSE,TRUE,Rotaract President,2025 - 2026,N,0,0,0,0,0,0,FALSE,,0,,0
91868,Jaffna Peninsula,Jaffna Peninsula,91868,Active,Community,Sri Lanka,Nallur (Rotary),2024 - 2025,3220,Zone 5,Zone 5,3,Yes,No,TRUE,6725,70.05,6725,FALSE,TRUE,Rotaract President,2024 - 2025,N,0,0,0,0,0,0,FALSE,,0,,1
8591,Kandy,Kandy,8591,Active,Community,Sri Lanka,Kandy (Rotary),2026 - 2027,3220,Zone 5,Zone 5,40,No,Yes,FALSE,0,0,0,FALSE,FALSE,N/A,N/A,N/A,0,0,0,0,0,0,FALSE,,0,,0
8824330,Kandy Hill Capital,Kandy Hill Capital,8824330,Active,Community,Sri Lanka,Kandy Hill Capital (Rotary),2026 - 2027,3220,Zone 5,Zone 5,26,No,Yes,FALSE,0,0,0,FALSE,FALSE,N/A,N/A,N/A,0,0,0,0,0,0,FALSE,,0,,0
8823202,Kandy Metropolitan,Kandy Metropolitan,8823202,Active,Community,Sri Lanka,Kandy Metropolitan (Rotary),2026 - 2027,3220,Zone 5,Zone 5,48,No,Yes,FALSE,0,0,0,FALSE,FALSE,N/A,N/A,N/A,0,0,0,0,0,0,FALSE,,0,,0
215233,Katugastota Region,Katugastota Region,215233,Active,Community,Sri Lanka,Katugastota (Rotary),2026 - 2027,3220,Zone 5,Zone 5,41,No,Yes,FALSE,0,0,0,FALSE,FALSE,N/A,N/A,N/A,0,0,0,0,0,0,FALSE,,0,,0
47135,Kelaniya,Kelaniya,47135,Active,Community,Sri Lanka,Kelaniya (Rotary),2024 - 2025,3220,Zone 5,Zone 5,3,Yes,No,TRUE,2132,22.21,2132,FALSE,TRUE,Rotaract President,2024 - 2025,N,0,0,0,0,0,0,FALSE,,0,,0
8823624,Kilinochchi Town,Kilinochchi Town,8823624,Active,Community,Sri Lanka,Kilinochchi Town (Rotary),2026 - 2027,3220,Zone 5,Zone 5,23,No,Yes,FALSE,0,0,0,FALSE,FALSE,N/A,N/A,N/A,0,0,0,0,0,0,FALSE,,0,,0
8827591,KIU,KIU,8827591,Active,University,Sri Lanka,Kolonnawa (Rotary),2026 - 2027,3220,Zone 5,Zone 5,33,No,Yes,FALSE,0,0,0,FALSE,FALSE,N/A,N/A,N/A,0,0,0,0,0,0,FALSE,,0,,0
213599,Kurunegala,Kurunegala,213599,Active,Community,Sri Lanka,Kurunegala (Rotary),2025 - 2026,3220,Zone 5,Zone 5,85,No,No,FALSE,0,0,0,FALSE,TRUE,Rotaract President,2025 - 2026,N,0,0,0,0,0,0,FALSE,,0,,0
8827204,Management & Science University (MSU),Management & Science University (MSU),8827204,Active,University,Sri Lanka,Colombo Port City (Rotary),2026 - 2027,3220,Zone 5,Zone 5,33,No,Yes,FALSE,0,0,0,FALSE,FALSE,N/A,N/A,N/A,0,0,0,0,0,0,FALSE,,0,,0
8824925,Mannar Town,Mannar Town,8824925,Active,Community,Sri Lanka,Mannar (Rotary),2026 - 2027,3220,Zone 5,Zone 5,22,No,Yes,FALSE,0,0,0,FALSE,FALSE,N/A,N/A,N/A,0,0,0,0,0,0,FALSE,,0,,0
217832,Matale,Matale,217832,Active,Community,Sri Lanka,Matale (Rotary),2026 - 2027,3220,Zone 5,Zone 5,50,No,Yes,FALSE,0,0,0,FALSE,FALSE,N/A,N/A,N/A,0,0,0,0,0,0,FALSE,,0,,0
8823261,Moratuwa,Moratuwa,8823261,Active,Community,Sri Lanka,Moratuwa (Rotary),2026 - 2027,3220,Zone 5,Zone 5,23,No,Yes,FALSE,0,0,0,FALSE,FALSE,N/A,N/A,N/A,0,0,0,0,0,0,FALSE,,0,,0
214142,Nallur Heritage,Nallur Heritage,214142,Active,Community,Sri Lanka,Nallur (Rotary),2024 - 2025,3220,Zone 5,Zone 5,7,Yes,No,TRUE,10127,105.49,10127,TRUE,TRUE,Rotaract President,2024 - 2025,N,0,0,0,0,0,0,FALSE,,0,,0
8826877,National Institute of Business Management Kandy,National Institute of Business Management Kandy,8826877,Active,University,Sri Lanka,Kandy Metropolitan (Rotary),2026 - 2027,3220,Zone 5,Zone 5,24,No,Yes,FALSE,0,0,0,FALSE,FALSE,N/A,N/A,N/A,0,0,0,0,0,0,FALSE,,0,,0
91233,National School of Business Management,National School of Business Management,91233,Active,University,Sri Lanka,Colombo West (Rotary),2026 - 2027,3220,Zone 5,Zone 5,76,No,Yes,FALSE,0,0,0,FALSE,FALSE,N/A,N/A,N/A,0,0,0,0,0,0,FALSE,,0,,0
90577,Negombo,Negombo,90577,Active,Community,Sri Lanka,Negombo (Rotary),2026 - 2027,3220,Zone 5,Zone 5,36,No,Yes,FALSE,0,0,0,FALSE,FALSE,N/A,N/A,N/A,0,0,0,0,0,0,FALSE,,0,,0
217664,NIBM,NIBM,217664,Active,University,Sri Lanka,Capital City (Rotary),2026 - 2027,3220,Zone 5,Zone 5,97,No,Yes,FALSE,0,0,0,FALSE,FALSE,N/A,N/A,N/A,0,0,0,0,0,0,FALSE,,0,,0
64918,Pamunugama,Pamunugama,64918,Active,Community,Sri Lanka,Pamunugama (Rotary),2026 - 2027,3220,Zone 5,Zone 5,13,No,Yes,FALSE,0,0,0,FALSE,FALSE,N/A,N/A,N/A,0,0,0,0,0,0,FALSE,,0,,0
84520,Panadura,Panadura,84520,Active,Community,Sri Lanka,,2026 - 2027,3220,Zone 5,Zone 5,36,No,Yes,FALSE,0,0,0,FALSE,FALSE,N/A,N/A,N/A,0,0,0,0,0,0,FALSE,,0,,0
217172,PanColombo,PanColombo,217172,Active,University,Sri Lanka,PanColombo (Rotary),2026 - 2027,3220,Zone 5,Zone 5,27,No,Yes,FALSE,0,0,0,FALSE,FALSE,N/A,N/A,N/A,0,0,0,0,0,0,FALSE,,0,,0
55709,Peradeniya University,Peradeniya University,55709,Active,University,Sri Lanka,Kandy (Rotary),2026 - 2027,3220,Zone 5,Zone 5,42,No,Yes,FALSE,0,0,0,FALSE,FALSE,N/A,N/A,N/A,0,0,0,0,0,0,FALSE,,0,,0
8825314,Rajarata University,Rajarata University,8825314,Active,University,Sri Lanka,Anuradhapura (Rotary),2026 - 2027,3220,Zone 5,Zone 5,41,No,Yes,FALSE,0,0,0,FALSE,FALSE,N/A,N/A,N/A,0,0,0,0,0,0,FALSE,,0,,0
8827060,Ratmalana,Ratmalana,8827060,Active,Community,Sri Lanka,Colombo West (Rotary),2026 - 2027,3220,Zone 5,Zone 5,27,Yes,Yes,TRUE,19188,199.88,19188,TRUE,FALSE,N/A,N/A,N/A,0,0,0,0,0,0,FALSE,,0,,0
216028,Ratnapura,Ratnapura,216028,Active,Community,Sri Lanka,Kandy (Rotary),2026 - 2027,3220,Zone 5,Zone 5,29,Yes,Yes,TRUE,830,8.65,830,FALSE,FALSE,N/A,N/A,N/A,0,0,0,0,0,0,FALSE,,0,,0
218249,Royal Institute of Colombo,Royal Institute of Colombo,218249,Active,University,Sri Lanka,Colombo South (Rotary),2026 - 2027,3220,Zone 5,Zone 5,42,No,Yes,FALSE,0,0,0,FALSE,FALSE,N/A,N/A,N/A,0,0,0,0,0,0,FALSE,,0,,0
8826883,Sabaragamuwa University of Sri Lanka,Sabaragamuwa University of Sri Lanka,8826883,Active,University,Sri Lanka,Uva Hills (Rotary),2026 - 2027,3220,Zone 5,Zone 5,26,No,Yes,FALSE,0,0,0,FALSE,FALSE,N/A,N/A,N/A,0,0,0,0,0,0,FALSE,,0,,0
216165,Saegis Campus,Saegis Campus,216165,Active,University,Sri Lanka,Colombo Reconnections (Rotary),2026 - 2027,3220,Zone 5,Zone 5,36,No,Yes,FALSE,0,0,0,FALSE,FALSE,N/A,N/A,N/A,0,0,0,0,0,0,FALSE,,0,,0
8828210,Seethawaka Regent,Seethawaka Regent,8828210,Active,Community,Sri Lanka,,2026 - 2027,3220,Zone 5,Zone 5,30,No,Yes,FALSE,0,0,0,FALSE,FALSE,N/A,N/A,N/A,0,0,0,0,0,0,FALSE,,0,,0
91634,Singer Sri Lanka,Singer Sri Lanka,91634,Active,Community,Sri Lanka,Colombo North (Rotary),2026 - 2027,3220,Zone 5,Zone 5,38,No,Yes,FALSE,0,0,0,FALSE,FALSE,N/A,N/A,N/A,0,0,0,0,0,0,FALSE,,0,,0
91071,Sri Lanka Institute of Information Technology (SLIIT),Sri Lanka Institute of Information Technology (SLIIT),91071,Active,University,Sri Lanka,Colombo South (Rotary),2026 - 2027,3220,Zone 5,Zone 5,162,No,Yes,FALSE,0,0,0,FALSE,FALSE,N/A,N/A,N/A,0,0,0,0,0,0,FALSE,,0,,0
8824798,Sri Lanka Technological Campus,Sri Lanka Technological Campus,8824798,Active,University,Sri Lanka,Colombo Centennial (Rotary),2026 - 2027,3220,Zone 5,Zone 5,28,No,Yes,FALSE,0,0,0,FALSE,FALSE,N/A,N/A,N/A,0,0,0,0,0,0,FALSE,,0,,0
8575,Trincomalee,Trincomalee,8575,Active,Community,Sri Lanka,Trincomalee (Rotary),2025 - 2026,3220,Zone 5,Zone 5,22,No,No,FALSE,0,0,0,FALSE,TRUE,Rotaract President,2025 - 2026,N,0,0,0,0,0,0,FALSE,,0,,0
91894,University Alumni,University Alumni,91894,Active,Community,Sri Lanka,Colombo Metropolitan (Rotary),2025 - 2026,3220,Zone 5,Zone 5,19,Yes,No,TRUE,710,7.4,710,FALSE,TRUE,Rotaract President,2025 - 2026,N,0,0,0,0,0,0,FALSE,,0,,0
88705,"University of Colombo, Arts Faculty","University of Colombo, Arts Faculty",88705,Active,University,Sri Lanka,Colombo Uptown (Rotary),2026 - 2027,3220,Zone 5,Zone 5,26,No,Yes,FALSE,0,0,0,FALSE,FALSE,N/A,N/A,N/A,0,0,0,0,0,0,FALSE,,0,,0
89105,"University of Colombo, Faculty of Management & Finance","University of Colombo, Faculty of Management & Finance",89105,Active,University,Sri Lanka,Colombo Mid Town (Rotary),2026 - 2027,3220,Zone 5,Zone 5,151,No,Yes,FALSE,0,0,0,FALSE,FALSE,N/A,N/A,N/A,0,0,0,0,0,0,FALSE,,0,,0
8824929,University of Colombo School of Computing,University of Colombo School of Computing,8824929,Active,University,Sri Lanka,Colombo Down Town (Rotary),2026 - 2027,3220,Zone 5,Zone 5,28,No,Yes,FALSE,0,0,0,FALSE,FALSE,N/A,N/A,N/A,0,0,0,0,0,0,FALSE,,0,,0
88865,University of Kelaniya,University of Kelaniya,88865,Active,University,Sri Lanka,Colombo Uptown (Rotary),2026 - 2027,3220,Zone 5,Zone 5,144,No,Yes,FALSE,0,0,0,FALSE,FALSE,N/A,N/A,N/A,0,0,0,0,0,0,FALSE,,0,,0
42733,University of Moratuwa,University of Moratuwa,42733,Active,University,Sri Lanka,Colombo West (Rotary),2026 - 2027,3220,Zone 5,Zone 5,46,No,Yes,FALSE,0,0,0,FALSE,FALSE,N/A,N/A,N/A,0,0,0,0,0,0,FALSE,,0,,0
8824712,University of Ruhuna,University of Ruhuna,8824712,Active,University,Sri Lanka,Galle (Rotary),2026 - 2027,3220,Zone 5,Zone 5,25,No,Yes,FALSE,0,0,0,FALSE,FALSE,N/A,N/A,N/A,0,0,0,0,0,0,FALSE,,0,,0
89653,University of Sri Jayewardenepura,University of Sri Jayewardenepura,89653,Active,University,Sri Lanka,Colombo Mid Town (Rotary),2026 - 2027,3220,Zone 5,Zone 5,33,No,Yes,FALSE,0,0,0,FALSE,FALSE,N/A,N/A,N/A,0,0,0,0,0,0,FALSE,,0,,0
8828173,University of Vavuniya,University of Vavuniya,8828173,Active,University,Sri Lanka,Jaffna Peninsula (Rotary),2026 - 2027,3220,Zone 5,Zone 5,49,No,Yes,FALSE,0,0,0,FALSE,FALSE,N/A,N/A,N/A,0,0,0,0,0,0,FALSE,,0,,0
90872,Uva Wellassa University-Badulla,Uva Wellassa University-Badulla,90872,Active,University,Sri Lanka,Badulla (Rotary),2026 - 2027,3220,Zone 5,Zone 5,73,No,Yes,FALSE,0,0,0,FALSE,FALSE,N/A,N/A,N/A,0,0,0,0,0,0,FALSE,,0,,0
8828176,Vavuniya Heritage,Vavuniya Heritage,8828176,Active,Community,Sri Lanka,Jaffna Peninsula (Rotary),2026 - 2027,3220,Zone 5,Zone 5,13,No,Yes,FALSE,0,0,0,FALSE,FALSE,N/A,N/A,N/A,0,0,0,0,0,0,FALSE,,0,,0
216669,Wayamba University,Wayamba University,216669,Active,University,Sri Lanka,Kurunegala (Rotary),2026 - 2027,3220,Zone 5,Zone 5,28,No,Yes,FALSE,0,0,0,FALSE,FALSE,N/A,N/A,N/A,0,0,0,0,0,0,FALSE,,0,,0
8573,Wellawatte,Wellawatte,8573,Active,Community,Sri Lanka,Mount-Lavinia (Rotary),2026 - 2027,3220,Zone 5,Zone 5,32,No,Yes,FALSE,0,0,0,FALSE,FALSE,N/A,N/A,N/A,0,0,0,0,0,0,FALSE,,0,,0
215737,Addon Institute of Medical Mission & Research Centre,Addon Institute of Medical Mission & Research Centre,215737,Active,University,India,Katpadi (Rotary),2020 - 2021,3231,Zone 5,Zone 5,3,Yes,No,TRUE,1593,16.59,1593,FALSE,TRUE,Rotaract President,2020 - 2021,N,0,0,0,0,0,0,FALSE,,0,,0
8828098,Arni Industrial Training Institute,Arni Industrial Training Institute,8828098,Active,University,India,Arni Fort (Rotary),2026 - 2027,3231,Zone 5,Zone 5,16,No,Yes,FALSE,0,0,0,FALSE,FALSE,N/A,N/A,N/A,0,0,0,0,0,0,FALSE,,0,,0
76060,"Arunai Engg. College, Thiruvannamalai","Arunai Engg. College, Thiruvannamalai",76060,Active,University,India,Mooncity Thiruvannamalai (Rotary),2021 - 2022,3231,Zone 5,Zone 5,3,Yes,No,TRUE,6053,63.05,6053,FALSE,TRUE,Rotaract President,2021 - 2022,N,0,0,0,0,0,0,FALSE,,0,,0
8827356,Arunai Medical College and Hospital,Arunai Medical College and Hospital,8827356,Active,University,India,Tiruvannamalai (Rotary),2025 - 2026,3231,Zone 5,Zone 5,15,Yes,No,TRUE,7965,82.97,7965,TRUE,TRUE,Rotaract President,2025 - 2026,N,0,0,0,0,0,0,FALSE,,0,,0
8826922,Auxilium College,Auxilium College,8826922,Active,University,India,Vellore Fort (Rotary),2026 - 2027,3231,Zone 5,Zone 5,12,Yes,Yes,TRUE,6372,66.38,6372,FALSE,FALSE,N/A,N/A,N/A,0,0,0,0,0,0,FALSE,,0,,0
217636,Best Paramedical College,Best Paramedical College,217636,Active,University,India,Vellore Golden City (Rotary),2019 - 2020,3231,Zone 5,Zone 5,1,Yes,No,TRUE,2018,21.02,2018,FALSE,TRUE,Rotaract President,2019 - 2020,N,0,0,0,0,0,0,FALSE,,0,,0
8827420,Bhakthavatsalam Polytechnic College,Bhakthavatsalam Polytechnic College,8827420,Active,University,India,Kanchipuram Temple City (Rotary),2025 - 2026,3231,Zone 5,Zone 5,21,Yes,No,TRUE,11151,116.16,11151,TRUE,TRUE,Rotaract President,2025 - 2026,N,0,0,0,0,0,0,FALSE,,0,,0
217936,CAHCET,CAHCET,217936,Active,Community,India,Ranipet (Rotary),2019 - 2020,3231,Zone 5,Zone 5,1,Yes,No,TRUE,3228,33.63,3228,FALSE,TRUE,Rotaract President,2019 - 2020,N,0,0,0,0,0,0,FALSE,,0,,0
8827104,C. M. Annamalai Polytechnic College,C. M. Annamalai Polytechnic College,8827104,Active,University,India,Sholinghur Temple City (Rotary),2026 - 2027,3231,Zone 5,Zone 5,13,Yes,Yes,TRUE,6903,71.91,6903,FALSE,FALSE,N/A,N/A,N/A,0,0,0,0,0,0,FALSE,,0,,0
8827117,Dharapadavedu,Dharapadavedu,8827117,Active,Community,India,Vellore North (Rotary),2026 - 2027,3231,Zone 5,Zone 5,12,No,Yes,FALSE,0,0,0,FALSE,FALSE,N/A,N/A,N/A,0,0,0,0,0,0,FALSE,,0,,0
216950,DKM College for Women Autonomous,DKM College for Women Autonomous,216950,Active,University,India,Vellore Accord (Rotary),2019 - 2020,3231,Zone 5,Zone 5,6,No,No,FALSE,0,0,0,FALSE,TRUE,Rotaract President,2019 - 2020,N,0,0,0,0,0,0,FALSE,,0,,0
8828096,DKM College for Women (Evening),DKM College for Women (Evening),8828096,Active,University,India,Vellore Accord (Rotary),2026 - 2027,3231,Zone 5,Zone 5,12,No,Yes,FALSE,0,0,0,FALSE,FALSE,N/A,N/A,N/A,0,0,0,0,0,0,FALSE,,0,,0
8827033,Government Medical College Thiruvallur,Government Medical College Thiruvallur,8827033,Active,University,India,Tiruvallur Royals (Rotary),2026 - 2027,3231,Zone 5,Zone 5,13,No,Yes,FALSE,0,0,0,FALSE,FALSE,N/A,N/A,N/A,0,0,0,0,0,0,FALSE,,0,,0
8824767,Government Thiruvannamalai Medical College,Government Thiruvannamalai Medical College,8824767,Active,University,India,Tiruvannamalai (Rotary),2022 - 2023,3231,Zone 5,Zone 5,1,Yes,No,TRUE,2018,21.02,2018,FALSE,TRUE,Rotaract President,2022 - 2023,N,0,0,0,0,0,0,FALSE,,0,,0
8826962,HIMT Presea College,HIMT Presea College,8826962,Active,University,India,Chengalpattu (Rotary),2025 - 2026,3231,Zone 5,Zone 5,42,No,No,FALSE,0,0,0,FALSE,TRUE,Rotaract President,2025 - 2026,N,0,0,0,0,0,0,FALSE,,0,,0
8826675,Imayam Arts and Science College,Imayam Arts and Science College,8826675,Active,University,India,Vaniyambadi (Rotary),2025 - 2026,3231,Zone 5,Zone 5,15,Yes,No,TRUE,9126,95.06,9126,TRUE,TRUE,Rotaract President,2025 - 2026,N,0,0,0,0,0,0,FALSE,,0,,0
8826430,Kamban College of Arts and Science,Kamban College of Arts and Science,8826430,Active,University,India,Tiruvannamalai Pearls (Rotary),2024 - 2025,3231,Zone 5,Zone 5,20,No,No,FALSE,0,0,0,FALSE,TRUE,Rotaract President,2024 - 2025,N,0,0,0,0,0,0,FALSE,,0,,0
216294,Kingston Engineering College,Kingston Engineering College,216294,Active,University,India,Katpadi (Rotary),2019 - 2020,3231,Zone 5,Zone 5,3,Yes,No,TRUE,1593,16.59,1593,FALSE,TRUE,Rotaract President,2019 - 2020,N,0,0,0,0,0,0,FALSE,,0,,0
8825005,Meenakshi Ammal Arts and Science College Uthiramerur,Meenakshi Ammal Arts and Science College Uthiramerur,8825005,Active,University,India,Kancheepuram (Rotary),2022 - 2023,3231,Zone 5,Zone 5,1,Yes,No,TRUE,2018,21.02,2018,FALSE,TRUE,Rotaract President,2022 - 2023,N,0,0,0,0,0,0,FALSE,,0,,0
8824383,Nethra College of Optometry,Nethra College of Optometry,8824383,Active,University,India,Arni (Rotary),2021 - 2022,3231,Zone 5,Zone 5,1,Yes,No,TRUE,2018,21.02,2018,FALSE,TRUE,Rotaract President,2021 - 2022,N,0,0,0,0,0,0,FALSE,,0,,0
8824675,Noble Medical Academy,Noble Medical Academy,8824675,Active,University,India,Arni (Rotary),2021 - 2022,3231,Zone 5,Zone 5,1,Yes,No,TRUE,2018,21.02,2018,FALSE,TRUE,Rotaract President,2021 - 2022,N,0,0,0,0,0,0,FALSE,,0,,0
8824619,Pallavan Pharmacy College,Pallavan Pharmacy College,8824619,Active,University,India,Kancheepuram East (Rotary),2021 - 2022,3231,Zone 5,Zone 5,1,Yes,No,TRUE,2018,21.02,2018,FALSE,TRUE,Rotaract President,2021 - 2022,N,0,0,0,0,0,0,FALSE,,0,,0
8824857,Prathyusha Engineering College,Prathyusha Engineering College,8824857,Active,University,India,Tiruvallur Royals (Rotary),2026 - 2027,3231,Zone 5,Zone 5,14,No,No,FALSE,0,0,0,FALSE,TRUE,Rotaract President,2024 - 2025,N,0,0,0,0,0,0,FALSE,,0,,0
8828462,Pravaham Community College,Pravaham Community College,8828462,Active,University,India,Vellore Golden City (Rotary),2026 - 2027,3231,Zone 5,Zone 5,15,No,Yes,FALSE,0,0,0,FALSE,FALSE,N/A,N/A,N/A,0,0,0,0,0,0,FALSE,,0,,0
92258,"Rajalakshmi Polytechnic College, Tiruvannamalai","Rajalakshmi Polytechnic College, Tiruvannamalai",92258,Active,University,India,Tiruvannamalai (Rotary),2020 - 2021,3231,Zone 5,Zone 5,2,Yes,No,TRUE,4035,42.03,4035,FALSE,TRUE,Rotaract President,2020 - 2021,N,0,0,0,0,0,0,FALSE,,0,,0
8828326,Ranippettai Arts Sciences and Management College,Ranippettai Arts Sciences and Management College,8828326,Active,University,India,Ranipet Sipcot (Rotary),2026 - 2027,3231,Zone 5,Zone 5,25,No,Yes,FALSE,0,0,0,FALSE,FALSE,N/A,N/A,N/A,0,0,0,0,0,0,FALSE,,0,,0
8827352,RICT Paramedical Institution,RICT Paramedical Institution,8827352,Active,University,India,Vellore Vegan (Rotary),2025 - 2026,3231,Zone 5,Zone 5,32,Yes,No,TRUE,16992,177,16992,TRUE,TRUE,Rotaract President,2025 - 2026,N,0,0,0,0,0,0,FALSE,,0,,0
214165,Shanmuga Arts & Science College,Shanmuga Arts & Science College,214165,Active,University,India,Mooncity Thiruvannamalai (Rotary),2021 - 2022,3231,Zone 5,Zone 5,1,Yes,No,TRUE,2018,21.02,2018,FALSE,TRUE,Rotaract President,2021 - 2022,N,0,0,0,0,0,0,FALSE,,0,,0
213850,Srikrishna College of Engineering,Srikrishna College of Engineering,213850,Active,University,India,Arkonam (Rotary),2020 - 2021,3231,Zone 5,Zone 5,1,Yes,No,TRUE,2018,21.02,2018,FALSE,TRUE,Rotaract President,2020 - 2021,N,0,0,0,0,0,0,FALSE,,0,,0
8826603,Sri Ramaswamy Memorial Valliammai Engineering College,Sri Ramaswamy Memorial Valliammai Engineering College,8826603,Active,University,India,Maraimalai Nagar Industrial City (Rotary),2025 - 2026,3231,Zone 5,Zone 5,70,Yes,No,TRUE,7538,78.52,7538,TRUE,TRUE,Rotaract President,2025 - 2026,N,0,0,0,0,0,0,FALSE,,0,,0
8827447,Sri Sankara Arts and Science College,Sri Sankara Arts and Science College,8827447,Active,University,India,Kanchipuram Temple City (Rotary),2025 - 2026,3231,Zone 5,Zone 5,20,Yes,No,TRUE,10620,110.63,10620,TRUE,TRUE,Rotaract President,2025 - 2026,N,0,0,0,0,0,0,FALSE,,0,,0
8827178,Sri Venkateswara Institute of Science & Technology,Sri Venkateswara Institute of Science & Technology,8827178,Active,University,India,Tiruvallur Bright (Rotary),2026 - 2027,3231,Zone 5,Zone 5,12,No,Yes,FALSE,0,0,0,FALSE,FALSE,N/A,N/A,N/A,0,0,0,0,0,0,FALSE,,0,,0
92113,"Sri Venkateswara Polytechnic College, Vellore","Sri Venkateswara Polytechnic College, Vellore",92113,Active,University,India,Vellore South (Rotary),2020 - 2021,3231,Zone 5,Zone 5,9,Yes,No,TRUE,4779,49.78,4779,FALSE,TRUE,Rotaract President,2020 - 2021,N,0,0,0,0,0,0,FALSE,,0,,0
8828099,SRM Institute of Hotel Management,SRM Institute of Hotel Management,8828099,Active,University,India,Maraimalai Nagar (Rotary),2026 - 2027,3231,Zone 5,Zone 5,477,No,Yes,FALSE,0,0,0,FALSE,FALSE,N/A,N/A,N/A,0,0,0,0,0,0,FALSE,,0,,0
92257,"Sun Arts and Science College, Tiruvannamalai","Sun Arts and Science College, Tiruvannamalai",92257,Active,University,India,Tiruvannamalai (Rotary),2020 - 2021,3231,Zone 5,Zone 5,4,Yes,No,TRUE,8071,84.07,8071,TRUE,TRUE,Rotaract President,2020 - 2021,N,0,0,0,0,0,0,FALSE,,0,,0
216114,Thiruvalluvar University,Thiruvalluvar University,216114,Active,University,India,Katpadi (Rotary),2020 - 2021,3231,Zone 5,Zone 5,1,Yes,No,TRUE,531,5.53,531,FALSE,TRUE,Rotaract President,2020 - 2021,N,0,0,0,0,0,0,FALSE,,0,,0
8827366,Tiruvannamalai,Tiruvannamalai,8827366,Active,Community,India,Tiruvannamalai (Rotary),2025 - 2026,3231,Zone 5,Zone 5,15,Yes,No,TRUE,12744,132.75,12744,TRUE,TRUE,Rotaract President,2025 - 2026,N,0,0,0,0,0,0,FALSE,,0,,0
8827425,Vellore Accord,Vellore Accord,8827425,Active,Community,India,Vellore Accord (Rotary),2026 - 2027,3231,Zone 5,Zone 5,12,No,Yes,FALSE,0,0,0,FALSE,FALSE,N/A,N/A,N/A,0,0,0,0,0,0,FALSE,,0,,0
8827513,Vellore Institute of Technology,Vellore Institute of Technology,8827513,Active,University,India,,2026 - 2027,3231,Zone 5,Zone 5,12,No,Yes,FALSE,0,0,0,FALSE,FALSE,N/A,N/A,N/A,0,0,0,0,0,0,FALSE,,0,,0
217740,Vishwakasena Angels,Vishwakasena Angels,217740,Active,University,India,,2019 - 2020,3231,Zone 5,Zone 5,1,Yes,No,TRUE,2018,21.02,2018,FALSE,TRUE,Rotaract President,2019 - 2020,N,0,0,0,0,0,0,FALSE,,0,,0
216846,Voorhees College,Voorhees College,216846,Active,University,India,Vellore (Rotary),2020 - 2021,3231,Zone 5,Zone 5,1,Yes,No,TRUE,2018,21.02,2018,FALSE,TRUE,Rotaract President,2020 - 2021,N,0,0,0,0,0,0,FALSE,,0,,0
216761,Voorhees College Women,Voorhees College Women,216761,Active,University,India,Vellore Angels (Rotary),2020 - 2021,3231,Zone 5,Zone 5,3,Yes,No,TRUE,1388,14.46,1388,FALSE,TRUE,Rotaract President,2020 - 2021,N,0,0,0,0,0,0,FALSE,,0,,0
8827514,Wisdom Women’s College of Arts and Science,Wisdom Women’s College of Arts and Science,8827514,Active,University,India,Cheyyar (Rotary),2026 - 2027,3231,Zone 5,Zone 5,18,No,Yes,FALSE,0,0,0,FALSE,FALSE,N/A,N/A,N/A,0,0,0,0,0,0,FALSE,,0,,0
216113,Worth Trust,Worth Trust,216113,Active,University,India,Katpadi (Rotary),2021 - 2022,3231,Zone 5,Zone 5,1,Yes,No,TRUE,531,5.53,531,FALSE,TRUE,Rotaract President,2021 - 2022,N,0,0,0,0,0,0,FALSE,,0,,0
43283,Akash,Akash,43283,Active,Community,India,Madras Fort (Rotary),2026 - 2027,3233,Zone 5,Zone 5,15,No,Yes,FALSE,0,0,0,FALSE,FALSE,N/A,N/A,N/A,0,0,0,0,0,0,FALSE,,0,,0
8824339,Alandur Incredibles,Alandur Incredibles,8824339,Active,Community,India,Alandur (Rotary),2026 - 2027,3233,Zone 5,Zone 5,19,No,Yes,FALSE,0,0,0,FALSE,FALSE,N/A,N/A,N/A,0,0,0,0,0,0,FALSE,,0,,0
8824907,Alpha Arts and Science College,Alpha Arts and Science College,8824907,Active,University,India,Madras North (Rotary),2023 - 2024,3233,Zone 5,Zone 5,8,Yes,No,TRUE,7182,74.81,7182,FALSE,TRUE,Rotaract President,N/A,N,0,0,0,0,0,0,FALSE,,0,,0
212310,Anand Institute of Higher Technology,Anand Institute of Higher Technology,212310,Active,University,India,Chennai Silk City (Rotary),2026 - 2027,3233,Zone 5,Zone 5,50,No,Yes,FALSE,0,0,0,FALSE,FALSE,N/A,N/A,N/A,0,0,0,0,0,0,FALSE,,0,,0
8826738,Billroth College of Nursing,Billroth College of Nursing,8826738,Active,University,India,Chennai Sun Rise (Rotary),2024 - 2025,3233,Zone 5,Zone 5,49,Yes,No,TRUE,26019,271.03,26019,TRUE,TRUE,Rotaract President,2024 - 2025,N,0,0,0,0,0,0,FALSE,,0,,0
8827175,Chellammal Women's College,Chellammal Women's College,8827175,Active,University,India,Chennai East R.A. Puram (Rotary),2025 - 2026,3233,Zone 5,Zone 5,13,Yes,No,TRUE,6903,71.91,6903,FALSE,TRUE,Rotaract President,2025 - 2026,N,0,0,0,0,0,0,FALSE,,0,,0
8826999,Chennai Amethyst,Chennai Amethyst,8826999,Active,Community,India,Chennai Amethyst (Rotary),2026 - 2027,3233,Zone 5,Zone 5,28,No,Yes,FALSE,0,0,0,FALSE,FALSE,N/A,N/A,N/A,0,0,0,0,0,0,FALSE,,0,,0
8826203,Chennai Angels,Chennai Angels,8826203,Active,Community,India,Chennai Celebrities (Rotaract),2025 - 2026,3233,Zone 5,Zone 5,15,Yes,No,TRUE,12744,132.75,12744,TRUE,TRUE,Rotaract President,2025 - 2026,N,0,0,0,0,0,0,FALSE,,0,,0
8826218,Chennai ANVI,Chennai ANVI,8826218,Active,Community,India,Chennai Meraki (Rotary),2025 - 2026,3233,Zone 5,Zone 5,17,No,No,FALSE,0,0,0,FALSE,TRUE,Rotaract President,2025 - 2026,N,0,0,0,0,0,0,FALSE,,0,,0
8827374,Chennai Asgard,Chennai Asgard,8827374,Active,Community,India,Chennai Info City (Rotary),2026 - 2027,3233,Zone 5,Zone 5,20,No,Yes,FALSE,0,0,0,FALSE,FALSE,N/A,N/A,N/A,0,0,0,0,0,0,FALSE,,0,,0
8823616,Chennai Capital,Chennai Capital,8823616,Active,Community,India,Chennai Capital (Rotary),2026 - 2027,3233,Zone 5,Zone 5,22,No,Yes,FALSE,0,0,0,FALSE,FALSE,N/A,N/A,N/A,0,0,0,0,0,0,FALSE,,0,,0
8825902,Chennai Celebrities,Chennai Celebrities,8825902,Active,Community,India,Chennai Celebrities (Rotary),2026 - 2027,3233,Zone 5,Zone 5,9,No,Yes,FALSE,0,0,0,FALSE,FALSE,N/A,N/A,N/A,0,0,0,0,0,0,FALSE,,0,,0
8824804,Chennai Comrades,Chennai Comrades,8824804,Active,Community,India,Madras North (Rotary),2026 - 2027,3233,Zone 5,Zone 5,30,No,Yes,FALSE,0,0,0,FALSE,FALSE,N/A,N/A,N/A,0,0,0,0,0,0,FALSE,,0,,0
8826614,Chennai Radiance Raisers,Chennai Radiance Raisers,8826614,Active,Community,India,Chennai Radiance (Rotary),2026 - 2027,3233,Zone 5,Zone 5,53,No,Yes,FALSE,0,0,0,FALSE,FALSE,N/A,N/A,N/A,0,0,0,0,0,0,FALSE,,0,,0
91550,Chennai Towers,Chennai Towers,91550,Active,Community,India,Chennai Towers (Rotary),2026 - 2027,3233,Zone 5,Zone 5,48,No,Yes,FALSE,0,0,0,FALSE,FALSE,N/A,N/A,N/A,0,0,0,0,0,0,FALSE,,0,,0
8826867,Crescent,Crescent,8826867,Active,University,India,Madras Mount (Rotary),2025 - 2026,3233,Zone 5,Zone 5,137,No,No,FALSE,0,0,0,FALSE,TRUE,Rotaract President,2025 - 2026,N,0,0,0,0,0,0,FALSE,,0,,0
91893,Dexterous,Dexterous,91893,Active,Community,India,Annanagar Aadithya (Rotary),2026 - 2027,3233,Zone 5,Zone 5,41,No,Yes,FALSE,0,0,0,FALSE,FALSE,N/A,N/A,N/A,0,0,0,0,0,0,FALSE,,0,,0
8828223,Dhanraj Baid Jain College,Dhanraj Baid Jain College,8828223,Active,University,India,Chennai Presidency (Rotary),2026 - 2027,3233,Zone 5,Zone 5,34,No,Yes,FALSE,0,0,0,FALSE,FALSE,N/A,N/A,N/A,0,0,0,0,0,0,FALSE,,0,,0
8827166,Don Bosco Arts and Science College,Don Bosco Arts and Science College,8827166,Active,University,India,Chennai Octave (Rotary),2025 - 2026,3233,Zone 5,Zone 5,3,No,No,FALSE,0,0,0,FALSE,TRUE,Rotaract President,2025 - 2026,N,0,0,0,0,0,0,FALSE,,0,,0
216828,East Coast Chennai,East Coast Chennai,216828,Active,Community,India,Chennai Metropolis (Rotary),2026 - 2027,3233,Zone 5,Zone 5,123,No,Yes,FALSE,0,0,0,FALSE,FALSE,N/A,N/A,N/A,0,0,0,0,0,0,FALSE,,0,,0
8826854,Government Arts and Science College Dr. R.K. Nagar,Government Arts and Science College Dr. R.K. Nagar,8826854,Active,University,India,Madras North (Rotary),2025 - 2026,3233,Zone 5,Zone 5,20,No,No,FALSE,0,0,0,FALSE,TRUE,Rotaract President,2025 - 2026,N,0,0,0,0,0,0,FALSE,,0,,0
8827226,Government Yoga and Naturopathy Medical College,Government Yoga and Naturopathy Medical College,8827226,Active,University,India,Chennai Rising Stars (Rotary),2025 - 2026,3233,Zone 5,Zone 5,20,Yes,No,TRUE,10620,110.63,10620,TRUE,TRUE,Rotaract President,2025 - 2026,N,0,0,0,0,0,0,FALSE,,0,,0
88931,Green Galaxy,Green Galaxy,88931,Active,Community,India,Madras Central Aadithya (Rotary),2026 - 2027,3233,Zone 5,Zone 5,39,No,Yes,FALSE,0,0,0,FALSE,FALSE,N/A,N/A,N/A,0,0,0,0,0,0,FALSE,,0,,0
217279,Guindy,Guindy,217279,Active,Community,India,Guindy (Rotary),2026 - 2027,3233,Zone 5,Zone 5,15,No,Yes,FALSE,0,0,0,FALSE,FALSE,N/A,N/A,N/A,0,0,0,0,0,0,FALSE,,0,,0
215608,Hindustan College of Arts & Science,Hindustan College of Arts & Science,215608,Active,University,India,Chennai Capital (Rotary),2026 - 2027,3233,Zone 5,Zone 5,22,Yes,Yes,TRUE,11682,121.69,11682,TRUE,FALSE,N/A,N/A,N/A,0,0,0,0,0,0,FALSE,,0,,0
213308,Hindustan University,Hindustan University,213308,Active,University,India,Chennai Capital (Rotary),2026 - 2027,3233,Zone 5,Zone 5,52,No,Yes,FALSE,0,0,0,FALSE,FALSE,N/A,N/A,N/A,0,0,0,0,0,0,FALSE,,0,,0
218365,Kandasamy Naidu College,Kandasamy Naidu College,218365,Active,University,India,Aarch City - Madras (Rotary),2023 - 2024,3233,Zone 5,Zone 5,3,No,No,FALSE,0,0,0,FALSE,TRUE,Rotaract President,N/A,N,0,0,0,0,0,0,FALSE,,0,,0
215610,KCG College of Technology,KCG College of Technology,215610,Active,University,India,Chennai Capital (Rotary),2026 - 2027,3233,Zone 5,Zone 5,14,No,No,FALSE,0,0,0,FALSE,TRUE,Rotaract President,2025 - 2026,N,0,0,0,0,0,0,FALSE,,0,,0
215310,LICET,LICET,215310,Active,University,India,Madras Northwest (Rotary),2026 - 2027,3233,Zone 5,Zone 5,23,No,Yes,FALSE,0,0,0,FALSE,FALSE,N/A,N/A,N/A,0,0,0,0,0,0,FALSE,,0,,0
216547,Loyola Institute of Technology,Loyola Institute of Technology,216547,Active,University,India,Chennai Royals (Rotary),2025 - 2026,3233,Zone 5,Zone 5,35,No,No,FALSE,0,0,0,FALSE,TRUE,Rotaract President,2025 - 2026,N,0,0,0,0,0,0,FALSE,,0,,0
90693,Madras Cosmos,Madras Cosmos,90693,Active,Community,India,Madras Cosmos (Rotary),2026 - 2027,3233,Zone 5,Zone 5,25,No,Yes,FALSE,0,0,0,FALSE,FALSE,N/A,N/A,N/A,0,0,0,0,0,0,FALSE,,0,,0
8827201,Madras Institute of Hotel Management and Catering Technology,Madras Institute of Hotel Management and Catering Technology,8827201,Active,University,India,Chennai Golden Galaxy (Rotary),2025 - 2026,3233,Zone 5,Zone 5,61,Yes,No,TRUE,31642,329.6,31642,TRUE,TRUE,Rotaract President,2025 - 2026,N,0,0,0,0,0,0,FALSE,,0,,0
8637,Madras Institute of Technology,Madras Institute of Technology,8637,Active,University,India,Madras Northwest (Rotary),2019 - 2020,3233,Zone 5,Zone 5,3,No,No,FALSE,0,0,0,FALSE,TRUE,Rotaract President,N/A,N,0,0,0,0,0,0,FALSE,,0,,0
79175,Madras Mount,Madras Mount,79175,Active,Community,India,Madras Mount (Rotary),2026 - 2027,3233,Zone 5,Zone 5,15,No,Yes,FALSE,0,0,0,FALSE,FALSE,N/A,N/A,N/A,0,0,0,0,0,0,FALSE,,0,,0
8826925,Madras School of Social Work,Madras School of Social Work,8826925,Active,University,India,Madras Fort (Rotary),2026 - 2027,3233,Zone 5,Zone 5,2,No,Yes,FALSE,0,0,0,FALSE,FALSE,N/A,N/A,N/A,0,0,0,0,0,0,FALSE,,0,,0
8827470,Madras T. Nagar,Madras T. Nagar,8827470,Active,Community,India,Madras-T. Nagar (Rotary),2026 - 2027,3233,Zone 5,Zone 5,31,No,Yes,FALSE,0,0,0,FALSE,FALSE,N/A,N/A,N/A,0,0,0,0,0,0,FALSE,,0,,0
8827005,Mar Gregorios College of Arts & Science,Mar Gregorios College of Arts & Science,8827005,Active,University,India,Aarch City - Madras (Rotary),2025 - 2026,3233,Zone 5,Zone 5,65,No,No,FALSE,0,0,0,FALSE,TRUE,Rotaract President,2025 - 2026,N,0,0,0,0,0,0,FALSE,,0,,0
8828221,MEASI Institute of Management,MEASI Institute of Management,8828221,Active,University,India,Chennai Royals (Rotary),2026 - 2027,3233,Zone 5,Zone 5,20,No,Yes,FALSE,0,0,0,FALSE,FALSE,N/A,N/A,N/A,0,0,0,0,0,0,FALSE,,0,,0
8827357,Meenakshi College of Nursing,Meenakshi College of Nursing,8827357,Active,University,India,Chennai Golden Galaxy (Rotary),2025 - 2026,3233,Zone 5,Zone 5,21,Yes,No,TRUE,11151,116.16,11151,TRUE,TRUE,Rotaract President,2025 - 2026,N,0,0,0,0,0,0,FALSE,,0,,0
8825786,MGR University,MGR University,8825786,Active,University,India,Chennai Metropolis (Rotary),2026 - 2027,3233,Zone 5,Zone 5,2988,Yes,Yes,TRUE,1589264,16554.83,1589264,TRUE,FALSE,N/A,N/A,N/A,0,0,0,0,0,0,FALSE,,0,,0
61097,M.N.M. Jain Engg.,M.N.M. Jain Engg.,61097,Active,University,India,Adyar (Rotary),2026 - 2027,3233,Zone 5,Zone 5,25,No,Yes,FALSE,0,0,0,FALSE,FALSE,N/A,N/A,N/A,0,0,0,0,0,0,FALSE,,0,,0
8826617,Patrician College of Arts and Science,Patrician College of Arts and Science,8826617,Active,University,India,Chennai Towers (Rotary),2026 - 2027,3233,Zone 5,Zone 5,20,No,Yes,FALSE,0,0,0,FALSE,FALSE,N/A,N/A,N/A,0,0,0,0,0,0,FALSE,,0,,0
217437,Phoenix,Phoenix,217437,Active,Community,India,Chennai Neithal (Rotary),2026 - 2027,3233,Zone 5,Zone 5,15,No,Yes,FALSE,0,0,0,FALSE,FALSE,N/A,N/A,N/A,0,0,0,0,0,0,FALSE,,0,,0
217321,Presidency College,Presidency College,217321,Active,University,India,Chennai Info City (Rotary),2024 - 2025,3233,Zone 5,Zone 5,15,No,No,FALSE,0,0,0,FALSE,TRUE,Rotaract President,2024 - 2025,N,0,0,0,0,0,0,FALSE,,0,,0
8824646,Prince Shri Balaji Arts & Science College,Prince Shri Balaji Arts & Science College,8824646,Active,University,India,Aarch City - Madras (Rotary),2022 - 2023,3233,Zone 5,Zone 5,9,No,No,FALSE,0,0,0,FALSE,TRUE,Rotaract President,N/A,N,0,0,0,0,0,0,FALSE,,0,,0
8823247,Prince Shri Venkateshwara Padmavathy Engineering College,Prince Shri Venkateshwara Padmavathy Engineering College,8823247,Active,University,India,Chennai Velachery (Rotary),2026 - 2027,3233,Zone 5,Zone 5,20,No,Yes,FALSE,0,0,0,FALSE,FALSE,N/A,N/A,N/A,0,0,0,0,0,0,FALSE,,0,,0
89368,Rajalakshmi Engineering College,Rajalakshmi Engineering College,89368,Active,University,India,Chennai K.K. Nagar (Rotary),2026 - 2027,3233,Zone 5,Zone 5,49,No,Yes,FALSE,0,0,0,FALSE,FALSE,N/A,N/A,N/A,0,0,0,0,0,0,FALSE,,0,,0
215141,Rajalakshmi Institute of Technology,Rajalakshmi Institute of Technology,215141,Active,University,India,Chennai Gateway (Rotary),2026 - 2027,3233,Zone 5,Zone 5,51,No,Yes,FALSE,0,0,0,FALSE,FALSE,N/A,N/A,N/A,0,0,0,0,0,0,FALSE,,0,,0
54239,R.K.M. Vivekananda College,R.K.M. Vivekananda College,54239,Active,University,India,Madras-T. Nagar (Rotary),2026 - 2027,3233,Zone 5,Zone 5,70,No,Yes,FALSE,0,0,0,FALSE,FALSE,N/A,N/A,N/A,0,0,0,0,0,0,FALSE,,0,,0
213826,Sahas,Sahas,213826,Active,Community,India,Chennai Chola (Rotary),2026 - 2027,3233,Zone 5,Zone 5,31,No,Yes,FALSE,0,0,0,FALSE,FALSE,N/A,N/A,N/A,0,0,0,0,0,0,FALSE,,0,,1
213070,Sathyabama University,Sathyabama University,213070,Active,University,India,Madras Temple City (Rotary),2024 - 2025,3233,Zone 5,Zone 5,32,No,No,FALSE,0,0,0,FALSE,TRUE,Rotaract President,2024 - 2025,N,0,0,0,0,0,0,FALSE,,0,,0
8827016,Saveetha College of Allied Health Sciences,Saveetha College of Allied Health Sciences,8827016,Active,University,India,Madras-T. Nagar (Rotary),2025 - 2026,3233,Zone 5,Zone 5,16,Yes,No,TRUE,8496,88.5,8496,TRUE,TRUE,Rotaract President,2025 - 2026,N,0,0,0,0,0,0,FALSE,,0,,0
8826855,Saveetha College of Nursing,Saveetha College of Nursing,8826855,Active,University,India,Chennai Sneham (Rotary),2025 - 2026,3233,Zone 5,Zone 5,59,Yes,No,TRUE,35895,373.91,35895,TRUE,TRUE,Rotaract President,2025 - 2026,N,0,0,0,0,0,0,FALSE,,0,,0
215126,Saveetha College of Physiotherapy,Saveetha College of Physiotherapy,215126,Active,University,India,Chennai Towers (Rotary),2026 - 2027,3233,Zone 5,Zone 5,46,No,Yes,FALSE,0,0,0,FALSE,FALSE,N/A,N/A,N/A,0,0,0,0,0,0,FALSE,,0,,0
214761,Saveetha Medical College,Saveetha Medical College,214761,Active,University,India,Guindy (Rotary),2026 - 2027,3233,Zone 5,Zone 5,24,No,Yes,FALSE,0,0,0,FALSE,FALSE,N/A,N/A,N/A,0,0,0,0,0,0,FALSE,,0,,0
8827244,Saveetha School of Law,Saveetha School of Law,8827244,Active,University,India,Guindy (Rotary),2025 - 2026,3233,Zone 5,Zone 5,35,Yes,No,TRUE,18585,193.59,18585,TRUE,TRUE,Rotaract President,2025 - 2026,N,0,0,0,0,0,0,FALSE,,0,,0
83600,Shree Chandraprabhu Jain College,Shree Chandraprabhu Jain College,83600,Active,University,India,Madras Esplanade (Rotary),2026 - 2027,3233,Zone 5,Zone 5,15,Yes,No,TRUE,9212,95.96,9212,TRUE,TRUE,Rotaract President,2025 - 2026,N,0,0,0,0,0,0,FALSE,,0,,0
90990,Shri Krishnaswamy College For Women,Shri Krishnaswamy College For Women,90990,Active,University,India,Madras Esplanade (Rotary),2026 - 2027,3233,Zone 5,Zone 5,27,No,Yes,FALSE,0,0,0,FALSE,FALSE,N/A,N/A,N/A,0,0,0,0,0,0,FALSE,,0,,0
8828224,SIMATS Engineering,SIMATS Engineering,8828224,Active,University,India,Royapettah (Rotary),2026 - 2027,3233,Zone 5,Zone 5,51,No,Yes,FALSE,0,0,0,FALSE,FALSE,N/A,N/A,N/A,0,0,0,0,0,0,FALSE,,0,,0
8827143,Soka Ikeda College of Arts and Science for Women,Soka Ikeda College of Arts and Science for Women,8827143,Active,University,India,Aarch City - Madras (Rotary),2025 - 2026,3233,Zone 5,Zone 5,37,Yes,No,TRUE,13577,141.43,13577,TRUE,TRUE,Rotaract President,2025 - 2026,N,0,0,0,0,0,0,FALSE,,0,,0
8828242,Sree Balaji Dental College and Hospital,Sree Balaji Dental College and Hospital,8828242,Active,University,India,Madras Mid-Town (Rotary),2026 - 2027,3233,Zone 5,Zone 5,22,No,Yes,FALSE,0,0,0,FALSE,FALSE,N/A,N/A,N/A,0,0,0,0,0,0,FALSE,,0,,0
8824334,SRIHER,SRIHER,8824334,Active,University,India,Madras Porur (Rotary),2025 - 2026,3233,Zone 5,Zone 5,598,No,No,FALSE,0,0,0,FALSE,TRUE,Rotaract President,2025 - 2026,N,0,0,0,0,0,0,FALSE,,0,,0
8824953,Sri Kannika Parameswari College of Arts & Science,Sri Kannika Parameswari College of Arts & Science,8824953,Active,University,India,Madras Mid-Town (Rotary),2026 - 2027,3233,Zone 5,Zone 5,21,No,Yes,FALSE,0,0,0,FALSE,FALSE,N/A,N/A,N/A,0,0,0,0,0,0,FALSE,,0,,0
8827363,Sri Lalithambigai Medical College & Hospital,Sri Lalithambigai Medical College & Hospital,8827363,Active,University,India,Chennai Gemini (Rotary),2025 - 2026,3233,Zone 5,Zone 5,190,Yes,No,TRUE,100890,1050.94,100890,TRUE,TRUE,Rotaract President,2025 - 2026,N,0,0,0,0,0,0,FALSE,,0,,0
8828238,SRM IST FSH Ramapuram,SRM IST FSH Ramapuram,8828238,Active,University,India,Madras Centenary Commemoration (Rotary),2026 - 2027,3233,Zone 5,Zone 5,23,No,Yes,FALSE,0,0,0,FALSE,FALSE,N/A,N/A,N/A,0,0,0,0,0,0,FALSE,,0,,0
8826994,SRM IST FSH Vadapalani,SRM IST FSH Vadapalani,8826994,Active,University,India,Chennai Chola (Rotary),2025 - 2026,3233,Zone 5,Zone 5,9,No,No,FALSE,0,0,0,FALSE,TRUE,Rotaract President,2025 - 2026,N,0,0,0,0,0,0,FALSE,,0,,0
8824839,Stanley Medical College,Stanley Medical College,8824839,Active,University,India,Guindy (Rotary),2026 - 2027,3233,Zone 5,Zone 5,54,No,Yes,FALSE,0,0,0,FALSE,FALSE,N/A,N/A,N/A,0,0,0,0,0,0,FALSE,,0,,0
8827739,St. Peter's Institute of Higher Education and Research,St. Peter's Institute of Higher Education and Research,8827739,Active,University,India,Chennai Nolambur (Rotary),2026 - 2027,3233,Zone 5,Zone 5,22,No,Yes,FALSE,0,0,0,FALSE,FALSE,N/A,N/A,N/A,0,0,0,0,0,0,FALSE,,0,,0
8826335,Tagore College of Arts and Science,Tagore College of Arts and Science,8826335,Active,University,India,Madras Fort (Rotary),2024 - 2025,3233,Zone 5,Zone 5,14,No,No,FALSE,0,0,0,FALSE,TRUE,Rotaract President,2024 - 2025,N,0,0,0,0,0,0,FALSE,,0,,0
43149,Zenith,Zenith,43149,Active,Community,India,Madras North East (Rotary),2026 - 2027,3233,Zone 5,Zone 5,11,No,Yes,FALSE,0,0,0,FALSE,FALSE,N/A,N/A,N/A,0,0,0,0,0,0,FALSE,,0,,0
43250,A.C. Tech,A.C. Tech,43250,Active,University,India,Madras South (Rotary),2026 - 2027,3234,Zone 5,Zone 5,57,No,Yes,FALSE,0,0,0,FALSE,FALSE,N/A,N/A,N/A,0,0,0,0,0,0,FALSE,,0,,0
8827997,Agni College of Technology Chennai,Agni College of Technology Chennai,8827997,Active,University,India,Chennai Legends (Rotary),2026 - 2027,3234,Zone 5,Zone 5,22,No,Yes,FALSE,0,0,0,FALSE,FALSE,N/A,N/A,N/A,0,0,0,0,0,0,FALSE,,0,,0
8633,Ambattur,Ambattur,8633,Active,Community,India,Ambattur (Rotary),2026 - 2027,3234,Zone 5,Zone 5,58,No,Yes,FALSE,0,0,0,FALSE,FALSE,N/A,N/A,N/A,0,0,0,0,0,0,FALSE,,0,,0
8827837,AMET University,AMET University,8827837,Active,University,India,Madras Industrial City (Rotary),2026 - 2027,3234,Zone 5,Zone 5,50,No,Yes,FALSE,0,0,0,FALSE,FALSE,N/A,N/A,N/A,0,0,0,0,0,0,FALSE,,0,,0
8795,A.M. Jain College,A.M. Jain College,8795,Active,University,India,Madras Central (Rotary),2026 - 2027,3234,Zone 5,Zone 5,11,No,Yes,FALSE,0,0,0,FALSE,FALSE,N/A,N/A,N/A,0,0,0,0,0,0,FALSE,,0,,0
212849,A.M. Jain College - Shift II,A.M. Jain College - Shift II,212849,Active,University,India,Madras Central (Rotary),2026 - 2027,3234,Zone 5,Zone 5,56,No,Yes,FALSE,0,0,0,FALSE,FALSE,N/A,N/A,N/A,0,0,0,0,0,0,FALSE,,0,,0
8823302,Anna Adarsh College for Women,Anna Adarsh College for Women,8823302,Active,University,India,Anna Nagar Madras (Rotary),2026 - 2027,3234,Zone 5,Zone 5,22,No,Yes,FALSE,0,0,0,FALSE,FALSE,N/A,N/A,N/A,0,0,0,0,0,0,FALSE,,0,,0
47967,Asan Memorial College,Asan Memorial College,47967,Active,University,India,Madras South (Rotary),2024 - 2025,3234,Zone 5,Zone 5,15,Yes,No,TRUE,7965,82.97,7965,TRUE,TRUE,Rotaract President,2024 - 2025,N,0,0,0,0,0,0,FALSE,,0,,0
8827949,Asan Memorial College of Engineering and Technology,Asan Memorial College of Engineering and Technology,8827949,Active,University,India,Madras South (Rotary),2026 - 2027,3234,Zone 5,Zone 5,63,No,Yes,FALSE,0,0,0,FALSE,FALSE,N/A,N/A,N/A,0,0,0,0,0,0,FALSE,,0,,0
42575,Bhakthavatslam Memorial College for Women,Bhakthavatslam Memorial College for Women,42575,Active,University,India,Madras Industrial City (Rotary),2025 - 2026,3234,Zone 5,Zone 5,8,No,No,FALSE,0,0,0,FALSE,TRUE,Rotaract President,2025 - 2026,N,0,0,0,0,0,0,FALSE,,0,,0
68156,Chennai,Chennai,68156,Active,Community,India,Madras (Rotary),2026 - 2027,3234,Zone 5,Zone 5,34,No,Yes,FALSE,0,0,0,FALSE,FALSE,N/A,N/A,N/A,0,0,0,0,0,0,FALSE,,0,,0
8826045,Chennai Bliss,Chennai Bliss,8826045,Active,Community,India,Chennai Premier (Rotary),2026 - 2027,3234,Zone 5,Zone 5,15,No,Yes,FALSE,0,0,0,FALSE,FALSE,N/A,N/A,N/A,0,0,0,0,0,0,FALSE,,0,,0
8828544,Chennai Bullionaires,Chennai Bullionaires,8828544,Active,Community,India,Chennai Bullionaires (Rotary),2026 - 2027,3234,Zone 5,Zone 5,27,No,Yes,FALSE,0,0,0,FALSE,FALSE,N/A,N/A,N/A,0,0,0,0,0,0,FALSE,,0,,0
8826169,Chennai Dynamic Entrepreneurs,Chennai Dynamic Entrepreneurs,8826169,Active,Community,India,Chennai Dynamic (Rotary),2026 - 2027,3234,Zone 5,Zone 5,15,No,Yes,FALSE,0,0,0,FALSE,FALSE,N/A,N/A,N/A,0,0,0,0,0,0,FALSE,,0,,0
218396,Chennai Gems,Chennai Gems,218396,Active,Community,India,Chennai Gems (Rotary),2026 - 2027,3234,Zone 5,Zone 5,22,No,Yes,FALSE,0,0,0,FALSE,FALSE,N/A,N/A,N/A,0,0,0,0,0,0,FALSE,,0,,0
8825884,Chennai Genesis,Chennai Genesis,8825884,Active,Community,India,Chennai Sea View (Rotary); Chennai Thiruvanmiyur (Rotary),2026 - 2027,3234,Zone 5,Zone 5,15,No,Yes,FALSE,0,0,0,FALSE,FALSE,N/A,N/A,N/A,0,0,0,0,0,0,FALSE,,0,,0
8826475,Chennai Legends,Chennai Legends,8826475,Active,Community,India,Chennai Legends (Rotary),2026 - 2027,3234,Zone 5,Zone 5,33,No,Yes,FALSE,0,0,0,FALSE,FALSE,N/A,N/A,N/A,0,0,0,0,0,0,FALSE,,0,,0
8826900,Chennai Premier,Chennai Premier,8826900,Active,Community,India,Chennai Premier (Rotary),2026 - 2027,3234,Zone 5,Zone 5,15,No,Yes,FALSE,0,0,0,FALSE,FALSE,N/A,N/A,N/A,0,0,0,0,0,0,FALSE,,0,,0
91154,Coastal Legacy,Coastal Legacy,91154,Active,Community,India,Chennai Coastal (Rotary),2026 - 2027,3234,Zone 5,Zone 5,32,No,Yes,FALSE,0,0,0,FALSE,FALSE,N/A,N/A,N/A,0,0,0,0,0,0,FALSE,,0,,0
76069,"College of Engineering, Guindy (CEG)","College of Engineering, Guindy (CEG)",76069,Active,University,India,Madras South (Rotary),2024 - 2025,3234,Zone 5,Zone 5,13,No,No,FALSE,0,0,0,FALSE,TRUE,Rotaract President,2024 - 2025,N,0,0,0,0,0,0,FALSE,,0,,0
8824100,D.G. Vaishnav College,D.G. Vaishnav College,8824100,Active,University,India,Madras Southwest (Rotary),2026 - 2027,3234,Zone 5,Zone 5,11,No,Yes,FALSE,0,0,0,FALSE,FALSE,N/A,N/A,N/A,0,0,0,0,0,0,FALSE,,0,,0
82330,Dhanalakshmi College of Engineering,Dhanalakshmi College of Engineering,82330,Active,University,India,Madras Nungambakkam (Rotary),2026 - 2027,3234,Zone 5,Zone 5,36,No,Yes,FALSE,0,0,0,FALSE,FALSE,N/A,N/A,N/A,0,0,0,0,0,0,FALSE,,0,,0
89009,"D.R.B.C.C.C. Hindu College, Pittabiram","D.R.B.C.C.C. Hindu College, Pittabiram",89009,Active,University,India,Anna Nagar Madras (Rotary),2026 - 2027,3234,Zone 5,Zone 5,11,No,Yes,FALSE,0,0,0,FALSE,FALSE,N/A,N/A,N/A,0,0,0,0,0,0,FALSE,,0,,0
8823909,Dream Home,Dream Home,8823909,Active,Community,India,Chennai Mitra (Rotary),2026 - 2027,3234,Zone 5,Zone 5,15,No,Yes,FALSE,0,0,0,FALSE,FALSE,N/A,N/A,N/A,0,0,0,0,0,0,FALSE,,0,,0
212297,Drishti,Drishti,212297,Active,Community,India,Madras Coromandel (Rotary),2025 - 2026,3234,Zone 5,Zone 5,14,No,No,FALSE,0,0,0,FALSE,TRUE,Rotaract President,2025 - 2026,N,0,0,0,0,0,0,FALSE,,0,,0
81291,Dr. Mgr Janaki College for Women,Dr. Mgr Janaki College for Women,81291,Active,University,India,Madras Coromandel (Rotary),2026 - 2027,3234,Zone 5,Zone 5,20,No,No,FALSE,0,0,0,FALSE,TRUE,Rotaract President,2025 - 2026,N,0,0,0,0,0,0,FALSE,,0,,0
43828,Ethiraj College for Women,Ethiraj College for Women,43828,Active,University,India,Madras Chenna Patna (Rotary),2026 - 2027,3234,Zone 5,Zone 5,28,No,Yes,FALSE,0,0,0,FALSE,FALSE,N/A,N/A,N/A,0,0,0,0,0,0,FALSE,,0,,0
217925,GSS Jain College,GSS Jain College,217925,Active,University,India,Madras (Rotary),2024 - 2025,3234,Zone 5,Zone 5,18,Yes,No,TRUE,9558,99.56,9558,TRUE,TRUE,Rotaract President,2024 - 2025,N,0,0,0,0,0,0,FALSE,,0,,0
215819,Jeppiaar Engineering College,Jeppiaar Engineering College,215819,Active,University,India,Madras (Rotary),2026 - 2027,3234,Zone 5,Zone 5,27,No,Yes,FALSE,0,0,0,FALSE,FALSE,N/A,N/A,N/A,0,0,0,0,0,0,FALSE,,0,,0
8825677,Jeppiaar University,Jeppiaar University,8825677,Active,University,India,Madras (Rotary),2026 - 2027,3234,Zone 5,Zone 5,18,No,Yes,FALSE,0,0,0,FALSE,FALSE,N/A,N/A,N/A,0,0,0,0,0,0,FALSE,,0,,0
215143,Jerusalem College of Engineering,Jerusalem College of Engineering,215143,Active,University,India,Chennai Golden Star (Rotary),2026 - 2027,3234,Zone 5,Zone 5,113,No,Yes,FALSE,0,0,0,FALSE,FALSE,N/A,N/A,N/A,0,0,0,0,0,0,FALSE,,0,,0
8826219,Kings Cornerstone International,Kings Cornerstone International,8826219,Active,University,India,Chennai ECR (Rotary),2025 - 2026,3234,Zone 5,Zone 5,21,No,No,FALSE,0,0,0,FALSE,TRUE,Rotaract President,2025 - 2026,N,0,0,0,0,0,0,FALSE,,0,,0
8827030,Kumararani Meena Muthiah College of Arts and Science Adyar,Kumararani Meena Muthiah College of Arts and Science Adyar,8827030,Active,University,India,Chennai Galaxy (Rotary),2025 - 2026,3234,Zone 5,Zone 5,14,Yes,No,TRUE,7434,77.44,7434,TRUE,TRUE,Rotaract President,2025 - 2026,N,0,0,0,0,0,0,FALSE,,0,,0
8824845,Loyola College,Loyola College,8824845,Active,University,India,Madras (Rotary),2026 - 2027,3234,Zone 5,Zone 5,16,No,Yes,FALSE,0,0,0,FALSE,FALSE,N/A,N/A,N/A,0,0,0,0,0,0,FALSE,,0,,0
215829,Madras,Madras,215829,Active,Community,India,Madras (Rotary),2026 - 2027,3234,Zone 5,Zone 5,33,No,Yes,FALSE,0,0,0,FALSE,FALSE,N/A,N/A,N/A,0,0,0,0,0,0,FALSE,,0,,0
75856,Madras Central,Madras Central,75856,Active,Community,India,Madras Central (Rotary),2026 - 2027,3234,Zone 5,Zone 5,40,No,Yes,FALSE,0,0,0,FALSE,FALSE,N/A,N/A,N/A,10.53,10.53,0,0,0,0,FALSE,,0,,0
8827320,Madras East,Madras East,8827320,Active,Community,India,Madras East (Rotary),2026 - 2027,3234,Zone 5,Zone 5,36,No,Yes,FALSE,0,0,0,FALSE,FALSE,N/A,N/A,N/A,0,0,0,0,0,0,FALSE,,0,,0
8827839,Madras Gold Coast,Madras Gold Coast,8827839,Active,Community,India,Madras Gold Coast (Rotary),2026 - 2027,3234,Zone 5,Zone 5,32,No,Yes,FALSE,0,0,0,FALSE,FALSE,N/A,N/A,N/A,0,0,0,0,0,0,FALSE,,0,,0
8825641,Madras Knights,Madras Knights,8825641,Active,Community,India,Madras South (Rotary),2026 - 2027,3234,Zone 5,Zone 5,11,Yes,Yes,TRUE,2070,21.56,2070,FALSE,FALSE,N/A,N/A,N/A,0,0,0,0,0,0,FALSE,,0,,0
8824029,Madras Millennia,Madras Millennia,8824029,Active,Community,India,Chennai Hallmark (Rotary),2026 - 2027,3234,Zone 5,Zone 5,19,No,Yes,FALSE,0,0,0,FALSE,FALSE,N/A,N/A,N/A,0,0,0,0,0,0,FALSE,,0,,0
8827546,Madras Rhythms,Madras Rhythms,8827546,Active,Community,India,Chennai Premier (Rotary),2026 - 2027,3234,Zone 5,Zone 5,20,No,Yes,FALSE,0,0,0,FALSE,FALSE,N/A,N/A,N/A,0,0,0,0,0,0,FALSE,,0,,0
8827474,Madras Steps,Madras Steps,8827474,Active,Community,India,Chennai Sagar (Rotary),2026 - 2027,3234,Zone 5,Zone 5,16,No,Yes,FALSE,0,0,0,FALSE,FALSE,N/A,N/A,N/A,0,0,0,0,0,0,FALSE,,0,,0
217073,Mahalakshmi College of Arts and Science,Mahalakshmi College of Arts and Science,217073,Active,University,India,Chennai Bharathi (Rotary),2023 - 2024,3234,Zone 5,Zone 5,3,Yes,No,TRUE,4831,50.32,4831,FALSE,TRUE,Rotaract President,N/A,N,0,0,0,0,0,0,FALSE,,0,,0
8826872,Mohamed Sathak College of Arts and Science,Mohamed Sathak College of Arts and Science,8826872,Active,University,India,Chennai Upscale (Rotary),2025 - 2026,3234,Zone 5,Zone 5,27,Yes,No,TRUE,14337,149.34,14337,TRUE,TRUE,Rotaract President,2025 - 2026,N,0,0,0,0,0,0,FALSE,,0,,0
47185,M.O.P. Vaishnav College for Women,M.O.P. Vaishnav College for Women,47185,Active,University,India,Madras Central (Rotary),2026 - 2027,3234,Zone 5,Zone 5,15,No,Yes,FALSE,0,0,0,FALSE,FALSE,N/A,N/A,N/A,0,0,0,0,0,0,FALSE,,0,,0
8827554,Nanganallur Elite,Nanganallur Elite,8827554,Active,Community,India,Nanganallur Elite (Rotary),2026 - 2027,3234,Zone 5,Zone 5,12,No,Yes,FALSE,0,0,0,FALSE,FALSE,N/A,N/A,N/A,0,0,0,0,0,0,FALSE,,0,,0
8703,New College,New College,8703,Active,University,India,Madras (Rotary),2026 - 2027,3234,Zone 5,Zone 5,16,No,Yes,FALSE,0,0,0,FALSE,FALSE,N/A,N/A,N/A,0,0,0,0,0,0,FALSE,,0,,0
8823322,Panimalar Medical College,Panimalar Medical College,8823322,Active,University,India,Chennai Carnatic (Rotary),2022 - 2023,3234,Zone 5,Zone 5,2,Yes,No,TRUE,4035,42.03,4035,FALSE,TRUE,Rotaract President,N/A,N,0,0,0,0,0,0,FALSE,,0,,0
8826109,Prince Shri Venkateshwara Arts and Science College,Prince Shri Venkateshwara Arts and Science College,8826109,Active,University,India,Madras Coromandel (Rotary),2026 - 2027,3234,Zone 5,Zone 5,41,No,Yes,FALSE,0,0,0,FALSE,FALSE,N/A,N/A,N/A,0,0,0,0,0,0,FALSE,,0,,0
8824498,S.A. College of Arts & Science,S.A. College of Arts & Science,8824498,Active,University,India,Ambattur (Rotary),2026 - 2027,3234,Zone 5,Zone 5,45,No,Yes,FALSE,0,0,0,FALSE,FALSE,N/A,N/A,N/A,0,0,0,0,0,0,FALSE,,0,,0
8824066,SAGAA,SAGAA,8824066,Active,Community,India,Chennai Mitra (Rotary),2026 - 2027,3234,Zone 5,Zone 5,20,No,Yes,FALSE,0,0,0,FALSE,FALSE,N/A,N/A,N/A,0,0,0,0,0,0,FALSE,,0,,0
216757,Saveetha School of Management,Saveetha School of Management,216757,Active,University,India,Chennai Mitra (Rotary),2026 - 2027,3234,Zone 5,Zone 5,14,No,Yes,FALSE,0,0,0,FALSE,FALSE,N/A,N/A,N/A,0,0,0,0,0,0,FALSE,,0,,0
215818,SDNB Vaishnav College,SDNB Vaishnav College,215818,Active,University,India,Madras (Rotary),2026 - 2027,3234,Zone 5,Zone 5,40,No,Yes,FALSE,0,0,0,FALSE,FALSE,N/A,N/A,N/A,0,0,0,0,0,0,FALSE,,0,,0
218488,S.I.V.E.T. College,S.I.V.E.T. College,218488,Active,University,India,Madras Pallava (Rotary),2026 - 2027,3234,Zone 5,Zone 5,13,No,Yes,FALSE,0,0,0,FALSE,FALSE,N/A,N/A,N/A,0,0,0,0,0,0,FALSE,,0,,0
89353,Spectrum,Spectrum,89353,Active,Community,India,Chennai Galaxy (Rotary),2026 - 2027,3234,Zone 5,Zone 5,18,No,Yes,FALSE,0,0,0,FALSE,FALSE,N/A,N/A,N/A,0,0,0,0,0,0,FALSE,,0,,0
8827737,Sree Muthukumaraswamy College,Sree Muthukumaraswamy College,8827737,Active,University,India,Chennai Green City (Rotary),2026 - 2027,3234,Zone 5,Zone 5,30,Yes,Yes,TRUE,15930,165.94,15930,TRUE,FALSE,N/A,N/A,N/A,0,0,0,0,0,0,FALSE,,0,,0
218487,Sri Venkateswara College of Engineering,Sri Venkateswara College of Engineering,218487,Active,University,India,Madras Pallava (Rotary),2026 - 2027,3234,Zone 5,Zone 5,7,No,Yes,FALSE,0,0,0,FALSE,FALSE,N/A,N/A,N/A,0,0,0,0,0,0,FALSE,,0,,0
47223,S.R.M. Easwari Engineering College,S.R.M. Easwari Engineering College,47223,Active,University,India,Chennai Mambalam (Rotary),2026 - 2027,3234,Zone 5,Zone 5,21,No,Yes,FALSE,0,0,0,FALSE,FALSE,N/A,N/A,N/A,0,0,0,0,0,0,FALSE,,0,,0
217500,SRMKTR,SRMKTR,217500,Active,University,India,Meenambakkam (Rotary),2026 - 2027,3234,Zone 5,Zone 5,38,No,Yes,FALSE,0,0,0,FALSE,FALSE,N/A,N/A,N/A,0,0,0,0,0,0,FALSE,,0,,0
72847,S.S. Jain College for Women,S.S. Jain College for Women,72847,Active,University,India,Madras Central (Rotary),2024 - 2025,3234,Zone 5,Zone 5,16,Yes,No,TRUE,8496,88.5,8496,TRUE,TRUE,Rotaract President,2024 - 2025,N,0,0,0,0,0,0,FALSE,,0,,0
8826472,St. Anne’s Arts and Science College,St. Anne’s Arts and Science College,8826472,Active,University,India,Chennai Madhavaram (Rotary),2025 - 2026,3234,Zone 5,Zone 5,35,Yes,No,TRUE,18585,193.59,18585,TRUE,TRUE,Rotaract President,2025 - 2026,N,0,0,0,0,0,0,FALSE,,0,,0
91054,Stella Maris Chennai,Stella Maris Chennai,91054,Active,University,India,Madras East (Rotary),2026 - 2027,3234,Zone 5,Zone 5,22,No,Yes,FALSE,0,0,0,FALSE,FALSE,N/A,N/A,N/A,0,0,0,0,0,0,FALSE,,0,,0
8826220,Tagore Dental College and Hospital,Tagore Dental College and Hospital,8826220,Active,University,India,Madras Industrial City (Rotary),2026 - 2027,3234,Zone 5,Zone 5,30,No,Yes,FALSE,0,0,0,FALSE,FALSE,N/A,N/A,N/A,0,0,0,0,0,0,FALSE,,0,,0
8825732,Tamil Nadu Dr. Ambedkar Law University,Tamil Nadu Dr. Ambedkar Law University,8825732,Active,University,India,Chennai Legends (Rotary),2026 - 2027,3234,Zone 5,Zone 5,12,No,Yes,FALSE,0,0,0,FALSE,FALSE,N/A,N/A,N/A,0,0,0,0,0,0,FALSE,,0,,0
8827456,TJS College of Arts and Science,TJS College of Arts and Science,8827456,Active,University,India,Gummidipoondi Industrial City (Rotary),2026 - 2027,3234,Zone 5,Zone 5,19,No,Yes,FALSE,0,0,0,FALSE,FALSE,N/A,N/A,N/A,0,0,0,0,0,0,FALSE,,0,,0
217044,"VELS Institute of Science, Technology & Advanced Studies","VELS Institute of Science, Technology & Advanced Studies",217044,Active,University,India,Chennai Golden Star (Rotary),2026 - 2027,3234,Zone 5,Zone 5,31,No,Yes,FALSE,0,0,0,FALSE,FALSE,N/A,N/A,N/A,0,0,0,0,0,0,FALSE,,0,,0
8827549,Vepery,Vepery,8827549,Active,Community,India,Madras (Rotary),2026 - 2027,3234,Zone 5,Zone 5,14,No,Yes,FALSE,0,0,0,FALSE,FALSE,N/A,N/A,N/A,0,0,0,0,0,0,FALSE,,0,,0
217926,Vinayaka Missions Research Foundations Chennai,Vinayaka Missions Research Foundations Chennai,217926,Active,University,India,Madras (Rotary),2026 - 2027,3234,Zone 5,Zone 5,7,No,Yes,FALSE,0,0,0,FALSE,FALSE,N/A,N/A,N/A,0,0,0,0,0,0,FALSE,,0,,0
46323,Vishwahita,Vishwahita,46323,Active,Community,India,Madras Industrial City (Rotary),2026 - 2027,3234,Zone 5,Zone 5,27,No,Yes,FALSE,0,0,0,FALSE,FALSE,N/A,N/A,N/A,0,0,0,0,0,0,FALSE,,0,,0
217223,VIT (Chennai Campus),VIT (Chennai Campus),217223,Active,University,India,Chennai Spotlight (Rotary),2026 - 2027,3234,Zone 5,Zone 5,104,No,Yes,FALSE,0,0,0,FALSE,FALSE,N/A,N/A,N/A,0,0,0,0,0,0,FALSE,,0,,0
42574,Womens Christian College,Womens Christian College,42574,Active,University,India,Madras Metro (Rotary),2026 - 2027,3234,Zone 5,Zone 5,34,No,Yes,FALSE,0,0,0,FALSE,FALSE,N/A,N/A,N/A,0,0,0,0,0,0,FALSE,,0,,0
8826635,YMCA College of Physical Education,YMCA College of Physical Education,8826635,Active,University,India,Madras East (Rotary),2025 - 2026,3234,Zone 5,Zone 5,15,No,No,FALSE,0,0,0,FALSE,TRUE,Rotaract President,2025 - 2026,N,0,0,0,0,0,0,FALSE,,0,,0
8826989,Youth Organ Donation Awareness (YODA),Youth Organ Donation Awareness (YODA),8826989,Active,Community,India,Organ Donation (Rotary),2025 - 2026,3234,Zone 5,Zone 5,13,No,No,FALSE,0,0,0,FALSE,TRUE,Rotaract President,2025 - 2026,N,0,0,0,0,0,0,FALSE,,0,,0
8827326,Aerocity Durgapur,Aerocity Durgapur,8827326,Active,Community,India,Aerocity Durgapur (Rotary),2026 - 2027,3240,Zone 6,Zone 6,6,Yes,Yes,TRUE,8496,88.5,8496,TRUE,FALSE,N/A,N/A,N/A,0,0,0,0,0,0,FALSE,,0,,0
8828197,Agartala,Agartala,8828197,Active,Community,India,Agartala (Rotary),2026 - 2027,3240,Zone 6,Zone 6,18,No,Yes,FALSE,0,0,0,FALSE,FALSE,N/A,N/A,N/A,0,0,0,0,0,0,FALSE,,0,,0
218465,Agartala Central,Agartala Central,218465,Active,Community,India,Agartala City (Rotary),2026 - 2027,3240,Zone 6,Zone 6,26,No,Yes,FALSE,0,0,0,FALSE,FALSE,N/A,N/A,N/A,0,0,0,0,0,0,FALSE,,0,,0
8824901,Agartala City,Agartala City,8824901,Active,Community,India,Agartala Central (Rotaract); Agartala City (Rotary),2026 - 2027,3240,Zone 6,Zone 6,29,No,Yes,FALSE,0,0,0,FALSE,FALSE,N/A,N/A,N/A,0,0,0,0,0,0,FALSE,,0,,0
8828293,Agartala Medics,Agartala Medics,8828293,Active,Community,India,Agartala City (Rotary),2026 - 2027,3240,Zone 6,Zone 6,28,No,Yes,FALSE,0,0,0,FALSE,FALSE,N/A,N/A,N/A,0,0,0,0,0,0,FALSE,,0,,0
8827910,Agartala Nexus,Agartala Nexus,8827910,Active,Community,India,Agartala City (Rotaract); Agartala City (Rotary),2026 - 2027,3240,Zone 6,Zone 6,13,No,Yes,FALSE,0,0,0,FALSE,FALSE,N/A,N/A,N/A,0,0,0,0,0,0,FALSE,,0,,0
215698,Agnigarh,Agnigarh,215698,Active,Community,India,Tezpur (Rotary),2026 - 2027,3240,Zone 6,Zone 6,6,No,Yes,FALSE,0,0,0,FALSE,FALSE,N/A,N/A,N/A,0,0,0,0,0,0,FALSE,,0,,0
8827686,AK Chanda Law College Silchar,AK Chanda Law College Silchar,8827686,Active,University,India,Silchar (Rotary),2026 - 2027,3240,Zone 6,Zone 6,24,Yes,Yes,TRUE,12744,132.75,12744,TRUE,FALSE,N/A,N/A,N/A,0,0,0,0,0,0,FALSE,,0,,0
212299,Asansol,Asansol,212299,Active,Community,India,Asansol (Rotary),2026 - 2027,3240,Zone 6,Zone 6,14,No,Yes,FALSE,0,0,0,FALSE,FALSE,N/A,N/A,N/A,0,0,0,0,0,0,FALSE,,0,,0
8828396,Aspiring Agartala,Aspiring Agartala,8828396,Active,Community,India,Aspiring Agartala (Rotary),2026 - 2027,3240,Zone 6,Zone 6,20,No,Yes,FALSE,0,0,0,FALSE,FALSE,N/A,N/A,N/A,0,0,0,0,0,0,FALSE,,0,,0
218325,Bolpur-Santiniketan,Bolpur-Santiniketan,218325,Active,Community,India,Bolpur-Santiniketan (Rotary),2026 - 2027,3240,Zone 6,Zone 6,18,No,Yes,FALSE,0,0,0,FALSE,FALSE,N/A,N/A,N/A,0,0,0,0,0,0,FALSE,,0,,0
218729,Bongaigaon,Bongaigaon,218729,Active,Community,India,Bongaigaon (Rotary),2024 - 2025,3240,Zone 6,Zone 6,8,No,No,FALSE,0,0,0,FALSE,TRUE,Rotaract President,2024 - 2025,N,0,0,0,0,0,0,FALSE,,0,,0
8823905,Burdwan,Burdwan,8823905,Active,Community,India,Burdwan (Rotary),2025 - 2026,3240,Zone 6,Zone 6,9,Yes,No,TRUE,8074,84.1,8074,TRUE,TRUE,Rotaract President,2025 - 2026,N,0,0,0,0,0,0,FALSE,,0,,0
8827959,Cachar College Silchar,Cachar College Silchar,8827959,Active,University,India,Silchar (Rotary),2026 - 2027,3240,Zone 6,Zone 6,20,No,Yes,FALSE,0,0,0,FALSE,FALSE,N/A,N/A,N/A,0,0,0,0,0,0,FALSE,,0,,0
8827942,Cotton University,Cotton University,8827942,Active,University,India,Guwahati Metro (Rotary),2026 - 2027,3240,Zone 6,Zone 6,16,No,Yes,FALSE,0,0,0,FALSE,FALSE,N/A,N/A,N/A,0,0,0,0,0,0,FALSE,,0,,0
216607,Dharmanagar,Dharmanagar,216607,Active,Community,India,Dharmanagar (Rotary),2026 - 2027,3240,Zone 6,Zone 6,27,No,Yes,FALSE,0,0,0,FALSE,FALSE,N/A,N/A,N/A,0,0,0,0,0,0,FALSE,,0,,1
218554,Dibrugarh,Dibrugarh,218554,Active,Community,India,Dibrugarh (Rotary),2025 - 2026,3240,Zone 6,Zone 6,13,No,No,FALSE,0,0,0,FALSE,TRUE,Rotaract President,2025 - 2026,N,0,0,0,0,0,0,FALSE,,0,,0
213179,Digboi Oil Town,Digboi Oil Town,213179,Active,Community,India,Digboi (Rotary),2024 - 2025,3240,Zone 6,Zone 6,5,Yes,No,TRUE,8307,86.53,8307,TRUE,TRUE,Rotaract President,2024 - 2025,N,0,0,0,0,0,0,FALSE,,0,,0
8845,Dimapur,Dimapur,8845,Active,Community,India,Dimapur (Rotary),2024 - 2025,3240,Zone 6,Zone 6,11,No,No,FALSE,0,0,0,FALSE,TRUE,Rotaract President,2024 - 2025,N,0,0,0,0,0,0,FALSE,,0,,0
8826074,"D R College, Golaghat","D R College, Golaghat",8826074,Active,University,India,Golaghat (Rotary),2024 - 2025,3240,Zone 6,Zone 6,20,No,No,FALSE,0,0,0,FALSE,TRUE,Rotaract President,2024 - 2025,N,0,0,0,0,0,0,FALSE,,0,,0
217624,DSMS College,DSMS College,217624,Active,University,India,Durgapur Smart City (Rotary),2026 - 2027,3240,Zone 6,Zone 6,33,No,Yes,FALSE,0,0,0,FALSE,FALSE,N/A,N/A,N/A,0,0,0,0,0,0,FALSE,,0,,0
8825991,Durgapur Central Presidency,Durgapur Central Presidency,8825991,Active,Community,India,Durgapur Central (Rotary),2026 - 2027,3240,Zone 6,Zone 6,10,No,Yes,FALSE,0,0,0,FALSE,FALSE,N/A,N/A,N/A,0,0,0,0,0,0,FALSE,,0,,0
8828373,Eastern Highlands,Eastern Highlands,8828373,Active,Community,India,Gauhati South (Rotary),2026 - 2027,3240,Zone 6,Zone 6,13,No,Yes,FALSE,0,0,0,FALSE,FALSE,N/A,N/A,N/A,0,0,0,0,0,0,FALSE,,0,,0
8828460,E-Club of Northeast Catalyst,E-Club of Northeast Catalyst,8828460,Active,Community,India,Northeast Catalyst (Rotary),2026 - 2027,3240,Zone 6,Zone 6,12,No,Yes,FALSE,0,0,0,FALSE,FALSE,N/A,N/A,N/A,0,0,0,0,0,0,FALSE,,0,,0
212844,Gangtok Hills,Gangtok Hills,212844,Active,Community,India,Gangtok South (Rotary),2026 - 2027,3240,Zone 6,Zone 6,11,No,Yes,FALSE,0,0,0,FALSE,FALSE,N/A,N/A,N/A,0,0,0,0,0,0,FALSE,,0,,1
215807,"G C College, Silchar","G C College, Silchar",215807,Active,University,India,Green Land Silchar (Rotary),2025 - 2026,3240,Zone 6,Zone 6,9,Yes,No,TRUE,10497,109.34,10497,TRUE,TRUE,Rotaract President,2025 - 2026,N,0,0,0,0,0,0,FALSE,,0,,0
8827785,Govt. Model College Borkhola,Govt. Model College Borkhola,8827785,Active,University,India,Silchar (Rotary),2026 - 2027,3240,Zone 6,Zone 6,15,No,No,FALSE,0,0,0,FALSE,TRUE,Rotaract President,2025 - 2026,N,0,0,0,0,0,0,FALSE,,0,,0
8827056,Greater Silchar,Greater Silchar,8827056,Active,Community,India,Greater Silchar (Rotary),2026 - 2027,3240,Zone 6,Zone 6,18,Yes,Yes,TRUE,17428,181.54,17428,TRUE,FALSE,N/A,N/A,N/A,0,0,0,0,0,0,FALSE,,0,,0
8827955,Greater Silchar Royals,Greater Silchar Royals,8827955,Active,Community,India,Greater Silchar (Rotary),2026 - 2027,3240,Zone 6,Zone 6,16,Yes,Yes,TRUE,13594,141.6,13594,TRUE,FALSE,N/A,N/A,N/A,0,0,0,0,0,0,FALSE,,0,,0
89870,Greater Tezpur,Greater Tezpur,89870,Active,Community,India,Greater Tezpur (Rotary),2025 - 2026,3240,Zone 6,Zone 6,19,Yes,No,TRUE,16783,174.82,16783,TRUE,TRUE,Rotaract President,2025 - 2026,N,0,0,0,0,0,0,FALSE,,0,,0
218462,Greater Tezpur City,Greater Tezpur City,218462,Active,Community,India,Greater Tezpur (Rotaract); Greater Tezpur (Rotary),2026 - 2027,3240,Zone 6,Zone 6,13,No,Yes,FALSE,0,0,0,FALSE,FALSE,N/A,N/A,N/A,0,0,0,0,0,0,FALSE,,0,,0
8825096,Hailakandi Green City,Hailakandi Green City,8825096,Active,Community,India,,2026 - 2027,3240,Zone 6,Zone 6,25,No,Yes,FALSE,0,0,0,FALSE,FALSE,N/A,N/A,N/A,10,0,0,10,0,0,FALSE,,0,,0
8824340,Imphal,Imphal,8824340,Active,Community,India,Imphal (Rotary),2024 - 2025,3240,Zone 6,Zone 6,12,Yes,No,TRUE,10195,106.2,10195,TRUE,TRUE,Rotaract President,2024 - 2025,N,0,0,0,0,0,0,FALSE,,0,,0
8827209,Kalabhumi Tezpur,Kalabhumi Tezpur,8827209,Active,Community,India,Greater Tezpur (Rotary); Greater Tezpur City (Rotaract),2025 - 2026,3240,Zone 6,Zone 6,7,Yes,No,TRUE,7939,82.7,7939,TRUE,TRUE,Rotaract President,2025 - 2026,N,0,0,0,0,0,0,FALSE,,0,,0
8826075,Malda Central,Malda Central,8826075,Active,Community,India,Malda Central (Rotary),2026 - 2027,3240,Zone 6,Zone 6,12,No,Yes,FALSE,0,0,0,FALSE,FALSE,N/A,N/A,N/A,0,0,0,0,0,0,FALSE,,0,,0
8826773,Mandir Nagari Udaipur,Mandir Nagari Udaipur,8826773,Active,Community,India,Agartala (Rotary),2025 - 2026,3240,Zone 6,Zone 6,12,No,No,FALSE,0,0,0,FALSE,TRUE,Rotaract President,2025 - 2026,N,0,0,0,0,0,0,FALSE,,0,,0
8819,Naharkatia,Naharkatia,8819,Active,Community,India,Naharkatia (Rotary),2026 - 2027,3240,Zone 6,Zone 6,12,No,Yes,FALSE,0,0,0,FALSE,FALSE,N/A,N/A,N/A,0,0,0,0,0,0,FALSE,,0,,0
218341,Namsai,Namsai,218341,Active,Community,India,Tinsukia (Rotaract),2024 - 2025,3240,Zone 6,Zone 6,7,Yes,No,TRUE,11970,124.69,11970,TRUE,TRUE,Rotaract President,2024 - 2025,N,0,0,0,0,0,0,FALSE,,0,,0
8827319,Nehru College,Nehru College,8827319,Active,University,India,Greater Silchar (Rotary),2025 - 2026,3240,Zone 6,Zone 6,11,Yes,No,TRUE,5841,60.84,5841,FALSE,TRUE,Rotaract President,2025 - 2026,N,0,0,0,0,0,0,FALSE,,0,,0
8825915,North Tripura,North Tripura,8825915,Active,Community,India,,2026 - 2027,3240,Zone 6,Zone 6,12,No,Yes,FALSE,0,0,0,FALSE,FALSE,N/A,N/A,N/A,0,0,0,0,0,0,FALSE,,0,,0
8827235,NSHM Knowledge Campus (Durgapur),NSHM Knowledge Campus (Durgapur),8827235,Active,University,India,Durgapur Smart City (Rotary),2026 - 2027,3240,Zone 6,Zone 6,7,No,Yes,FALSE,0,0,0,FALSE,FALSE,N/A,N/A,N/A,0,0,0,0,0,0,FALSE,,0,,0
8827517,Parbati Teacher's Training Institute (B.Ed. College),Parbati Teacher's Training Institute (B.Ed. College),8827517,Active,University,India,Asansol Greater (Rotary),2026 - 2027,3240,Zone 6,Zone 6,12,Yes,Yes,TRUE,6372,66.38,6372,FALSE,FALSE,N/A,N/A,N/A,0,0,0,0,0,0,FALSE,,0,,0
8828485,Patkai,Patkai,8828485,Active,Unknown,India,Tinsukia (Rotary),2026 - 2027,3240,Zone 6,Zone 6,16,No,Yes,FALSE,0,0,0,FALSE,FALSE,N/A,N/A,N/A,0,0,0,0,0,0,FALSE,,0,,0
8826728,Raniganj Institute of Information Technology,Raniganj Institute of Information Technology,8826728,Active,University,India,Raniganj (Rotary),2026 - 2027,3240,Zone 6,Zone 6,18,No,Yes,FALSE,0,0,0,FALSE,FALSE,N/A,N/A,N/A,0,0,0,0,0,0,FALSE,,0,,0
212386,Rongali Guwahati,Rongali Guwahati,212386,Active,Community,India,Gauhati West (Rotary),2026 - 2027,3240,Zone 6,Zone 6,5,No,Yes,FALSE,0,0,0,FALSE,FALSE,N/A,N/A,N/A,0,0,0,0,0,0,FALSE,,0,,0
8827658,Shillong,Shillong,8827658,Active,Community,India,Shillong (Rotary),2026 - 2027,3240,Zone 6,Zone 6,12,No,Yes,FALSE,0,0,0,FALSE,FALSE,N/A,N/A,N/A,0,0,0,0,0,0,FALSE,,0,,0
54627,Silchar,Silchar,54627,Active,Community,India,Silchar (Rotary),2026 - 2027,3240,Zone 6,Zone 6,39,No,Yes,FALSE,0,0,0,FALSE,FALSE,N/A,N/A,N/A,0,0,0,0,0,0,FALSE,,0,,0
8828073,Silchar Harmony and Heritage,Silchar Harmony and Heritage,8828073,Active,Community,India,Silchar (Rotary),2026 - 2027,3240,Zone 6,Zone 6,12,No,Yes,FALSE,0,0,0,FALSE,FALSE,N/A,N/A,N/A,0,0,0,0,0,0,FALSE,,0,,0
216296,Silchar Medical College & Hospital,Silchar Medical College & Hospital,216296,Active,University,India,Green Land Silchar (Rotary),2025 - 2026,3240,Zone 6,Zone 6,5,Yes,No,TRUE,2655,27.66,2655,FALSE,TRUE,Rotaract President,2025 - 2026,N,0,0,0,0,0,0,FALSE,,0,,0
8827690,Silchar Med Visionaries,Silchar Med Visionaries,8827690,Active,Community,India,Silchar (Rotary),2026 - 2027,3240,Zone 6,Zone 6,12,No,No,FALSE,0,0,0,FALSE,TRUE,Rotaract President,2025 - 2026,N,0,0,0,0,0,0,FALSE,,0,,0
218656,Silchar Royals,Silchar Royals,218656,Active,Community,India,Green Land Silchar (Rotary),2025 - 2026,3240,Zone 6,Zone 6,5,Yes,No,TRUE,10528,109.67,10528,TRUE,TRUE,Rotaract President,2025 - 2026,N,0,0,0,0,0,0,FALSE,,0,,0
217260,Southfield College,Southfield College,217260,Active,University,India,Darjeeling (Rotary),2025 - 2026,3240,Zone 6,Zone 6,4,No,No,FALSE,0,0,0,FALSE,TRUE,Rotaract President,2025 - 2026,N,0,0,0,0,0,0,FALSE,,0,,0
214129,SRM University Sikkim,SRM University Sikkim,214129,Active,University,India,Gangtok (Rotary),2026 - 2027,3240,Zone 6,Zone 6,11,No,Yes,FALSE,0,0,0,FALSE,FALSE,N/A,N/A,N/A,0,0,0,0,0,0,FALSE,,0,,0
8827788,Tezpur,Tezpur,8827788,Active,Community,India,,2026 - 2027,3240,Zone 6,Zone 6,14,Yes,Yes,TRUE,11894,123.9,11894,TRUE,FALSE,N/A,N/A,N/A,0,0,0,0,0,0,FALSE,,0,,0
218331,Tinsukia,Tinsukia,218331,Active,Community,India,Tinsukia (Rotary),2024 - 2025,3240,Zone 6,Zone 6,10,Yes,No,TRUE,8496,88.5,8496,TRUE,TRUE,Rotaract President,2024 - 2025,N,0,0,0,0,0,0,FALSE,,0,,0
216693,Ukhra,Ukhra,216693,Active,Community,India,Ukhra (Rotary),2026 - 2027,3240,Zone 6,Zone 6,6,Yes,Yes,TRUE,11894,123.9,11894,TRUE,FALSE,N/A,N/A,N/A,0,0,0,0,0,0,FALSE,,0,,0
8828548,Amolwa,Amolwa,8828548,Active,Community,India,,2026 - 2027,3250,Zone 6,Zone 6,20,No,Yes,FALSE,0,0,0,FALSE,FALSE,N/A,N/A,N/A,0,0,0,0,0,0,TRUE,08-Jul-2026,20,,0
215146,Amrapali,Amrapali,215146,Active,Community,India,Amrapali Muzaffarpur (Rotary),2026 - 2027,3250,Zone 6,Zone 6,5,No,Yes,FALSE,0,0,0,FALSE,FALSE,N/A,N/A,N/A,0,0,0,0,0,0,FALSE,,0,,0
8826717,Arka Jain University (School of Commerce and Management),Arka Jain University (School of Commerce and Management),8826717,Active,University,India,Jamshedpur Steel City (Rotary),2026 - 2027,3250,Zone 6,Zone 6,6,No,Yes,FALSE,0,0,0,FALSE,FALSE,N/A,N/A,N/A,0,0,0,0,0,0,FALSE,,0,,0
216748,"B.ed Jamshedpur Co-operative College, Jsr","B.ed Jamshedpur Co-operative College, Jsr",216748,Active,University,India,Jamshedpur (Rotary),2021 - 2022,3250,Zone 6,Zone 6,4,Yes,No,TRUE,8071,84.07,8071,TRUE,TRUE,Rotaract President,2020 - 2021,N,0,0,0,0,0,0,FALSE,,0,,0
8827502,Bettiah Town,Bettiah Town,8827502,Active,Community,India,Bettiah Town (Rotary),2026 - 2027,3250,Zone 6,Zone 6,14,Yes,Yes,TRUE,11894,123.9,11894,TRUE,FALSE,N/A,N/A,N/A,0,0,0,0,0,0,FALSE,,0,,0
8827302,Birla Institute of Technology Ranchi,Birla Institute of Technology Ranchi,8827302,Active,University,India,Ranchi (Rotary),2025 - 2026,3250,Zone 6,Zone 6,13,Yes,No,TRUE,6903,71.91,6903,FALSE,TRUE,Rotaract President,2025 - 2026,N,0,0,0,0,0,0,FALSE,,0,,0
216248,BIT Sindri,BIT Sindri,216248,Active,University,India,Dhanbad (Rotary),2025 - 2026,3250,Zone 6,Zone 6,4,No,No,FALSE,0,0,0,FALSE,TRUE,Rotaract President,2025 - 2026,N,0,0,0,0,0,0,FALSE,,0,,0
8827766,Bodhgaya Heritage,Bodhgaya Heritage,8827766,Active,Community,India,Gaya Yuva (Rotary),2026 - 2027,3250,Zone 6,Zone 6,66,Yes,Yes,TRUE,55793,581.18,55793,TRUE,FALSE,N/A,N/A,N/A,0,0,0,0,0,0,FALSE,,0,,0
90712,Buxar,Buxar,90712,Active,Community,India,Buxar (Rotary),2026 - 2027,3250,Zone 6,Zone 6,9,No,Yes,FALSE,0,0,0,FALSE,FALSE,N/A,N/A,N/A,0,0,0,0,0,0,FALSE,,0,,0
8991,Chaibasa,Chaibasa,8991,Active,Community,India,Chaibassa (Rotary),2026 - 2027,3250,Zone 6,Zone 6,24,No,Yes,FALSE,0,0,0,FALSE,FALSE,N/A,N/A,N/A,0,0,0,0,0,0,FALSE,,0,,0
216880,DBMS College of Education,DBMS College of Education,216880,Active,University,India,Jamshedpur Femina (Rotary),2026 - 2027,3250,Zone 6,Zone 6,6,No,Yes,FALSE,0,0,0,FALSE,FALSE,N/A,N/A,N/A,0,0,0,0,0,0,FALSE,,0,,0
218419,Dhanbad Midtown,Dhanbad Midtown,218419,Active,Community,India,Dhanbad Midtown (Rotary),2024 - 2025,3250,Zone 6,Zone 6,3,Yes,No,TRUE,4984,51.92,4984,FALSE,TRUE,Rotaract President,2024 - 2025,N,0,0,0,0,0,0,FALSE,,0,,0
8828525,"Dr. Shyama Prasad Mukherjee University,","Dr. Shyama Prasad Mukherjee University,",8828525,Active,University,India,Ranchi (Rotary),2026 - 2027,3250,Zone 6,Zone 6,28,No,Yes,FALSE,0,0,0,FALSE,FALSE,N/A,N/A,N/A,0,0,0,0,0,0,FALSE,,0,,0
8826495,Jamshedpur Green City,Jamshedpur Green City,8826495,Active,Community,India,Jamshedpur Steel City (Rotary),2026 - 2027,3250,Zone 6,Zone 6,12,No,Yes,FALSE,0,0,0,FALSE,FALSE,N/A,N/A,N/A,0,0,0,0,0,0,FALSE,,0,,0
8826862,Jamshedpur Humanitarians,Jamshedpur Humanitarians,8826862,Active,Community,India,Jamshedpur Mid Town (Rotary),2025 - 2026,3250,Zone 6,Zone 6,4,No,No,FALSE,0,0,0,FALSE,TRUE,Rotaract President,2025 - 2026,N,0,0,0,0,0,0,FALSE,,0,,0
8827545,Jamshedpur Sevarthah,Jamshedpur Sevarthah,8827545,Active,Community,India,Jamshedpur West (Rotary),2026 - 2027,3250,Zone 6,Zone 6,15,No,Yes,FALSE,0,0,0,FALSE,FALSE,N/A,N/A,N/A,0,0,0,0,0,0,FALSE,,0,,0
8827098,Jamshedpur Srinath University,Jamshedpur Srinath University,8827098,Active,University,India,Jamshedpur Femina (Rotary),2026 - 2027,3250,Zone 6,Zone 6,25,Yes,Yes,TRUE,13275,138.28,13275,TRUE,FALSE,N/A,N/A,N/A,0,0,0,0,0,0,FALSE,,0,,0
214782,Kalimati Jamshedpur,Kalimati Jamshedpur,214782,Active,Community,India,Jamshedpur Dalma (Rotary),2026 - 2027,3250,Zone 6,Zone 6,8,No,Yes,FALSE,0,0,0,FALSE,FALSE,N/A,N/A,N/A,0,0,0,0,0,0,FALSE,,0,,0
90505,Karim City College,Karim City College,90505,Active,University,India,Jamshedpur West (Rotary),2025 - 2026,3250,Zone 6,Zone 6,2,No,No,FALSE,0,0,0,FALSE,TRUE,Rotaract President,2025 - 2026,N,0,0,0,0,0,0,FALSE,,0,,0
8827274,Koderma Yuwa,Koderma Yuwa,8827274,Active,Community,India,Kodarma (Rotary),2026 - 2027,3250,Zone 6,Zone 6,21,Yes,Yes,TRUE,17842,185.85,17842,TRUE,FALSE,N/A,N/A,N/A,0,0,0,0,0,0,FALSE,,0,,0
8826001,MGM Medical College,MGM Medical College,8826001,Active,University,India,Jamshedpur East (Rotary),2025 - 2026,3250,Zone 6,Zone 6,37,Yes,No,TRUE,19647,204.66,19647,TRUE,TRUE,Rotaract President,2025 - 2026,N,0,0,0,0,0,0,FALSE,,0,,0
214802,Mrs. KMPM Vocational College,Mrs. KMPM Vocational College,214802,Active,University,India,Jamshedpur Dalma (Rotary),2026 - 2027,3250,Zone 6,Zone 6,9,No,Yes,FALSE,0,0,0,FALSE,FALSE,N/A,N/A,N/A,0,0,0,0,0,0,FALSE,,0,,0
91211,Muzaffarpur,Muzaffarpur,91211,Active,Community,India,Muzaffarpur (Rotary),2026 - 2027,3250,Zone 6,Zone 6,15,No,Yes,FALSE,0,0,0,FALSE,FALSE,N/A,N/A,N/A,302,2,300,0,0,0,FALSE,,0,,0
217786,Narkatiaganj,Narkatiaganj,217786,Active,Community,India,Narkatiyaganj (Rotary),2026 - 2027,3250,Zone 6,Zone 6,13,No,Yes,FALSE,0,0,0,FALSE,FALSE,N/A,N/A,N/A,0,0,0,0,0,0,FALSE,,0,,0
217659,Netaji Subhas University,Netaji Subhas University,217659,Active,University,India,Jamshedpur Steel City (Rotary),2026 - 2027,3250,Zone 6,Zone 6,14,No,Yes,FALSE,0,0,0,FALSE,FALSE,N/A,N/A,N/A,0,0,0,0,0,0,FALSE,,0,,0
8826983,Patna City,Patna City,8826983,Active,Community,India,Patna City (Rotary),2026 - 2027,3250,Zone 6,Zone 6,9,No,Yes,FALSE,0,0,0,FALSE,FALSE,N/A,N/A,N/A,0,0,0,0,0,0,FALSE,,0,,1
215494,Patna Mid-Town,Patna Mid-Town,215494,Active,Community,India,Patna Mid-Town (Rotary),2026 - 2027,3250,Zone 6,Zone 6,5,No,Yes,FALSE,0,0,0,FALSE,FALSE,N/A,N/A,N/A,0,0,0,0,0,0,FALSE,,0,,0
8826967,Patna Millennium,Patna Millennium,8826967,Active,Community,India,Patna Millennium (Rotary),2025 - 2026,3250,Zone 6,Zone 6,13,Yes,No,TRUE,11045,115.05,11045,TRUE,TRUE,Rotaract President,2025 - 2026,N,0,0,0,0,0,0,FALSE,,0,,0
8828547,Ranchi Elites,Ranchi Elites,8828547,Active,Community,India,,2026 - 2027,3250,Zone 6,Zone 6,10,No,Yes,FALSE,0,0,0,FALSE,FALSE,N/A,N/A,N/A,0,0,0,0,0,0,TRUE,08-Jul-2026,10,,0
90326,Ranchi ICWAI,Ranchi ICWAI,90326,Active,Community,India,Ranchi (Rotary),2025 - 2026,3250,Zone 6,Zone 6,9,Yes,No,TRUE,7646,79.65,7646,TRUE,TRUE,Rotaract President,2025 - 2026,N,0,0,0,0,0,0,FALSE,,0,,0
216638,R.B. Memorial School of Nursing,R.B. Memorial School of Nursing,216638,Active,University,India,Darbhanga Mid Town (Rotary),2026 - 2027,3250,Zone 6,Zone 6,3,No,Yes,FALSE,0,0,0,FALSE,FALSE,N/A,N/A,N/A,0,0,0,0,0,0,FALSE,,0,,0
8826666,Rising Ranchi,Rising Ranchi,8826666,Active,Community,India,Ranchi (Rotary),2025 - 2026,3250,Zone 6,Zone 6,13,Yes,No,TRUE,12611,131.36,12611,TRUE,TRUE,Rotaract President,2025 - 2026,N,0,0,0,0,0,0,FALSE,,0,,0
8826460,RK Mahila College,RK Mahila College,8826460,Active,University,India,Giridih (Rotary),2025 - 2026,3250,Zone 6,Zone 6,14,Yes,No,TRUE,7434,77.44,7434,TRUE,TRUE,Rotaract President,2025 - 2026,N,0,0,0,0,0,0,FALSE,,0,,0
8827351,Sarala Birla University Ranchi,Sarala Birla University Ranchi,8827351,Active,University,India,Ranchi (Rotary),2026 - 2027,3250,Zone 6,Zone 6,15,Yes,Yes,TRUE,7965,82.97,7965,TRUE,FALSE,N/A,N/A,N/A,0,0,0,0,0,0,FALSE,,0,,0
215178,Saran City,Saran City,215178,Active,Community,India,Saran (Rotary),2025 - 2026,3250,Zone 6,Zone 6,13,Yes,No,TRUE,10261,106.89,10261,TRUE,TRUE,Rotaract President,2025 - 2026,N,0,0,0,0,0,0,FALSE,,0,,0
214603,Social Revolution,Social Revolution,214603,Active,University,India,Ranchi Mid Town (Rotary),2025 - 2026,3250,Zone 6,Zone 6,17,No,No,FALSE,0,0,0,FALSE,TRUE,Rotaract President,2025 - 2026,N,0,0,0,0,0,0,FALSE,,0,,0
8828428,Srinath College of Education,Srinath College of Education,8828428,Active,University,India,Jamshedpur West (Rotary),2026 - 2027,3250,Zone 6,Zone 6,21,No,Yes,FALSE,0,0,0,FALSE,FALSE,N/A,N/A,N/A,0,0,0,0,0,0,FALSE,,0,,0
218138,Steel City,Steel City,218138,Active,Community,India,Jamshedpur Steel City (Rotary),2026 - 2027,3250,Zone 6,Zone 6,22,No,Yes,FALSE,0,0,0,FALSE,FALSE,N/A,N/A,N/A,0,0,0,0,0,0,FALSE,,0,,1
91569,St. Xavier's College,St. Xavier's College,91569,Active,University,India,Ranchi (Rotary),2026 - 2027,3250,Zone 6,Zone 6,15,No,Yes,FALSE,0,0,0,FALSE,FALSE,N/A,N/A,N/A,0,0,0,0,0,0,FALSE,,0,,0
216250,United Ranchi,United Ranchi,216250,Active,Community,India,Ranchi (Rotary),2026 - 2027,3250,Zone 6,Zone 6,20,No,Yes,FALSE,0,0,0,FALSE,FALSE,N/A,N/A,N/A,0,0,0,0,0,0,FALSE,,0,,0
8827364,Usha Martin University Ranchi,Usha Martin University Ranchi,8827364,Active,University,India,Ranchi (Rotary),2026 - 2027,3250,Zone 6,Zone 6,8,Yes,Yes,TRUE,4248,44.25,4248,FALSE,FALSE,N/A,N/A,N/A,0,0,0,0,0,0,FALSE,,0,,0
8826655,Vaishali,Vaishali,8826655,Active,Community,India,Patna Mid-Town (Rotary),2026 - 2027,3250,Zone 6,Zone 6,9,No,Yes,FALSE,0,0,0,FALSE,FALSE,N/A,N/A,N/A,0,0,0,0,0,0,FALSE,,0,,0
218105,Atoma,Atoma,218105,Active,Community,India,Balaghat Tigers (Rotary),2020 - 2021,3261,Zone 6,Zone 6,2,Yes,No,TRUE,6456,67.25,6456,FALSE,TRUE,Rotaract President,2020 - 2021,N,0,0,0,0,0,0,FALSE,,0,,0
8828585,Bhilai Greater,Bhilai Greater,8828585,Active,Community,India,Bhilai Greater (Rotary),2026 - 2027,3261,Zone 6,Zone 6,16,No,Yes,FALSE,0,0,0,FALSE,FALSE,N/A,N/A,N/A,0,0,0,0,0,0,TRUE,23-Jul-2026,16,,0
218176,Cogent College,Cogent College,218176,Active,University,India,Jabalpur South (Rotary),2019 - 2020,3261,Zone 6,Zone 6,1,Yes,No,TRUE,2018,21.02,2018,FALSE,TRUE,Rotaract President,2019 - 2020,N,0,0,0,0,0,0,FALSE,,0,,0
216874,"Gandhi Mahavidyalaya, Rourkela","Gandhi Mahavidyalaya, Rourkela",216874,Active,University,India,Rourkela Steel City (Rotary),2024 - 2025,3261,Zone 6,Zone 6,10,Yes,No,TRUE,5310,55.31,5310,FALSE,TRUE,Rotaract President,2024 - 2025,N,0,0,0,0,0,0,FALSE,,0,,0
8827763,Gayatri College of Pharmacy Sambalpur,Gayatri College of Pharmacy Sambalpur,8827763,Active,University,India,Sambalpur (Rotary),2026 - 2027,3261,Zone 6,Zone 6,15,Yes,Yes,TRUE,7965,82.97,7965,TRUE,FALSE,N/A,N/A,N/A,0,0,0,0,0,0,FALSE,,0,,0
216270,G.S. College,G.S. College,216270,Active,University,India,Jabalpur South (Rotary),2020 - 2021,3261,Zone 6,Zone 6,1,Yes,No,TRUE,2018,21.02,2018,FALSE,TRUE,Rotaract President,2020 - 2021,N,0,0,0,0,0,0,FALSE,,0,,0
8824860,Hrushikesh Ray Degree Mahavidyalaya Rourkela,Hrushikesh Ray Degree Mahavidyalaya Rourkela,8824860,Active,University,India,Rourkela Riverside (Rotary),2022 - 2023,3261,Zone 6,Zone 6,1,Yes,No,TRUE,2018,21.02,2018,FALSE,TRUE,Rotaract President,2022 - 2023,N,0,0,0,0,0,0,FALSE,,0,,0
217367,Jabalpur City,Jabalpur City,217367,Active,Community,India,Jabalpur West (Rotary),2019 - 2020,3261,Zone 6,Zone 6,1,Yes,No,TRUE,3228,33.63,3228,FALSE,TRUE,Rotaract President,2019 - 2020,N,0,0,0,0,0,0,FALSE,,0,,0
8824288,Millennium Bilaspur,Millennium Bilaspur,8824288,Active,Community,India,Bilaspur Mid-Town (Rotary); E-club of Bilaspur United (Rotary),2021 - 2022,3261,Zone 6,Zone 6,1,Yes,No,TRUE,3228,33.63,3228,FALSE,TRUE,Rotaract President,2021 - 2022,N,0,0,0,0,0,0,FALSE,,0,,0
216379,Navyug College,Navyug College,216379,Active,University,India,Jabalpur South (Rotary),2020 - 2021,3261,Zone 6,Zone 6,1,Yes,No,TRUE,2018,21.02,2018,FALSE,TRUE,Rotaract President,2020 - 2021,N,0,0,0,0,0,0,FALSE,,0,,0
218110,NIT Rourkela,NIT Rourkela,218110,Active,Community,India,Rourkela (Rotary),2019 - 2020,3261,Zone 6,Zone 6,1,Yes,No,TRUE,3228,33.63,3228,FALSE,TRUE,Rotaract President,2019 - 2020,N,0,0,0,0,0,0,FALSE,,0,,0
8828609,Raipur Ethos,Raipur Ethos,8828609,Active,Community,India,Raipur Elegance (Rotary),2026 - 2027,3261,Zone 6,Zone 6,15,No,Yes,FALSE,0,0,0,FALSE,FALSE,N/A,N/A,N/A,0,0,0,0,0,0,TRUE,29-Jul-2026,15,,0
8828591,Raipur Queens,Raipur Queens,8828591,Active,Community,India,Raipur Queens (Rotary),2026 - 2027,3261,Zone 6,Zone 6,26,No,Yes,FALSE,0,0,0,FALSE,FALSE,N/A,N/A,N/A,0,0,0,0,0,0,TRUE,23-Jul-2026,26,,0
8828441,Raipur Royal,Raipur Royal,8828441,Active,Community,India,Raipur Royal (Rotary),2026 - 2027,3261,Zone 6,Zone 6,12,No,Yes,FALSE,0,0,0,FALSE,FALSE,N/A,N/A,N/A,0,0,0,0,0,0,FALSE,,0,,0
217368,Ranjhi Jabalpur,Ranjhi Jabalpur,217368,Active,Community,India,Jabalpur West (Rotary),2019 - 2020,3261,Zone 6,Zone 6,1,Yes,No,TRUE,3228,33.63,3228,FALSE,TRUE,Rotaract President,2019 - 2020,N,0,0,0,0,0,0,FALSE,,0,,0
8824868,Rourkela Institute of Management Studies,Rourkela Institute of Management Studies,8824868,Active,University,India,Rourkela Steel City (Rotary),2025 - 2026,3261,Zone 6,Zone 6,12,Yes,No,TRUE,7092,73.88,7092,FALSE,TRUE,Rotaract President,2025 - 2026,N,0,0,0,0,0,0,FALSE,,0,,0
216475,Rourkela Municipal College,Rourkela Municipal College,216475,Active,University,India,Rourkela Mid-Town (Rotary),2019 - 2020,3261,Zone 6,Zone 6,1,Yes,No,TRUE,2018,21.02,2018,FALSE,TRUE,Rotaract President,2019 - 2020,N,0,0,0,0,0,0,FALSE,,0,,0
8826673,Rourkela Titans,Rourkela Titans,8826673,Active,Community,India,Rourkela Queens (Rotary),2025 - 2026,3261,Zone 6,Zone 6,22,No,No,FALSE,0,0,0,FALSE,TRUE,Rotaract President,2025 - 2026,N,0,0,0,0,0,0,FALSE,,0,,0
8826271,Sai Valley World Institute of Management & Technology (SVWIMT),Sai Valley World Institute of Management & Technology (SVWIMT),8826271,Active,University,India,Rourkela Vibrant (Rotary),2024 - 2025,3261,Zone 6,Zone 6,15,Yes,No,TRUE,7965,82.97,7965,TRUE,TRUE,Rotaract President,2024 - 2025,N,0,0,0,0,0,0,FALSE,,0,,0
218142,Vedic Degree College,Vedic Degree College,218142,Active,University,India,Sambalpur Greater (Rotary),2019 - 2020,3261,Zone 6,Zone 6,1,Yes,No,TRUE,2018,21.02,2018,FALSE,TRUE,Rotaract President,2019 - 2020,N,0,0,0,0,0,0,FALSE,,0,,0
8823394,Academic International School,Academic International School,8823394,Active,University,India,Bhadrak (Rotary),2023 - 2024,3262,Zone 6,Zone 6,5,Yes,No,TRUE,5193,54.09,5193,FALSE,TRUE,Rotaract President,2023 - 2024,N,0,0,0,0,0,0,FALSE,,0,,0
218683,Aikyam Bhubaneswar,Aikyam Bhubaneswar,218683,Active,Community,India,Bhubaneswar Friends (Rotaract),2020 - 2021,3262,Zone 6,Zone 6,1,Yes,No,TRUE,1662,17.31,1662,FALSE,TRUE,Rotaract President,2020 - 2021,N,0,0,0,0,0,0,FALSE,,0,,0
8823866,Angul Royal,Angul Royal,8823866,Active,Community,India,Angul Royal (Rotary),2024 - 2025,3262,Zone 6,Zone 6,1,No,No,FALSE,0,0,0,FALSE,TRUE,Rotaract President,2024 - 2025,N,0,0,0,0,0,0,FALSE,,0,,0
8826428,Atal Incubation Centre Nalanda Innovators,Atal Incubation Centre Nalanda Innovators,8826428,Active,University,India,,2024 - 2025,3262,Zone 6,Zone 6,12,Yes,No,TRUE,12462,129.81,12462,TRUE,TRUE,Rotaract President,2024 - 2025,N,0,0,0,0,0,0,FALSE,,0,,0
9187,Balasore,Balasore,9187,Active,Community,India,Balasore (Rotary),2026 - 2027,3262,Zone 6,Zone 6,18,No,Yes,FALSE,0,0,0,FALSE,FALSE,N/A,N/A,N/A,0,0,0,0,0,0,FALSE,,0,,0
80138,Balasore-On-Sea,Balasore-On-Sea,80138,Active,Community,India,Balasore-On-Sea (Rotary),2024 - 2025,3262,Zone 6,Zone 6,5,No,No,FALSE,0,0,0,FALSE,TRUE,Rotaract President,2024 - 2025,N,0,0,0,0,0,0,FALSE,,0,,0
215762,Barabati,Barabati,215762,Active,Community,India,Cuttack Midtown (Rotary),2026 - 2027,3262,Zone 6,Zone 6,13,No,Yes,FALSE,0,0,0,FALSE,FALSE,N/A,N/A,N/A,0,0,0,0,0,0,FALSE,,0,,0
8824676,Baripada Mayur,Baripada Mayur,8824676,Active,Community,India,Baripada (Rotary),2026 - 2027,3262,Zone 6,Zone 6,13,Yes,Yes,TRUE,25321,263.76,25321,TRUE,FALSE,N/A,N/A,N/A,0,0,0,0,0,0,FALSE,,0,,0
222325,Basanta Academy Berhampur,Basanta Academy Berhampur,222325,Active,University,India,Berhampur (Rotary),2023 - 2024,3262,Zone 6,Zone 6,2,Yes,No,TRUE,4548,47.37,4548,FALSE,TRUE,Rotaract President,2023 - 2024,N,0,0,0,0,0,0,FALSE,,0,,0
8826267,Berhampur Central,Berhampur Central,8826267,Active,Community,India,Berhampur Central (Rotary),2026 - 2027,3262,Zone 6,Zone 6,9,No,Yes,FALSE,0,0,0,FALSE,FALSE,N/A,N/A,N/A,0,0,0,0,0,0,FALSE,,0,,0
8826308,Berhampur University,Berhampur University,8826308,Active,University,India,Berhampur Central (Rotary),2024 - 2025,3262,Zone 6,Zone 6,16,Yes,No,TRUE,9734,101.4,9734,TRUE,TRUE,Rotaract President,2024 - 2025,N,0,0,0,0,0,0,FALSE,,0,,0
218400,Berhmpur Achivers,Berhmpur Achivers,218400,Active,Community,India,Bhubaneswar Royal (Rotaract),2026 - 2027,3262,Zone 6,Zone 6,4,No,No,FALSE,0,0,0,FALSE,TRUE,Rotaract President,2025 - 2026,N,0,0,0,0,0,0,FALSE,,0,,0
8827075,Bhayarpur,Bhayarpur,8827075,Active,Community,India,Cuttack Radiance (Rotary),2025 - 2026,3262,Zone 6,Zone 6,12,Yes,No,TRUE,10195,106.2,10195,TRUE,TRUE,Rotaract President,2025 - 2026,N,0,0,0,0,0,0,FALSE,,0,,0
90548,Bhubaneswar,Bhubaneswar,90548,Active,Community,India,Bhubaneswar (Rotary),2026 - 2027,3262,Zone 6,Zone 6,5,No,Yes,FALSE,0,0,0,FALSE,FALSE,N/A,N/A,N/A,0,0,0,0,0,0,FALSE,,0,,0
91597,Bhubaneswar Capital,Bhubaneswar Capital,91597,Active,University,India,Bhubaneswar Capital (Rotary),2023 - 2024,3262,Zone 6,Zone 6,34,Yes,No,TRUE,18054,188.06,18054,TRUE,TRUE,Rotaract President,2023 - 2024,N,0,0,0,0,0,0,FALSE,,0,,0
8823872,Bhubaneswar Changemakers,Bhubaneswar Changemakers,8823872,Active,Community,India,Cuttack Cantonment (Rotary),2025 - 2026,3262,Zone 6,Zone 6,8,Yes,No,TRUE,13315,138.7,13315,TRUE,TRUE,Rotaract President,2025 - 2026,N,0,0,0,0,0,0,FALSE,,0,,0
8823268,Bhubaneswar Ekamra Kshetra Ananya,Bhubaneswar Ekamra Kshetra Ananya,8823268,Active,Community,India,Bhubaneswar Ekamra Kshetra (Rotary),2020 - 2021,3262,Zone 6,Zone 6,1,Yes,No,TRUE,3228,33.63,3228,FALSE,TRUE,Rotaract President,2020 - 2021,N,0,0,0,0,0,0,FALSE,,0,,0
8824196,Bhubaneswar Excellence,Bhubaneswar Excellence,8824196,Active,Community,India,Bhubaneswar Excellence (Rotary),2025 - 2026,3262,Zone 6,Zone 6,4,No,No,FALSE,0,0,0,FALSE,TRUE,Rotaract President,2025 - 2026,N,0,0,0,0,0,0,FALSE,,0,,0
91476,Bhubaneswar Friends,Bhubaneswar Friends,91476,Active,Community,India,Bhubaneswar Friends (Rotary),2025 - 2026,3262,Zone 6,Zone 6,15,Yes,No,TRUE,14310,149.06,14310,TRUE,TRUE,Rotaract President,2025 - 2026,N,0,0,0,0,0,0,FALSE,,0,,0
8824466,Bhubaneswar Harmony,Bhubaneswar Harmony,8824466,Active,Community,India,Bhubaneswar Harmony (Rotary),2021 - 2022,3262,Zone 6,Zone 6,1,Yes,No,TRUE,3228,33.63,3228,FALSE,TRUE,Rotaract President,2021 - 2022,N,0,0,0,0,0,0,FALSE,,0,,0
8828436,Bhubaneswar Icons,Bhubaneswar Icons,8828436,Active,Community,India,Bhubaneswar Icons (Rotary),2026 - 2027,3262,Zone 6,Zone 6,15,No,Yes,FALSE,0,0,0,FALSE,FALSE,N/A,N/A,N/A,0,0,0,0,0,0,FALSE,,0,,0
8828594,Bhubaneswar Jayadev,Bhubaneswar Jayadev,8828594,Active,Community,India,E-Club of District 3262 (Rotary),2026 - 2027,3262,Zone 6,Zone 6,12,No,Yes,FALSE,0,0,0,FALSE,FALSE,N/A,N/A,N/A,0,0,0,0,0,0,TRUE,23-Jul-2026,12,,0
8823391,Bhubaneswar Meadows,Bhubaneswar Meadows,8823391,Active,Community,India,Bhubaneswar Meadows (Rotary),2020 - 2021,3262,Zone 6,Zone 6,1,Yes,No,TRUE,3228,33.63,3228,FALSE,TRUE,Rotaract President,2020 - 2021,N,0,0,0,0,0,0,FALSE,,0,,0
218403,Bhubaneswar Neeladri,Bhubaneswar Neeladri,218403,Active,Community,India,Bhubaneswar Neeladri (Rotary),2020 - 2021,3262,Zone 6,Zone 6,1,Yes,No,TRUE,850,8.85,850,FALSE,TRUE,Rotaract President,2020 - 2021,N,0,0,0,0,0,0,FALSE,,0,,0
213394,Bhubaneswar Royal,Bhubaneswar Royal,213394,Active,Community,India,Bhubaneswar Royal (Rotary),2026 - 2027,3262,Zone 6,Zone 6,31,No,Yes,FALSE,0,0,0,FALSE,FALSE,N/A,N/A,N/A,0,0,0,0,0,0,FALSE,,0,,0
8826551,Bhubaneswar Smart City,Bhubaneswar Smart City,8826551,Active,Community,India,,2024 - 2025,3262,Zone 6,Zone 6,2,Yes,No,TRUE,1699,17.7,1699,FALSE,TRUE,Rotaract President,2024 - 2025,N,0,0,0,0,0,0,FALSE,,0,,0
8823277,Bhubaneswar Smile,Bhubaneswar Smile,8823277,Active,Community,India,Bhubaneswar Smile (Rotary),2026 - 2027,3262,Zone 6,Zone 6,7,No,Yes,FALSE,0,0,0,FALSE,FALSE,N/A,N/A,N/A,0,0,0,0,0,0,FALSE,,0,,0
8824044,Bhubaneswar Sunshine,Bhubaneswar Sunshine,8824044,Active,Community,India,Bhubaneswar Meadows (Rotary),2026 - 2027,3262,Zone 6,Zone 6,14,No,Yes,FALSE,0,0,0,FALSE,FALSE,N/A,N/A,N/A,0,0,0,0,0,0,FALSE,,0,,0
217059,Bhubaneswar Toshali,Bhubaneswar Toshali,217059,Active,Community,India,Bhubaneswar Toshali (Rotary),2026 - 2027,3262,Zone 6,Zone 6,25,No,Yes,FALSE,0,0,0,FALSE,FALSE,N/A,N/A,N/A,0,0,0,0,0,0,FALSE,,0,,0
218586,Bhubaneswar Utkal Impetus,Bhubaneswar Utkal Impetus,218586,Active,Community,India,Bhubaneswar Utkal (Rotary),2026 - 2027,3262,Zone 6,Zone 6,2,No,Yes,FALSE,0,0,0,FALSE,FALSE,N/A,N/A,N/A,0,0,0,0,0,0,FALSE,,0,,0
8824250,Bhubaneswar Utkal Ollywood,Bhubaneswar Utkal Ollywood,8824250,Active,Community,India,Bhubaneswar Utkal (Rotary),2022 - 2023,3262,Zone 6,Zone 6,1,Yes,No,TRUE,1662,17.31,1662,FALSE,TRUE,Rotaract President,2022 - 2023,N,0,0,0,0,0,0,FALSE,,0,,0
8824038,Bhubaneswar Utkal Sakha,Bhubaneswar Utkal Sakha,8824038,Active,Community,India,Bhubaneswar Utkal (Rotary),2022 - 2023,3262,Zone 6,Zone 6,1,Yes,No,TRUE,1662,17.31,1662,FALSE,TRUE,Rotaract President,2022 - 2023,N,0,0,0,0,0,0,FALSE,,0,,0
8823510,Birupa,Birupa,8823510,Active,Community,India,Cuttack (Rotary),2025 - 2026,3262,Zone 6,Zone 6,10,No,No,FALSE,0,0,0,FALSE,TRUE,Rotaract President,2025 - 2026,N,0,0,0,0,0,0,FALSE,,0,,0
8828399,Biswa Bharati Dhenkanal,Biswa Bharati Dhenkanal,8828399,Active,Community,India,"Rajdhani, Bhubaneswar (Rotary)",2026 - 2027,3262,Zone 6,Zone 6,14,No,Yes,FALSE,0,0,0,FALSE,FALSE,N/A,N/A,N/A,0,0,0,0,0,0,FALSE,,0,,0
8827645,Brahmapur,Brahmapur,8827645,Active,Community,India,Berhampur (Rotary),2026 - 2027,3262,Zone 6,Zone 6,20,No,Yes,FALSE,0,0,0,FALSE,FALSE,N/A,N/A,N/A,0,0,0,0,0,0,FALSE,,0,,0
8828588,Brahmapur Innovative,Brahmapur Innovative,8828588,Active,Community,India,Brahmapur Innovative (Rotary),2026 - 2027,3262,Zone 6,Zone 6,17,No,Yes,FALSE,0,0,0,FALSE,FALSE,N/A,N/A,N/A,0,0,0,0,0,0,TRUE,23-Jul-2026,17,,0
215279,Byasabhoomi,Byasabhoomi,215279,Active,Community,India,Kalinga Nagar (Rotary),2020 - 2021,3262,Zone 6,Zone 6,1,Yes,No,TRUE,3228,33.63,3228,FALSE,TRUE,Rotaract President,2020 - 2021,N,0,0,0,0,0,0,FALSE,,0,,0
218218,Byasabhoomi Jajpur Road,Byasabhoomi Jajpur Road,218218,Active,Community,India,,2024 - 2025,3262,Zone 6,Zone 6,25,Yes,No,TRUE,21240,221.25,21240,TRUE,TRUE,Rotaract President,2024 - 2025,N,0,0,0,0,0,0,FALSE,,0,,0
8824342,Chilika-Balugaon,Chilika-Balugaon,8824342,Active,Community,India,Chilika-Balugaon (Rotary),2023 - 2024,3262,Zone 6,Zone 6,2,Yes,No,TRUE,5283,55.03,5283,FALSE,TRUE,Rotaract President,2023 - 2024,N,0,0,0,0,0,0,FALSE,,0,,0
8823279,C I T Bhadrak,C I T Bhadrak,8823279,Active,University,India,Bhadrak (Rotary),2023 - 2024,3262,Zone 6,Zone 6,5,Yes,No,TRUE,5193,54.09,5193,FALSE,TRUE,Rotaract President,2023 - 2024,N,0,0,0,0,0,0,FALSE,,0,,0
8823647,CPS Mohuda,CPS Mohuda,8823647,Active,University,India,Berhampur East (Rotary),2020 - 2021,3262,Zone 6,Zone 6,1,Yes,No,TRUE,1528,15.92,1528,FALSE,TRUE,Rotaract President,2020 - 2021,N,0,0,0,0,0,0,FALSE,,0,,0
8827574,Cuttack,Cuttack,8827574,Active,Community,India,Cuttack (Rotary),2026 - 2027,3262,Zone 6,Zone 6,12,Yes,Yes,TRUE,10195,106.2,10195,TRUE,FALSE,N/A,N/A,N/A,0,0,0,0,0,0,FALSE,,0,,0
8824489,Cuttack Barabati Fort,Cuttack Barabati Fort,8824489,Active,Community,India,Cuttack Barabati (Rotary),2023 - 2024,3262,Zone 6,Zone 6,3,Yes,No,TRUE,4984,51.92,4984,FALSE,TRUE,Rotaract President,2023 - 2024,N,0,0,0,0,0,0,FALSE,,0,,0
218737,Cuttack Cantonment,Cuttack Cantonment,218737,Active,Community,India,Cuttack Cantonment (Rotary),2023 - 2024,3262,Zone 6,Zone 6,4,Yes,No,TRUE,6646,69.23,6646,FALSE,TRUE,Rotaract President,2023 - 2024,N,0,0,0,0,0,0,FALSE,,0,,0
215715,Cuttack Central,Cuttack Central,215715,Active,Community,India,Cuttack Central (Rotary),2025 - 2026,3262,Zone 6,Zone 6,11,Yes,No,TRUE,10128,105.5,10128,TRUE,TRUE,Rotaract President,2025 - 2026,N,0,0,0,0,0,0,FALSE,,0,,0
8824547,Cuttack East,Cuttack East,8824547,Active,Community,India,Cuttack East (Rotary),2021 - 2022,3262,Zone 6,Zone 6,1,Yes,No,TRUE,3228,33.63,3228,FALSE,TRUE,Rotaract President,2021 - 2022,N,0,0,0,0,0,0,FALSE,,0,,0
218677,Cuttack Golden Star,Cuttack Golden Star,218677,Active,Community,India,Cuttack Golden Star (Rotary),2022 - 2023,3262,Zone 6,Zone 6,4,Yes,No,TRUE,9780,101.88,9780,TRUE,TRUE,Rotaract President,2022 - 2023,N,0,0,0,0,0,0,FALSE,,0,,0
88635,Cuttack Greater,Cuttack Greater,88635,Active,Community,India,Cuttack Greater (Rotary),2025 - 2026,3262,Zone 6,Zone 6,6,Yes,No,TRUE,5525,57.55,5525,FALSE,TRUE,Rotaract President,2025 - 2026,N,0,0,0,0,0,0,FALSE,,0,,0
8823276,Cuttack Mahanagar,Cuttack Mahanagar,8823276,Active,Community,India,Cuttack Mahanagar (Rotary),2020 - 2021,3262,Zone 6,Zone 6,1,Yes,No,TRUE,1662,17.31,1662,FALSE,TRUE,Rotaract President,2020 - 2021,N,0,0,0,0,0,0,FALSE,,0,,0
8827975,Cuttack Silver City,Cuttack Silver City,8827975,Active,Community,India,Cuttack Greater (Rotary),2026 - 2027,3262,Zone 6,Zone 6,12,Yes,No,TRUE,10195,106.2,10195,TRUE,TRUE,Rotaract President,2027 - 2028,N,0,0,0,0,0,0,FALSE,,0,,0
217883,Dhenkanal,Dhenkanal,217883,Active,Community,India,Dhenkanal (Rotary),2026 - 2027,3262,Zone 6,Zone 6,11,No,Yes,FALSE,0,0,0,FALSE,FALSE,N/A,N/A,N/A,0,0,0,0,0,0,FALSE,,0,,0
8827768,E-Club of Bhubaneswar,E-Club of Bhubaneswar,8827768,Active,Community,India,Bhubaneswar (Rotary); E-Club of District 3262 (Rotary),2026 - 2027,3262,Zone 6,Zone 6,11,Yes,Yes,TRUE,10195,106.2,10195,TRUE,FALSE,N/A,N/A,N/A,0,0,0,0,0,0,FALSE,,0,,0
8827013,Fakir Mohan University,Fakir Mohan University,8827013,Active,University,India,Balasore (Rotary),2025 - 2026,3262,Zone 6,Zone 6,28,Yes,No,TRUE,14868,154.88,14868,TRUE,TRUE,Rotaract President,2025 - 2026,N,0,0,0,0,0,0,FALSE,,0,,0
218593,IHM Bhubaneswar,IHM Bhubaneswar,218593,Active,University,India,Bhubaneswar Neeladri (Rotary),2021 - 2022,3262,Zone 6,Zone 6,2,Yes,No,TRUE,3056,31.83,3056,FALSE,TRUE,Rotaract President,2021 - 2022,N,0,0,0,0,0,0,FALSE,,0,,0
8826436,Indian Institute of Tourism and Travel Management,Indian Institute of Tourism and Travel Management,8826436,Active,University,India,Bhubaneswar Ekamra Kshetra (Rotary),2024 - 2025,3262,Zone 6,Zone 6,12,Yes,No,TRUE,12462,129.81,12462,TRUE,TRUE,Rotaract President,2024 - 2025,N,0,0,0,0,0,0,FALSE,,0,,0
8824528,ITER Bhubaneswar,ITER Bhubaneswar,8824528,Active,University,India,Bhubaneswar North (Rotary),2022 - 2023,3262,Zone 6,Zone 6,3,Yes,No,TRUE,4584,47.75,4584,FALSE,TRUE,Rotaract President,2022 - 2023,N,0,0,0,0,0,0,FALSE,,0,,0
49049,Jaleswar,Jaleswar,49049,Active,Community,India,Jaleswar (Rotary),2024 - 2025,3262,Zone 6,Zone 6,15,No,No,FALSE,0,0,0,FALSE,TRUE,Rotaract President,2024 - 2025,N,0,0,0,0,0,0,FALSE,,0,,0
8826676,"Jan Shikshan Sansthan, Cuttack","Jan Shikshan Sansthan, Cuttack",8826676,Active,University,India,Cuttack Midtown (Rotary),2025 - 2026,3262,Zone 6,Zone 6,20,Yes,No,TRUE,10620,110.63,10620,TRUE,TRUE,Rotaract President,2025 - 2026,N,0,0,0,0,0,0,FALSE,,0,,0
215336,Jatni,Jatni,215336,Active,Community,India,Jatni (Rotary),2026 - 2027,3262,Zone 6,Zone 6,5,No,Yes,FALSE,0,0,0,FALSE,FALSE,N/A,N/A,N/A,0,0,0,0,0,0,FALSE,,0,,0
8824241,Jeypore,Jeypore,8824241,Active,Community,India,Jeypore Pride (Rotary),2021 - 2022,3262,Zone 6,Zone 6,1,Yes,No,TRUE,3228,33.63,3228,FALSE,TRUE,Rotaract President,2021 - 2022,N,0,0,0,0,0,0,FALSE,,0,,0
217632,"Keonjhar School of Engineering, Keonjhar","Keonjhar School of Engineering, Keonjhar",217632,Active,University,India,Keonjhargarh (Rotary),2019 - 2020,3262,Zone 6,Zone 6,1,Yes,No,TRUE,1039,10.82,1039,FALSE,TRUE,Rotaract President,2019 - 2020,N,0,0,0,0,0,0,FALSE,,0,,0
8823194,Khurda,Khurda,8823194,Active,Community,India,Khurda (Rotary),2025 - 2026,3262,Zone 6,Zone 6,3,No,No,FALSE,0,0,0,FALSE,TRUE,Rotaract President,2025 - 2026,N,0,0,0,0,0,0,FALSE,,0,,0
215196,KSOM Bhubaneswar North,KSOM Bhubaneswar North,215196,Active,University,India,Bhubaneswar North (Rotary),2026 - 2027,3262,Zone 6,Zone 6,37,Yes,Yes,TRUE,16548,172.38,16548,TRUE,FALSE,N/A,N/A,N/A,0,0,0,0,0,0,FALSE,,0,,0
8826579,Link Eye Hospital & Research Institute,Link Eye Hospital & Research Institute,8826579,Active,University,India,Cuttack Abhinav (Rotary); Cuttack Central (Rotary),2024 - 2025,3262,Zone 6,Zone 6,12,Yes,No,TRUE,12462,129.81,12462,TRUE,TRUE,Rotaract President,2024 - 2025,N,0,0,0,0,0,0,FALSE,,0,,0
217508,Millenium Royal,Millenium Royal,217508,Active,Community,India,Bhubaneswar Royal (Rotary),2026 - 2027,3262,Zone 6,Zone 6,13,Yes,Yes,TRUE,4343,45.24,4343,FALSE,FALSE,N/A,N/A,N/A,0,0,0,0,0,0,FALSE,,0,,0
8823278,Mission Public School,Mission Public School,8823278,Active,University,India,Bhadrak (Rotary),2026 - 2027,3262,Zone 6,Zone 6,5,Yes,Yes,TRUE,5193,54.09,5193,FALSE,FALSE,N/A,N/A,N/A,0,0,0,0,0,0,FALSE,,0,,0
8827526,MITS School of Biotechnology Bhubaneswar,MITS School of Biotechnology Bhubaneswar,8827526,Active,University,India,Bhubaneswar Eco (Rotary),2025 - 2026,3262,Zone 6,Zone 6,14,Yes,No,TRUE,7434,77.44,7434,TRUE,TRUE,Rotaract President,2025 - 2026,N,0,0,0,0,0,0,FALSE,,0,,0
8825033,Nayagarh,Nayagarh,8825033,Active,Community,India,Nayagarh (Rotary),2022 - 2023,3262,Zone 6,Zone 6,1,Yes,No,TRUE,3228,33.63,3228,FALSE,TRUE,Rotaract President,2022 - 2023,N,0,0,0,0,0,0,FALSE,,0,,0
8827655,Odisha,Odisha,8827655,Active,Community,India,Bhubaneswar Royal (Rotaract),2026 - 2027,3262,Zone 6,Zone 6,2,No,Yes,FALSE,0,0,0,FALSE,FALSE,N/A,N/A,N/A,0,0,0,0,0,0,FALSE,,0,,0
8823621,ODM Business School (OBS),ODM Business School (OBS),8823621,Active,University,India,Bhubaneswar Heritage (Rotary),2020 - 2021,3262,Zone 6,Zone 6,1,Yes,No,TRUE,2018,21.02,2018,FALSE,TRUE,Rotaract President,2020 - 2021,N,0,0,0,0,0,0,FALSE,,0,,0
42852,Pumas,Pumas,42852,Active,Community,India,Bhubaneswar (Rotary),2022 - 2023,3262,Zone 6,Zone 6,1,Yes,No,TRUE,1662,17.31,1662,FALSE,TRUE,Rotaract President,2022 - 2023,N,0,0,0,0,0,0,FALSE,,0,,0
217442,Salandi Nursing School,Salandi Nursing School,217442,Active,University,India,Bhadrak (Rotary),2020 - 2021,3262,Zone 6,Zone 6,1,Yes,No,TRUE,2018,21.02,2018,FALSE,TRUE,Rotaract President,2020 - 2021,N,0,0,0,0,0,0,FALSE,,0,,0
8827772,Synergy Institute of Engineering and Technology,Synergy Institute of Engineering and Technology,8827772,Active,University,India,Dhenkanal (Rotaract),2026 - 2027,3262,Zone 6,Zone 6,13,Yes,Yes,TRUE,6903,71.91,6903,FALSE,FALSE,N/A,N/A,N/A,0,0,0,0,0,0,FALSE,,0,,0
8827818,UNIITECH Degree College (Nayagarh),UNIITECH Degree College (Nayagarh),8827818,Active,University,India,Nayagarh (Rotary),2025 - 2026,3262,Zone 6,Zone 6,14,No,No,FALSE,0,0,0,FALSE,TRUE,Rotaract President,2025 - 2026,N,0,0,0,0,0,0,FALSE,,0,,0
8824032,Vedbyash Brahmapur,Vedbyash Brahmapur,8824032,Active,University,India,Berhampur (Rotary),2024 - 2025,3262,Zone 6,Zone 6,3,Yes,No,TRUE,3115,32.45,3115,FALSE,TRUE,Rotaract President,2024 - 2025,N,0,0,0,0,0,0,FALSE,,0,,0
88879,Annapurna,Annapurna,88879,Active,Community,Nepal,Pokhara Annapurna (Rotary),2025 - 2026,3292,Zone 6,Zone 6,19,Yes,No,TRUE,13734,143.06,13734,TRUE,TRUE,Rotaract President,2025 - 2026,N,0,0,0,0,0,0,FALSE,,0,,0
89716,Baglung,Baglung,89716,Active,Community,Nepal,Baglung (Rotary),2026 - 2027,3292,Zone 6,Zone 6,24,No,Yes,FALSE,0,0,0,FALSE,FALSE,N/A,N/A,N/A,0,0,0,0,0,0,FALSE,,0,,0
72774,Bagmati,Bagmati,72774,Active,Community,Nepal,Bagmati Kathmandu (Rotary),2026 - 2027,3292,Zone 6,Zone 6,35,No,Yes,FALSE,0,0,0,FALSE,FALSE,N/A,N/A,N/A,0,0,0,0,0,0,FALSE,,0,,0
215188,Bajra Manasalu,Bajra Manasalu,215188,Active,Community,Nepal,Bajra Manasalu Gorkha (Rotary),2025 - 2026,3292,Zone 6,Zone 6,20,Yes,No,TRUE,14457,150.59,14457,TRUE,TRUE,Rotaract President,2025 - 2026,N,0,0,0,0,0,0,FALSE,,0,,0
89287,Balaju,Balaju,89287,Active,Community,Nepal,Balaju (Rotary),2026 - 2027,3292,Zone 6,Zone 6,25,No,Yes,FALSE,0,0,0,FALSE,FALSE,N/A,N/A,N/A,0,0,0,0,0,0,FALSE,,0,,0
8826007,Balkumari,Balkumari,8826007,Active,Community,Nepal,Butwal (Rotary),2026 - 2027,3292,Zone 6,Zone 6,14,No,Yes,FALSE,0,0,0,FALSE,FALSE,N/A,N/A,N/A,0,0,0,0,0,0,FALSE,,0,,0
89717,Banepa,Banepa,89717,Active,Community,Nepal,Kavre-Banepa (Rotary),2026 - 2027,3292,Zone 6,Zone 6,44,No,Yes,FALSE,0,0,0,FALSE,FALSE,N/A,N/A,N/A,0,0,0,0,0,0,FALSE,,0,,0
218578,Baneshwor,Baneshwor,218578,Active,Community,Nepal,Baneshwor (Rotary),2026 - 2027,3292,Zone 6,Zone 6,19,No,Yes,FALSE,0,0,0,FALSE,FALSE,N/A,N/A,N/A,0,0,0,0,0,0,FALSE,,0,,0
89551,Baneshwor Royal,Baneshwor Royal,89551,Active,Community,Nepal,Baneshwor (Rotary),2026 - 2027,3292,Zone 6,Zone 6,14,No,Yes,FALSE,0,0,0,FALSE,FALSE,N/A,N/A,N/A,0,0,0,0,0,0,FALSE,,0,,0
218204,Bardibas,Bardibas,218204,Active,University,Nepal,Bardibas (Rotary),2025 - 2026,3292,Zone 6,Zone 6,20,No,No,FALSE,0,0,0,FALSE,TRUE,Rotaract President,2025 - 2026,N,0,0,0,0,0,0,FALSE,,0,,0
212617,Bhadgaon,Bhadgaon,212617,Active,Community,Nepal,Bhadgaon (Rotary),2026 - 2027,3292,Zone 6,Zone 6,8,Yes,Yes,TRUE,15429,160.72,15429,TRUE,FALSE,N/A,N/A,N/A,0,0,0,0,0,0,FALSE,,0,,0
217336,Bhadrapur,Bhadrapur,217336,Active,Community,Nepal,Bhadrapur (Rotary),2025 - 2026,3292,Zone 6,Zone 6,14,No,No,FALSE,0,0,0,FALSE,TRUE,Rotaract President,2025 - 2026,N,0,0,0,0,0,0,FALSE,,0,,0
214692,Bhairahawa,Bhairahawa,214692,Active,Community,Nepal,Bhairahawa (Rotary),2026 - 2027,3292,Zone 6,Zone 6,29,No,Yes,FALSE,0,0,0,FALSE,FALSE,N/A,N/A,N/A,0,0,0,0,0,0,FALSE,,0,,0
8824051,Bhairahawa Chautari,Bhairahawa Chautari,8824051,Active,Community,Nepal,Butwal Chautari (Rotary),2024 - 2025,3292,Zone 6,Zone 6,13,Yes,No,TRUE,9396,97.88,9396,TRUE,TRUE,Rotaract President,2024 - 2025,N,0,0,0,0,0,0,FALSE,,0,,0
72475,Bhaktapur,Bhaktapur,72475,Active,Community,Nepal,Bhaktapur (Rotary),2026 - 2027,3292,Zone 6,Zone 6,30,No,Yes,FALSE,0,0,0,FALSE,FALSE,N/A,N/A,N/A,0,0,0,0,0,0,FALSE,,0,,0
8824081,Bhanu,Bhanu,8824081,Active,Community,Nepal,Damauli (Rotaract); Damauli (Rotary),2024 - 2025,3292,Zone 6,Zone 6,10,Yes,No,TRUE,13650,142.19,13650,TRUE,TRUE,Rotaract President,2024 - 2025,N,0,0,0,0,0,0,FALSE,,0,,0
65597,Bharatpur,Bharatpur,65597,Active,Community,Nepal,Bharatpur (Rotary),2026 - 2027,3292,Zone 6,Zone 6,31,No,Yes,FALSE,0,0,0,FALSE,FALSE,N/A,N/A,N/A,0,0,0,0,0,0,FALSE,,0,,1
217204,Bharatpur Height,Bharatpur Height,217204,Active,Community,Nepal,Bharatpur (Rotary),2026 - 2027,3292,Zone 6,Zone 6,37,No,Yes,FALSE,0,0,0,FALSE,FALSE,N/A,N/A,N/A,0,0,0,0,0,0,FALSE,,0,,0
216820,Birat Medical College Fusion,Birat Medical College Fusion,216820,Active,University,Nepal,Biratnagar Fusion (Rotary),2026 - 2027,3292,Zone 6,Zone 6,9,No,Yes,FALSE,0,0,0,FALSE,FALSE,N/A,N/A,N/A,0,0,0,0,0,0,FALSE,,0,,0
66517,Biratnagar,Biratnagar,66517,Active,Community,Nepal,Biratnagar (Rotary),2026 - 2027,3292,Zone 6,Zone 6,33,No,Yes,FALSE,0,0,0,FALSE,FALSE,N/A,N/A,N/A,0,0,0,0,0,0,FALSE,,0,,0
217203,Biratnagar Central,Biratnagar Central,217203,Active,Community,Nepal,Biratnagar Central (Rotary),2026 - 2027,3292,Zone 6,Zone 6,15,No,Yes,FALSE,0,0,0,FALSE,FALSE,N/A,N/A,N/A,0,0,0,0,0,0,FALSE,,0,,0
89536,Biratnagar Down Town,Biratnagar Down Town,89536,Active,Community,Nepal,Biratnagar Down Town (Rotary),2026 - 2027,3292,Zone 6,Zone 6,7,No,Yes,FALSE,0,0,0,FALSE,FALSE,N/A,N/A,N/A,0,0,0,0,0,0,FALSE,,0,,0
9655,Birganj,Birganj,9655,Active,Community,Nepal,Birganj (Rotary),2026 - 2027,3292,Zone 6,Zone 6,21,No,Yes,FALSE,0,0,0,FALSE,FALSE,N/A,N/A,N/A,0,0,0,0,0,0,FALSE,,0,,0
214883,Birgunj Metropolis,Birgunj Metropolis,214883,Active,Community,Nepal,Birgunj Metropolis (Rotary),2026 - 2027,3292,Zone 6,Zone 6,16,No,Yes,FALSE,0,0,0,FALSE,FALSE,N/A,N/A,N/A,0,0,0,0,0,0,FALSE,,0,,1
91637,Birtamode,Birtamode,91637,Active,Community,Nepal,Birtamode (Rotary),2026 - 2027,3292,Zone 6,Zone 6,32,No,Yes,FALSE,0,0,0,FALSE,FALSE,N/A,N/A,N/A,0,0,0,0,0,0,FALSE,,0,,0
212632,Birtamode Mid-Town,Birtamode Mid-Town,212632,Active,Community,Nepal,Birtamode Mid-Town (Rotary),2026 - 2027,3292,Zone 6,Zone 6,61,No,Yes,FALSE,0,0,0,FALSE,FALSE,N/A,N/A,N/A,0,0,0,0,0,0,FALSE,,0,,0
72775,Budhanilkanatha,Budhanilkanatha,72775,Active,Community,Nepal,Budhanilkantha (Rotary),2026 - 2027,3292,Zone 6,Zone 6,24,No,Yes,FALSE,0,0,0,FALSE,FALSE,N/A,N/A,N/A,0,0,0,0,0,0,FALSE,,0,,0
44951,Butwal,Butwal,44951,Active,Community,Nepal,Butwal (Rotary),2025 - 2026,3292,Zone 6,Zone 6,19,No,No,FALSE,0,0,0,FALSE,TRUE,Rotaract President,2025 - 2026,N,0,0,0,0,0,0,FALSE,,0,,0
217627,Butwal Chautari,Butwal Chautari,217627,Active,Community,Nepal,Butwal Chautari (Rotary),2026 - 2027,3292,Zone 6,Zone 6,16,No,Yes,FALSE,0,0,0,FALSE,FALSE,N/A,N/A,N/A,0,0,0,0,0,0,FALSE,,0,,0
56450,Butwal Down Town,Butwal Down Town,56450,Active,Community,Nepal,Butwal-Downtown (Rotary),2026 - 2027,3292,Zone 6,Zone 6,42,No,Yes,FALSE,0,0,0,FALSE,FALSE,N/A,N/A,N/A,0,0,0,0,0,0,FALSE,,0,,0
63178,Butwal South,Butwal South,63178,Active,Community,Nepal,Butwal South (Rotary),2026 - 2027,3292,Zone 6,Zone 6,29,No,Yes,FALSE,0,0,0,FALSE,FALSE,N/A,N/A,N/A,0,0,0,0,0,0,FALSE,,0,,0
215519,Butwal Synergy,Butwal Synergy,215519,Active,Community,Nepal,Butwal-Downtown (Rotary),2026 - 2027,3292,Zone 6,Zone 6,12,No,Yes,FALSE,0,0,0,FALSE,FALSE,N/A,N/A,N/A,0,0,0,0,0,0,FALSE,,0,,0
8823369,Central Bouddha Land,Central Bouddha Land,8823369,Active,Community,Nepal,Central Lumbini (Rotary),2024 - 2025,3292,Zone 6,Zone 6,15,Yes,No,TRUE,10842,112.94,10842,TRUE,TRUE,Rotaract President,2024 - 2025,N,0,0,0,0,0,0,FALSE,,0,,0
213949,Central Butwal,Central Butwal,213949,Active,Community,Nepal,Central Butwal (Rotary),2026 - 2027,3292,Zone 6,Zone 6,21,No,Yes,FALSE,0,0,0,FALSE,FALSE,N/A,N/A,N/A,0,0,0,0,0,0,FALSE,,0,,0
214905,Central Lumbini,Central Lumbini,214905,Active,Community,Nepal,Central Lumbini (Rotary),2026 - 2027,3292,Zone 6,Zone 6,18,No,Yes,FALSE,0,0,0,FALSE,FALSE,N/A,N/A,N/A,0,0,0,0,0,0,FALSE,,0,,1
8825187,Central Rohini,Central Rohini,8825187,Active,Community,Nepal,Central Lumbini (Rotary),2026 - 2027,3292,Zone 6,Zone 6,15,No,Yes,FALSE,0,0,0,FALSE,FALSE,N/A,N/A,N/A,0,0,0,0,0,0,FALSE,,0,,0
217338,Central Rupandehi,Central Rupandehi,217338,Active,Community,Nepal,Central Butwal (Rotary),2026 - 2027,3292,Zone 6,Zone 6,18,No,Yes,FALSE,0,0,0,FALSE,FALSE,N/A,N/A,N/A,0,0,0,0,0,0,FALSE,,0,,0
8823370,Central Siyari,Central Siyari,8823370,Active,Community,Nepal,Central Lumbini (Rotary),2026 - 2027,3292,Zone 6,Zone 6,15,No,Yes,FALSE,0,0,0,FALSE,FALSE,N/A,N/A,N/A,0,0,0,0,0,0,FALSE,,0,,0
8825986,Central Valley Kasthamandap,Central Valley Kasthamandap,8825986,Active,Community,Nepal,,2026 - 2027,3292,Zone 6,Zone 6,12,No,Yes,FALSE,0,0,0,FALSE,FALSE,N/A,N/A,N/A,0,0,0,0,0,0,FALSE,,0,,0
86937,Chandragiri,Chandragiri,86937,Active,Community,Nepal,Chandragiri (Rotary),2026 - 2027,3292,Zone 6,Zone 6,44,No,Yes,FALSE,0,0,0,FALSE,FALSE,N/A,N/A,N/A,0,0,0,0,0,0,FALSE,,0,,0
8827982,Changu,Changu,8827982,Active,Community,Nepal,Changu (Rotary),2026 - 2027,3292,Zone 6,Zone 6,26,No,Yes,FALSE,0,0,0,FALSE,FALSE,N/A,N/A,N/A,0,0,0,0,0,0,FALSE,,0,,0
75397,Charumati,Charumati,75397,Active,Community,Nepal,Charumati Kathmandu (Rotary),2026 - 2027,3292,Zone 6,Zone 6,25,No,Yes,FALSE,0,0,0,FALSE,FALSE,N/A,N/A,N/A,0,0,0,0,0,0,FALSE,,0,,0
9539,Chitwan,Chitwan,9539,Active,Community,Nepal,Chitwan (Rotary),2026 - 2027,3292,Zone 6,Zone 6,49,No,Yes,FALSE,0,0,0,FALSE,FALSE,N/A,N/A,N/A,0,0,0,0,0,0,FALSE,,0,,0
8825471,Chitwan Medical College,Chitwan Medical College,8825471,Active,University,Nepal,Bharatpur (Rotaract),2026 - 2027,3292,Zone 6,Zone 6,25,No,Yes,FALSE,0,0,0,FALSE,FALSE,N/A,N/A,N/A,0,0,0,0,0,0,FALSE,,0,,0
8823900,Dakshinkali,Dakshinkali,8823900,Active,Community,Nepal,Sainamaina (Rotaract),2026 - 2027,3292,Zone 6,Zone 6,13,No,Yes,FALSE,0,0,0,FALSE,FALSE,N/A,N/A,N/A,0,0,0,0,0,0,FALSE,,0,,0
215882,Damak,Damak,215882,Active,Community,Nepal,Damak (Rotary),2026 - 2027,3292,Zone 6,Zone 6,38,No,Yes,FALSE,0,0,0,FALSE,FALSE,N/A,N/A,N/A,0,0,0,0,0,0,FALSE,,0,,0
59803,Damauli,Damauli,59803,Active,Community,Nepal,Damauli (Rotary),2026 - 2027,3292,Zone 6,Zone 6,32,No,Yes,FALSE,0,0,0,FALSE,FALSE,N/A,N/A,N/A,0,0,0,0,0,0,FALSE,,0,,4
214772,Dang,Dang,214772,Active,Community,Nepal,Dang (Rotary),2026 - 2027,3292,Zone 6,Zone 6,27,No,Yes,FALSE,0,0,0,FALSE,FALSE,N/A,N/A,N/A,0,0,0,0,0,0,FALSE,,0,,0
8828563,Devdaha,Devdaha,8828563,Active,Community,Nepal,Devdaha (Rotary),2026 - 2027,3292,Zone 6,Zone 6,20,No,Yes,FALSE,0,0,0,FALSE,FALSE,N/A,N/A,N/A,0,0,0,0,0,0,FALSE,,0,,0
8825177,Devdaha Medical College,Devdaha Medical College,8825177,Active,University,Nepal,Palpa Lumbini (Rotary),2026 - 2027,3292,Zone 6,Zone 6,15,No,Yes,FALSE,0,0,0,FALSE,FALSE,N/A,N/A,N/A,0,0,0,0,0,0,FALSE,,0,,0
8826734,Dhading,Dhading,8826734,Active,Community,Nepal,Dhading (Rotary),2026 - 2027,3292,Zone 6,Zone 6,24,No,Yes,FALSE,0,0,0,FALSE,FALSE,N/A,N/A,N/A,0,0,0,0,0,0,FALSE,,0,,0
212572,Dhangadhi,Dhangadhi,212572,Active,Community,Nepal,Dhangadhi (Rotary),2026 - 2027,3292,Zone 6,Zone 6,9,No,Yes,FALSE,0,0,0,FALSE,FALSE,N/A,N/A,N/A,0,0,0,0,0,0,FALSE,,0,,0
8828211,Dhangadhi Next Gen,Dhangadhi Next Gen,8828211,Active,Community,Nepal,Dhangadhi (Rotary),2026 - 2027,3292,Zone 6,Zone 6,18,No,Yes,FALSE,0,0,0,FALSE,FALSE,N/A,N/A,N/A,0,0,0,0,0,0,FALSE,,0,,0
43654,Dharan,Dharan,43654,Active,Community,Nepal,Dharan (Rotary),2026 - 2027,3292,Zone 6,Zone 6,28,No,Yes,FALSE,0,0,0,FALSE,FALSE,N/A,N/A,N/A,0,0,0,0,0,0,FALSE,,0,,0
63997,Dharan Ghopa,Dharan Ghopa,63997,Active,University,Nepal,Dharan Ghopa (Rotary),2026 - 2027,3292,Zone 6,Zone 6,14,No,Yes,FALSE,0,0,0,FALSE,FALSE,N/A,N/A,N/A,0,0,0,0,0,0,FALSE,,0,,0
80113,Dhulikhel,Dhulikhel,80113,Active,Community,Nepal,Dhulikhel (Rotary),2025 - 2026,3292,Zone 6,Zone 6,18,Yes,No,TRUE,13374,139.31,13374,TRUE,TRUE,Rotaract President,2025 - 2026,N,0,0,0,0,0,0,FALSE,,0,,1
52653,Dillibazar-Kathmandu,Dillibazar-Kathmandu,52653,Active,Community,Nepal,Dillibazar-Kathmandu (Rotary),2026 - 2027,3292,Zone 6,Zone 6,44,No,Yes,FALSE,0,0,0,FALSE,FALSE,N/A,N/A,N/A,0,0,0,0,0,0,FALSE,,0,,1
88996,Durbarmarg,Durbarmarg,88996,Active,Community,Nepal,Durbarmarg (Rotary),2025 - 2026,3292,Zone 6,Zone 6,13,No,No,FALSE,0,0,0,FALSE,TRUE,Rotaract President,2025 - 2026,N,0,0,0,0,0,0,FALSE,,0,,0
216442,Gaidakot,Gaidakot,216442,Active,Community,Nepal,Gaidakot (Rotary),2025 - 2026,3292,Zone 6,Zone 6,18,No,No,FALSE,0,0,0,FALSE,TRUE,Rotaract President,2025 - 2026,N,0,0,0,0,0,0,FALSE,,0,,0
8823562,"Galkot, Baglung","Galkot, Baglung",8823562,Active,Community,Nepal,Baglung (Rotaract),2025 - 2026,3292,Zone 6,Zone 6,17,No,No,FALSE,0,0,0,FALSE,TRUE,Rotaract President,2025 - 2026,N,0,0,0,0,0,0,FALSE,,0,,0
8828026,Gandaki University,Gandaki University,8828026,Active,University,Nepal,Lekhnath (Rotaract),2026 - 2027,3292,Zone 6,Zone 6,20,No,Yes,FALSE,0,0,0,FALSE,FALSE,N/A,N/A,N/A,0,0,0,0,0,0,FALSE,,0,,0
8827606,Gokarneshwor,Gokarneshwor,8827606,Active,Community,Nepal,Gokarneshwor (Rotary),2026 - 2027,3292,Zone 6,Zone 6,23,No,Yes,FALSE,0,0,0,FALSE,FALSE,N/A,N/A,N/A,0,0,0,0,0,0,FALSE,,0,,0
8827599,Gongabu North,Gongabu North,8827599,Active,Community,Nepal,Gongabu (Rotary),2026 - 2027,3292,Zone 6,Zone 6,15,No,Yes,FALSE,0,0,0,FALSE,FALSE,N/A,N/A,N/A,0,0,0,0,0,0,FALSE,,0,,0
8824537,"Gyaneswor, CiST","Gyaneswor, CiST",8824537,Active,University,Nepal,Gyaneswor (Rotary),2026 - 2027,3292,Zone 6,Zone 6,19,No,Yes,FALSE,0,0,0,FALSE,FALSE,N/A,N/A,N/A,0,0,0,0,0,0,FALSE,,0,,1
90587,Hemja,Hemja,90587,Active,Community,Nepal,Pokhara Annapurna (Rotary),2025 - 2026,3292,Zone 6,Zone 6,14,No,No,FALSE,0,0,0,FALSE,TRUE,Rotaract President,2025 - 2026,N,0,0,0,0,0,0,FALSE,,0,,0
213986,Hetauda,Hetauda,213986,Active,Community,Nepal,Hetauda (Rotary),2026 - 2027,3292,Zone 6,Zone 6,59,No,Yes,FALSE,0,0,0,FALSE,FALSE,N/A,N/A,N/A,0,0,0,0,0,0,FALSE,,0,,1
8826017,Himalayan Golfers,Himalayan Golfers,8826017,Active,Community,Nepal,Himalayan Golfers (Rotary),2026 - 2027,3292,Zone 6,Zone 6,17,No,Yes,FALSE,0,0,0,FALSE,FALSE,N/A,N/A,N/A,0,0,0,0,0,0,FALSE,,0,,0
8827866,Himalayan White House International College,Himalayan White House International College,8827866,Active,University,Nepal,Patan West (Rotary),2026 - 2027,3292,Zone 6,Zone 6,16,No,Yes,FALSE,0,0,0,FALSE,FALSE,N/A,N/A,N/A,0,0,0,0,0,0,FALSE,,0,,0
67987,Himalaya Patan,Himalaya Patan,67987,Active,Community,Nepal,Himalaya Patan (Rotary),2026 - 2027,3292,Zone 6,Zone 6,23,No,Yes,FALSE,0,0,0,FALSE,FALSE,N/A,N/A,N/A,0,0,0,0,0,0,FALSE,,0,,0
218457,Itabhatta Municipal,Itabhatta Municipal,218457,Active,Community,Nepal,Kakarvitta (Rotaract),2026 - 2027,3292,Zone 6,Zone 6,15,Yes,Yes,TRUE,11871,123.66,11871,TRUE,FALSE,N/A,N/A,N/A,0,0,0,0,0,0,FALSE,,0,,0
81544,Itahari,Itahari,81544,Active,Community,Nepal,Itahari (Rotary),2025 - 2026,3292,Zone 6,Zone 6,34,No,No,FALSE,0,0,0,FALSE,TRUE,Rotaract President,2025 - 2026,N,0,0,0,0,0,0,FALSE,,0,,0
8826972,Janakpurdham,Janakpurdham,8826972,Active,Community,Nepal,Janakpurdham (Rotary),2026 - 2027,3292,Zone 6,Zone 6,13,No,Yes,FALSE,0,0,0,FALSE,FALSE,N/A,N/A,N/A,0,0,0,0,0,0,FALSE,,0,,0
72801,Jawalakhel,Jawalakhel,72801,Active,Community,Nepal,Jawalakhel (Rotary),2026 - 2027,3292,Zone 6,Zone 6,5,No,Yes,FALSE,0,0,0,FALSE,FALSE,N/A,N/A,N/A,0,0,0,0,0,0,FALSE,,0,,0
81870,Jawalakhel Manjushree,Jawalakhel Manjushree,81870,Active,Community,Nepal,Jawalakhel-Manjushree (Rotary),2026 - 2027,3292,Zone 6,Zone 6,15,No,Yes,FALSE,0,0,0,FALSE,FALSE,N/A,N/A,N/A,0,0,0,0,0,0,FALSE,,0,,0
214109,Kakarvitta,Kakarvitta,214109,Active,Community,Nepal,Kakarvitta (Rotary),2026 - 2027,3292,Zone 6,Zone 6,13,No,Yes,FALSE,0,0,0,FALSE,FALSE,N/A,N/A,N/A,0,0,0,0,0,0,FALSE,,0,,0
8826811,Kamaladi,Kamaladi,8826811,Active,Community,Nepal,Kamaladi Kathmandu (Rotary),2026 - 2027,3292,Zone 6,Zone 6,17,No,Yes,FALSE,0,0,0,FALSE,FALSE,N/A,N/A,N/A,0,0,0,0,0,0,FALSE,,0,,0
57147,Kantipur,Kantipur,57147,Active,Community,Nepal,Kantipur Kathmandu (Rotary),2026 - 2027,3292,Zone 6,Zone 6,27,No,Yes,FALSE,0,0,0,FALSE,FALSE,N/A,N/A,N/A,0,0,0,0,0,0,FALSE,,0,,0
87601,Kantipur Dental College,Kantipur Dental College,87601,Active,University,Nepal,Kathmandu North (Rotary),2026 - 2027,3292,Zone 6,Zone 6,62,No,Yes,FALSE,0,0,0,FALSE,FALSE,N/A,N/A,N/A,0,0,0,0,0,0,FALSE,,0,,0
213526,Kapilvastu,Kapilvastu,213526,Active,Community,Nepal,,2025 - 2026,3292,Zone 6,Zone 6,14,Yes,No,TRUE,10119,105.41,10119,TRUE,TRUE,Rotaract President,2025 - 2026,N,0,0,0,0,0,0,FALSE,,0,,0
76282,Kasthamandap Kathmandu,Kasthamandap Kathmandu,76282,Active,Community,Nepal,Kasthamandap Kathmandu (Rotary),2026 - 2027,3292,Zone 6,Zone 6,14,No,Yes,FALSE,0,0,0,FALSE,FALSE,N/A,N/A,N/A,0,0,0,0,0,0,FALSE,,0,,0
9591,Kathmandu,Kathmandu,9591,Active,Community,Nepal,Kathmandu (Rotary),2026 - 2027,3292,Zone 6,Zone 6,54,No,Yes,FALSE,0,0,0,FALSE,FALSE,N/A,N/A,N/A,0,0,0,0,0,0,FALSE,,0,,2
8827984,Kathmandu Height,Kathmandu Height,8827984,Active,Community,Nepal,Kathmandu Height (Rotary),2026 - 2027,3292,Zone 6,Zone 6,17,No,Yes,FALSE,0,0,0,FALSE,FALSE,N/A,N/A,N/A,0,0,0,0,0,0,FALSE,,0,,0
8828338,Kathmandu Horizon,Kathmandu Horizon,8828338,Active,Community,Nepal,Kathmandu Circle (Rotary),2026 - 2027,3292,Zone 6,Zone 6,16,No,Yes,FALSE,0,0,0,FALSE,FALSE,N/A,N/A,N/A,0,0,0,0,0,0,FALSE,,0,,0
8827634,Kathmandu Kalanki,Kathmandu Kalanki,8827634,Active,Community,Nepal,Kathmandu Kalanki (Rotary),2026 - 2027,3292,Zone 6,Zone 6,18,No,Yes,FALSE,0,0,0,FALSE,FALSE,N/A,N/A,N/A,0,0,0,0,0,0,FALSE,,0,,0
78432,Kathmandu Medical College,Kathmandu Medical College,78432,Active,University,Nepal,Kathmandu North (Rotary),2026 - 2027,3292,Zone 6,Zone 6,32,No,Yes,FALSE,0,0,0,FALSE,FALSE,N/A,N/A,N/A,0,0,0,0,0,0,FALSE,,0,,0
218541,Kathmandu Medical College- Duwakot,Kathmandu Medical College- Duwakot,218541,Active,University,Nepal,Bhaktapur (Rotary),2026 - 2027,3292,Zone 6,Zone 6,11,No,Yes,FALSE,0,0,0,FALSE,FALSE,N/A,N/A,N/A,0,0,0,0,0,0,FALSE,,0,,0
65283,Kathmandu Metro,Kathmandu Metro,65283,Active,University,Nepal,Kathmandu Metro (Rotary),2026 - 2027,3292,Zone 6,Zone 6,33,No,Yes,FALSE,0,0,0,FALSE,FALSE,N/A,N/A,N/A,0,0,0,0,0,0,FALSE,,0,,0
213989,Kathmandu Metropolis,Kathmandu Metropolis,213989,Active,Community,Nepal,E-Club of District 3292 (Rotary),2025 - 2026,3292,Zone 6,Zone 6,23,No,No,FALSE,0,0,0,FALSE,TRUE,Rotaract President,2025 - 2026,N,0,0,0,0,0,0,FALSE,,0,,0
44168,Kathmandu Mid-Town,Kathmandu Mid-Town,44168,Active,Community,Nepal,Kathmandu Mid-Town (Rotary),2026 - 2027,3292,Zone 6,Zone 6,46,No,Yes,FALSE,0,0,0,FALSE,FALSE,N/A,N/A,N/A,0,0,0,0,0,0,FALSE,,0,,0
47049,Kathmandu North,Kathmandu North,47049,Active,Community,Nepal,Kathmandu North (Rotary),2026 - 2027,3292,Zone 6,Zone 6,32,No,Yes,FALSE,0,0,0,FALSE,FALSE,N/A,N/A,N/A,0,0,0,0,0,0,FALSE,,0,,0
68744,Kathmandu North East,Kathmandu North East,68744,Active,Community,Nepal,Kathmandu North East (Rotary),2026 - 2027,3292,Zone 6,Zone 6,19,No,Yes,FALSE,0,0,0,FALSE,FALSE,N/A,N/A,N/A,0,0,0,0,0,0,FALSE,,0,,0
212230,Kathmandu University,Kathmandu University,212230,Active,University,Nepal,Dhulikhel (Rotary),2026 - 2027,3292,Zone 6,Zone 6,16,No,Yes,FALSE,0,0,0,FALSE,FALSE,N/A,N/A,N/A,0,0,0,0,0,0,FALSE,,0,,0
90321,Kathmandu University Medical School (KUMS),Kathmandu University Medical School (KUMS),90321,Active,University,Nepal,Dhulikhel (Rotary),2026 - 2027,3292,Zone 6,Zone 6,135,No,Yes,FALSE,0,0,0,FALSE,FALSE,N/A,N/A,N/A,0,0,0,0,0,0,FALSE,,0,,0
8825853,Kathmandu University School of Management,Kathmandu University School of Management,8825853,Active,University,Nepal,Patan South (Rotary),2026 - 2027,3292,Zone 6,Zone 6,18,No,Yes,FALSE,0,0,0,FALSE,FALSE,N/A,N/A,N/A,0,0,0,0,0,0,FALSE,,0,,0
77963,Kathmandu West,Kathmandu West,77963,Active,Community,Nepal,Kathmandu West (Rotary),2026 - 2027,3292,Zone 6,Zone 6,24,No,Yes,FALSE,0,0,0,FALSE,FALSE,N/A,N/A,N/A,0,0,0,0,0,0,FALSE,,0,,0
217628,Kawasoti,Kawasoti,217628,Active,Community,Nepal,Kawasoti (Rotary),2026 - 2027,3292,Zone 6,Zone 6,30,No,Yes,FALSE,0,0,0,FALSE,FALSE,N/A,N/A,N/A,0,0,0,0,0,0,FALSE,,0,,0
8823912,Kirtipur,Kirtipur,8823912,Active,Community,Nepal,Kirtipur (Rotary),2026 - 2027,3292,Zone 6,Zone 6,25,No,Yes,FALSE,0,0,0,FALSE,FALSE,N/A,N/A,N/A,0,0,0,0,0,0,FALSE,,0,,2
214695,KIST Medical College,KIST Medical College,214695,Active,University,Nepal,Chandragiri (Rotary),2026 - 2027,3292,Zone 6,Zone 6,37,No,Yes,FALSE,0,0,0,FALSE,FALSE,N/A,N/A,N/A,0,0,0,0,0,0,FALSE,,0,,0
76283,Kopundol,Kopundol,76283,Active,Community,Nepal,Kopundol (Rotary),2026 - 2027,3292,Zone 6,Zone 6,18,No,Yes,FALSE,0,0,0,FALSE,FALSE,N/A,N/A,N/A,0,0,0,0,0,0,FALSE,,0,,1
91648,Kshitiz International College,Kshitiz International College,91648,Active,University,Nepal,Butwal (Rotary),2026 - 2027,3292,Zone 6,Zone 6,7,No,Yes,FALSE,0,0,0,FALSE,FALSE,N/A,N/A,N/A,0,0,0,0,0,0,FALSE,,0,,0
46026,Lalitpur,Lalitpur,46026,Active,Community,Nepal,Lalitpur (Rotary),2026 - 2027,3292,Zone 6,Zone 6,12,No,Yes,FALSE,0,0,0,FALSE,FALSE,N/A,N/A,N/A,0,0,0,0,0,0,FALSE,,0,,0
8825466,Lalitpur Midtown,Lalitpur Midtown,8825466,Active,Community,Nepal,Lalitpur Mid Town (Rotary),2026 - 2027,3292,Zone 6,Zone 6,16,No,Yes,FALSE,0,0,0,FALSE,FALSE,N/A,N/A,N/A,0,0,0,0,0,0,FALSE,,0,,0
8826979,Lamahi,Lamahi,8826979,Active,Community,Nepal,Lamahi (Rotary),2026 - 2027,3292,Zone 6,Zone 6,21,No,Yes,FALSE,0,0,0,FALSE,FALSE,N/A,N/A,N/A,0,0,0,0,0,0,FALSE,,0,,1
77220,Lamjung,Lamjung,77220,Active,Community,Nepal,Lamjung (Rotary),2024 - 2025,3292,Zone 6,Zone 6,11,Yes,No,TRUE,7951,82.82,7951,TRUE,TRUE,Rotaract President,2024 - 2025,N,0,0,0,0,0,0,FALSE,,0,,0
90042,Lekhnath,Lekhnath,90042,Active,Community,Nepal,Lekhnath (Rotary),2026 - 2027,3292,Zone 6,Zone 6,24,No,Yes,FALSE,0,0,0,FALSE,FALSE,N/A,N/A,N/A,0,0,0,0,0,0,FALSE,,0,,0
90200,Liberty College,Liberty College,90200,Active,University,Nepal,Nagarjun (Rotary),2026 - 2027,3292,Zone 6,Zone 6,20,No,Yes,FALSE,0,0,0,FALSE,FALSE,N/A,N/A,N/A,0,0,0,0,0,0,FALSE,,0,,0
89721,Lumbini Banijya Campus,Lumbini Banijya Campus,89721,Active,University,Nepal,Butwal (Rotary),2026 - 2027,3292,Zone 6,Zone 6,16,No,Yes,FALSE,0,0,0,FALSE,FALSE,N/A,N/A,N/A,0,0,0,0,0,0,FALSE,,0,,0
8823368,Lumbini Buddha,Lumbini Buddha,8823368,Active,Community,Nepal,Lumbini Siddharthanagar (Rotary),2024 - 2025,3292,Zone 6,Zone 6,25,No,No,FALSE,0,0,0,FALSE,TRUE,Rotaract President,2024 - 2025,N,0,0,0,0,0,0,FALSE,,0,,0
8828334,Lumbini Medical College,Lumbini Medical College,8828334,Active,University,Nepal,Palpa Lumbini (Rotary),2026 - 2027,3292,Zone 6,Zone 6,60,No,Yes,FALSE,0,0,0,FALSE,FALSE,N/A,N/A,N/A,0,0,0,0,0,0,FALSE,,0,,0
90676,Lumbini Siddharthanagar,Lumbini Siddharthanagar,90676,Active,Community,Nepal,Lumbini Siddharthanagar (Rotary),2025 - 2026,3292,Zone 6,Zone 6,20,No,No,FALSE,0,0,0,FALSE,TRUE,Rotaract President,2025 - 2026,N,0,0,0,0,0,0,FALSE,,0,,0
217873,Lumbini Stars,Lumbini Stars,217873,Active,Community,Nepal,Lumbini Stars (Rotary),2026 - 2027,3292,Zone 6,Zone 6,24,No,Yes,FALSE,0,0,0,FALSE,FALSE,N/A,N/A,N/A,0,0,0,0,0,0,FALSE,,0,,0
89712,Madhyapur,Madhyapur,89712,Active,Community,Nepal,Madhyapur (Rotary),2026 - 2027,3292,Zone 6,Zone 6,36,No,Yes,FALSE,0,0,0,FALSE,FALSE,N/A,N/A,N/A,0,0,0,0,0,0,FALSE,,0,,0
72816,Mahabouddha,Mahabouddha,72816,Active,Community,Nepal,Mahabouddha (Rotary),2026 - 2027,3292,Zone 6,Zone 6,23,No,Yes,FALSE,0,0,0,FALSE,FALSE,N/A,N/A,N/A,0,0,0,0,0,0,FALSE,,0,,0
213114,Makawanpur,Makawanpur,213114,Active,Community,Nepal,Makawanpur (Rotary),2026 - 2027,3292,Zone 6,Zone 6,25,No,Yes,FALSE,0,0,0,FALSE,FALSE,N/A,N/A,N/A,0,0,0,0,0,0,FALSE,,0,,0
218489,Manigram,Manigram,218489,Active,Community,Nepal,Manigram (Rotary),2026 - 2027,3292,Zone 6,Zone 6,30,No,Yes,FALSE,0,0,0,FALSE,FALSE,N/A,N/A,N/A,0,0,0,0,0,0,FALSE,,0,,0
90045,Manipal College of Medical Sciences,Manipal College of Medical Sciences,90045,Active,University,Nepal,Pokhara Newroad (Rotary),2026 - 2027,3292,Zone 6,Zone 6,55,No,Yes,FALSE,0,0,0,FALSE,FALSE,N/A,N/A,N/A,0,0,0,0,0,0,FALSE,,0,,0
88815,Manohara,Manohara,88815,Active,Community,Nepal,Rudramati Kathmandu (Rotary),2026 - 2027,3292,Zone 6,Zone 6,24,No,Yes,FALSE,0,0,0,FALSE,FALSE,N/A,N/A,N/A,0,0,0,0,0,0,FALSE,,0,,0
8824674,Marchwar,Marchwar,8824674,Active,Community,Nepal,Butwal (Rotaract),2023 - 2024,3292,Zone 6,Zone 6,1,Yes,No,TRUE,2740,28.54,2740,FALSE,TRUE,Rotaract President,2023 - 2024,N,0,0,0,0,0,0,FALSE,,0,,0
8827726,Matribhumi Baluwatar,Matribhumi Baluwatar,8827726,Active,Community,Nepal,Matribhumi Baluwatar (Rotary),2026 - 2027,3292,Zone 6,Zone 6,20,No,Yes,FALSE,0,0,0,FALSE,FALSE,N/A,N/A,N/A,0,0,0,0,0,0,FALSE,,0,,0
215937,Matribhumi Baluwatar IOM,Matribhumi Baluwatar IOM,215937,Active,University,Nepal,Matribhumi Baluwatar (Rotary),2026 - 2027,3292,Zone 6,Zone 6,56,No,Yes,FALSE,0,0,0,FALSE,FALSE,N/A,N/A,N/A,0,0,0,0,0,0,FALSE,,0,,0
8823532,Mechinagar,Mechinagar,8823532,Active,Community,Nepal,Mechinagar (Rotary),2026 - 2027,3292,Zone 6,Zone 6,13,No,Yes,FALSE,0,0,0,FALSE,FALSE,N/A,N/A,N/A,0,0,0,0,0,0,FALSE,,0,,0
90153,Metro City,Metro City,90153,Active,Community,Nepal,Kathmandu Metro (Rotary),2026 - 2027,3292,Zone 6,Zone 6,16,No,Yes,FALSE,0,0,0,FALSE,FALSE,N/A,N/A,N/A,0,0,0,0,0,0,FALSE,,0,,0
89802,Narayangarh,Narayangarh,89802,Active,Community,Nepal,Narayangarh (Rotary),2025 - 2026,3292,Zone 6,Zone 6,37,No,No,FALSE,0,0,0,FALSE,TRUE,Rotaract President,2025 - 2026,N,0,0,0,0,0,0,FALSE,,0,,1
75237,Narayani Mid Town,Narayani Mid Town,75237,Active,Community,Nepal,Narayani Mid Town (Rotary),2026 - 2027,3292,Zone 6,Zone 6,33,No,Yes,FALSE,0,0,0,FALSE,FALSE,N/A,N/A,N/A,0,0,0,0,0,0,FALSE,,0,,1
8827867,National Medical College,National Medical College,8827867,Active,University,Nepal,United Birgunj (Rotaract),2026 - 2027,3292,Zone 6,Zone 6,28,No,Yes,FALSE,0,0,0,FALSE,FALSE,N/A,N/A,N/A,0,0,0,0,0,0,FALSE,,0,,0
8823813,Nawalpur City,Nawalpur City,8823813,Active,Community,Nepal,Nawalpur Kawasoti (Rotary),2025 - 2026,3292,Zone 6,Zone 6,21,No,No,FALSE,0,0,0,FALSE,TRUE,Rotaract President,2025 - 2026,N,0,0,0,0,0,0,FALSE,,0,,0
8826910,Naxal Shakti,Naxal Shakti,8826910,Active,Community,Nepal,Naxal Shakti (Rotary),2026 - 2027,3292,Zone 6,Zone 6,25,No,Yes,FALSE,0,0,0,FALSE,FALSE,N/A,N/A,N/A,0,0,0,0,0,0,FALSE,,0,,0
8825215,Nepalgunj Medical College,Nepalgunj Medical College,8825215,Active,University,Nepal,Kathmandu Kalanki (Rotary),2025 - 2026,3292,Zone 6,Zone 6,11,No,No,FALSE,0,0,0,FALSE,TRUE,Rotaract President,2025 - 2026,N,0,0,0,0,0,0,FALSE,,0,,0
8828552,Nepal Mandal,Nepal Mandal,8828552,Active,Community,Nepal,Nepal Mandal Kathmandu (Rotary),2026 - 2027,3292,Zone 6,Zone 6,19,No,Yes,FALSE,0,0,0,FALSE,FALSE,N/A,N/A,N/A,0,0,0,0,0,0,FALSE,,0,,0
218266,Nepal National Hospital,Nepal National Hospital,218266,Active,Community,Nepal,Jawalakhel (Rotary),2026 - 2027,3292,Zone 6,Zone 6,24,No,Yes,FALSE,0,0,0,FALSE,FALSE,N/A,N/A,N/A,0,0,0,0,0,0,FALSE,,0,,0
64638,New Road City Kathmandu,New Road City Kathmandu,64638,Active,Community,Nepal,New Road City Kathmandu (Rotary),2026 - 2027,3292,Zone 6,Zone 6,15,No,Yes,FALSE,0,0,0,FALSE,FALSE,N/A,N/A,N/A,0,0,0,0,0,0,FALSE,,0,,0
91413,Newroad Pokhara,Newroad Pokhara,91413,Active,Community,Nepal,Pokhara Newroad (Rotary),2026 - 2027,3292,Zone 6,Zone 6,22,No,Yes,FALSE,0,0,0,FALSE,FALSE,N/A,N/A,N/A,0,0,0,0,0,0,FALSE,,0,,0
8823447,Nobel Medical College Teaching Hospital,Nobel Medical College Teaching Hospital,8823447,Active,University,Nepal,Biratnagar Down Town (Rotary),2026 - 2027,3292,Zone 6,Zone 6,13,No,Yes,FALSE,0,0,0,FALSE,FALSE,N/A,N/A,N/A,0,0,0,0,0,0,FALSE,,0,,0
89485,Palpa Tansen,Palpa Tansen,89485,Active,Community,Nepal,Palpa Tansen (Rotary),2026 - 2027,3292,Zone 6,Zone 6,15,No,Yes,FALSE,0,0,0,FALSE,FALSE,N/A,N/A,N/A,0,0,0,0,0,0,FALSE,,0,,0
215079,Panauti,Panauti,215079,Active,Community,Nepal,Panauti (Rotary),2026 - 2027,3292,Zone 6,Zone 6,20,No,Yes,FALSE,0,0,0,FALSE,FALSE,N/A,N/A,N/A,0,0,0,0,0,0,FALSE,,0,,0
89600,Parbat,Parbat,89600,Active,Community,Nepal,Parbat (Rotary),2026 - 2027,3292,Zone 6,Zone 6,20,Yes,Yes,TRUE,15550,161.98,15550,TRUE,FALSE,N/A,N/A,N/A,0,0,0,0,0,0,FALSE,,0,,0
213960,Parbat Pokhara,Parbat Pokhara,213960,Active,Community,Nepal,Parbat (Rotary),2026 - 2027,3292,Zone 6,Zone 6,11,No,Yes,FALSE,0,0,0,FALSE,FALSE,N/A,N/A,N/A,0,0,0,0,0,0,FALSE,,0,,0
46877,Pashupati-Kathmandu,Pashupati-Kathmandu,46877,Active,Community,Nepal,Pashupati Kathmandu (Rotary),2026 - 2027,3292,Zone 6,Zone 6,24,No,Yes,FALSE,0,0,0,FALSE,FALSE,N/A,N/A,N/A,0,0,0,0,0,0,FALSE,,0,,0
218566,Pashupati Nepal Law Campus,Pashupati Nepal Law Campus,218566,Active,University,Nepal,Pashupati Kathmandu (Rotary),2026 - 2027,3292,Zone 6,Zone 6,20,No,Yes,FALSE,0,0,0,FALSE,FALSE,N/A,N/A,N/A,0,0,0,0,0,0,FALSE,,0,,0
43221,Patan,Patan,43221,Active,Community,Nepal,Patan (Rotary),2026 - 2027,3292,Zone 6,Zone 6,21,No,Yes,FALSE,0,0,0,FALSE,FALSE,N/A,N/A,N/A,0,0,0,0,0,0,FALSE,,0,,0
67996,Patan Durbar Square,Patan Durbar Square,67996,Active,Community,Nepal,Patan Durbar Square (Rotary),2026 - 2027,3292,Zone 6,Zone 6,27,No,Yes,FALSE,0,0,0,FALSE,FALSE,N/A,N/A,N/A,0,0,0,0,0,0,FALSE,,0,,0
8825231,Patan Heritage,Patan Heritage,8825231,Active,Community,Nepal,Patan Heritage (Rotary),2026 - 2027,3292,Zone 6,Zone 6,32,No,Yes,FALSE,0,0,0,FALSE,FALSE,N/A,N/A,N/A,0,0,0,0,0,0,FALSE,,0,,0
90407,Patan South,Patan South,90407,Active,Community,Nepal,Patan South (Rotary),2026 - 2027,3292,Zone 6,Zone 6,17,No,Yes,FALSE,0,0,0,FALSE,FALSE,N/A,N/A,N/A,0,0,0,0,0,0,FALSE,,0,,0
48154,Patan West,Patan West,48154,Active,Community,Nepal,Patan West (Rotary),2026 - 2027,3292,Zone 6,Zone 6,23,No,Yes,FALSE,0,0,0,FALSE,FALSE,N/A,N/A,N/A,0,0,0,0,0,0,FALSE,,0,,0
89341,People's Campus,People's Campus,89341,Active,Community,Nepal,The Himalayan Gurkhas (Rotary),2026 - 2027,3292,Zone 6,Zone 6,21,No,No,FALSE,0,0,0,FALSE,TRUE,Rotaract President,2025 - 2026,N,0,0,0,0,0,0,FALSE,,0,,0
8825041,Peoples Dental College,Peoples Dental College,8825041,Active,University,Nepal,,2026 - 2027,3292,Zone 6,Zone 6,29,No,Yes,FALSE,0,0,0,FALSE,FALSE,N/A,N/A,N/A,0,0,0,0,0,0,FALSE,,0,,0
54240,Pokhara,Pokhara,54240,Active,Community,Nepal,Pokhara (Rotary),2026 - 2027,3292,Zone 6,Zone 6,18,No,Yes,FALSE,0,0,0,FALSE,FALSE,N/A,N/A,N/A,0,0,0,0,0,0,FALSE,,0,,0
77223,Pokhara Fishtail,Pokhara Fishtail,77223,Active,Community,Nepal,Pokhra Fishtail (Rotary),2026 - 2027,3292,Zone 6,Zone 6,33,No,Yes,FALSE,0,0,0,FALSE,FALSE,N/A,N/A,N/A,0,0,0,0,0,0,FALSE,,0,,0
213879,Pokhara GMC,Pokhara GMC,213879,Active,Community,Nepal,Pokhara (Rotary),2026 - 2027,3292,Zone 6,Zone 6,76,Yes,Yes,TRUE,55423,577.32,55423,TRUE,FALSE,N/A,N/A,N/A,0,0,0,0,0,0,FALSE,,0,,0
214771,Pokhara Lakeside,Pokhara Lakeside,214771,Active,Community,Nepal,Pokhara Lakeside (Rotary),2026 - 2027,3292,Zone 6,Zone 6,19,No,Yes,FALSE,0,0,0,FALSE,FALSE,N/A,N/A,N/A,0,0,0,0,0,0,FALSE,,0,,0
62117,Pokhara Midtown,Pokhara Midtown,62117,Active,Community,Nepal,Pokhara Mid Town (Rotary),2026 - 2027,3292,Zone 6,Zone 6,28,No,Yes,FALSE,0,0,0,FALSE,FALSE,N/A,N/A,N/A,0,0,0,0,0,0,FALSE,,0,,0
218442,Pokhara University,Pokhara University,218442,Active,University,Nepal,Pokhara Lakeside (Rotary),2026 - 2027,3292,Zone 6,Zone 6,34,No,Yes,FALSE,0,0,0,FALSE,FALSE,N/A,N/A,N/A,0,0,0,0,0,0,FALSE,,0,,0
218468,Purbi Chitwan,Purbi Chitwan,218468,Active,Community,Nepal,Ratnanagar (Rotary),2026 - 2027,3292,Zone 6,Zone 6,26,No,Yes,FALSE,0,0,0,FALSE,FALSE,N/A,N/A,N/A,0,0,0,0,0,0,FALSE,,0,,0
61643,Rajdhani,Rajdhani,61643,Active,Community,Nepal,Rajdhani (Rotary),2026 - 2027,3292,Zone 6,Zone 6,37,No,Yes,FALSE,0,0,0,FALSE,FALSE,N/A,N/A,N/A,0,0,0,0,0,0,FALSE,,0,,1
217374,Rammani Multiple Campus,Rammani Multiple Campus,217374,Active,University,Nepal,Rupandehi (Rotary),2026 - 2027,3292,Zone 6,Zone 6,6,No,Yes,FALSE,0,0,0,FALSE,FALSE,N/A,N/A,N/A,0,0,0,0,0,0,FALSE,,0,,0
53092,Ratnanagar,Ratnanagar,53092,Active,Community,Nepal,Ratnanagar (Rotary),2026 - 2027,3292,Zone 6,Zone 6,38,No,Yes,FALSE,0,0,0,FALSE,FALSE,N/A,N/A,N/A,0,0,0,0,0,0,FALSE,,0,,1
78425,Reliance College,Reliance College,78425,Active,University,Nepal,Kathmandu North (Rotary),2026 - 2027,3292,Zone 6,Zone 6,24,No,Yes,FALSE,0,0,0,FALSE,FALSE,N/A,N/A,N/A,0,0,0,0,0,0,FALSE,,0,,0
70789,Rudramati,Rudramati,70789,Active,Community,Nepal,Rudramati Kathmandu (Rotary),2026 - 2027,3292,Zone 6,Zone 6,21,No,Yes,FALSE,0,0,0,FALSE,FALSE,N/A,N/A,N/A,0,0,0,0,0,0,FALSE,,0,,0
90367,Rudramati-Babarmahal-Kathmandu,Rudramati-Babarmahal-Kathmandu,90367,Active,Community,Nepal,Rudramati Kathmandu (Rotary),2026 - 2027,3292,Zone 6,Zone 6,30,No,Yes,FALSE,0,0,0,FALSE,FALSE,N/A,N/A,N/A,0,0,0,0,0,0,FALSE,,0,,0
90406,Rupandehi,Rupandehi,90406,Active,Community,Nepal,Rupandehi (Rotary),2026 - 2027,3292,Zone 6,Zone 6,13,No,Yes,FALSE,0,0,0,FALSE,FALSE,N/A,N/A,N/A,0,0,0,0,0,0,FALSE,,0,,0
213976,Sainamaina,Sainamaina,213976,Active,Community,Nepal,Sainamaina (Rotary),2026 - 2027,3292,Zone 6,Zone 6,16,Yes,Yes,TRUE,11330,118.02,11330,TRUE,FALSE,N/A,N/A,N/A,0,0,0,0,0,0,FALSE,,0,,0
89156,Sainbu Bhainsepati,Sainbu Bhainsepati,89156,Active,Community,Nepal,Sainbu Bhainsepati (Rotary),2026 - 2027,3292,Zone 6,Zone 6,37,No,Yes,FALSE,0,0,0,FALSE,FALSE,N/A,N/A,N/A,0,0,0,0,0,0,FALSE,,0,,1
217723,Sankhu,Sankhu,217723,Active,Community,Nepal,Sankhu (Rotary),2026 - 2027,3292,Zone 6,Zone 6,19,No,Yes,FALSE,0,0,0,FALSE,FALSE,N/A,N/A,N/A,0,0,0,0,0,0,FALSE,,0,,0
8827913,Saptagandaki Multiple Campus,Saptagandaki Multiple Campus,8827913,Active,University,Nepal,Narayani Mid Town (Rotary),2026 - 2027,3292,Zone 6,Zone 6,14,No,Yes,FALSE,0,0,0,FALSE,FALSE,N/A,N/A,N/A,0,0,0,0,0,0,FALSE,,0,,0
8826740,Shankaracharya,Shankaracharya,8826740,Active,Community,Nepal,Birganj (Rotary),2026 - 2027,3292,Zone 6,Zone 6,28,No,Yes,FALSE,0,0,0,FALSE,FALSE,N/A,N/A,N/A,0,0,0,0,0,0,FALSE,,0,,0
217626,Shikhalapur,Shikhalapur,217626,Active,Community,Nepal,Dhulikhel (Rotary),2025 - 2026,3292,Zone 6,Zone 6,14,Yes,No,TRUE,10119,105.41,10119,TRUE,TRUE,Rotaract President,2025 - 2026,N,0,0,0,0,0,0,FALSE,,0,,0
8827049,Siddharthanagar,Siddharthanagar,8827049,Active,Community,Nepal,Lumbini Siddharthanagar (Rotary),2026 - 2027,3292,Zone 6,Zone 6,15,No,Yes,FALSE,0,0,0,FALSE,FALSE,N/A,N/A,N/A,0,0,0,0,0,0,FALSE,,0,,0
218490,Sindhuligadi,Sindhuligadi,218490,Active,Community,Nepal,Kathmandu (Rotary),2026 - 2027,3292,Zone 6,Zone 6,15,No,Yes,FALSE,0,0,0,FALSE,FALSE,N/A,N/A,N/A,0,0,0,0,0,0,FALSE,,0,,0
217232,Sukedhara,Sukedhara,217232,Active,Community,Nepal,Nagarjun (Rotary),2026 - 2027,3292,Zone 6,Zone 6,17,No,Yes,FALSE,0,0,0,FALSE,FALSE,N/A,N/A,N/A,0,0,0,0,0,0,FALSE,,0,,0
8823901,Sundarharaicha,Sundarharaicha,8823901,Active,Community,Nepal,Itahari (Rotary),2025 - 2026,3292,Zone 6,Zone 6,12,No,No,FALSE,0,0,0,FALSE,TRUE,Rotaract President,2025 - 2026,N,0,0,0,0,0,0,FALSE,,0,,0
8824366,Sunsari,Sunsari,8824366,Active,Community,Nepal,Itahari (Rotaract),2026 - 2027,3292,Zone 6,Zone 6,13,No,Yes,FALSE,0,0,0,FALSE,FALSE,N/A,N/A,N/A,0,0,0,0,0,0,FALSE,,0,,0
218437,Surunga,Surunga,218437,Active,Community,Nepal,Surunga (Rotary),2026 - 2027,3292,Zone 6,Zone 6,29,No,Yes,FALSE,0,0,0,FALSE,FALSE,N/A,N/A,N/A,0,0,0,0,0,0,FALSE,,0,,1
86487,Swoyambhu,Swoyambhu,86487,Active,Community,Nepal,Swoyambhu (Rotary),2026 - 2027,3292,Zone 6,Zone 6,40,No,Yes,FALSE,0,0,0,FALSE,FALSE,N/A,N/A,N/A,0,0,0,0,0,0,FALSE,,0,,0
58049,Thames International College,Thames International College,58049,Active,University,Nepal,Thamel-Kathmandu (Rotary),2026 - 2027,3292,Zone 6,Zone 6,18,No,Yes,FALSE,0,0,0,FALSE,FALSE,N/A,N/A,N/A,0,0,0,0,0,0,FALSE,,0,,0
8825625,Tilottama,Tilottama,8825625,Active,Community,Nepal,Bhairahawa (Rotaract),2024 - 2025,3292,Zone 6,Zone 6,19,Yes,No,TRUE,13734,143.06,13734,TRUE,TRUE,Rotaract President,2024 - 2025,N,0,0,0,0,0,0,FALSE,,0,,0
91075,Tilottama Devdaha,Tilottama Devdaha,91075,Active,Community,Nepal,Tilottama-Rupandehi (Rotary),2026 - 2027,3292,Zone 6,Zone 6,35,No,Yes,FALSE,0,0,0,FALSE,FALSE,N/A,N/A,N/A,0,0,0,0,0,0,FALSE,,0,,0
213959,Tilottama-Rupandehi,Tilottama-Rupandehi,213959,Active,Community,Nepal,Tilottama-Rupandehi (Rotary),2026 - 2027,3292,Zone 6,Zone 6,27,No,Yes,FALSE,0,0,0,FALSE,FALSE,N/A,N/A,N/A,0,0,0,0,0,0,FALSE,,0,,0
218434,Tilottama Suddhodhan,Tilottama Suddhodhan,218434,Active,Community,Nepal,Tilottama-Rupandehi (Rotary),2026 - 2027,3292,Zone 6,Zone 6,11,Yes,Yes,TRUE,8977,93.51,8977,TRUE,FALSE,N/A,N/A,N/A,0,0,0,0,0,0,FALSE,,0,,0
216016,Tinau Butwal,Tinau Butwal,216016,Active,Community,Nepal,Tinau Butwal (Rotary),2026 - 2027,3292,Zone 6,Zone 6,16,No,Yes,FALSE,0,0,0,FALSE,FALSE,N/A,N/A,N/A,0,0,0,0,0,0,FALSE,,0,,0
214197,Tinau City,Tinau City,214197,Active,Community,Nepal,Butwal South (Rotary),2026 - 2027,3292,Zone 6,Zone 6,25,No,Yes,FALSE,0,0,0,FALSE,FALSE,N/A,N/A,N/A,0,0,0,0,0,0,FALSE,,0,,0
8827598,Tinkune Kathmandu,Tinkune Kathmandu,8827598,Active,Community,Nepal,Tinkune Kathmandu (Rotary),2026 - 2027,3292,Zone 6,Zone 6,22,No,Yes,FALSE,0,0,0,FALSE,FALSE,N/A,N/A,N/A,0,0,0,0,0,0,FALSE,,0,,0
8825898,Tribhuvan University,Tribhuvan University,8825898,Active,University,Nepal,Kirtipur (Rotary),2026 - 2027,3292,Zone 6,Zone 6,47,No,Yes,FALSE,0,0,0,FALSE,FALSE,N/A,N/A,N/A,0,0,0,0,0,0,FALSE,,0,,0
61432,Tripureswor,Tripureswor,61432,Active,Community,Nepal,Tripureswor (Rotary),2026 - 2027,3292,Zone 6,Zone 6,28,No,Yes,FALSE,0,0,0,FALSE,FALSE,N/A,N/A,N/A,0,0,0,0,0,0,FALSE,,0,,0
213643,Tulsipur,Tulsipur,213643,Active,Community,Nepal,Tulsipur City (Rotary),2025 - 2026,3292,Zone 6,Zone 6,23,No,No,FALSE,0,0,0,FALSE,TRUE,Rotaract President,2025 - 2026,N,0,0,0,0,0,0,FALSE,,0,,0
217625,United Birgunj,United Birgunj,217625,Active,Community,Nepal,Birgunj Metropolis (Rotary),2026 - 2027,3292,Zone 6,Zone 6,21,No,Yes,FALSE,0,0,0,FALSE,FALSE,N/A,N/A,N/A,0,0,0,0,0,0,FALSE,,0,,0
218574,Urlabari,Urlabari,218574,Active,Community,Nepal,Urlabari (Rotary),2026 - 2027,3292,Zone 6,Zone 6,24,No,Yes,FALSE,0,0,0,FALSE,FALSE,N/A,N/A,N/A,0,0,0,0,0,0,FALSE,,0,,0
218433,Vedavyasa,Vedavyasa,218433,Active,Community,Nepal,,2025 - 2026,3292,Zone 6,Zone 6,16,No,No,FALSE,0,0,0,FALSE,TRUE,Rotaract President,2025 - 2026,N,0,0,0,0,0,0,FALSE,,0,,0
8828354,Vision Kathmandu,Vision Kathmandu,8828354,Active,Community,Nepal,Vision Kathmandu (Rotary),2026 - 2027,3292,Zone 6,Zone 6,19,No,Yes,FALSE,0,0,0,FALSE,FALSE,N/A,N/A,N/A,0,0,0,0,0,0,FALSE,,0,,0
8823378,Waling,Waling,8823378,Active,Community,Nepal,Waling (Rotary),2025 - 2026,3292,Zone 6,Zone 6,11,No,No,FALSE,0,0,0,FALSE,TRUE,Rotaract President,2025 - 2026,N,0,0,0,0,0,0,FALSE,,0,,0
43427,Yala,Yala,43427,Active,Community,Nepal,Yala (Rotary),2025 - 2026,3292,Zone 6,Zone 6,19,No,No,FALSE,0,0,0,FALSE,TRUE,Rotaract President,2025 - 2026,N,0,0,0,0,0,0,FALSE,,0,,0
8825044,Yeti Health,Yeti Health,8825044,Active,University,Nepal,Kathmandu Downtown (Rotary),2025 - 2026,3292,Zone 6,Zone 6,9,Yes,No,TRUE,4066,42.35,4066,FALSE,TRUE,Rotaract President,2025 - 2026,N,0,0,0,0,0,0,FALSE,,0,,0