0,Business Unit,NF Cust Number,Club Name,Club Type,Club Base,Collector,District,Zone / Section,Billable Member Count,Country,No. Items, USD Outstanding ,Current Zone,Officer,Verify,__EMPTY,No,RI Zone
,RTY IND BU,8825786,MGR University,ROTARACT CLUB,University,Ruma Mondal,3233,5,2987,India,1,16729.09,5,Yes,Yes,,,Zone 5
,RTY IND BU,8827688,Vikas College of Arts & Science,ROTARACT CLUB,University,Ruma Mondal,3000,5,556,India,1,3107.75,5,Yes,Yes,,,Zone 5
,RTY IND BU,7435,Hassaram Rijhumal College of Commerce And Economic,ROTARACT CLUB,University,Ruma Mondal,3141,4,430,India,1,1424.57,8,No,Yes,,,Zone 8
,RTY IND BU,8827363,Sri Lalithambigai Medical College & Hospital,ROTARACT CLUB,University,Ruma Mondal,3233,5,190,India,1,1062,5,No,Yes,,,Zone 5
,RTY IND BU,8825990,Gorakhpur Galaxy,ROTARACT CLUB,Community,Ruma Mondal,3120,6,88,India,1,932.3,6,No,Yes,,,Zone 6
,RTY IND BU,8827508,Lucknow Phoenix,ROTARACT CLUB,Community,Ruma Mondal,3120,6,86,India,1,885.95,6,No,Yes,,,Zone 6
,RTY IND BU,8827716,Raebareli Elite,ROTARACT CLUB,Community,Ruma Mondal,3120,6,86,India,1,879.96,6,Yes,Yes,,,Zone 6
,RTY IND BU,8826498,Noble Nexus,ROTARACT CLUB,Community,Ruma Mondal,3080,4,79,India,1,756.69,4,No,Yes,,,Zone 4
,RTY IND BU,8826367,"Datta Meghe Medical College, Nagpur",ROTARACT CLUB,University,Ruma Mondal,3030,6,62,India,1,680.37,8,No,Yes,,,Zone 8
,RTY IND BU,8825175,Agri-Horti Trichy,ROTARACT CLUB,University,Ruma Mondal,3000,5,118,India,1,659.56,5,No,Yes,,,Zone 5
,RTY IND BU,213639,Mumbai Western Elite,ROTARACT CLUB,Community,Ruma Mondal,3141,4,54,India,1,597.53,8,No,Yes,,,Zone 8
,RTY IND BU,7517,Andheri,ROTARACT CLUB,Community,Ruma Mondal,3141,4,46,India,1,594.89,8,Yes,Yes,,,Zone 8
,RTY IND BU,8827766,Bodhgaya Heritage,ROTARACT CLUB,Community,Ruma Mondal,3250,6,65,India,1,587.3,6,Yes,Yes,,,Zone 6
,RTY FA NEPAL BU,213879,Pokhara GMC,ROTARACT CLUB,Community,Riya Singh,3292,6,75,Nepal,1,584.96,6,Yes,Yes,,,Zone 6
,RTY IND BU,8827277,Chandigarh Group of College Landran (Mohali),ROTARACT CLUB,University,Ruma Mondal,3080,4,92,India,1,514.23,4,Yes,Yes,,,Zone 4
,RTY IND BU,8826511,Yenepoya,ROTARACT CLUB,University,Ruma Mondal,3192,7,65,India,1,510.74,7,No,Yes,,,Zone 7
,RTY IND BU,90444,Maniben Nanavati Women's College,ROTARACT CLUB,University,Ruma Mondal,3141,4,71,India,1,469.16,8,No,Yes,,,Zone 8
,RTY IND BU,8827730,Nandha Dental College and Hospital,ROTARACT CLUB,University,Ruma Mondal,3203,5,77,India,1,430.39,5,Yes,Yes,,,Zone 5
,RTY IND BU,8827250,Chandigarh Group of College Jhanjeri,ROTARACT CLUB,University,Ruma Mondal,3080,4,73,India,1,408.03,4,Yes,Yes,,,Zone 4
,RTY IND BU,8826855,Saveetha College of Nursing,ROTARACT CLUB,University,Ruma Mondal,3233,5,59,India,2,377.85,5,No,Yes,,,Zone 5
,RTY FA SRI LANKA BU,217914,Athugalpura,ROTARACT CLUB,Community,Riya Singh,3220,5,46,Sri Lanka,1,358.69,5,No,Yes,,,Zone 5
,RTY IND BU,218427,Faridabad Aravalli,ROTARACT CLUB,Community,Ruma Mondal,3011,4,40,India,1,357.73,4,No,Yes,,,Zone 4
,RTY IND BU,8827855,Madanapalle Institute of Technology and Sciences,ROTARACT CLUB,University,Ruma Mondal,3191,7,62,India,1,346.55,7,Yes,Yes,,,Zone 7
,RTY IND BU,213191,Shimla Midtown,ROTARACT CLUB,Community,Ruma Mondal,3080,4,19,India,2,342.63,4,No,Yes,,,Zone 4
,RTY IND BU,8827201,Madras Institute of Hotel Management and Catering Technology,ROTARACT CLUB,University,Ruma Mondal,3233,5,59,India,1,333.07,5,No,Yes,,,Zone 5
,RTY IND BU,8826851,Dr. Babasaheb Ambedkar College Aundh,ROTARACT CLUB,University,Ruma Mondal,3131,7,50,India,2,320.21,8,No,Yes,,,Zone 8
,RTY IND BU,8826543,Activa Delhi IHE,ROTARACT CLUB,University,Ruma Mondal,3011,4,46,India,1,305.48,4,No,Yes,,,Zone 4
,RTY IND BU,8827051,Kakinada Yoda,ROTARACT CLUB,Community,Ruma Mondal,3020,7,34,India,1,304.07,7,No,Yes,,,Zone 7
,RTY IND BU,8827310,"College Of Pharmacy, Bela (Ropar)",ROTARACT CLUB,University,Ruma Mondal,3080,4,53,India,1,296.24,4,Yes,Yes,,,Zone 4
,RTY IND BU,90679,Vijayawada Mid-Town,ROTARACT CLUB,Community,Ruma Mondal,3020,7,33,India,1,295.12,7,Yes,Yes,,,Zone 7
,RTY IND BU,7415,Sathaye College,ROTARACT CLUB,University,Ruma Mondal,3141,4,40,India,1,292.6,8,Yes,Yes,,,Zone 8
,RTY IND BU,8826927,National Institute of Technology Karnataka,ROTARACT CLUB,University,Ruma Mondal,3181,7,52,India,1,290.65,7,No,Yes,,,Zone 7
,RTY IND BU,217638,"Universal College of Engineering, Vasai",ROTARACT CLUB,University,Ruma Mondal,3141,4,38,India,1,287.52,8,No,Yes,,,Zone 8
,RTY IND BU,8827225,Dhaanish Ahmed Institute of Technology,ROTARACT CLUB,University,Ruma Mondal,3206,5,51,India,1,285.06,5,Yes,Yes,,,Zone 5
,RTY IND BU,8827748,E-Club of Mysuru Performing Artists,ROTARACT CLUB,Community,Ruma Mondal,3181,7,31,India,1,277.24,7,Yes,Yes,,,Zone 7
,RTY IND BU,91199,Surat Diamond City,ROTARACT CLUB,Community,Ruma Mondal,3060,4,28,India,1,275.87,8,Yes,Yes,,,Zone 8
,RTY IND BU,8826151,Shaheed Bhagat Singh College,ROTARACT CLUB,University,Ruma Mondal,3011,4,25,India,1,274.96,4,No,Yes,,,Zone 4
,RTY IND BU,8826738,Billroth College of Nursing,ROTARACT CLUB,University,Ruma Mondal,3233,5,49,India,1,273.88,5,No,Yes,,,Zone 5
,RTY IND BU,89852,Thane Suburban,ROTARACT CLUB,Community,Ruma Mondal,3142,4,27,India,1,272.92,8,Yes,Yes,,,Zone 8
,RTY IND BU,8824676,Baripada Mayur,ROTARACT CLUB,Community,Ruma Mondal,3262,6,19,India,1,266.54,6,Yes,Yes,,,Zone 6
,RTY IND BU,8827885,Mangalore Swastika,ROTARACT CLUB,Community,Ruma Mondal,3181,7,29,India,1,259.35,7,Yes,Yes,,,Zone 7
,RTY IND BU,217706,Ramanujan College,ROTARACT CLUB,University,Ruma Mondal,3011,4,34,India,1,258.59,4,No,Yes,,,Zone 4
,RTY IND BU,8826673,Rourkela Titans,ROTARACT CLUB,Community,Ruma Mondal,3261,6,22,India,2,252.42,6,No,Yes,,,Zone 6
,RTY IND BU,8827585,Sri Guru Sai First Grade College,ROTARACT CLUB,University,Ruma Mondal,3192,7,45,India,1,251.53,7,No,Yes,,,Zone 7
,RTY IND BU,7391,Thane Hills,ROTARACT CLUB,Community,Ruma Mondal,3142,4,26,India,1,251.25,8,Yes,Yes,,,Zone 8
,RTY IND BU,8826946,Aditya Institute of Management Studies,ROTARACT CLUB,University,Ruma Mondal,3192,7,44,India,1,245.94,7,Yes,Yes,,,Zone 7
,RTY IND BU,8826782,MIMA Institute of Management,ROTARACT CLUB,University,Ruma Mondal,3131,7,31,India,1,245.58,8,No,Yes,,,Zone 8
,RTY IND BU,214199,Western Valley,ROTARACT CLUB,Community,Ruma Mondal,3206,5,24,India,1,240.85,5,Yes,Yes,,,Zone 5
,RTY IND BU,8825995,Meghdoot Symbiosis Indore,ROTARACT CLUB,University,Ruma Mondal,3040,4,31,India,1,239.01,8,No,Yes,,,Zone 8
,RTY IND BU,8825967,Kodagu,ROTARACT CLUB,Community,Ruma Mondal,3181,7,20,India,2,238.32,7,No,Yes,,,Zone 7
,RTY IND BU,212931,"Modern College of Arts, Science & Commerce",ROTARACT CLUB,University,Ruma Mondal,3131,7,22,India,1,236.59,8,No,Yes,,,Zone 8
,RTY FA SRI LANKA BU,92276,Excellence,ROTARACT CLUB,Community,Riya Singh,3220,5,28,Sri Lanka,1,234.48,5,No,Yes,,,Zone 5
,RTY IND BU,218199,Pune Renaissance,ROTARACT CLUB,Community,Ruma Mondal,3131,7,24,India,1,230.36,8,No,Yes,,,Zone 8
,RTY IND BU,8823977,Coastal Andhra (Tuni),ROTARACT CLUB,Community,Ruma Mondal,3020,7,22,India,1,229.71,7,Yes,Yes,,,Zone 7
,RTY IND BU,8824396,Sri Guru Gobind Singh College,ROTARACT CLUB,University,Ruma Mondal,3080,4,41,India,1,229.17,4,Yes,Yes,,,Zone 4
,RTY IND BU,8827529,Syed Ammal School of Nursing,ROTARACT CLUB,University,Ruma Mondal,3212,5,40,India,1,223.58,5,Yes,Yes,,,Zone 5
,RTY IND BU,8827322,Shree Venkateshwara Hi-Tech Engineering College,ROTARACT CLUB,University,Ruma Mondal,3203,5,40,India,1,223.58,5,Yes,Yes,,,Zone 5
,RTY IND BU,8827440,Ahmedabad Harmony,ROTARACT CLUB,Community,Ruma Mondal,3055,4,25,India,1,223.58,4,Yes,Yes,,,Zone 4
,RTY IND BU,8827934,Shree Pushpasen Sawant College of Pharmacy,ROTARACT CLUB,University,Ruma Mondal,3170,7,40,India,1,223.58,7,Yes,Yes,,,Zone 7
,RTY IND BU,8827953,Pattan-Kodoli,ROTARACT CLUB,Community,Ruma Mondal,3170,7,25,India,1,223.58,7,No,Yes,,,Zone 7
,RTY IND BU,8827164,Idaya of Madonna College,ROTARACT CLUB,University,Ruma Mondal,3020,7,40,India,1,223.58,7,No,Yes,,,Zone 7
,RTY IND BU,218218,Byasabhoomi Jajpur Road,ROTARACT CLUB,Community,Ruma Mondal,3262,6,25,India,1,223.58,6,No,Yes,,,Zone 6
,RTY IND BU,8827863,Shri Gnanambica Degree College Madanapalle,ROTARACT CLUB,University,Ruma Mondal,3191,7,39,India,1,217.99,7,Yes,Yes,,,Zone 7
,RTY IND BU,8827752,Dhanwantri Institutions,ROTARACT CLUB,University,Ruma Mondal,3192,7,39,India,1,217.99,7,Yes,Yes,,,Zone 7
,RTY IND BU,214980,Baans Bareilly,ROTARACT CLUB,Community,Ruma Mondal,3110,6,11,India,2,216.55,6,No,Yes,,,Zone 6
,RTY IND BU,8827547,Golden Talegaon Dabhade,ROTARACT CLUB,Community,Ruma Mondal,3131,7,24,India,1,214.64,8,Yes,Yes,,,Zone 8
,RTY IND BU,8825242,Phoenix Vizhigal,ROTARACT CLUB,Community,Ruma Mondal,2982,5,24,India,1,214.64,5,No,Yes,,,Zone 5
,RTY IND BU,8827694,Trinity College Mysore,ROTARACT CLUB,University,Ruma Mondal,3181,7,38,India,1,212.4,7,Yes,Yes,,,Zone 7
,RTY IND BU,8827889,Swastika National Business School,ROTARACT CLUB,University,Ruma Mondal,3181,7,38,India,1,212.4,7,Yes,Yes,,,Zone 7
,RTY IND BU,214848,Boiler City Trichy,ROTARACT CLUB,Community,Ruma Mondal,3000,5,18,India,1,210.41,5,No,Yes,,,Zone 5
,RTY IND BU,8827247,M. S. Engineering College,ROTARACT CLUB,University,Ruma Mondal,3192,7,36,India,1,209.67,7,No,Yes,,,Zone 7
,RTY IND BU,8826001,MGM Medical College,ROTARACT CLUB,University,Ruma Mondal,3250,6,37,India,1,206.81,6,No,Yes,,,Zone 6
,RTY IND BU,8826941,Government College Ropar,ROTARACT CLUB,University,Ruma Mondal,3080,4,36,India,1,201.22,4,No,Yes,,,Zone 4
,RTY FA SRI LANKA BU,8827060,Ratmalana,ROTARACT CLUB,Community,Riya Singh,3220,5,27,Sri Lanka,1,199.29,5,Yes,Yes,,,Zone 5
,RTY IND BU,8827678,Nashik Synergy,ROTARACT CLUB,Community,Ruma Mondal,3030,6,22,India,1,196.75,8,No,Yes,,,Zone 8
,RTY IND BU,8826841,Eminent Nilambur,ROTARACT CLUB,Community,Ruma Mondal,3204,5,22,India,1,196.75,7,Yes,Yes,,,Zone 7
,RTY IND BU,8827511,Indira Gandhi Institute of Dental Sciences Kothamangalam,ROTARACT CLUB,University,Ruma Mondal,3205,5,35,India,1,195.63,7,Yes,Yes,,,Zone 7
,RTY IND BU,8827244,Saveetha School of Law,ROTARACT CLUB,University,Ruma Mondal,3233,5,35,India,1,195.63,5,No,Yes,,,Zone 5
,RTY IND BU,8826472,St. Anne’s Arts and Science College,ROTARACT CLUB,University,Ruma Mondal,3234,5,35,India,1,195.63,5,No,Yes,,,Zone 5
,RTY IND BU,8825600,Rayat College of Law,ROTARACT CLUB,University,Ruma Mondal,3080,4,35,India,1,195.63,4,Yes,Yes,,,Zone 4
,RTY IND BU,8826662,God City Kumbakonam,ROTARACT CLUB,Community,Ruma Mondal,2981,5,21,India,1,193.05,5,No,Yes,,,Zone 5
,RTY IND BU,8823940,VBR College,ROTARACT CLUB,University,Ruma Mondal,3192,7,19,India,2,192.82,7,No,Yes,,,Zone 7
,RTY IND BU,52125,Sree Saraswathi Thyagaraja College,ROTARACT CLUB,University,Ruma Mondal,3203,5,26,India,1,192.75,5,Yes,Yes,,,Zone 5
,RTY IND BU,218375,Adaiyalam,ROTARACT CLUB,Community,Ruma Mondal,3203,5,16,India,1,191.77,5,Yes,Yes,,,Zone 5
,RTY IND BU,212375,Yamuna Nagar Riviera,ROTARACT CLUB,Community,Ruma Mondal,3080,4,20,India,1,190.85,4,Yes,Yes,,,Zone 4
,RTY IND BU,91936,Jalna Central,ROTARACT CLUB,Community,Ruma Mondal,3132,7,19,India,2,190.17,8,No,Yes,,,Zone 8
,RTY IND BU,8827924,GTN Medical College of Naturopathy and Yogic Science Research Centre,ROTARACT CLUB,University,Ruma Mondal,3000,5,34,India,1,190.04,5,Yes,Yes,,,Zone 5
,RTY IND BU,8827631,Dr. RV Arts and Science College,ROTARACT CLUB,University,Ruma Mondal,3203,5,34,India,1,190.04,5,Yes,Yes,,,Zone 5
,RTY IND BU,8823586,ISME,ROTARACT CLUB,University,Ruma Mondal,3141,4,34,India,1,190.04,8,No,Yes,,,Zone 8
,RTY IND BU,91597,Bhubaneswar Capital,ROTARACT CLUB,University,Ruma Mondal,3262,6,34,India,1,190.04,6,No,Yes,,,Zone 6
,RTY IND BU,8827274,Koderma Yuwa,ROTARACT CLUB,Community,Ruma Mondal,3250,6,21,India,1,187.81,6,Yes,Yes,,,Zone 6
,RTY IND BU,8825114,Delhi North,ROTARACT CLUB,Community,Ruma Mondal,3012,4,13,India,4,186.87,4,No,Yes,,,Zone 4
,RTY IND BU,8826231,Care College of Engineering,ROTARACT CLUB,University,Ruma Mondal,3000,5,29,India,2,185.72,5,No,Yes,,,Zone 5
,RTY IND BU,8827056,Greater Silchar,ROTARACT CLUB,Community,Ruma Mondal,3240,6,18,India,1,183.45,6,Yes,Yes,,,Zone 6
,RTY IND BU,8827068,Salem Central,ROTARACT CLUB,Community,Ruma Mondal,2982,5,18,India,1,180.45,5,Yes,Yes,,,Zone 5
,RTY IND BU,8825914,Hanumangarh Pink,ROTARACT CLUB,Community,Ruma Mondal,3090,4,14,India,1,179.13,4,No,Yes,,,Zone 4
,RTY IND BU,8824497,De Paul College,ROTARACT CLUB,University,Ruma Mondal,3181,7,1,India,7,179.12,7,No,Yes,,,Zone 7
,RTY IND BU,8827824,Martur Central,ROTARACT CLUB,Community,Ruma Mondal,3150,7,20,India,1,178.86,7,Yes,Yes,,,Zone 7
,RTY IND BU,8827841,Kalyan West,ROTARACT CLUB,Community,Ruma Mondal,3142,4,20,India,1,178.86,8,Yes,Yes,,,Zone 8
,RTY IND BU,8827777,Mylechal,ROTARACT CLUB,Community,Ruma Mondal,3211,5,20,India,1,178.86,7,Yes,Yes,,,Zone 7
,RTY IND BU,8827352,RICT Paramedical Institution,ROTARACT CLUB,University,Ruma Mondal,3231,5,32,India,1,178.86,5,No,Yes,,,Zone 5
,RTY IND BU,8826766,Bangalore Nandini,ROTARACT CLUB,Community,Ruma Mondal,3192,7,20,India,1,178.86,7,No,Yes,,,Zone 7
,RTY IND BU,8827159,Mumbai JVPD,ROTARACT CLUB,Community,Ruma Mondal,3141,4,20,India,1,178.86,8,Yes,Yes,,,Zone 8
,RTY IND BU,8825811,Jodhana,ROTARACT CLUB,Community,Ruma Mondal,3053,4,20,India,1,178.86,4,No,Yes,,,Zone 4
,RTY IND BU,213070,Sathyabama University,ROTARACT CLUB,University,Ruma Mondal,3233,5,32,India,1,178.86,5,No,Yes,,,Zone 5
,RTY IND BU,8826403,"Lady Shri Ram College, New Delhi",ROTARACT CLUB,University,Ruma Mondal,3011,4,18,India,2,178.79,4,No,Yes,,,Zone 4
,RTY IND BU,8826452,Delhi Allure Midwest,ROTARACT CLUB,Community,Ruma Mondal,3011,4,16,India,2,177.99,4,No,Yes,,,Zone 4
,RTY IND BU,89870,Greater Tezpur,ROTARACT CLUB,Community,Ruma Mondal,3240,6,19,India,1,176.66,6,No,Yes,,,Zone 6
,RTY IND BU,215196,KSOM Bhubaneswar North,ROTARACT CLUB,University,Ruma Mondal,3262,6,21,India,1,174.19,6,Yes,Yes,,,Zone 6
,RTY IND BU,8827566,Erode College of Law,ROTARACT CLUB,University,Ruma Mondal,3203,5,31,India,1,173.27,5,Yes,Yes,,,Zone 5
,RTY IND BU,8824993,MIT Academy of Engineering,ROTARACT CLUB,University,Ruma Mondal,3131,7,31,India,1,173.27,8,No,Yes,,,Zone 8
,RTY IND BU,8826693,Christ University Central Campus,ROTARACT CLUB,University,Ruma Mondal,3192,7,30,India,1,172.38,7,Yes,Yes,,,Zone 7
,RTY IND BU,8825844,Gorakhpur Sunrisers,ROTARACT CLUB,Community,Ruma Mondal,3120,6,15,India,1,172.35,6,No,Yes,,,Zone 6
,RTY IND BU,8826661,Bengaluru Avyanna,ROTARACT CLUB,Community,Ruma Mondal,3191,7,18,India,1,170.71,7,No,Yes,,,Zone 7
,RTY IND BU,215499,Nehru Institute of Engineering and Technology,ROTARACT CLUB,University,Ruma Mondal,3206,5,11,India,3,170.3,5,Yes,Yes,,,Zone 5
,RTY IND BU,8827369,Kakinada Elite City,ROTARACT CLUB,Community,Ruma Mondal,3020,7,19,India,1,169.92,7,Yes,Yes,,,Zone 7
,RTY IND BU,8824195,Akhnoor Supreme,ROTARACT CLUB,Community,Ruma Mondal,3070,4,19,India,1,169.92,4,No,Yes,,,Zone 4
,RTY IND BU,213280,Akola Midtown,ROTARACT CLUB,Community,Ruma Mondal,3030,6,19,India,1,169.92,8,No,Yes,,,Zone 8
,RTY IND BU,8826836,Badlapur Smart City,ROTARACT CLUB,Community,Ruma Mondal,3142,4,18,India,1,169.22,8,No,Yes,,,Zone 8
,RTY IND BU,8827436,Ahmedabad Skyline Stars,ROTARACT CLUB,Community,Ruma Mondal,3055,4,18,India,1,168.47,4,Yes,Yes,,,Zone 4
,RTY IND BU,8827575,United International Business School,ROTARACT CLUB,University,Ruma Mondal,3192,7,30,India,1,167.68,7,Yes,Yes,,,Zone 7
,RTY IND BU,8827737,Sree Muthukumaraswamy College,ROTARACT CLUB,University,Ruma Mondal,3234,5,30,India,1,167.68,5,Yes,Yes,,,Zone 5
,RTY IND BU,8827442,Anantrao Pawar College Pirangut,ROTARACT CLUB,University,Ruma Mondal,3131,7,30,India,1,167.68,8,Yes,Yes,,,Zone 8
,RTY IND BU,8827654,G.D. Sawant College Nashik,ROTARACT CLUB,University,Ruma Mondal,3030,6,30,India,1,167.68,8,Yes,Yes,,,Zone 8
,RTY IND BU,8826092,Servite Arts and Science College for Women,ROTARACT CLUB,University,Ruma Mondal,3000,5,30,India,1,167.68,5,No,Yes,,,Zone 5
,RTY IND BU,8827345,Coimbatore Infra,ROTARACT CLUB,Community,Ruma Mondal,3206,5,17,India,1,166.26,5,No,Yes,,,Zone 5
,RTY FA NEPAL BU,89600,Parbat,ROTARACT CLUB,Community,Riya Singh,3292,6,19,Nepal,1,164.12,6,Yes,Yes,,,Zone 6
,RTY FA NEPAL BU,212617,Bhadgaon,ROTARACT CLUB,Community,Riya Singh,3292,6,19,Nepal,1,162.84,6,Yes,Yes,,,Zone 6
,RTY IND BU,8827902,KDM NATRIVA,ROTARACT CLUB,University,Ruma Mondal,3000,5,29,India,1,162.09,5,No,Yes,,,Zone 5
,RTY IND BU,91584,PES University,ROTARACT CLUB,University,Ruma Mondal,3191,7,29,India,1,162.09,7,No,Yes,,,Zone 7
,RTY IND BU,8827650,Manu Jhansi,ROTARACT CLUB,Community,Ruma Mondal,3110,6,18,India,1,160.98,6,Yes,Yes,,,Zone 6
,RTY IND BU,8827822,Aryanadu,ROTARACT CLUB,Community,Ruma Mondal,3211,5,18,India,1,160.98,7,Yes,Yes,,,Zone 7
,RTY IND BU,8826691,Kurukshetra,ROTARACT CLUB,Community,Ruma Mondal,3080,4,18,India,1,160.98,4,No,Yes,,,Zone 4
,RTY IND BU,8826960,Virudhunagar Village Kings,ROTARACT CLUB,Community,Ruma Mondal,3212,5,18,India,1,160.98,5,Yes,Yes,,,Zone 5
,RTY IND BU,8826146,Bikaner Thar,ROTARACT CLUB,Community,Ruma Mondal,3053,4,18,India,1,160.98,4,No,Yes,,,Zone 4
,RTY IND BU,84602,Bhagyanagar,ROTARACT CLUB,Community,Ruma Mondal,3150,7,18,India,1,160.98,7,No,Yes,,,Zone 7
,RTY IND BU,77961,Erode Central,ROTARACT CLUB,Community,Ruma Mondal,3203,5,16,India,1,160.32,5,No,Yes,,,Zone 5
,RTY IND BU,8827498,Delhi Genesis,ROTARACT CLUB,Community,Ruma Mondal,3011,4,17,India,1,160.27,4,Yes,Yes,,,Zone 4
,RTY IND BU,90722,Mysore East,ROTARACT CLUB,Community,Ruma Mondal,3181,7,15,India,2,159.18,7,Yes,Yes,,,Zone 7
,RTY IND BU,8823776,Jalna Rainbow,ROTARACT CLUB,Community,Ruma Mondal,3132,7,13,India,2,156.75,8,No,Yes,,,Zone 8
,RTY IND BU,8827013,Fakir Mohan University,ROTARACT CLUB,University,Ruma Mondal,3262,6,28,India,1,156.51,6,No,Yes,,,Zone 6
,RTY IND BU,8824518,Samarpane RC College,ROTARACT CLUB,University,Ruma Mondal,3191,7,28,India,1,156.51,7,No,Yes,,,Zone 7
,RTY IND BU,8824817,Sacred Heart Degree College for Women,ROTARACT CLUB,University,Ruma Mondal,3191,7,28,India,1,156.51,7,No,Yes,,,Zone 7
,RTY IND BU,215802,Umang,ROTARACT CLUB,Community,Ruma Mondal,3030,6,15,India,1,155.12,8,Yes,Yes,,,Zone 8
,RTY FA NEPAL BU,8825187,Central Rohini,ROTARACT CLUB,Community,Riya Singh,3292,6,18,Nepal,1,153.94,6,Yes,Yes,,,Zone 6
,RTY IND BU,8826645,Puranpur Tiger,ROTARACT CLUB,Community,Ruma Mondal,3110,6,15,India,2,153.81,6,No,Yes,,,Zone 6
,RTY IND BU,8826651,Avyukta Kanpur,ROTARACT CLUB,Community,Ruma Mondal,3110,6,15,India,2,153.7,6,No,Yes,,,Zone 6
,RTY IND BU,8826615,Pune City Legends,ROTARACT CLUB,Community,Ruma Mondal,3131,7,15,India,1,153.62,8,Yes,Yes,,,Zone 8
,RTY FA NEPAL BU,215188,Bajra Manasalu,ROTARACT CLUB,Community,Riya Singh,3292,6,20,Nepal,1,152.58,6,No,Yes,,,Zone 6
,RTY IND BU,8826466,Hosur Midtown Youngsters,ROTARACT CLUB,Community,Ruma Mondal,2982,5,15,India,1,152.12,5,Yes,Yes,,,Zone 5
,RTY IND BU,8827404,Vidiyal Aranthangi,ROTARACT CLUB,Community,Ruma Mondal,3000,5,17,India,1,152.03,5,Yes,Yes,,,Zone 5
,RTY IND BU,8827767,Cuddalore Waves,ROTARACT CLUB,Community,Ruma Mondal,2981,5,17,India,1,152.03,5,Yes,Yes,,,Zone 5
,RTY IND BU,8826503,Trivandrum Phoenix,ROTARACT CLUB,Community,Ruma Mondal,3211,5,17,India,1,152.03,7,No,Yes,,,Zone 7
,RTY IND BU,90349,Dombivli East,ROTARACT CLUB,Community,Ruma Mondal,3142,4,17,India,1,152.03,8,Yes,Yes,,,Zone 8
,RTY IND BU,215082,Ludhiana North,ROTARACT CLUB,Community,Ruma Mondal,3070,4,14,India,1,151.42,4,No,Yes,,,Zone 4
,RTY IND BU,8827782,NBC College,ROTARACT CLUB,University,Ruma Mondal,3192,7,27,India,1,150.92,7,No,Yes,,,Zone 7
,RTY IND BU,8827579,Dr. R.A.N.M. Arts and Science College,ROTARACT CLUB,University,Ruma Mondal,3203,5,27,India,1,150.92,5,Yes,Yes,,,Zone 5
,RTY IND BU,8827540,Girideepam Institute of Advanced Learning,ROTARACT CLUB,University,Ruma Mondal,3211,5,27,India,1,150.92,7,No,Yes,,,Zone 7
,RTY IND BU,8827082,Delhi Institute of Higher Education,ROTARACT CLUB,University,Ruma Mondal,3012,4,27,India,1,150.92,4,No,Yes,,,Zone 4
,RTY IND BU,8826872,Mohamed Sathak College of Arts and Science,ROTARACT CLUB,University,Ruma Mondal,3234,5,27,India,1,150.92,5,No,Yes,,,Zone 5
,RTY IND BU,8824398,PPG Institute Of Technology,ROTARACT CLUB,University,Ruma Mondal,3206,5,20,India,1,150.76,5,No,Yes,,,Zone 5
,RTY IND BU,91476,Bhubaneswar Friends,ROTARACT CLUB,Community,Ruma Mondal,3262,6,15,India,1,150.63,6,No,Yes,,,Zone 6
,RTY IND BU,8824425,Prashanti,ROTARACT CLUB,University,Ruma Mondal,3040,4,18,India,3,150.5,8,No,Yes,,,Zone 8
,RTY IND BU,8827185,Vijayawada Sena,ROTARACT CLUB,Community,Ruma Mondal,3020,7,15,India,1,149.13,7,Yes,Yes,,,Zone 7
,RTY IND BU,8827255,KGiSL Institute of Technology,ROTARACT CLUB,University,Ruma Mondal,3206,5,20,India,1,146.53,5,Yes,Yes,,,Zone 5
,RTY IND BU,8824668,Karpagam Institute of Technology,ROTARACT CLUB,University,Ruma Mondal,3206,5,22,India,1,145.51,5,No,Yes,,,Zone 5
,RTY IND BU,8826495,Jamshedpur Green City,ROTARACT CLUB,Community,Ruma Mondal,3250,6,13,India,1,145.47,6,Yes,Yes,,,Zone 6
,RTY IND BU,8827649,Delhi Metropolitan Education,ROTARACT CLUB,University,Ruma Mondal,3012,4,26,India,1,145.33,4,Yes,Yes,,,Zone 4
,RTY IND BU,8827314,Maharaja Agrasen College (Jagadhri North),ROTARACT CLUB,University,Ruma Mondal,3080,4,26,India,1,145.33,4,Yes,Yes,,,Zone 4
,RTY IND BU,8824256,DIVYAZEP (S.P. College Pune),ROTARACT CLUB,University,Ruma Mondal,3131,7,26,India,1,145.33,8,No,Yes,,,Zone 8
,RTY FA NEPAL BU,8825625,Tilottama,ROTARACT CLUB,Community,Riya Singh,3292,6,19,Nepal,1,144.95,6,No,Yes,,,Zone 6
,RTY FA NEPAL BU,88879,Annapurna,ROTARACT CLUB,Community,Riya Singh,3292,6,19,Nepal,1,144.95,6,No,Yes,,,Zone 6
,RTY IND BU,92157,Kovai Knights,ROTARACT CLUB,Community,Ruma Mondal,3206,5,15,India,1,144.63,5,Yes,Yes,,,Zone 5
,RTY FA NEPAL BU,8824081,Bhanu,ROTARACT CLUB,Community,Riya Singh,3292,6,10,Nepal,2,144.07,6,No,Yes,,,Zone 6
,RTY IND BU,8826775,Indore Adarsh Tarang,ROTARACT CLUB,Community,Ruma Mondal,3040,4,14,India,2,143.44,8,Yes,Yes,,,Zone 8
,RTY IND BU,217226,Panvel Elite,ROTARACT CLUB,Community,Ruma Mondal,3131,7,15,India,1,143.14,8,No,Yes,,,Zone 8
,RTY IND BU,8827542,Khed City,ROTARACT CLUB,Community,Ruma Mondal,3170,7,16,India,1,143.09,7,Yes,Yes,,,Zone 7
,RTY IND BU,8827836,Amaravati Midtown Shikhar,ROTARACT CLUB,Community,Ruma Mondal,3030,6,16,India,1,143.09,8,Yes,Yes,,,Zone 8
,RTY IND BU,8827741,Punalal,ROTARACT CLUB,Community,Ruma Mondal,3211,5,16,India,1,143.09,7,Yes,Yes,,,Zone 7
,RTY IND BU,8827446,Mahemdabad Femina,ROTARACT CLUB,Community,Ruma Mondal,3060,4,16,India,1,143.09,8,No,Yes,,,Zone 8
,RTY IND BU,8827955,Greater Silchar Royals,ROTARACT CLUB,Community,Ruma Mondal,3240,6,16,India,1,143.09,6,Yes,Yes,,,Zone 6
,RTY IND BU,8827712,Ahmedabad Vasna Young,ROTARACT CLUB,Community,Ruma Mondal,3055,4,16,India,1,143.09,4,Yes,Yes,,,Zone 4
,RTY IND BU,214318,Coimbatore-Vadavalli,ROTARACT CLUB,Community,Ruma Mondal,3206,5,16,India,1,143.09,5,No,Yes,,,Zone 5
,RTY IND BU,8827143,Soka Ikeda College of Arts and Science for Women,ROTARACT CLUB,University,Ruma Mondal,3233,5,20,India,2,142.91,5,No,Yes,,,Zone 5
,RTY IND BU,8826489,Panjab University Champions,ROTARACT CLUB,University,Ruma Mondal,3080,4,13,India,2,142.09,4,No,Yes,,,Zone 4
,RTY IND BU,8826295,Ghousia College of Engineering,ROTARACT CLUB,University,Ruma Mondal,3191,7,13,India,2,142.09,7,No,Yes,,,Zone 7
,RTY FA NEPAL BU,80113,Dhulikhel,ROTARACT CLUB,Community,Riya Singh,3292,6,18,Nepal,1,141.16,6,No,Yes,,,Zone 6
,RTY IND BU,8826390,Anekant Institute of Management Studies,ROTARACT CLUB,University,Ruma Mondal,3131,7,16,India,2,140.94,8,No,Yes,,,Zone 8
,RTY IND BU,8826707,Sir Syed College Thaliparamba,ROTARACT CLUB,University,Ruma Mondal,3204,5,22,India,2,140.89,7,Yes,Yes,,,Zone 7
,RTY FA SRI LANKA BU,72293,Battaramulla,ROTARACT CLUB,Community,Riya Singh,3220,5,19,Sri Lanka,1,140.24,5,No,Yes,,,Zone 5
,RTY IND BU,8823872,Bhubaneswar Changemakers,ROTARACT CLUB,Community,Ruma Mondal,3262,6,8,India,2,140.15,6,No,Yes,,,Zone 6
,RTY IND BU,91856,New Age Engineers,ROTARACT CLUB,Community,Ruma Mondal,3150,7,8,India,2,139.92,7,No,Yes,,,Zone 7
,RTY IND BU,89206,Kanpur,ROTARACT CLUB,Community,Ruma Mondal,3110,6,8,India,2,139.92,6,No,Yes,,,Zone 6
,RTY IND BU,8827929,NPR College of Engineering and Technology,ROTARACT CLUB,University,Ruma Mondal,3000,5,25,India,1,139.74,5,Yes,Yes,,,Zone 5
,RTY IND BU,8826796,Government College Kasaragod,ROTARACT CLUB,University,Ruma Mondal,3204,5,25,India,1,139.74,7,No,Yes,,,Zone 7
,RTY IND BU,8827098,Jamshedpur Srinath University,ROTARACT CLUB,University,Ruma Mondal,3250,6,25,India,1,139.74,6,Yes,Yes,,,Zone 6
,RTY IND BU,8824322,Mount Himalayas,ROTARACT CLUB,Community,Ruma Mondal,3070,4,8,India,2,137.97,4,No,Yes,,,Zone 4
,RTY IND BU,8824877,RNB Global University,ROTARACT CLUB,University,Ruma Mondal,3053,4,19,India,1,137.19,4,No,Yes,,,Zone 4
,RTY IND BU,218162,Erode Cosmos,ROTARACT CLUB,Community,Ruma Mondal,3203,5,14,India,1,137.19,5,Yes,Yes,,,Zone 5
,RTY IND BU,8826418,GITAM Bengaluru,ROTARACT CLUB,University,Ruma Mondal,3192,7,12,India,2,136.1,7,No,Yes,,,Zone 7
,RTY IND BU,7283,Poona South,ROTARACT CLUB,Community,Ruma Mondal,3131,7,13,India,1,134.99,8,No,Yes,,,Zone 8
,RTY IND BU,212512,S.P.N. Doshi Womens College,ROTARACT CLUB,University,Ruma Mondal,3141,4,23,India,1,134.19,8,No,Yes,,,Zone 8
,RTY IND BU,8827743,Karode,ROTARACT CLUB,Community,Ruma Mondal,3211,5,15,India,1,134.15,7,Yes,Yes,,,Zone 7
,RTY IND BU,8827706,Indira Gandhi Medical College & Research Institute,ROTARACT CLUB,University,Ruma Mondal,2981,5,24,India,1,134.15,5,Yes,Yes,,,Zone 5
,RTY IND BU,8827366,Tiruvannamalai,ROTARACT CLUB,Community,Ruma Mondal,3231,5,15,India,1,134.15,5,No,Yes,,,Zone 5
,RTY IND BU,8827504,Umbraj Town,ROTARACT CLUB,Community,Ruma Mondal,3132,7,15,India,1,134.15,8,Yes,Yes,,,Zone 8
,RTY IND BU,8827778,Martur,ROTARACT CLUB,Community,Ruma Mondal,3150,7,15,India,1,134.15,7,Yes,Yes,,,Zone 7
,RTY IND BU,8827686,AK Chanda Law College Silchar,ROTARACT CLUB,University,Ruma Mondal,3240,6,24,India,1,134.15,6,Yes,Yes,,,Zone 6
,RTY IND BU,8827876,Chhindwara City,ROTARACT CLUB,Community,Ruma Mondal,3040,4,15,India,1,134.15,8,Yes,Yes,,,Zone 8
,RTY IND BU,8827687,Malegaon Vision,ROTARACT CLUB,Community,Ruma Mondal,3030,6,15,India,1,134.15,8,Yes,Yes,,,Zone 8
,RTY IND BU,8827612,Ramnad Corallites,ROTARACT CLUB,Community,Ruma Mondal,3212,5,15,India,1,134.15,5,Yes,Yes,,,Zone 5
,RTY IND BU,8827321,Navapur,ROTARACT CLUB,Community,Ruma Mondal,3060,4,15,India,1,134.15,8,No,Yes,,,Zone 8
,RTY IND BU,8827719,Ajmer Force,ROTARACT CLUB,Community,Ruma Mondal,3053,4,15,India,1,134.15,4,Yes,Yes,,,Zone 4
,RTY IND BU,8827311,Shree Venkateshwara Arts and Science (Co-education) College,ROTARACT CLUB,University,Ruma Mondal,3203,5,24,India,1,134.15,5,Yes,Yes,,,Zone 5
,RTY IND BU,8827222,Beed Diamond,ROTARACT CLUB,Community,Ruma Mondal,3132,7,15,India,1,134.15,8,Yes,Yes,,,Zone 8
,RTY IND BU,8826993,Barshi,ROTARACT CLUB,Community,Ruma Mondal,3132,7,15,India,1,134.15,8,Yes,Yes,,,Zone 8
,RTY IND BU,8826812,Navi Mumbai Nexus,ROTARACT CLUB,Community,Ruma Mondal,3142,4,15,India,1,134.15,8,No,Yes,,,Zone 8
,RTY IND BU,8827174,Padmavathi of Pithapur Raja Govt. College,ROTARACT CLUB,University,Ruma Mondal,3020,7,24,India,1,134.15,7,Yes,Yes,,,Zone 7
,RTY IND BU,8826257,Seethalakshmi Ramasamy College,ROTARACT CLUB,University,Ruma Mondal,3000,5,24,India,1,134.15,5,No,Yes,,,Zone 5
,RTY IND BU,8825270,Pune Synergy Next Gen,ROTARACT CLUB,Community,Ruma Mondal,3131,7,15,India,1,134.15,8,No,Yes,,,Zone 8
,RTY IND BU,8825323,Rising Youth Banda,ROTARACT CLUB,Community,Ruma Mondal,3170,7,15,India,1,134.15,7,No,Yes,,,Zone 7
,RTY IND BU,8826217,Aaraike,ROTARACT CLUB,Community,Ruma Mondal,3182,7,15,India,1,134.15,7,No,Yes,,,Zone 7
,RTY IND BU,8826203,Chennai Angels,ROTARACT CLUB,Community,Ruma Mondal,3233,5,15,India,1,134.15,5,No,Yes,,,Zone 5
,RTY IND BU,8826545,Jodhpur Jagrati,ROTARACT CLUB,Community,Ruma Mondal,3053,4,15,India,1,134.15,4,No,Yes,,,Zone 4
,RTY IND BU,8824426,"Velammal College Of Engineering & Technology, Madurai",ROTARACT CLUB,University,Ruma Mondal,3000,5,24,India,1,134.15,5,No,Yes,,,Zone 5
,RTY IND BU,8823225,Ankleshwar,ROTARACT CLUB,Community,Ruma Mondal,3060,4,15,India,1,134.15,8,Yes,Yes,,,Zone 8
,RTY IND BU,8826666,Rising Ranchi,ROTARACT CLUB,Community,Ruma Mondal,3250,6,13,India,1,132.74,6,No,Yes,,,Zone 6
,RTY IND BU,213233,Capital City New Delhi,ROTARACT CLUB,Community,Ruma Mondal,3012,4,13,India,1,131.99,4,No,Yes,,,Zone 4
,RTY IND BU,218200,GEM,ROTARACT CLUB,Community,Ruma Mondal,3131,7,14,India,1,131.2,8,No,Yes,,,Zone 8
,RTY IND BU,8826889,Prem Chand Markanda SD College,ROTARACT CLUB,University,Ruma Mondal,3070,4,12,India,3,131.17,4,No,Yes,,,Zone 4
,RTY IND BU,8826695,Ramco Institute of Technology,ROTARACT CLUB,University,Ruma Mondal,3212,5,12,India,3,131.17,5,No,Yes,,,Zone 5
,RTY IND BU,8826826,Dronacharya Govt. College (Gurugram),ROTARACT CLUB,University,Ruma Mondal,3011,4,12,India,3,131.17,4,No,Yes,,,Zone 4
,RTY IND BU,8826512,CSWA Cybercity,ROTARACT CLUB,University,Ruma Mondal,3204,5,12,India,3,131.17,7,No,Yes,,,Zone 7
,RTY IND BU,8826428,Atal Incubation Centre Nalanda Innovators,ROTARACT CLUB,University,Ruma Mondal,3262,6,12,India,3,131.17,6,No,Yes,,,Zone 6
,RTY IND BU,8826579,Link Eye Hospital & Research Institute,ROTARACT CLUB,University,Ruma Mondal,3262,6,12,India,2,131.16,6,No,Yes,,,Zone 6
,RTY IND BU,8826790,Chief Khalsa Diwan International Nursing College,ROTARACT CLUB,University,Ruma Mondal,3070,4,12,India,2,131.16,4,No,Yes,,,Zone 4
,RTY IND BU,8826494,Global Research Group of Institutions Radaur,ROTARACT CLUB,University,Ruma Mondal,3080,4,12,India,2,131.16,4,No,Yes,,,Zone 4
,RTY IND BU,8826065,S.J.M.V.S. Womens BBA College,ROTARACT CLUB,University,Ruma Mondal,3170,7,12,India,2,131.16,7,No,Yes,,,Zone 7
,RTY IND BU,8826508,CSWA Kaloor Road,ROTARACT CLUB,University,Ruma Mondal,3204,5,12,India,2,131.16,7,No,Yes,,,Zone 7
,RTY IND BU,8826201,Sri Basaveshwara First Grade College,ROTARACT CLUB,University,Ruma Mondal,3192,7,12,India,2,131.16,7,No,Yes,,,Zone 7
,RTY IND BU,8826396,Sardar Bhagat Singh College of Higher Education,ROTARACT CLUB,University,Ruma Mondal,3120,6,12,India,2,131.16,6,No,Yes,,,Zone 6
,RTY IND BU,8826254,Panipat Institute of Engineering and Technology (PIET),ROTARACT CLUB,University,Ruma Mondal,3080,4,12,India,2,131.16,4,No,Yes,,,Zone 4
,RTY IND BU,8826436,Indian Institute of Tourism and Travel Management,ROTARACT CLUB,University,Ruma Mondal,3262,6,12,India,2,131.16,6,No,Yes,,,Zone 6
,RTY IND BU,8826258,KVN Naik Inst. of Pharmaceutical Education & Research (Nashik),ROTARACT CLUB,University,Ruma Mondal,3030,6,12,India,2,131.16,8,No,Yes,,,Zone 8
,RTY IND BU,8826279,Sree Siddaganga First Grade College,ROTARACT CLUB,University,Ruma Mondal,3192,7,12,India,2,131.16,7,No,Yes,,,Zone 7
,RTY IND BU,8826357,Government Law College Ramanathapuram,ROTARACT CLUB,University,Ruma Mondal,3212,5,12,India,2,131.16,5,No,Yes,,,Zone 5
,RTY IND BU,215372,Jamnagar Smile,ROTARACT CLUB,University,Ruma Mondal,3060,4,12,India,2,131.16,8,No,Yes,,,Zone 8
,RTY IND BU,215455,K.C. College of Engineering and Management Studies and Research,ROTARACT CLUB,University,Ruma Mondal,3142,4,23,India,1,129.97,8,No,Yes,,,Zone 8
,RTY FA NEPAL BU,8823900,Dakshinkali,ROTARACT CLUB,Community,Riya Singh,3292,6,17,Nepal,1,129.7,6,No,Yes,,,Zone 6
,RTY IND BU,218424,Ahmedabad Transcend,ROTARACT CLUB,Community,Ruma Mondal,3055,4,14,India,1,129.7,4,No,Yes,,,Zone 4
,RTY IND BU,217310,Patalganga,ROTARACT CLUB,Community,Ruma Mondal,3131,7,14,India,1,129.7,8,No,Yes,,,Zone 8
,RTY IND BU,8827286,MVPS College of Physiotherapy,ROTARACT CLUB,University,Ruma Mondal,3030,6,23,India,1,128.56,8,No,Yes,,,Zone 8
,RTY IND BU,217712,NANDNAGARI,ROTARACT CLUB,Community,Ruma Mondal,3060,4,8,India,2,128.35,8,Yes,Yes,,,Zone 8
,RTY IND BU,214130,Ahmedabad Emerald,ROTARACT CLUB,Community,Ruma Mondal,3055,4,13,India,1,128.24,4,Yes,Yes,,,Zone 4
,RTY IND BU,8826821,Atlanta College,ROTARACT CLUB,University,Ruma Mondal,3206,5,20,India,2,128.08,5,No,Yes,,,Zone 5
,RTY IND BU,8823176,Ardent Creators,ROTARACT CLUB,Community,Ruma Mondal,3012,4,13,India,1,126,4,Yes,Yes,,,Zone 4
,RTY IND BU,218341,Namsai,ROTARACT CLUB,Community,Ruma Mondal,3240,6,7,India,2,126,6,No,Yes,,,Zone 6
,RTY IND BU,8826902,Pudukkottai Yugan,ROTARACT CLUB,Community,Ruma Mondal,3000,5,14,India,1,125.95,5,No,Yes,,,Zone 5
,RTY IND BU,8827379,IPEM Group of Institutions Ghaziabad,ROTARACT CLUB,University,Ruma Mondal,3012,4,22,India,1,125.79,4,No,Yes,,,Zone 4
,RTY FA NEPAL BU,218457,Itabhatta Municipal,ROTARACT CLUB,Community,Riya Singh,3292,6,15,Nepal,1,125.3,6,Yes,Yes,,,Zone 6
,RTY IND BU,8827788,Tezpur,ROTARACT CLUB,Community,Ruma Mondal,3240,6,14,India,1,125.2,6,Yes,Yes,,,Zone 6
,RTY IND BU,8827534,Sunam Star,ROTARACT CLUB,Community,Ruma Mondal,3090,4,14,India,1,125.2,4,No,Yes,,,Zone 4
,RTY IND BU,8827465,Pehowa,ROTARACT CLUB,Community,Ruma Mondal,3080,4,14,India,1,125.2,4,Yes,Yes,,,Zone 4
,RTY IND BU,8827920,Venjaramoodu,ROTARACT CLUB,Community,Ruma Mondal,3211,5,14,India,1,125.2,7,Yes,Yes,,,Zone 7
,RTY IND BU,8827481,Bengaluru Compassion Crew,ROTARACT CLUB,Community,Ruma Mondal,3192,7,14,India,1,125.2,7,No,Yes,,,Zone 7
,RTY IND BU,8827502,Bettiah Town,ROTARACT CLUB,Community,Ruma Mondal,3250,6,14,India,1,125.2,6,Yes,Yes,,,Zone 6
,RTY IND BU,8824348,Delhi-Pankh,ROTARACT CLUB,Community,Ruma Mondal,3011,4,14,India,1,125.2,4,No,Yes,,,Zone 4
,RTY IND BU,8823827,Bengaluru Harmony,ROTARACT CLUB,Community,Ruma Mondal,3191,7,14,India,1,125.2,7,No,Yes,,,Zone 7
,RTY IND BU,216693,Ukhra,ROTARACT CLUB,Community,Ruma Mondal,3240,6,14,India,1,125.2,6,No,Yes,,,Zone 6
,RTY IND BU,213987,Ahmedabad Supreme,ROTARACT CLUB,Community,Ruma Mondal,3055,4,14,India,1,125.2,4,No,Yes,,,Zone 4
,RTY IND BU,218416,Indore United,ROTARACT CLUB,Community,Ruma Mondal,3040,4,7,India,2,123.85,8,No,Yes,,,Zone 8
,RTY IND BU,8823706,Mumbai Marvels,ROTARACT CLUB,Community,Ruma Mondal,3141,4,6,India,2,123.65,8,No,Yes,,,Zone 8
,RTY IND BU,8825176,MU College of Commerce Pimpri,ROTARACT CLUB,University,Ruma Mondal,3131,7,19,India,1,123.57,8,No,Yes,,,Zone 8
,RTY IND BU,215608,Hindustan College of Arts & Science,ROTARACT CLUB,University,Ruma Mondal,3233,5,22,India,1,122.97,5,Yes,Yes,,,Zone 5
,RTY IND BU,8823946,Hyderabad Utsav,ROTARACT CLUB,Community,Ruma Mondal,3150,7,7,India,2,122.42,7,Yes,Yes,,,Zone 7
,RTY FA NEPAL BU,213976,Sainamaina,ROTARACT CLUB,Community,Riya Singh,3292,6,14,Nepal,1,119.59,6,Yes,Yes,,,Zone 6
,RTY IND BU,212347,Dharmapuri,ROTARACT CLUB,Community,Ruma Mondal,3020,7,12,India,1,117.8,7,Yes,Yes,,,Zone 7
,RTY IND BU,8827922,NPR Arts and Science College,ROTARACT CLUB,University,Ruma Mondal,3000,5,21,India,1,117.38,5,Yes,Yes,,,Zone 5
,RTY IND BU,8827420,Bhakthavatsalam Polytechnic College,ROTARACT CLUB,University,Ruma Mondal,3231,5,21,India,1,117.38,5,No,Yes,,,Zone 5
,RTY IND BU,8827564,Mookambigai College of Engineering,ROTARACT CLUB,University,Ruma Mondal,3000,5,21,India,1,117.38,5,Yes,Yes,,,Zone 5
,RTY IND BU,8827711,Asian Institute of Pharmacy Nashik,ROTARACT CLUB,University,Ruma Mondal,3030,6,21,India,1,117.38,8,Yes,Yes,,,Zone 8
,RTY IND BU,8827891,Sahrdaya College of Advanced Studies Autonomous,ROTARACT CLUB,University,Ruma Mondal,3205,5,21,India,1,117.38,7,Yes,Yes,,,Zone 7
,RTY IND BU,8827357,Meenakshi College of Nursing,ROTARACT CLUB,University,Ruma Mondal,3233,5,21,India,1,117.38,5,No,Yes,,,Zone 5
,RTY IND BU,8827761,Swami Keshwanand Rajasthan Agricultural University,ROTARACT CLUB,University,Ruma Mondal,3053,4,21,India,1,117.38,4,No,Yes,,,Zone 4
,RTY IND BU,8827246,NKR Government Arts College for Women,ROTARACT CLUB,University,Ruma Mondal,2982,5,21,India,1,117.38,5,Yes,Yes,,,Zone 5
,RTY IND BU,8826838,City Premier College of Management,ROTARACT CLUB,University,Ruma Mondal,3030,6,21,India,1,117.38,8,No,Yes,,,Zone 8
,RTY IND BU,8827816,Kollam City,ROTARACT CLUB,Community,Ruma Mondal,3211,5,13,India,1,116.26,7,Yes,Yes,,,Zone 7
,RTY IND BU,8827774,Kota-Saligrama,ROTARACT CLUB,Community,Ruma Mondal,3182,7,13,India,1,116.26,7,Yes,Yes,,,Zone 7
,RTY IND BU,8827755,Moradabad ImpactHub,ROTARACT CLUB,Community,Ruma Mondal,3100,6,13,India,1,116.26,6,Yes,Yes,,,Zone 6
,RTY IND BU,8827505,Chandausi Sunrise,ROTARACT CLUB,Community,Ruma Mondal,3100,6,13,India,1,116.26,6,Yes,Yes,,,Zone 6
,RTY IND BU,8827660,Alaknanda Valley,ROTARACT CLUB,Community,Ruma Mondal,3080,4,13,India,1,116.26,4,Yes,Yes,,,Zone 4
,RTY IND BU,8826967,Patna Millennium,ROTARACT CLUB,Community,Ruma Mondal,3250,6,13,India,1,116.26,6,No,Yes,,,Zone 6
,RTY IND BU,8827158,Kanpur North Udaan,ROTARACT CLUB,Community,Ruma Mondal,3110,6,13,India,1,116.26,6,Yes,Yes,,,Zone 6
,RTY IND BU,8826721,Perambalur,ROTARACT CLUB,Community,Ruma Mondal,3000,5,13,India,1,116.26,5,No,Yes,,,Zone 5
,RTY IND BU,8827027,Vizag Royal Claws,ROTARACT CLUB,Community,Ruma Mondal,3020,7,13,India,1,116.26,7,Yes,Yes,,,Zone 7
,RTY IND BU,8826255,Nashik,ROTARACT CLUB,Community,Ruma Mondal,3030,6,13,India,1,116.26,8,No,Yes,,,Zone 8
,RTY IND BU,217975,CALICUT CENTRAL,ROTARACT CLUB,Community,Ruma Mondal,3204,5,13,India,1,116.26,7,No,Yes,,,Zone 7
,RTY IND BU,218512,Mumbai Ghatkopar West,ROTARACT CLUB,Community,Ruma Mondal,3141,4,9,India,2,116.16,8,No,Yes,,,Zone 8
,RTY IND BU,218039,National Fire Service College,ROTARACT CLUB,University,Ruma Mondal,3030,6,19,India,1,114.65,8,No,Yes,,,Zone 8
,RTY FA NEPAL BU,8823369,Central Bouddha Land,ROTARACT CLUB,Community,Riya Singh,3292,6,15,Nepal,1,114.44,6,No,Yes,,,Zone 6
,RTY IND BU,218242,Datia,ROTARACT CLUB,Community,Ruma Mondal,3053,4,7,India,2,114.12,4,No,Yes,,,Zone 4
,RTY IND BU,218054,Happy Valley,ROTARACT CLUB,University,Ruma Mondal,3206,5,14,India,1,113.47,5,No,Yes,,,Zone 5
,RTY IND BU,8824050,Rising Thunders,ROTARACT CLUB,Community,Ruma Mondal,3150,7,5,India,2,113.09,7,No,Yes,,,Zone 7
,RTY IND BU,218304,Sahyadri Pashan,ROTARACT CLUB,Community,Ruma Mondal,3170,7,12,India,1,112.56,7,No,Yes,,,Zone 7
,RTY IND BU,8826032,Mysore Mid Town,ROTARACT CLUB,Community,Ruma Mondal,3181,7,12,India,1,111.81,7,No,Yes,,,Zone 7
,RTY IND BU,8827608,Koshys Institute of Management Studies Autonomous,ROTARACT CLUB,University,Ruma Mondal,3192,7,20,India,1,111.79,7,Yes,Yes,,,Zone 7
,RTY IND BU,8827864,Saraswathy College of Nursing,ROTARACT CLUB,University,Ruma Mondal,3211,5,20,India,1,111.79,7,Yes,Yes,,,Zone 7
,RTY IND BU,8827646,Matu Ram College Ladwa,ROTARACT CLUB,University,Ruma Mondal,3080,4,20,India,1,111.79,4,Yes,Yes,,,Zone 4
,RTY IND BU,8827856,Akshaya College of Arts and Science,ROTARACT CLUB,University,Ruma Mondal,3206,5,20,India,1,111.79,5,Yes,Yes,,,Zone 5
,RTY IND BU,8827396,A.R.M. First Grade College Davanagere,ROTARACT CLUB,University,Ruma Mondal,3160,7,20,India,1,111.79,7,No,Yes,,,Zone 7
,RTY IND BU,8827882,Prajyoti Niketan College,ROTARACT CLUB,University,Ruma Mondal,3205,5,20,India,1,111.79,7,Yes,Yes,,,Zone 7
,RTY IND BU,8827401,M.E.S Commerce College,ROTARACT CLUB,University,Ruma Mondal,3170,7,20,India,1,111.79,7,No,Yes,,,Zone 7
,RTY IND BU,8827894,KDM Agri Crown,ROTARACT CLUB,University,Ruma Mondal,3000,5,20,India,1,111.79,5,No,Yes,,,Zone 5
,RTY IND BU,8827695,The Dale View College of Pharmacy and Research Centre,ROTARACT CLUB,University,Ruma Mondal,3211,5,20,India,1,111.79,7,Yes,Yes,,,Zone 7
,RTY IND BU,8827597,Indala Group of Institutions,ROTARACT CLUB,University,Ruma Mondal,3142,4,20,India,1,111.79,8,No,Yes,,,Zone 8
,RTY IND BU,8827447,Sri Sankara Arts and Science College,ROTARACT CLUB,University,Ruma Mondal,3231,5,20,India,1,111.79,5,No,Yes,,,Zone 5
,RTY IND BU,8827835,SLS MAVMM Ayira Vaisyar College,ROTARACT CLUB,University,Ruma Mondal,3000,5,20,India,1,111.79,5,Yes,Yes,,,Zone 5
,RTY IND BU,8826676,"Jan Shikshan Sansthan, Cuttack",ROTARACT CLUB,University,Ruma Mondal,3262,6,20,India,1,111.79,6,No,Yes,,,Zone 6
,RTY IND BU,8827241,Sri Vijay Vidyalaya College of Nursing,ROTARACT CLUB,University,Ruma Mondal,2982,5,20,India,1,111.79,5,No,Yes,,,Zone 5
,RTY IND BU,8826959,R G Institute of Commerce & Management,ROTARACT CLUB,University,Ruma Mondal,3160,7,20,India,1,111.79,7,Yes,Yes,,,Zone 7
,RTY IND BU,8826901,error EHEIO,ROTARACT CLUB,University,Ruma Mondal,3205,5,20,India,1,111.79,7,No,Yes,,,Zone 7
,RTY IND BU,8826963,Government Vocational Junior College,ROTARACT CLUB,University,Ruma Mondal,3150,7,20,India,1,111.79,7,Yes,Yes,,,Zone 7
,RTY IND BU,8827226,Government Yoga and Naturopathy Medical College,ROTARACT CLUB,University,Ruma Mondal,3233,5,20,India,1,111.79,5,No,Yes,,,Zone 5
,RTY IND BU,8827242,Angels College of Education,ROTARACT CLUB,University,Ruma Mondal,2982,5,20,India,1,111.79,5,Yes,Yes,,,Zone 5
,RTY IND BU,8826958,Airborne College of Aviation and Management Studies,ROTARACT CLUB,University,Ruma Mondal,3204,5,20,India,1,111.79,7,Yes,Yes,,,Zone 7
,RTY IND BU,8826920,Mahe Institute of Dental Sciences,ROTARACT CLUB,University,Ruma Mondal,3204,5,20,India,1,111.79,7,Yes,Yes,,,Zone 7
,RTY IND BU,8827000,JCT College of Arts and Science,ROTARACT CLUB,University,Ruma Mondal,3206,5,20,India,1,111.79,5,Yes,Yes,,,Zone 5
,RTY IND BU,8825998,M.A.M. Business School,ROTARACT CLUB,University,Ruma Mondal,3000,5,20,India,1,111.79,5,No,Yes,,,Zone 5
,RTY IND BU,8823253,SIIMS,ROTARACT CLUB,University,Ruma Mondal,3203,5,20,India,1,111.79,5,No,Yes,,,Zone 5
,RTY IND BU,8826954,Atoma of Aditya Degree College,ROTARACT CLUB,University,Ruma Mondal,3020,7,16,India,1,111.5,7,No,Yes,,,Zone 7
,RTY IND BU,218656,Silchar Royals,ROTARACT CLUB,Community,Ruma Mondal,3240,6,14,India,1,110.82,6,No,Yes,,,Zone 6
,RTY IND BU,215807,"G C College, Silchar",ROTARACT CLUB,University,Ruma Mondal,3240,6,9,India,2,110.49,6,No,Yes,,,Zone 6
,RTY IND BU,215911,Gwalior Youth,ROTARACT CLUB,Community,Ruma Mondal,3053,4,11,India,1,109.69,4,No,Yes,,,Zone 4
,RTY IND BU,8827516,Krishnarajanagara,ROTARACT CLUB,Community,Ruma Mondal,3181,7,12,India,1,109.56,7,Yes,Yes,,,Zone 7
,RTY IND BU,8827666,Delhi Nexus,ROTARACT CLUB,Community,Ruma Mondal,3011,4,12,India,1,109.56,4,No,Yes,,,Zone 4
,RTY IND BU,8825306,Sri Bharathi Arts & Science College for Women,ROTARACT CLUB,University,Ruma Mondal,3000,5,10,India,2,109.3,5,No,Yes,,,Zone 5
,RTY IND BU,218019,Presentation Girl's Composite P.U. College,ROTARACT CLUB,University,Ruma Mondal,3170,7,10,India,2,109.3,7,No,Yes,,,Zone 7
,RTY IND BU,218738,Indreshwar,ROTARACT CLUB,Community,Ruma Mondal,3131,7,6,India,2,109.23,8,No,Yes,,,Zone 8
,RTY IND BU,7513,Bombay,ROTARACT CLUB,Community,Ruma Mondal,3141,4,6,India,2,109.23,8,No,Yes,,,Zone 8
,RTY IND BU,215178,Saran City,ROTARACT CLUB,Community,Ruma Mondal,3250,6,13,India,1,108.01,6,No,Yes,,,Zone 6
,RTY IND BU,8826262,Naipunya Aditya Degree College Tuni,ROTARACT CLUB,University,Ruma Mondal,3020,7,9,India,3,107.35,7,No,Yes,,,Zone 7
,RTY IND BU,8827469,Tibbi Pioneering,ROTARACT CLUB,Community,Ruma Mondal,3090,4,12,India,1,107.32,4,No,Yes,,,Zone 4
,RTY IND BU,8827681,Rishikesh Royal,ROTARACT CLUB,Community,Ruma Mondal,3080,4,12,India,1,107.32,4,Yes,Yes,,,Zone 4
,RTY IND BU,8827656,Delhi Shahadra,ROTARACT CLUB,Community,Ruma Mondal,3012,4,12,India,1,107.32,4,Yes,Yes,,,Zone 4
,RTY IND BU,8827603,Sahakaranagar,ROTARACT CLUB,Community,Ruma Mondal,3192,7,12,India,1,107.32,7,Yes,Yes,,,Zone 7
,RTY IND BU,8827593,Tirupur Redeemers,ROTARACT CLUB,Community,Ruma Mondal,3203,5,12,India,1,107.32,5,Yes,Yes,,,Zone 5
,RTY IND BU,8827437,Quilon East,ROTARACT CLUB,Community,Ruma Mondal,3211,5,12,India,1,107.32,7,Yes,Yes,,,Zone 7
,RTY IND BU,8827316,Coimbatore Smartcity Umeed,ROTARACT CLUB,Community,Ruma Mondal,3206,5,12,India,1,107.32,5,No,Yes,,,Zone 5
,RTY IND BU,8827574,Cuttack,ROTARACT CLUB,Community,Ruma Mondal,3262,6,12,India,1,107.32,6,Yes,Yes,,,Zone 6
,RTY IND BU,8827633,Mansa Star Pioneering,ROTARACT CLUB,Community,Ruma Mondal,3090,4,12,India,1,107.32,4,Yes,Yes,,,Zone 4
,RTY IND BU,8827760,Moradabad Samarpan Vibe,ROTARACT CLUB,Community,Ruma Mondal,3100,6,12,India,1,107.32,6,Yes,Yes,,,Zone 6
,RTY IND BU,8827493,Mettur Grand,ROTARACT CLUB,Community,Ruma Mondal,2982,5,12,India,1,107.32,5,Yes,Yes,,,Zone 5
,RTY IND BU,8827463,Tricity Social,ROTARACT CLUB,Community,Ruma Mondal,3080,4,12,India,1,107.32,4,No,Yes,,,Zone 4
,RTY IND BU,8827657,Rishikesh Queens,ROTARACT CLUB,Community,Ruma Mondal,3080,4,12,India,1,107.32,4,Yes,Yes,,,Zone 4
,RTY IND BU,8827539,Trivandrum Central,ROTARACT CLUB,Community,Ruma Mondal,3211,5,12,India,1,107.32,7,No,Yes,,,Zone 7
,RTY IND BU,8827619,Ladwa City,ROTARACT CLUB,Community,Ruma Mondal,3080,4,12,India,1,107.32,4,Yes,Yes,,,Zone 4
,RTY IND BU,8827768,E-Club of Bhubaneswar,ROTARACT CLUB,Community,Ruma Mondal,3262,6,12,India,1,107.32,6,Yes,Yes,,,Zone 6
,RTY IND BU,8827780,Allahabad Academia,ROTARACT CLUB,Community,Ruma Mondal,3120,6,12,India,1,107.32,6,Yes,Yes,,,Zone 6
,RTY IND BU,8827563,Madurai Kalasam,ROTARACT CLUB,Community,Ruma Mondal,3000,5,12,India,1,107.32,5,Yes,Yes,,,Zone 5
,RTY IND BU,8827473,Pilibanga Pioneering,ROTARACT CLUB,Community,Ruma Mondal,3090,4,12,India,1,107.32,4,No,Yes,,,Zone 4
,RTY IND BU,8827975,Cuttack Silver City,ROTARACT CLUB,Community,Ruma Mondal,3262,6,12,India,1,107.32,6,No,Yes,,,Zone 6
,RTY IND BU,8827773,Gola Chhoti Kashi,ROTARACT CLUB,Community,Ruma Mondal,3120,6,12,India,1,107.32,6,Yes,Yes,,,Zone 6
,RTY IND BU,8827466,Roorkee Waves,ROTARACT CLUB,Community,Ruma Mondal,3080,4,12,India,1,107.32,4,Yes,Yes,,,Zone 4
,RTY IND BU,8827753,Bulandshahar Baran,ROTARACT CLUB,Community,Ruma Mondal,3100,6,12,India,1,107.32,6,Yes,Yes,,,Zone 6
,RTY IND BU,8827661,Rishikesh Young Central,ROTARACT CLUB,Community,Ruma Mondal,3080,4,12,India,1,107.32,4,Yes,Yes,,,Zone 4
,RTY IND BU,8827637,Doon Ganga Chidderwala,ROTARACT CLUB,Community,Ruma Mondal,3080,4,12,India,1,107.32,4,Yes,Yes,,,Zone 4
,RTY IND BU,8827075,Bhayarpur,ROTARACT CLUB,Community,Ruma Mondal,3262,6,12,India,1,107.32,6,No,Yes,,,Zone 6
,RTY IND BU,8826709,Midtown Patiala,ROTARACT CLUB,Community,Ruma Mondal,3090,4,12,India,1,107.32,4,No,Yes,,,Zone 4
,RTY IND BU,8826589,Namakkal,ROTARACT CLUB,Community,Ruma Mondal,2982,5,12,India,1,107.32,5,No,Yes,,,Zone 5
,RTY IND BU,8826657,Kanpur Grand,ROTARACT CLUB,Community,Ruma Mondal,3110,6,12,India,1,107.32,6,No,Yes,,,Zone 6
,RTY IND BU,8826949,Bulandshahr Youth,ROTARACT CLUB,Community,Ruma Mondal,3100,6,12,India,1,107.32,6,No,Yes,,,Zone 6
,RTY IND BU,8826619,Balrampur Greater,ROTARACT CLUB,Community,Ruma Mondal,3120,6,12,India,1,107.32,6,No,Yes,,,Zone 6
,RTY IND BU,8825267,Pune Nexus,ROTARACT CLUB,Community,Ruma Mondal,3131,7,12,India,1,107.32,8,No,Yes,,,Zone 8
,RTY IND BU,8825432,Srinivasan College of Arts and Science,ROTARACT CLUB,Community,Ruma Mondal,3000,5,12,India,1,107.32,5,No,Yes,,,Zone 5
,RTY IND BU,8824340,Imphal,ROTARACT CLUB,Community,Ruma Mondal,3240,6,12,India,1,107.32,6,No,Yes,,,Zone 6
,RTY IND BU,8823837,Alibag Seashore,ROTARACT CLUB,Community,Ruma Mondal,3131,7,12,India,1,107.32,8,No,Yes,,,Zone 8
,RTY IND BU,217776,Bikaner Marudhara,ROTARACT CLUB,Community,Ruma Mondal,3053,4,12,India,1,107.32,4,No,Yes,,,Zone 4
,RTY IND BU,215918,Gwalior City,ROTARACT CLUB,Community,Ruma Mondal,3053,4,12,India,1,107.32,4,No,Yes,,,Zone 4
,RTY IND BU,5471,Chandrapur,ROTARACT CLUB,Community,Ruma Mondal,3030,6,12,India,1,107.32,8,No,Yes,,,Zone 8
,RTY IND BU,217852,Hupari,ROTARACT CLUB,Community,Ruma Mondal,3170,7,4,India,4,106.84,7,No,Yes,,,Zone 7
,RTY FA NEPAL BU,217626,Shikhalapur,ROTARACT CLUB,Community,Riya Singh,3292,6,14,Nepal,1,106.81,6,No,Yes,,,Zone 6
,RTY FA NEPAL BU,213526,Kapilvastu,ROTARACT CLUB,Community,Riya Singh,3292,6,14,Nepal,1,106.81,6,No,Yes,,,Zone 6
,RTY IND BU,215715,Cuttack Central,ROTARACT CLUB,Community,Ruma Mondal,3262,6,11,India,1,106.61,6,No,Yes,,,Zone 6
,RTY IND BU,8827361,SSM College of Arts and Science,ROTARACT CLUB,University,Ruma Mondal,3000,5,19,India,1,106.2,5,Yes,Yes,,,Zone 5
,RTY IND BU,8827703,Mysore School of Design,ROTARACT CLUB,University,Ruma Mondal,3181,7,19,India,1,106.2,7,Yes,Yes,,,Zone 7
,RTY IND BU,8827670,Gita Vidya Mandir Girls College,ROTARACT CLUB,University,Ruma Mondal,3012,4,19,India,1,106.2,4,Yes,Yes,,,Zone 4
,RTY IND BU,8827077,Shri Mathuradas Mohota College of Science,ROTARACT CLUB,University,Ruma Mondal,3030,6,19,India,1,106.2,8,Yes,Yes,,,Zone 8
,RTY IND BU,8827177,Venkateswara of Pithapur Raja Govt. College,ROTARACT CLUB,University,Ruma Mondal,3020,7,19,India,1,106.2,7,Yes,Yes,,,Zone 7
,RTY IND BU,8826137,"Aryan College, Ajmer",ROTARACT CLUB,University,Ruma Mondal,3053,4,19,India,1,106.2,4,No,Yes,,,Zone 4
,RTY IND BU,8827232,Thane Royales,ROTARACT CLUB,Community,Ruma Mondal,3142,4,11,India,1,105.86,8,No,Yes,,,Zone 8
,RTY IND BU,8825097,Bangalore Bhuvaneshwari Nagar,ROTARACT CLUB,Community,Ruma Mondal,3192,7,11,India,1,105.86,7,Yes,Yes,,,Zone 7
,RTY IND BU,216452,Modern College Ganeshkhind Pune,ROTARACT CLUB,University,Ruma Mondal,3131,7,9,India,2,105.56,8,No,Yes,,,Zone 8
,RTY FA SRI LANKA BU,214142,Nallur Heritage,ROTARACT CLUB,Community,Riya Singh,3220,5,7,Sri Lanka,2,105.18,5,No,Yes,,,Zone 5
,RTY IND BU,8824555,Meerut Mahan,ROTARACT CLUB,Community,Ruma Mondal,3100,6,6,India,2,104.93,6,No,Yes,,,Zone 6
,RTY IND BU,8824906,Vijay Singh Pathik Govt. P.G. College Kairana,ROTARACT CLUB,University,Ruma Mondal,3100,6,10,India,2,104.14,6,No,Yes,,,Zone 6
,RTY IND BU,8824429,Karpagam College of Pharmacy,ROTARACT CLUB,University,Ruma Mondal,3206,5,16,India,1,103.99,5,No,Yes,,,Zone 5
,RTY IND BU,8823998,Bhopal Marvels,ROTARACT CLUB,Community,Ruma Mondal,3040,4,5,India,2,103.87,8,No,Yes,,,Zone 8
,RTY IND BU,217438,AIT,ROTARACT CLUB,University,Ruma Mondal,3131,7,13,India,2,103.78,8,No,Yes,,,Zone 8
,RTY IND BU,218677,Cuttack Golden Star,ROTARACT CLUB,Community,Ruma Mondal,3262,6,4,India,3,102.94,6,No,Yes,,,Zone 6
,RTY IND BU,92012,Yuva Bhardwaj Foundation,ROTARACT CLUB,Community,Ruma Mondal,3056,4,4,India,3,102.94,4,No,Yes,,,Zone 4
,RTY IND BU,8826308,Berhampur University,ROTARACT CLUB,University,Ruma Mondal,3262,6,16,India,2,102.47,6,No,Yes,,,Zone 6
,RTY IND BU,91727,Navi Mumbai Industrial Area (RONMID),ROTARACT CLUB,Community,Ruma Mondal,3142,4,10,India,2,102.27,8,No,Yes,,,Zone 8
,RTY IND BU,8826477,Starex University,ROTARACT CLUB,University,Ruma Mondal,3011,4,9,India,3,101.52,4,No,Yes,,,Zone 4
,RTY IND BU,90543,Dindigul Rock Fort,ROTARACT CLUB,Community,Ruma Mondal,3000,5,11,India,1,101.37,5,Yes,Yes,,,Zone 5
,RTY IND BU,8827881,Shri Mahaveer College,ROTARACT CLUB,University,Ruma Mondal,3056,4,18,India,1,100.61,4,Yes,Yes,,,Zone 4
,RTY IND BU,8827781,Sri Saraswathi Vidyanikethana,ROTARACT CLUB,University,Ruma Mondal,3191,7,18,India,1,100.61,7,Yes,Yes,,,Zone 7
,RTY IND BU,8827926,Sri Harshini Degree College,ROTARACT CLUB,University,Ruma Mondal,3150,7,18,India,1,100.61,7,Yes,Yes,,,Zone 7
,RTY IND BU,8826997,JCT Polytechnic College,ROTARACT CLUB,University,Ruma Mondal,3206,5,18,India,1,100.61,5,Yes,Yes,,,Zone 5
,RTY IND BU,8826944,Vinanda Degree College,ROTARACT CLUB,University,Ruma Mondal,3020,7,18,India,1,100.61,7,Yes,Yes,,,Zone 7
,RTY IND BU,8827100,Principal K. M. Kundnani College of Pharmacy,ROTARACT CLUB,University,Ruma Mondal,3141,4,18,India,1,100.61,8,Yes,Yes,,,Zone 8
,RTY IND BU,8826053,R. V. University,ROTARACT CLUB,University,Ruma Mondal,3191,7,18,India,1,100.61,7,No,Yes,,,Zone 7
,RTY IND BU,8825948,"Thakur College of Science and Commerce, Maharashtra",ROTARACT CLUB,University,Ruma Mondal,3141,4,18,India,1,100.61,8,No,Yes,,,Zone 8
,RTY IND BU,217925,GSS Jain College,ROTARACT CLUB,University,Ruma Mondal,3234,5,18,India,1,100.61,5,No,Yes,,,Zone 5
,RTY IND BU,8827402,Uttara Kannada United,ROTARACT CLUB,Community,Ruma Mondal,3170,7,10,India,1,99.92,7,Yes,Yes,,,Zone 7
,RTY IND BU,216420,Monarks IIVM,ROTARACT CLUB,University,Ruma Mondal,3206,5,17,India,1,99.72,5,No,Yes,,,Zone 5
,RTY IND BU,218358,City Ganga Nagar Royals,ROTARACT CLUB,Community,Ruma Mondal,3090,4,9,India,1,99.21,4,No,Yes,,,Zone 4
,RTY FA NEPAL BU,8824051,Bhairahawa Chautari,ROTARACT CLUB,Community,Riya Singh,3292,6,13,Nepal,1,99.18,6,No,Yes,,,Zone 6
,RTY IND BU,8824255,Vizag Elite,ROTARACT CLUB,Community,Ruma Mondal,3020,7,5,India,2,98.86,7,No,Yes,,,Zone 7
,RTY IND BU,217052,Hansraj College,ROTARACT CLUB,University,Ruma Mondal,3012,4,8,India,2,98.22,4,No,Yes,,,Zone 4
,RTY IND BU,83600,Shree Chandraprabhu Jain College,ROTARACT CLUB,University,Ruma Mondal,3233,5,15,India,2,96.97,5,No,Yes,,,Zone 5
,RTY IND BU,215923,NMAM Institute of Technology,ROTARACT CLUB,University,Ruma Mondal,3182,7,6,India,3,96.52,7,No,Yes,,,Zone 7
,RTY IND BU,214443,Singhania School,ROTARACT CLUB,University,Ruma Mondal,3142,4,6,India,3,96.52,8,No,Yes,,,Zone 8
,RTY IND BU,8826859,Bhavan's College,ROTARACT CLUB,University,Ruma Mondal,3141,4,15,India,2,96.06,8,No,Yes,,,Zone 8
,RTY IND BU,8826675,Imayam Arts and Science College,ROTARACT CLUB,University,Ruma Mondal,3231,5,15,India,2,96.06,5,No,Yes,,,Zone 5
,RTY IND BU,8826635,YMCA College of Physical Education,ROTARACT CLUB,University,Ruma Mondal,3234,5,15,India,2,96.06,5,No,Yes,,,Zone 5
,RTY IND BU,8826794,Arulmigu Palaniandavar Arts College for Women,ROTARACT CLUB,University,Ruma Mondal,3000,5,15,India,2,96.06,5,No,Yes,,,Zone 5
,RTY IND BU,8826526,V.E.T First Grade College JP Nagar,ROTARACT CLUB,University,Ruma Mondal,3191,7,15,India,2,96.06,7,No,Yes,,,Zone 7
,RTY IND BU,8826294,Aayojan School of Architecture-Jaipur,ROTARACT CLUB,University,Ruma Mondal,3056,4,15,India,2,96.06,4,No,Yes,,,Zone 4
,RTY IND BU,8825285,Ujjain Greater,ROTARACT CLUB,Community,Ruma Mondal,3040,4,5,India,2,95.32,8,No,Yes,,,Zone 8
,RTY IND BU,8827572,NR IAS Academy,ROTARACT CLUB,University,Ruma Mondal,3000,5,17,India,1,95.02,5,Yes,Yes,,,Zone 5
,RTY IND BU,8827747,Bharathidasan College of Arts & Science,ROTARACT CLUB,University,Ruma Mondal,3203,5,17,India,1,95.02,5,No,Yes,,,Zone 5
,RTY IND BU,92358,Akshaya College of Engineering & Technology,ROTARACT CLUB,University,Ruma Mondal,3206,5,17,India,1,95.02,5,No,Yes,,,Zone 5
,RTY IND BU,89525,Guru Nanak Khalsa College,ROTARACT CLUB,University,Ruma Mondal,3080,4,17,India,1,95.02,4,No,Yes,,,Zone 4
,RTY FA NEPAL BU,218434,Tilottama Suddhodhan,ROTARACT CLUB,Community,Riya Singh,3292,6,12,Nepal,1,94.74,6,Yes,Yes,,,Zone 6
,RTY IND BU,91052,Jaysingpur,ROTARACT CLUB,Community,Ruma Mondal,3170,7,9,India,1,93.97,7,No,Yes,,,Zone 7
,RTY IND BU,218476,Abu Road,ROTARACT CLUB,Community,Ruma Mondal,3055,4,3,India,4,93.71,4,No,Yes,,,Zone 4
,RTY IND BU,8825365,PES University Electronic City,ROTARACT CLUB,University,Ruma Mondal,3191,7,16,India,1,93.66,7,Yes,Yes,,,Zone 7
,RTY IND BU,214136,Raja College of Engineering and Technology,ROTARACT CLUB,University,Ruma Mondal,3000,5,5,India,3,93.09,5,No,Yes,,,Zone 5
,RTY IND BU,8823387,NIE First Grade College,ROTARACT CLUB,University,Ruma Mondal,3181,7,14,India,2,92.52,7,Yes,Yes,,,Zone 7
,RTY IND BU,216141,KIT Sunshine,ROTARACT CLUB,University,Ruma Mondal,3170,7,8,India,2,92.38,7,No,Yes,,,Zone 7
,RTY IND BU,8824212,United College of Pharmacy,ROTARACT CLUB,University,Ruma Mondal,3206,5,15,India,2,91.87,5,No,Yes,,,Zone 5
,RTY IND BU,8826703,Ambedkar Institute of Technology,ROTARACT CLUB,University,Ruma Mondal,3192,7,16,India,1,90.84,7,No,Yes,,,Zone 7
,RTY IND BU,88864,Fr. Conceicao Rodrigues College of Engineering,ROTARACT CLUB,University,Ruma Mondal,3141,4,8,India,3,90.14,8,No,Yes,,,Zone 8
,RTY IND BU,8827624,Kailash Women's College,ROTARACT CLUB,University,Ruma Mondal,2982,5,16,India,1,89.43,5,Yes,Yes,,,Zone 5
,RTY IND BU,8827532,KLE College of BCA Khanapur,ROTARACT CLUB,University,Ruma Mondal,3170,7,16,India,1,89.43,7,Yes,Yes,,,Zone 7
,RTY IND BU,8827896,Chandigarh College of Architecture,ROTARACT CLUB,University,Ruma Mondal,3080,4,16,India,1,89.43,4,Yes,Yes,,,Zone 4
,RTY IND BU,8827326,Aerocity Durgapur,ROTARACT CLUB,Community,Ruma Mondal,3240,6,10,India,1,89.43,6,Yes,Yes,,,Zone 6
,RTY IND BU,8827016,Saveetha College of Allied Health Sciences,ROTARACT CLUB,University,Ruma Mondal,3233,5,16,India,1,89.43,5,No,Yes,,,Zone 5
,RTY IND BU,8826818,Calicut Eyes Institute of Ophthalmology Mukkam,ROTARACT CLUB,University,Ruma Mondal,3204,5,16,India,1,89.43,7,No,Yes,,,Zone 7
,RTY IND BU,8826341,Sullia United,ROTARACT CLUB,Community,Ruma Mondal,3181,7,10,India,1,89.43,7,No,Yes,,,Zone 7
,RTY IND BU,8826354,DY Patil International School,ROTARACT CLUB,University,Ruma Mondal,3141,4,16,India,1,89.43,8,No,Yes,,,Zone 8
,RTY IND BU,8826292,Maharani Lakshmi Ammanni College,ROTARACT CLUB,University,Ruma Mondal,3191,7,16,India,1,89.43,7,No,Yes,,,Zone 7
,RTY IND BU,8824738,Wai,ROTARACT CLUB,Community,Ruma Mondal,3132,7,10,India,1,89.43,8,No,Yes,,,Zone 8
,RTY IND BU,218331,Tinsukia,ROTARACT CLUB,Community,Ruma Mondal,3240,6,10,India,1,89.43,6,No,Yes,,,Zone 6
,RTY IND BU,72847,S.S. Jain College for Women,ROTARACT CLUB,University,Ruma Mondal,3234,5,16,India,1,89.43,5,No,Yes,,,Zone 5
,RTY IND BU,8824314,St. Claret College,ROTARACT CLUB,University,Ruma Mondal,3192,7,13,India,4,89.24,7,Yes,Yes,,,Zone 7
,RTY IND BU,90067,S.P.I.T.,ROTARACT CLUB,University,Ruma Mondal,3141,4,9,India,1,87.87,8,No,Yes,,,Zone 8
,RTY IND BU,213901,Vikhroli,ROTARACT CLUB,Community,Ruma Mondal,3141,4,5,India,2,87.45,8,No,Yes,,,Zone 8
,RTY IND BU,213179,Digboi Oil Town,ROTARACT CLUB,Community,Ruma Mondal,3240,6,5,India,2,87.45,6,No,Yes,,,Zone 6
,RTY IND BU,217630,Mhow Community,ROTARACT CLUB,Community,Ruma Mondal,3040,4,9,India,1,86.48,8,No,Yes,,,Zone 8
,RTY IND BU,8827620,HKES Sree Veerendra Patil Degree College,ROTARACT CLUB,University,Ruma Mondal,3192,7,15,India,1,85.72,7,Yes,Yes,,,Zone 7
,RTY IND BU,218344,Palanpur Youth Town,ROTARACT CLUB,Community,Ruma Mondal,3055,4,3,India,3,85.46,4,No,Yes,,,Zone 4
,RTY IND BU,216695,Madayi Co-operative Arts & Science College,ROTARACT CLUB,University,Ruma Mondal,3204,5,14,India,1,85.3,7,No,Yes,,,Zone 7
,RTY IND BU,8823905,Burdwan,ROTARACT CLUB,Community,Ruma Mondal,3240,6,9,India,1,84.98,6,No,Yes,,,Zone 6
,RTY IND BU,8823740,Guru Tegh Bahadur Institute of Technology,ROTARACT CLUB,University,Ruma Mondal,3011,4,4,India,4,84.96,4,No,Yes,,,Zone 4
,RTY IND BU,216748,"B.ed Jamshedpur Co-operative College, Jsr",ROTARACT CLUB,University,Ruma Mondal,3250,6,4,India,4,84.96,6,No,Yes,,,Zone 6
,RTY IND BU,216157,Rajeev Polytechnic,ROTARACT CLUB,University,Ruma Mondal,3182,7,4,India,4,84.96,7,No,Yes,,,Zone 7
,RTY IND BU,212871,Karur Valalar College of Arts and Science for Women,ROTARACT CLUB,University,Ruma Mondal,3000,5,4,India,4,84.96,5,No,Yes,,,Zone 5
,RTY IND BU,90984,RC Institution,ROTARACT CLUB,University,Ruma Mondal,3000,5,4,India,4,84.96,5,No,Yes,,,Zone 5
,RTY IND BU,92257,"Sun Arts and Science College, Tiruvannamalai",ROTARACT CLUB,University,Ruma Mondal,3231,5,4,India,4,84.96,5,No,Yes,,,Zone 5
,RTY IND BU,88469,Apeejay College of Fine Arts,ROTARACT CLUB,University,Ruma Mondal,3070,4,4,India,4,84.96,4,No,Yes,,,Zone 4
,RTY IND BU,8826731,Chandausi Optometry,ROTARACT CLUB,University,Ruma Mondal,3100,6,9,India,2,84.5,6,Yes,Yes,,,Zone 6
,RTY IND BU,8173,Bangalore R.T. Nagar,ROTARACT CLUB,Community,Ruma Mondal,3192,7,9,India,1,84.23,7,No,Yes,,,Zone 7
,RTY FA NEPAL BU,77220,Lamjung,ROTARACT CLUB,Community,Riya Singh,3292,6,11,Nepal,1,83.92,6,No,Yes,,,Zone 6
,RTY IND BU,8827398,Solamalai College of Engineering,ROTARACT CLUB,University,Ruma Mondal,3000,5,15,India,1,83.84,5,Yes,Yes,,,Zone 5
,RTY IND BU,8827583,Government Erode Medical College,ROTARACT CLUB,University,Ruma Mondal,3203,5,15,India,1,83.84,5,No,Yes,,,Zone 5
,RTY IND BU,8827556,ASPM College Sangulwadi,ROTARACT CLUB,University,Ruma Mondal,3170,7,15,India,1,83.84,7,Yes,Yes,,,Zone 7
,RTY IND BU,8827763,Gayatri College of Pharmacy Sambalpur,ROTARACT CLUB,University,Ruma Mondal,3261,6,15,India,1,83.84,6,Yes,Yes,,,Zone 6
,RTY IND BU,8827757,Government Arts and Science College Thittamalai,ROTARACT CLUB,University,Ruma Mondal,3203,5,15,India,1,83.84,5,Yes,Yes,,,Zone 5
,RTY IND BU,8827317,KUFOS College of Fisheries Payyanur,ROTARACT CLUB,University,Ruma Mondal,3204,5,15,India,1,83.84,7,Yes,Yes,,,Zone 7
,RTY IND BU,8827552,KLE's MP Commerce College Raibag,ROTARACT CLUB,University,Ruma Mondal,3170,7,15,India,1,83.84,7,No,Yes,,,Zone 7
,RTY IND BU,8827749,The Dale View College of Paramedical Sciences,ROTARACT CLUB,University,Ruma Mondal,3211,5,15,India,1,83.84,7,Yes,Yes,,,Zone 7
,RTY IND BU,8827407,Saraswathi Narayanan College,ROTARACT CLUB,University,Ruma Mondal,3000,5,15,India,1,83.84,5,No,Yes,,,Zone 5
,RTY IND BU,8827550,Chhatrapati Shivaji College of Agriculture Oros,ROTARACT CLUB,University,Ruma Mondal,3170,7,15,India,1,83.84,7,Yes,Yes,,,Zone 7
,RTY IND BU,8827779,Shrimati Indira Gandhi College,ROTARACT CLUB,University,Ruma Mondal,3000,5,15,India,1,83.84,5,Yes,Yes,,,Zone 5
,RTY IND BU,8827359,NTTF Tellicherry,ROTARACT CLUB,University,Ruma Mondal,3204,5,15,India,1,83.84,7,Yes,Yes,,,Zone 7
,RTY IND BU,8827415,HKBK Group of Institutions,ROTARACT CLUB,University,Ruma Mondal,3192,7,15,India,1,83.84,7,Yes,Yes,,,Zone 7
,RTY IND BU,8827734,KLE Society's College of BCA Bailhongal,ROTARACT CLUB,University,Ruma Mondal,3170,7,15,India,1,83.84,7,Yes,Yes,,,Zone 7
,RTY IND BU,8827351,Sarala Birla University Ranchi,ROTARACT CLUB,University,Ruma Mondal,3250,6,15,India,1,83.84,6,Yes,Yes,,,Zone 6
,RTY IND BU,8827356,Arunai Medical College and Hospital,ROTARACT CLUB,University,Ruma Mondal,3231,5,15,India,1,83.84,5,No,Yes,,,Zone 5
,RTY IND BU,8827943,S-VYASA,ROTARACT CLUB,University,Ruma Mondal,3191,7,15,India,1,83.84,7,Yes,Yes,,,Zone 7
,RTY IND BU,8827701,Hindustan First Grade College,ROTARACT CLUB,University,Ruma Mondal,3181,7,15,India,1,83.84,7,Yes,Yes,,,Zone 7
,RTY IND BU,8827745,Mysore School of Architecture,ROTARACT CLUB,University,Ruma Mondal,3181,7,15,India,1,83.84,7,Yes,Yes,,,Zone 7
,RTY IND BU,8827700,The Kavery Engineering College,ROTARACT CLUB,University,Ruma Mondal,2982,5,15,India,1,83.84,5,Yes,Yes,,,Zone 5
,RTY IND BU,8827674,Government Arts & Science College Kurumbalur,ROTARACT CLUB,University,Ruma Mondal,3000,5,15,India,1,83.84,5,Yes,Yes,,,Zone 5
,RTY IND BU,8827165,Thiagarajar College of Engineering,ROTARACT CLUB,University,Ruma Mondal,3000,5,15,India,1,83.84,5,Yes,Yes,,,Zone 5
,RTY IND BU,8827095,N.M.S. Sermathai Vasan College For Women,ROTARACT CLUB,University,Ruma Mondal,3000,5,15,India,1,83.84,5,Yes,Yes,,,Zone 5
,RTY IND BU,8827101,Glanis,ROTARACT CLUB,University,Ruma Mondal,3000,5,15,India,1,83.84,5,Yes,Yes,,,Zone 5
,RTY IND BU,8826957,Yuvathi of VS Lakshmi Degree College,ROTARACT CLUB,University,Ruma Mondal,3020,7,15,India,1,83.84,7,No,Yes,,,Zone 7
,RTY IND BU,8826704,Subramanian Polytechnic College,ROTARACT CLUB,University,Ruma Mondal,3000,5,15,India,1,83.84,5,No,Yes,,,Zone 5
,RTY IND BU,8826798,Arulmigu Palaniandavar Polytechnic College,ROTARACT CLUB,University,Ruma Mondal,3000,5,15,India,1,83.84,5,No,Yes,,,Zone 5
,RTY IND BU,8827254,SACS MAVMM Engineering College,ROTARACT CLUB,University,Ruma Mondal,3000,5,15,India,1,83.84,5,Yes,Yes,,,Zone 5
,RTY IND BU,8826765,Sri Bharathi Engineering College for Women,ROTARACT CLUB,University,Ruma Mondal,3000,5,15,India,1,83.84,5,Yes,Yes,,,Zone 5
,RTY IND BU,8827053,Siddaganga Institute of Technology Tumakuru,ROTARACT CLUB,University,Ruma Mondal,3192,7,15,India,1,83.84,7,Yes,Yes,,,Zone 7
,RTY IND BU,8826756,Government Arts and Science College for Women Kodaikanal,ROTARACT CLUB,University,Ruma Mondal,3000,5,15,India,1,83.84,5,Yes,Yes,,,Zone 5
,RTY IND BU,8826761,Mother Teresa Women's University,ROTARACT CLUB,University,Ruma Mondal,3000,5,15,India,1,83.84,5,Yes,Yes,,,Zone 5
,RTY IND BU,8826991,JCT College of Engineering and Technology,ROTARACT CLUB,University,Ruma Mondal,3206,5,15,India,1,83.84,5,Yes,Yes,,,Zone 5
,RTY IND BU,8827090,Queens College of Arts and Science for Women,ROTARACT CLUB,University,Ruma Mondal,3000,5,15,India,1,83.84,5,Yes,Yes,,,Zone 5
,RTY IND BU,8827092,N.M.S S. Vellaichamy Nadar College,ROTARACT CLUB,University,Ruma Mondal,3000,5,15,India,1,83.84,5,Yes,Yes,,,Zone 5
,RTY IND BU,8827093,"Ascent College, Unnao",ROTARACT CLUB,University,Ruma Mondal,3110,6,15,India,1,83.84,6,No,Yes,,,Zone 6
,RTY IND BU,8826499,The Yadava College,ROTARACT CLUB,University,Ruma Mondal,3000,5,15,India,1,83.84,5,No,Yes,,,Zone 5
,RTY IND BU,8826271,Sai Valley World Institute of Management & Technology (SVWIMT),ROTARACT CLUB,University,Ruma Mondal,3261,6,15,India,1,83.84,6,No,Yes,,,Zone 6
,RTY IND BU,8824329,A P S College of Engineering,ROTARACT CLUB,University,Ruma Mondal,3191,7,15,India,1,83.84,7,No,Yes,,,Zone 7
,RTY IND BU,47967,Asan Memorial College,ROTARACT CLUB,University,Ruma Mondal,3234,5,15,India,1,83.84,5,No,Yes,,,Zone 5
,RTY IND BU,8827209,Kalabhumi Tezpur,ROTARACT CLUB,Community,Ruma Mondal,3240,6,7,India,1,83.57,6,No,Yes,,,Zone 6
,RTY IND BU,8824445,United College of Nursing,ROTARACT CLUB,University,Ruma Mondal,3206,5,13,India,1,83.46,5,No,Yes,,,Zone 5
,RTY IND BU,8825068,Virasat,ROTARACT CLUB,Community,Ruma Mondal,3011,4,2,India,4,83.38,4,No,Yes,,,Zone 4
,RTY IND BU,8826879,"District Institute of Education & Training (DIET), Nabha",ROTARACT CLUB,University,Ruma Mondal,3090,4,13,India,2,83.25,4,No,Yes,,,Zone 4
,RTY IND BU,215365,Nirmala Niketan,ROTARACT CLUB,University,Ruma Mondal,3141,4,10,India,2,82.35,8,No,Yes,,,Zone 8
,RTY IND BU,8824345,Ahmedabad Metro,ROTARACT CLUB,Community,Ruma Mondal,3055,4,8,India,1,82.03,4,No,Yes,,,Zone 4
,RTY IND BU,8824587,QIS Thunders,ROTARACT CLUB,University,Ruma Mondal,3150,7,3,India,2,81.42,7,No,Yes,,,Zone 7
,RTY IND BU,90878,DAV College Ambala City,ROTARACT CLUB,University,Ruma Mondal,3080,4,5,India,3,81.3,4,No,Yes,,,Zone 4
,RTY IND BU,8827810,Hiranandani Legends,ROTARACT CLUB,Community,Ruma Mondal,3142,4,9,India,1,81.24,8,Yes,Yes,,,Zone 8
,RTY IND BU,8825136,Mohali City,ROTARACT CLUB,Community,Ruma Mondal,3080,4,10,India,1,80.87,4,No,Yes,,,Zone 4
,RTY IND BU,8824015,Pune City,ROTARACT CLUB,University,Ruma Mondal,3131,7,14,India,1,80.6,8,No,Yes,,,Zone 8
,RTY IND BU,8823449,Rudrapur,ROTARACT CLUB,Community,Ruma Mondal,3110,6,7,India,1,80.58,6,No,Yes,,,Zone 6
,RTY IND BU,8824791,Hyderabad North,ROTARACT CLUB,Community,Ruma Mondal,3150,7,9,India,1,80.49,7,No,Yes,,,Zone 7
,RTY IND BU,217732,Chhindwara,ROTARACT CLUB,Community,Ruma Mondal,3040,4,9,India,1,80.49,8,No,Yes,,,Zone 8
,RTY IND BU,90326,Ranchi ICWAI,ROTARACT CLUB,Community,Ruma Mondal,3250,6,9,India,1,80.49,6,No,Yes,,,Zone 6
,RTY IND BU,91605,Thiagarajar College,ROTARACT CLUB,University,Ruma Mondal,3000,5,10,India,1,79.84,5,Yes,Yes,,,Zone 5
,RTY IND BU,8826603,Sri Ramaswamy Memorial Valliammai Engineering College,ROTARACT CLUB,University,Ruma Mondal,3231,5,70,India,1,79.35,5,No,Yes,,,Zone 5
,RTY IND BU,8824632,Smt. C. B. Shah Mahila Mahavidyalay,ROTARACT CLUB,University,Ruma Mondal,3170,7,4,India,4,79.13,7,No,Yes,,,Zone 7
,RTY IND BU,8826118,Sri Ganganagar Visionaries,ROTARACT CLUB,Community,Ruma Mondal,3090,4,6,India,1,78.38,4,Yes,Yes,,,Zone 4
,RTY IND BU,8827736,Arputha Arts & Science College,ROTARACT CLUB,University,Ruma Mondal,3000,5,14,India,1,78.25,5,Yes,Yes,,,Zone 5
,RTY IND BU,8827526,MITS School of Biotechnology Bhubaneswar,ROTARACT CLUB,University,Ruma Mondal,3262,6,14,India,1,78.25,6,No,Yes,,,Zone 6
,RTY IND BU,8827391,Sri Solamalai Polytechnic College,ROTARACT CLUB,University,Ruma Mondal,3000,5,14,India,1,78.25,5,Yes,Yes,,,Zone 5
,RTY IND BU,8827840,K. E. Board First Grade Arts & Commerce PU College Dharwad,ROTARACT CLUB,University,Ruma Mondal,3170,7,14,India,1,78.25,7,No,Yes,,,Zone 7
,RTY IND BU,8827680,JMIT Radaur,ROTARACT CLUB,University,Ruma Mondal,3080,4,14,India,1,78.25,4,Yes,Yes,,,Zone 4
,RTY IND BU,8826648,Balasaheb Desai College,ROTARACT CLUB,University,Ruma Mondal,3132,7,14,India,1,78.25,8,No,Yes,,,Zone 8
,RTY IND BU,8827050,Government Polytechnic College Gandarvakottai,ROTARACT CLUB,University,Ruma Mondal,3000,5,14,India,1,78.25,5,No,Yes,,,Zone 5
,RTY IND BU,8827221,Madurai Institute of Social Sciences,ROTARACT CLUB,University,Ruma Mondal,3000,5,14,India,1,78.25,5,Yes,Yes,,,Zone 5
,RTY IND BU,8827030,Kumararani Meena Muthiah College of Arts and Science Adyar,ROTARACT CLUB,University,Ruma Mondal,3234,5,14,India,1,78.25,5,No,Yes,,,Zone 5
,RTY IND BU,8826801,St. Annes Degree College for Women,ROTARACT CLUB,University,Ruma Mondal,3192,7,14,India,1,78.25,7,No,Yes,,,Zone 7
,RTY IND BU,8826952,KVSR Siddhartha College of Pharmaceutical Sciences,ROTARACT CLUB,University,Ruma Mondal,3020,7,14,India,1,78.25,7,No,Yes,,,Zone 7
,RTY IND BU,8826460,RK Mahila College,ROTARACT CLUB,University,Ruma Mondal,3250,6,14,India,1,78.25,6,No,Yes,,,Zone 6
,RTY IND BU,8825576,Vinayaka Missions College of Pharmacy,ROTARACT CLUB,University,Ruma Mondal,2982,5,14,India,1,78.25,5,No,Yes,,,Zone 5
,RTY IND BU,217247,Pearl Mumbai,ROTARACT CLUB,University,Ruma Mondal,3141,4,14,India,1,78.25,8,No,Yes,,,Zone 8
,RTY IND BU,89949,RCOEM Nagpur,ROTARACT CLUB,University,Ruma Mondal,3030,6,14,India,1,78.25,8,No,Yes,,,Zone 8
,RTY IND BU,218052,Sky Academy,ROTARACT CLUB,Community,Ruma Mondal,3110,6,3,India,3,77.21,6,No,Yes,,,Zone 6
,RTY IND BU,8825907,"Swami Keshvanand Institute of Technology, Management and Gramothan",ROTARACT CLUB,University,Ruma Mondal,3056,4,5,India,3,76.87,4,No,Yes,,,Zone 4
,RTY IND BU,8826180,K. S. R. College of Nursing and Allied Health Science,ROTARACT CLUB,University,Ruma Mondal,2982,5,12,India,2,76.85,5,No,Yes,,,Zone 5
,RTY IND BU,8826186,K. S. Rangasamy Institute of Technology,ROTARACT CLUB,University,Ruma Mondal,2982,5,12,India,2,76.85,5,No,Yes,,,Zone 5
,RTY IND BU,218740,Law College Dehradun U U,ROTARACT CLUB,University,Ruma Mondal,3080,4,10,India,1,76.55,4,Yes,Yes,,,Zone 4
,RTY IND BU,8826343,BSVP First Grade College,ROTARACT CLUB,University,Ruma Mondal,3191,7,7,India,2,76.52,7,No,Yes,,,Zone 7
,RTY IND BU,90621,error Taipei Songzhi,ROTARACT CLUB,University,Ruma Mondal,3212,5,7,India,2,76.52,5,No,Yes,,,Zone 5
,RTY IND BU,216241,Sarohini College of Pharmacy Samarpan,ROTARACT CLUB,University,Ruma Mondal,3170,7,12,India,2,76,7,No,Yes,,,Zone 7
,RTY IND BU,8824907,Alpha Arts and Science College,ROTARACT CLUB,University,Ruma Mondal,3234,5,8,India,2,75.6,5,No,Yes,,,Zone 5
,RTY IND BU,76069,"College of Engineering, Guindy (CEG)",ROTARACT CLUB,University,Ruma Mondal,3234,5,13,India,1,75.48,5,No,Yes,,,Zone 5
,RTY IND BU,8824868,Rourkela Institute of Management Studies,ROTARACT CLUB,University,Ruma Mondal,3261,6,11,India,3,74.65,6,No,Yes,,,Zone 6
,RTY IND BU,214802,Mrs. KMPM Vocational College,ROTARACT CLUB,University,Ruma Mondal,3250,6,10,India,1,72.8,6,Yes,Yes,,,Zone 6
,RTY IND BU,8826853,Arasan Ganesan College of Preceptors,ROTARACT CLUB,University,Ruma Mondal,3212,5,12,India,1,72.71,5,No,Yes,,,Zone 5
,RTY IND BU,8827338,Anjuman College Of Engineering & Technology,ROTARACT CLUB,University,Ruma Mondal,3030,6,13,India,1,72.66,8,Yes,Yes,,,Zone 8
,RTY IND BU,8827772,Synergy Institute of Engineering and Technology,ROTARACT CLUB,University,Ruma Mondal,3262,6,13,India,1,72.66,6,Yes,Yes,,,Zone 6
,RTY IND BU,8827362,Dr. Jeyasekharan Medical Trust College,ROTARACT CLUB,University,Ruma Mondal,3212,5,13,India,1,72.66,5,Yes,Yes,,,Zone 5
,RTY IND BU,8827175,Chellammal Women's College,ROTARACT CLUB,University,Ruma Mondal,3233,5,13,India,1,72.66,5,No,Yes,,,Zone 5
,RTY IND BU,8827009,Doomshell Academy of Advance Computing,ROTARACT CLUB,University,Ruma Mondal,3056,4,13,India,1,72.66,4,No,Yes,,,Zone 4
,RTY IND BU,8827298,G H Raisoni Law College,ROTARACT CLUB,University,Ruma Mondal,3030,6,13,India,1,72.66,8,No,Yes,,,Zone 8
,RTY IND BU,8827104,C. M. Annamalai Polytechnic College,ROTARACT CLUB,University,Ruma Mondal,3231,5,13,India,1,72.66,5,Yes,Yes,,,Zone 5
,RTY IND BU,8827302,Birla Institute of Technology Ranchi,ROTARACT CLUB,University,Ruma Mondal,3250,6,13,India,1,72.66,6,No,Yes,,,Zone 6
,RTY IND BU,8826935,City Premier College,ROTARACT CLUB,University,Ruma Mondal,3030,6,13,India,1,72.66,8,No,Yes,,,Zone 8
,RTY IND BU,8826204,K. S. R. Institute for Engineering and Technology,ROTARACT CLUB,University,Ruma Mondal,2982,5,13,India,1,72.66,5,No,Yes,,,Zone 5
,RTY IND BU,8825382,Sinhgad Institute of Management and Computer Application,ROTARACT CLUB,University,Ruma Mondal,3131,7,13,India,1,72.66,8,No,Yes,,,Zone 8
,RTY IND BU,217587,Vijay Institute of Management,ROTARACT CLUB,University,Ruma Mondal,3000,5,13,India,1,72.66,5,No,Yes,,,Zone 5
,RTY IND BU,214944,PGDAV (Eve) College,ROTARACT CLUB,University,Ruma Mondal,3012,4,13,India,1,72.66,4,No,Yes,,,Zone 4
,RTY IND BU,8827057,Guntakal Elites,ROTARACT CLUB,Community,Ruma Mondal,3160,7,14,India,1,72.57,7,Yes,Yes,,,Zone 7
,RTY IND BU,8824651,Government Arts and Science College Sivakasi,ROTARACT CLUB,University,Ruma Mondal,3212,5,4,India,4,72.09,5,No,Yes,,,Zone 5
,RTY IND BU,218392,Elite Angels,ROTARACT CLUB,Community,Ruma Mondal,3212,5,3,India,3,71.72,5,No,Yes,,,Zone 5
,RTY IND BU,8827638,Ignite Nagpur,ROTARACT CLUB,Community,Ruma Mondal,3030,6,8,India,1,71.55,8,Yes,Yes,,,Zone 8
,RTY IND BU,8824583,Amaara Thane,ROTARACT CLUB,Community,Ruma Mondal,3142,4,8,India,1,71.55,8,No,Yes,,,Zone 8
,RTY IND BU,8823373,Delhi Vibrance,ROTARACT CLUB,Community,Ruma Mondal,3012,4,8,India,1,71.55,4,No,Yes,,,Zone 4
,RTY IND BU,217446,Delhi Philanthropists,ROTARACT CLUB,Community,Ruma Mondal,3011,4,8,India,1,71.55,4,No,Yes,,,Zone 4
,RTY IND BU,80490,Navi Mumbai Hillside,ROTARACT CLUB,Community,Ruma Mondal,3142,4,8,India,1,71.55,8,No,Yes,,,Zone 8
,RTY IND BU,8823778,Positive Abilities,ROTARACT CLUB,Community,Ruma Mondal,3080,4,6,India,1,70.14,4,No,Yes,,,Zone 4
,RTY IND BU,8824037,Moga City,ROTARACT CLUB,Community,Ruma Mondal,3090,4,4,India,2,69.95,4,No,Yes,,,Zone 4
,RTY IND BU,218737,Cuttack Cantonment,ROTARACT CLUB,Community,Ruma Mondal,3262,6,4,India,2,69.95,6,No,Yes,,,Zone 6
,RTY FA SRI LANKA BU,91868,Jaffna Peninsula,ROTARACT CLUB,Community,Riya Singh,3220,5,3,Sri Lanka,2,69.84,5,No,Yes,,,Zone 5
,RTY IND BU,214971,Anna Nagar (OFT),ROTARACT CLUB,Community,Ruma Mondal,3000,5,2,India,4,69.36,5,No,Yes,,,Zone 5
,RTY IND BU,8826242,Gandhinagar Gift City,ROTARACT CLUB,Community,Ruma Mondal,3055,4,4,India,2,68.74,4,Yes,Yes,,,Zone 4
,RTY IND BU,8824039,Bulandshahr City,ROTARACT CLUB,Community,Ruma Mondal,3100,6,5,India,1,68.68,6,No,Yes,,,Zone 6
,RTY IND BU,8826767,Kalka Heritage,ROTARACT CLUB,Community,Ruma Mondal,3080,4,6,India,2,68.58,4,Yes,Yes,,,Zone 4
,RTY IND BU,8823185,Delhi Capitol,ROTARACT CLUB,Community,Ruma Mondal,3012,4,2,India,6,67.98,4,No,Yes,,,Zone 4
,RTY IND BU,217834,Sullia,ROTARACT CLUB,Community,Ruma Mondal,3181,7,2,India,4,67.98,7,No,Yes,,,Zone 7
,RTY IND BU,218105,Atoma,ROTARACT CLUB,Community,Ruma Mondal,3261,6,2,India,4,67.98,6,No,Yes,,,Zone 6
,RTY IND BU,217876,Seva,ROTARACT CLUB,Community,Ruma Mondal,3182,7,2,India,4,67.98,7,No,Yes,,,Zone 7
,RTY IND BU,216502,Katpady,ROTARACT CLUB,Community,Ruma Mondal,3182,7,2,India,4,67.98,7,No,Yes,,,Zone 7
,RTY IND BU,215554,Payyanur Mid Town,ROTARACT CLUB,Community,Ruma Mondal,3204,5,2,India,4,67.98,7,No,Yes,,,Zone 7
,RTY IND BU,215507,Sagri,ROTARACT CLUB,Community,Ruma Mondal,3182,7,2,India,4,67.98,7,No,Yes,,,Zone 7
,RTY IND BU,7519,Ambarnath,ROTARACT CLUB,Community,Ruma Mondal,3142,4,7,India,1,67.85,8,Yes,Yes,,,Zone 8
,RTY IND BU,8827817,Krupanidhi College of Commerce & Management,ROTARACT CLUB,University,Ruma Mondal,3191,7,12,India,1,67.07,7,Yes,Yes,,,Zone 7
,RTY IND BU,8827915,Sri Ramaswamy Memorial University,ROTARACT CLUB,University,Ruma Mondal,3012,4,12,India,1,67.07,4,Yes,Yes,,,Zone 4
,RTY IND BU,8827494,Kanyakumari Government Medical College and Hospital,ROTARACT CLUB,University,Ruma Mondal,3212,5,12,India,1,67.07,5,Yes,Yes,,,Zone 5
,RTY IND BU,8827576,Indira Gandhi National College Ladwa,ROTARACT CLUB,University,Ruma Mondal,3080,4,12,India,1,67.07,4,Yes,Yes,,,Zone 4
,RTY IND BU,8827935,KLE BCA College Mahalingpur,ROTARACT CLUB,University,Ruma Mondal,3170,7,12,India,1,67.07,7,No,Yes,,,Zone 7
,RTY IND BU,8827859,Shri Sowdesvari Women’s College Salem,ROTARACT CLUB,University,Ruma Mondal,2982,5,12,India,1,67.07,5,Yes,Yes,,,Zone 5
,RTY IND BU,8827464,Noida Institute of Engineering and Technology,ROTARACT CLUB,University,Ruma Mondal,3012,4,12,India,1,67.07,4,Yes,Yes,,,Zone 4
,RTY IND BU,8828050,Ramdeobaba University (RBU),ROTARACT CLUB,University,Ruma Mondal,3030,6,14,India,1,67.07,8,Yes,Yes,,,Zone 8
,RTY IND BU,8827335,Dhanwate National College Nagpur,ROTARACT CLUB,University,Ruma Mondal,3030,6,12,India,1,67.07,8,Yes,Yes,,,Zone 8
,RTY IND BU,8827691,Seshadripuram Degree College Mysore,ROTARACT CLUB,University,Ruma Mondal,3181,7,12,India,1,67.07,7,Yes,Yes,,,Zone 7
,RTY IND BU,8827742,"Gokhale Education Society’s Arts, Commerce & Science College",ROTARACT CLUB,University,Ruma Mondal,3141,4,12,India,1,67.07,8,Yes,Yes,,,Zone 8
,RTY IND BU,8827517,Parbati Teacher's Training Institute (B.Ed. College),ROTARACT CLUB,University,Ruma Mondal,3240,6,12,India,1,67.07,6,Yes,Yes,,,Zone 6
,RTY IND BU,8827353,Panjabrao Deshmukh Institute of Management Technology & Research Nagpur,ROTARACT CLUB,University,Ruma Mondal,3030,6,12,India,1,67.07,8,Yes,Yes,,,Zone 8
,RTY IND BU,8827662,Bajrang Institute Rishikesh,ROTARACT CLUB,University,Ruma Mondal,3080,4,12,India,1,67.07,4,Yes,Yes,,,Zone 4
,RTY IND BU,8827570,The Kaavery Paramedical Institutions,ROTARACT CLUB,University,Ruma Mondal,2982,5,12,India,1,67.07,5,Yes,Yes,,,Zone 5
,RTY IND BU,8827746,Holy Cross College (Autonomous) Nagercoil,ROTARACT CLUB,University,Ruma Mondal,3212,5,12,India,1,67.07,5,Yes,Yes,,,Zone 5
,RTY IND BU,8827663,Government ITI Pudukkottai,ROTARACT CLUB,University,Ruma Mondal,3000,5,12,India,1,67.07,5,Yes,Yes,,,Zone 5
,RTY IND BU,8826747,Udaipur Aishwarya Drishty,ROTARACT CLUB,University,Ruma Mondal,3056,4,12,India,1,67.07,4,No,Yes,,,Zone 4
,RTY IND BU,8827176,Udupi Dhanvanthari College of Nursing,ROTARACT CLUB,University,Ruma Mondal,3182,7,12,India,1,67.07,7,Yes,Yes,,,Zone 7
,RTY IND BU,8826649,Salem Polytechnic College,ROTARACT CLUB,University,Ruma Mondal,2982,5,12,India,1,67.07,5,No,Yes,,,Zone 5
,RTY IND BU,8826909,Kanhya Lal Butail Dayanand Anglo Vedic College for Girls (Palampur),ROTARACT CLUB,University,Ruma Mondal,3070,4,12,India,1,67.07,4,No,Yes,,,Zone 4
,RTY IND BU,8826922,Auxilium College,ROTARACT CLUB,University,Ruma Mondal,3231,5,12,India,1,67.07,5,Yes,Yes,,,Zone 5
,RTY IND BU,8826848,Indraprastha College For Women (DU),ROTARACT CLUB,University,Ruma Mondal,3011,4,12,India,1,67.07,4,No,Yes,,,Zone 4
,RTY IND BU,8826926,Government Arts and Science College Kappalur,ROTARACT CLUB,University,Ruma Mondal,3000,5,12,India,1,67.07,5,Yes,Yes,,,Zone 5
,RTY IND BU,8827206,IMS Unison University Dehradun,ROTARACT CLUB,University,Ruma Mondal,3080,4,12,India,1,67.07,4,No,Yes,,,Zone 4
,RTY IND BU,8826185,K. S. Rangasamy College of Arts and Science,ROTARACT CLUB,University,Ruma Mondal,2982,5,12,India,1,67.07,5,No,Yes,,,Zone 5
,RTY IND BU,8826184,K. S. R. College of Engineering,ROTARACT CLUB,University,Ruma Mondal,2982,5,12,India,1,67.07,5,No,Yes,,,Zone 5
,RTY IND BU,8826179,K. S. R. College of Arts and Science for Women,ROTARACT CLUB,University,Ruma Mondal,2982,5,12,India,1,67.07,5,No,Yes,,,Zone 5
,RTY IND BU,8826181,K. S. R. Institute of Dental Science and Research,ROTARACT CLUB,University,Ruma Mondal,2982,5,12,India,1,67.07,5,No,Yes,,,Zone 5
,RTY IND BU,8823214,Vivek College of Commerce,ROTARACT CLUB,University,Ruma Mondal,3141,4,12,India,1,67.07,8,No,Yes,,,Zone 8
,RTY IND BU,8823491,Rajasthan Dental College,ROTARACT CLUB,University,Ruma Mondal,3056,4,12,India,1,67.07,4,No,Yes,,,Zone 4
,RTY IND BU,223102,RK College,ROTARACT CLUB,University,Ruma Mondal,3020,7,12,India,1,67.07,7,No,Yes,,,Zone 7
,RTY IND BU,213341,Bharati Vidyapeeth Sunrise,ROTARACT CLUB,University,Ruma Mondal,3142,4,12,India,1,67.07,8,Yes,Yes,,,Zone 8
,RTY IND BU,214833,Santaji Mahavidyalaya,ROTARACT CLUB,University,Ruma Mondal,3030,6,12,India,1,67.07,8,No,Yes,,,Zone 8
,RTY IND BU,8824377,NMIT-MBA,ROTARACT CLUB,University,Ruma Mondal,3191,7,8,India,1,65.84,7,No,Yes,,,Zone 7
,RTY IND BU,8824133,Pragathi Paramedical,ROTARACT CLUB,University,Ruma Mondal,3181,7,6,India,2,65.59,7,No,Yes,,,Zone 7
,RTY FA SRI LANKA BU,212329,Chulipuram,ROTARACT CLUB,Community,Riya Singh,3220,5,3,Sri Lanka,2,65.27,5,No,Yes,,,Zone 5
,RTY IND BU,218326,Indian Institute of Management Mumbai,ROTARACT CLUB,University,Ruma Mondal,3141,4,4,India,3,64.34,8,No,Yes,,,Zone 8
,RTY IND BU,217520,Bahubali College of Engineering,ROTARACT CLUB,University,Ruma Mondal,3182,7,4,India,3,64.34,7,No,Yes,,,Zone 7
,RTY IND BU,214597,Kongu College of Arts & Science (women),ROTARACT CLUB,University,Ruma Mondal,3000,5,4,India,3,64.34,5,No,Yes,,,Zone 5
,RTY IND BU,8823869,Amity Global Business School,ROTARACT CLUB,University,Ruma Mondal,3141,4,3,India,4,63.71,8,No,Yes,,,Zone 8
,RTY IND BU,216092,St. Xaviers College,ROTARACT CLUB,University,Ruma Mondal,3170,7,3,India,4,63.71,7,No,Yes,,,Zone 7
,RTY IND BU,213582,PSN College of Education,ROTARACT CLUB,University,Ruma Mondal,3212,5,3,India,4,63.71,5,No,Yes,,,Zone 5
,RTY IND BU,215368,Dhirajlal Gandhi College of Technology,ROTARACT CLUB,University,Ruma Mondal,2982,5,3,India,4,63.71,5,No,Yes,,,Zone 5
,RTY IND BU,215361,"Netra Jyothi College of Optometry & Paramedical Science, Udupi",ROTARACT CLUB,University,Ruma Mondal,3182,7,3,India,4,63.71,7,No,Yes,,,Zone 7
,RTY IND BU,91146,A.V.C. Polytechnic College,ROTARACT CLUB,University,Ruma Mondal,2981,5,3,India,4,63.71,5,No,Yes,,,Zone 5
,RTY IND BU,212898,James College of Nursing,ROTARACT CLUB,University,Ruma Mondal,3212,5,3,India,4,63.71,5,No,Yes,,,Zone 5
,RTY IND BU,218248,TNRAO College,ROTARACT CLUB,University,Ruma Mondal,3060,4,3,India,4,63.71,8,No,Yes,,,Zone 8
,RTY IND BU,216034,Aadarsh Ahmedabad,ROTARACT CLUB,University,Ruma Mondal,3055,4,3,India,4,63.71,4,No,Yes,,,Zone 4
,RTY IND BU,217179,Malankara Catholic College,ROTARACT CLUB,University,Ruma Mondal,3212,5,3,India,4,63.71,5,No,Yes,,,Zone 5
,RTY IND BU,216309,"DNP Arts and Commerce College, Deesa",ROTARACT CLUB,University,Ruma Mondal,3055,4,3,India,4,63.71,4,No,Yes,,,Zone 4
,RTY IND BU,215988,K.E.S College of Commerce and Economics,ROTARACT CLUB,University,Ruma Mondal,3141,4,3,India,4,63.71,8,No,Yes,,,Zone 8
,RTY IND BU,215190,Trinity College,ROTARACT CLUB,University,Ruma Mondal,3170,7,3,India,4,63.71,7,No,Yes,,,Zone 7
,RTY IND BU,214378,St. Mathew's Jr. College,ROTARACT CLUB,University,Ruma Mondal,3141,4,3,India,4,63.71,8,No,Yes,,,Zone 8
,RTY IND BU,215901,Yuvakshetra,ROTARACT CLUB,University,Ruma Mondal,3206,5,3,India,4,63.71,5,No,Yes,,,Zone 5
,RTY IND BU,213580,Bejan Singh Institute of Opthmology,ROTARACT CLUB,University,Ruma Mondal,3212,5,3,India,5,63.71,5,No,Yes,,,Zone 5
,RTY IND BU,91794,Arulmurugan Polytechnic College,ROTARACT CLUB,University,Ruma Mondal,3000,5,3,India,4,63.71,5,No,Yes,,,Zone 5
,RTY IND BU,212833,"PSN Engineering College, Tirunelveli",ROTARACT CLUB,University,Ruma Mondal,3212,5,3,India,4,63.71,5,No,Yes,,,Zone 5
,RTY IND BU,212888,Ponjesly Engineering College,ROTARACT CLUB,University,Ruma Mondal,3212,5,3,India,4,63.71,5,No,Yes,,,Zone 5
,RTY IND BU,212914,James College of Engineering,ROTARACT CLUB,University,Ruma Mondal,3212,5,3,India,4,63.71,5,No,Yes,,,Zone 5
,RTY IND BU,212960,Arasu College of Education for Women,ROTARACT CLUB,University,Ruma Mondal,3000,5,3,India,4,63.71,5,No,Yes,,,Zone 5
,RTY IND BU,76060,"Arunai Engg. College, Thiruvannamalai",ROTARACT CLUB,University,Ruma Mondal,3231,5,3,India,4,63.71,5,No,Yes,,,Zone 5
,RTY IND BU,217934,RVS Kumaran Arts & Science College,ROTARACT CLUB,University,Ruma Mondal,3000,5,3,India,4,63.71,5,No,Yes,,,Zone 5
,RTY IND BU,216046,Bishop Cotton Yelahanka,ROTARACT CLUB,University,Ruma Mondal,3192,7,3,India,4,63.71,7,No,Yes,,,Zone 7
,RTY IND BU,215994,St. Joseph Degree College Somwarpet,ROTARACT CLUB,University,Ruma Mondal,3181,7,3,India,4,63.71,7,No,Yes,,,Zone 7
,RTY IND BU,216632,KSG College of Arts and Science,ROTARACT CLUB,University,Ruma Mondal,3206,5,3,India,4,63.71,5,No,Yes,,,Zone 5
,RTY IND BU,91800,Arulmurugan College of Engineering,ROTARACT CLUB,University,Ruma Mondal,3000,5,3,India,4,63.71,5,No,Yes,,,Zone 5
,RTY IND BU,212830,Syed Ammal Arts and Science College,ROTARACT CLUB,University,Ruma Mondal,3212,5,3,India,4,63.71,5,No,Yes,,,Zone 5
,RTY IND BU,212479,Francis Xavier Engineering College,ROTARACT CLUB,University,Ruma Mondal,3212,5,3,India,4,63.71,5,No,Yes,,,Zone 5
,RTY IND BU,8827007,Nabha Vibrant,ROTARACT CLUB,Community,Ruma Mondal,3090,4,7,India,1,62.6,4,Yes,Yes,,,Zone 4
,RTY IND BU,212610,Bombay Queens Town,ROTARACT CLUB,Community,Ruma Mondal,3141,4,7,India,1,62.6,8,No,Yes,,,Zone 8
,RTY IND BU,85652,Dombivli Midtown Youth,ROTARACT CLUB,Community,Ruma Mondal,3142,4,7,India,1,62.6,8,No,Yes,,,Zone 8
,RTY IND BU,7613,Narasaraopet,ROTARACT CLUB,Community,Ruma Mondal,3150,7,7,India,1,62.6,7,No,Yes,,,Zone 7
,RTY IND BU,8823304,Sri Parasakthi Womens College,ROTARACT CLUB,University,Ruma Mondal,3212,5,3,India,4,62.06,5,No,Yes,,,Zone 5
,RTY IND BU,8827319,Nehru College,ROTARACT CLUB,University,Ruma Mondal,3240,6,11,India,1,61.48,6,No,Yes,,,Zone 6
,RTY IND BU,8826995,"A.K.D. Dharma Raja Women's College, Rajapalayam",ROTARACT CLUB,University,Ruma Mondal,3212,5,11,India,1,61.48,5,Yes,Yes,,,Zone 5
,RTY IND BU,8824770,KMEA,ROTARACT CLUB,University,Ruma Mondal,3205,5,11,India,1,61.48,7,No,Yes,,,Zone 7
,RTY IND BU,216132,Guru Nanak Institutes (GNITM),ROTARACT CLUB,University,Ruma Mondal,3080,4,11,India,1,61.48,4,No,Yes,,,Zone 4
,RTY IND BU,8826705,Erode Turmeric City,ROTARACT CLUB,Community,Ruma Mondal,3203,5,6,India,1,59.65,5,Yes,Yes,,,Zone 5
,RTY IND BU,216304,Shaheed Sukhdev College of Business,ROTARACT CLUB,University,Ruma Mondal,3012,4,7,India,1,58.85,4,No,Yes,,,Zone 4
,RTY IND BU,8824960,Manonmaniam Sundaranar University College Govindaperi,ROTARACT CLUB,University,Ruma Mondal,3212,5,3,India,3,58.65,5,No,Yes,,,Zone 5
,RTY IND BU,8824305,Hitech Polytechnic College,ROTARACT CLUB,University,Ruma Mondal,3212,5,3,India,4,58.6,5,No,Yes,,,Zone 5
,RTY IND BU,8824240,Nellore Shakthi,ROTARACT CLUB,Community,Ruma Mondal,3160,7,6,India,1,58.15,7,No,Yes,,,Zone 7
,RTY IND BU,88635,Cuttack Greater,ROTARACT CLUB,Community,Ruma Mondal,3262,6,6,India,1,58.15,6,No,Yes,,,Zone 6
,RTY IND BU,8826443,Delhi Phoenix Midwest,ROTARACT CLUB,Community,Ruma Mondal,3011,4,1,India,2,56.21,4,No,Yes,,,Zone 4
,RTY IND BU,216874,"Gandhi Mahavidyalaya, Rourkela",ROTARACT CLUB,University,Ruma Mondal,3261,6,10,India,1,55.89,6,No,Yes,,,Zone 6
,RTY IND BU,91260,G.N. Khalsa College,ROTARACT CLUB,University,Ruma Mondal,3141,4,10,India,1,55.89,8,No,Yes,,,Zone 8
,RTY IND BU,8824342,Chilika-Balugaon,ROTARACT CLUB,Community,Ruma Mondal,3262,6,2,India,3,55.62,6,No,Yes,,,Zone 6
,RTY IND BU,217560,"Swami Ganga Giri Janta Girls College, Raikot",ROTARACT CLUB,University,Ruma Mondal,3070,4,4,India,4,55.37,4,No,Yes,,,Zone 4
,RTY IND BU,8823279,C I T Bhadrak,ROTARACT CLUB,University,Ruma Mondal,3262,6,5,India,2,54.66,6,No,Yes,,,Zone 6
,RTY IND BU,8823394,Academic International School,ROTARACT CLUB,University,Ruma Mondal,3262,6,5,India,2,54.66,6,No,Yes,,,Zone 6
,RTY IND BU,8823278,Mission Public School,ROTARACT CLUB,University,Ruma Mondal,3262,6,5,India,2,54.66,6,Yes,Yes,,,Zone 6
,RTY IND BU,8825926,Phalguna Kshetram Vijayawada,ROTARACT CLUB,Community,Ruma Mondal,3020,7,6,India,1,53.66,7,No,Yes,,,Zone 7
,RTY IND BU,213762,Bhopal Shahpura,ROTARACT CLUB,Community,Ruma Mondal,3040,4,6,India,1,53.66,8,Yes,Yes,,,Zone 8
,RTY IND BU,213296,Smart City Navi Mumbai,ROTARACT CLUB,Community,Ruma Mondal,3142,4,12,India,1,53.45,8,Yes,Yes,,,Zone 8
,RTY IND BU,8824489,Cuttack Barabati Fort,ROTARACT CLUB,Community,Ruma Mondal,3262,6,3,India,2,52.47,6,No,Yes,,,Zone 6
,RTY IND BU,218419,Dhanbad Midtown,ROTARACT CLUB,Community,Ruma Mondal,3250,6,3,India,2,52.47,6,No,Yes,,,Zone 6
,RTY IND BU,216147,Physiotherapy Scholars,ROTARACT CLUB,Community,Ruma Mondal,3012,4,3,India,2,52.47,4,No,Yes,,,Zone 4
,RTY IND BU,8823824,Cochin Lords,ROTARACT CLUB,Community,Ruma Mondal,3206,5,2,India,3,51.48,5,No,Yes,,,Zone 5
,RTY IND BU,218263,Cochin Airport,ROTARACT CLUB,Community,Ruma Mondal,3206,5,2,India,3,51.48,5,No,Yes,,,Zone 5
,RTY IND BU,217882,Moradabad Achievers Pride,ROTARACT CLUB,Community,Ruma Mondal,3100,6,2,India,3,51.48,6,No,Yes,,,Zone 6
,RTY IND BU,218484,Anjuman Islam Saiftaybji,ROTARACT CLUB,University,Ruma Mondal,3141,4,3,India,3,50.85,8,No,Yes,,,Zone 8
,RTY IND BU,217073,Mahalakshmi College of Arts and Science,ROTARACT CLUB,University,Ruma Mondal,3234,5,3,India,3,50.85,5,No,Yes,,,Zone 5
,RTY IND BU,8824428,Kapol Vidyanidhi College,ROTARACT CLUB,University,Ruma Mondal,3141,4,8,India,1,50.82,8,No,Yes,,,Zone 8
,RTY IND BU,8826931,Theeran Chinnamalai College of Arts and Science for Women,ROTARACT CLUB,University,Ruma Mondal,3203,5,9,India,1,50.31,5,No,Yes,,,Zone 5
,RTY IND BU,92113,"Sri Venkateswara Polytechnic College, Vellore",ROTARACT CLUB,University,Ruma Mondal,3231,5,9,India,1,50.31,5,No,Yes,,,Zone 5
,RTY IND BU,50296,Bishop Heber College,ROTARACT CLUB,University,Ruma Mondal,3000,5,9,India,1,50.31,5,No,Yes,,,Zone 5
,RTY IND BU,214644,M.S Polytechnic,ROTARACT CLUB,University,Ruma Mondal,3000,5,6,India,2,49.61,5,No,Yes,,,Zone 5
,RTY IND BU,212558,Lotus College of Optometry,ROTARACT CLUB,University,Ruma Mondal,3141,4,8,India,1,49.41,8,No,Yes,,,Zone 8
,RTY IND BU,8827416,Karwar Paschim,ROTARACT CLUB,Community,Ruma Mondal,3170,7,5,India,1,49.21,7,Yes,Yes,,,Zone 7
,RTY IND BU,8824528,ITER Bhubaneswar,ROTARACT CLUB,University,Ruma Mondal,3262,6,3,India,3,48.25,6,No,Yes,,,Zone 6
,RTY IND BU,217718,III TM GWALIOR,ROTARACT CLUB,University,Ruma Mondal,3053,4,3,India,3,48.25,4,No,Yes,,,Zone 4
,RTY IND BU,216654,Besant P.G. Studies in Commerce,ROTARACT CLUB,University,Ruma Mondal,3181,7,3,India,3,48.25,7,No,Yes,,,Zone 7
,RTY IND BU,214134,SC Guria IMT,ROTARACT CLUB,University,Ruma Mondal,3110,6,3,India,3,48.25,6,No,Yes,,,Zone 6
,RTY IND BU,212314,Pragati Surampalem Central,ROTARACT CLUB,University,Ruma Mondal,3020,7,3,India,3,48.25,7,No,Yes,,,Zone 7
,RTY IND BU,216392,Hindu College Moradabad Achievers,ROTARACT CLUB,University,Ruma Mondal,3100,6,3,India,3,48.24,6,No,Yes,,,Zone 6
,RTY IND BU,222325,Basanta Academy Berhampur,ROTARACT CLUB,University,Ruma Mondal,3262,6,2,India,3,47.86,6,No,Yes,,,Zone 6
,RTY IND BU,80936,"SRI SRNM College, Sattur",ROTARACT CLUB,University,Ruma Mondal,3212,5,4,India,3,46.73,5,No,Yes,,,Zone 5
,RTY IND BU,217508,Millenium Royal,ROTARACT CLUB,Community,Ruma Mondal,3262,6,13,India,1,45.71,6,Yes,Yes,,,Zone 6
,RTY IND BU,8825807,Acropolis Civil,ROTARACT CLUB,University,Ruma Mondal,3040,4,8,India,1,45.65,8,Yes,Yes,,,Zone 8
,RTY IND BU,8824179,Jalan College,ROTARACT CLUB,University,Ruma Mondal,3141,4,2,India,3,45.48,8,No,Yes,,,Zone 8
,RTY IND BU,8826471,Pen Heritage,ROTARACT CLUB,Community,Ruma Mondal,3131,7,15,India,1,45.07,8,No,Yes,,,Zone 8
,RTY IND BU,8827364,Usha Martin University Ranchi,ROTARACT CLUB,University,Ruma Mondal,3250,6,8,India,1,44.72,6,Yes,Yes,,,Zone 6
,RTY IND BU,8826631,Bengaluru Avinya,ROTARACT CLUB,Community,Ruma Mondal,3192,7,5,India,1,44.72,7,No,Yes,,,Zone 7
,RTY IND BU,8826479,Pune Gandhi Bhavan Adhyapak Mahavidyalaya,ROTARACT CLUB,University,Ruma Mondal,3131,7,8,India,1,44.72,8,No,Yes,,,Zone 8
,RTY IND BU,8825352,NSS College Tardeo,ROTARACT CLUB,University,Ruma Mondal,3141,4,8,India,1,44.72,8,No,Yes,,,Zone 8
,RTY IND BU,8826095,Venkateswara Polytechnic College,ROTARACT CLUB,University,Ruma Mondal,3000,5,8,India,1,44.72,5,No,Yes,,,Zone 5
,RTY IND BU,8825851,New Bombees,ROTARACT CLUB,Community,Ruma Mondal,3142,4,5,India,1,44.72,8,No,Yes,,,Zone 8
,RTY IND BU,8825838,Ganganagar Youth,ROTARACT CLUB,Community,Ruma Mondal,3090,4,5,India,1,44.72,4,No,Yes,,,Zone 4
,RTY IND BU,8824416,Rathinam College of Arts and Science,ROTARACT CLUB,University,Ruma Mondal,3206,5,8,India,1,44.72,5,No,Yes,,,Zone 5
,RTY IND BU,216993,Ambernath Smart City,ROTARACT CLUB,Community,Ruma Mondal,3142,4,5,India,1,44.72,8,No,Yes,,,Zone 8
,RTY IND BU,217388,Humanitas,ROTARACT CLUB,Community,Ruma Mondal,3131,7,5,India,1,44.72,8,No,Yes,,,Zone 8
,RTY IND BU,213199,The Standard Fireworks Rajaratnam College for Women,ROTARACT CLUB,Community,Ruma Mondal,3212,5,5,India,1,44.72,5,No,Yes,,,Zone 5
,RTY IND BU,8826686,"G H Raisoni College of Arts, Commerce and Science",ROTARACT CLUB,University,Ruma Mondal,3030,6,7,India,1,43.82,8,No,Yes,,,Zone 8
,RTY IND BU,8826261,Vanitha Viveka Degree College Tuni,ROTARACT CLUB,University,Ruma Mondal,3020,7,4,India,2,43.72,7,No,Yes,,,Zone 7
,RTY IND BU,216443,Manipal Academy of Higher Education,ROTARACT CLUB,University,Ruma Mondal,3182,7,4,India,2,43.72,7,No,Yes,,,Zone 7
,RTY FA NEPAL BU,8825044,Yeti Health,ROTARACT CLUB,University,Riya Singh,3292,6,9,Nepal,1,42.91,6,No,Yes,,,Zone 6
,RTY IND BU,8825697,Tirupur Royals,ROTARACT CLUB,University,Ruma Mondal,3203,5,5,India,1,42.5,5,Yes,Yes,,,Zone 5
,RTY IND BU,8824298,Physiotherapy SBV University,ROTARACT CLUB,University,Ruma Mondal,2981,5,2,India,4,42.48,5,No,Yes,,,Zone 5
,RTY IND BU,8824852,Noida Gen Z,ROTARACT CLUB,University,Ruma Mondal,3012,4,2,India,4,42.48,4,No,Yes,,,Zone 4
,RTY IND BU,8823322,Panimalar Medical College,ROTARACT CLUB,University,Ruma Mondal,3234,5,2,India,4,42.48,5,No,Yes,,,Zone 5
,RTY IND BU,8823650,Shirdi Sai Degree College,ROTARACT CLUB,University,Ruma Mondal,3182,7,2,India,4,42.48,7,No,Yes,,,Zone 7
,RTY IND BU,8823882,Belgaum Lingraj College,ROTARACT CLUB,University,Ruma Mondal,3170,7,2,India,4,42.48,7,No,Yes,,,Zone 7
,RTY IND BU,217825,Canara P.G. Centre For Commerce,ROTARACT CLUB,University,Ruma Mondal,3181,7,2,India,4,42.48,7,No,Yes,,,Zone 7
,RTY IND BU,217898,"Rajarshi Shahu College, Rukadi",ROTARACT CLUB,University,Ruma Mondal,3170,7,2,India,4,42.48,7,No,Yes,,,Zone 7
,RTY IND BU,217550,Dr. G. Shankar Gov. Women First Grade College,ROTARACT CLUB,University,Ruma Mondal,3182,7,2,India,4,42.48,7,No,Yes,,,Zone 7
,RTY IND BU,216500,K.V.S.M. College Katapady,ROTARACT CLUB,University,Ruma Mondal,3182,7,2,India,4,42.48,7,No,Yes,,,Zone 7
,RTY IND BU,217566,Ahalia ASO,ROTARACT CLUB,University,Ruma Mondal,3206,5,2,India,4,42.48,5,No,Yes,,,Zone 5
,RTY IND BU,217331,GFGC Mudipu,ROTARACT CLUB,University,Ruma Mondal,3181,7,2,India,4,42.48,7,No,Yes,,,Zone 7
,RTY IND BU,217485,Govt. Polytechnic College Manipal,ROTARACT CLUB,University,Ruma Mondal,3182,7,2,India,4,42.48,7,No,Yes,,,Zone 7
,RTY IND BU,215990,Spandan Somwarpet Hills,ROTARACT CLUB,University,Ruma Mondal,3181,7,2,India,4,42.48,7,No,Yes,,,Zone 7
,RTY IND BU,217559,"Khalsa College for Women, Ghumar Mandi",ROTARACT CLUB,University,Ruma Mondal,3070,4,2,India,4,42.48,4,No,Yes,,,Zone 4
,RTY IND BU,214728,Sri Vidya College of Engineering & Technology,ROTARACT CLUB,University,Ruma Mondal,3212,5,2,India,4,42.48,5,No,Yes,,,Zone 5
,RTY IND BU,213613,"Universal College of Education, Valliyoor",ROTARACT CLUB,University,Ruma Mondal,3212,5,2,India,4,42.48,5,No,Yes,,,Zone 5
,RTY IND BU,213583,"PSN Institute of Technology and Science, Tirunelveli",ROTARACT CLUB,University,Ruma Mondal,3212,5,2,India,4,42.48,5,No,Yes,,,Zone 5
,RTY IND BU,213581,White Memorial College of Nursing,ROTARACT CLUB,University,Ruma Mondal,3212,5,2,India,4,42.48,5,No,Yes,,,Zone 5
,RTY IND BU,214548,Prayaga Vypin Island,ROTARACT CLUB,University,Ruma Mondal,3206,5,2,India,4,42.48,5,No,Yes,,,Zone 5
,RTY IND BU,214077,Maria College of Engineering and Technology,ROTARACT CLUB,University,Ruma Mondal,3212,5,2,India,4,42.48,5,No,Yes,,,Zone 5
,RTY IND BU,213339,Sri Raaja Raajan College of Engg. & Technology,ROTARACT CLUB,University,Ruma Mondal,3212,5,2,India,4,42.48,5,No,Yes,,,Zone 5
,RTY IND BU,91826,"Jayamatha Engineering College, Aralvaimozhi",ROTARACT CLUB,University,Ruma Mondal,3212,5,2,India,4,42.48,5,No,Yes,,,Zone 5
,RTY IND BU,213168,M.R.G. Arts College Mannargudi,ROTARACT CLUB,University,Ruma Mondal,2981,5,2,India,4,42.48,5,No,Yes,,,Zone 5
,RTY IND BU,212919,"Arignar Anna College, Aralvaimozhi",ROTARACT CLUB,University,Ruma Mondal,3212,5,2,India,4,42.48,5,No,Yes,,,Zone 5
,RTY IND BU,92258,"Rajalakshmi Polytechnic College, Tiruvannamalai",ROTARACT CLUB,University,Ruma Mondal,3231,5,2,India,4,42.48,5,No,Yes,,,Zone 5
,RTY IND BU,212837,"PSN Institute of Technology, Kanyakumari",ROTARACT CLUB,University,Ruma Mondal,3212,5,2,India,4,42.48,5,No,Yes,,,Zone 5
,RTY IND BU,212827,"Cape Institute of Techonology, Tirunelveli",ROTARACT CLUB,University,Ruma Mondal,3212,5,2,India,4,42.48,5,No,Yes,,,Zone 5
,RTY IND BU,212666,Universal College of Engineering & Technology Valliyur,ROTARACT CLUB,University,Ruma Mondal,3212,5,2,India,4,42.48,5,No,Yes,,,Zone 5
,RTY IND BU,212831,"PSN College of Engineering & Technology, Tirunelveli",ROTARACT CLUB,University,Ruma Mondal,3212,5,2,India,4,42.48,5,No,Yes,,,Zone 5
,RTY IND BU,213222,Noida Youth,ROTARACT CLUB,Community,Ruma Mondal,3012,4,3,India,2,41.09,4,No,Yes,,,Zone 4
,RTY IND BU,213079,N.I.T. Polytechnic,ROTARACT CLUB,University,Ruma Mondal,3030,6,1,India,2,41.05,8,No,Yes,,,Zone 8
,RTY IND BU,8825628,MES College of Nursing,ROTARACT CLUB,University,Ruma Mondal,3170,7,7,India,1,40.53,7,No,Yes,,,Zone 7
,RTY IND BU,8826333,error Luzira,ROTARACT CLUB,University,Ruma Mondal,3040,4,4,India,2,39.76,8,No,Yes,,,Zone 8
,RTY IND BU,8826748,Ahmedabad Zen,ROTARACT CLUB,Community,Ruma Mondal,3055,4,4,India,1,39.52,4,No,Yes,,,Zone 4
,RTY IND BU,218044,GVM ITM,ROTARACT CLUB,University,Ruma Mondal,3012,4,5,India,1,39.22,4,No,Yes,,,Zone 4
,RTY IND BU,212873,Servite B. Ed,ROTARACT CLUB,University,Ruma Mondal,3000,5,7,India,1,39.13,5,No,Yes,,,Zone 5
,RTY IND BU,216556,"Govt. College for Girls, Ludhiana",ROTARACT CLUB,University,Ruma Mondal,3070,4,3,India,2,39.07,4,No,Yes,,,Zone 4
,RTY IND BU,8826524,Hyderabad Visionaries,ROTARACT CLUB,Community,Ruma Mondal,3150,7,30,India,1,38.35,7,No,Yes,,,Zone 7
,RTY IND BU,8825555,KLE Society's College of BCA RLS Institute Belagavi,ROTARACT CLUB,University,Ruma Mondal,3170,7,5,India,2,36.57,7,No,Yes,,,Zone 7
,RTY IND BU,8824883,Doon Shivalik Hills,ROTARACT CLUB,Community,Ruma Mondal,3080,4,1,India,3,36.1,4,No,Yes,,,Zone 4
,RTY IND BU,7675,Guntur (Main),ROTARACT CLUB,Community,Ruma Mondal,3150,7,4,India,1,35.77,7,No,Yes,,,Zone 7
,RTY IND BU,8823546,Swarajya,ROTARACT CLUB,Community,Ruma Mondal,3170,7,2,India,2,34.98,7,No,Yes,,,Zone 7
,RTY IND BU,216103,Moradabad Achievers,ROTARACT CLUB,Community,Ruma Mondal,3100,6,2,India,2,34.98,6,No,Yes,,,Zone 6
,RTY IND BU,80072,Shindkheda,ROTARACT CLUB,Community,Ruma Mondal,3060,4,2,India,2,34.98,8,No,Yes,,,Zone 8
,RTY IND BU,8824547,Cuttack East,ROTARACT CLUB,Community,Ruma Mondal,3262,6,1,India,4,33.99,6,No,Yes,,,Zone 6
,RTY IND BU,8824725,Paul Antony Community College,ROTARACT CLUB,Community,Ruma Mondal,3212,5,1,India,4,33.99,5,No,Yes,,,Zone 5
,RTY IND BU,8824878,Dharwad Pristine,ROTARACT CLUB,Community,Ruma Mondal,3170,7,1,India,4,33.99,7,No,Yes,,,Zone 7
,RTY IND BU,8824776,Bijapur,ROTARACT CLUB,Community,Ruma Mondal,3170,7,1,India,4,33.99,7,No,Yes,,,Zone 7
,RTY IND BU,8824241,Jeypore,ROTARACT CLUB,Community,Ruma Mondal,3262,6,1,India,4,33.99,6,No,Yes,,,Zone 6
,RTY IND BU,8824233,Divine Samarpan,ROTARACT CLUB,Community,Ruma Mondal,3055,4,1,India,4,33.99,4,No,Yes,,,Zone 4
,RTY IND BU,8824526,Gokak,ROTARACT CLUB,Community,Ruma Mondal,3170,7,1,India,4,33.99,7,No,Yes,,,Zone 7
,RTY IND BU,8824466,Bhubaneswar Harmony,ROTARACT CLUB,Community,Ruma Mondal,3262,6,1,India,4,33.99,6,No,Yes,,,Zone 6
,RTY IND BU,8824795,Radhanpur,ROTARACT CLUB,Community,Ruma Mondal,3055,4,1,India,4,33.99,4,No,Yes,,,Zone 4
,RTY IND BU,8825033,Nayagarh,ROTARACT CLUB,Community,Ruma Mondal,3262,6,1,India,4,33.99,6,No,Yes,,,Zone 6
,RTY IND BU,8824226,Servo,ROTARACT CLUB,Community,Ruma Mondal,3160,7,1,India,4,33.99,7,No,Yes,,,Zone 7
,RTY IND BU,8824336,Calicut Cybercity Future,ROTARACT CLUB,Community,Ruma Mondal,3204,5,1,India,4,33.99,7,No,Yes,,,Zone 7
,RTY IND BU,8824316,Calicut Cybercity Youth,ROTARACT CLUB,Community,Ruma Mondal,3204,5,1,India,4,33.99,7,No,Yes,,,Zone 7
,RTY IND BU,8823392,Mandi,ROTARACT CLUB,Community,Ruma Mondal,3070,4,1,India,4,33.99,4,No,Yes,,,Zone 4
,RTY IND BU,8823979,Pondicherry Beachtown,ROTARACT CLUB,Community,Ruma Mondal,2981,5,1,India,4,33.99,5,No,Yes,,,Zone 5
,RTY IND BU,8824169,Pondicherry Cosmos,ROTARACT CLUB,Community,Ruma Mondal,2981,5,1,India,4,33.99,5,No,Yes,,,Zone 5
,RTY IND BU,8824020,Pilibhit Greater,ROTARACT CLUB,Community,Ruma Mondal,3110,6,1,India,4,33.99,6,No,Yes,,,Zone 6
,RTY IND BU,8823178,Delhi Regals,ROTARACT CLUB,Community,Ruma Mondal,3012,4,1,India,4,33.99,4,No,Yes,,,Zone 4
,RTY IND BU,8823168,Shatabdi Elite,ROTARACT CLUB,Community,Ruma Mondal,3012,4,1,India,4,33.99,4,No,Yes,,,Zone 4
,RTY IND BU,8824155,Calicut City,ROTARACT CLUB,Community,Ruma Mondal,3204,5,1,India,4,33.99,7,No,Yes,,,Zone 7
,RTY IND BU,8823859,Trivandrum Residency,ROTARACT CLUB,Community,Ruma Mondal,3211,5,1,India,4,33.99,7,No,Yes,,,Zone 7
,RTY IND BU,218694,Meyyathur,ROTARACT CLUB,Community,Ruma Mondal,2981,5,1,India,4,33.99,5,No,Yes,,,Zone 5
,RTY IND BU,218270,Shrirampur,ROTARACT CLUB,Community,Ruma Mondal,3132,7,1,India,4,33.99,8,No,Yes,,,Zone 8
,RTY IND BU,218714,Dudu,ROTARACT CLUB,Community,Ruma Mondal,3056,4,1,India,4,33.99,4,No,Yes,,,Zone 4
,RTY IND BU,218339,Ichalkaranji Central,ROTARACT CLUB,Community,Ruma Mondal,3170,7,1,India,4,33.99,7,No,Yes,,,Zone 7
,RTY IND BU,217978,"Calicut Central SDSMW College, Vellannur",ROTARACT CLUB,Community,Ruma Mondal,3204,5,1,India,4,33.99,7,No,Yes,,,Zone 7
,RTY IND BU,217899,Atigare,ROTARACT CLUB,Community,Ruma Mondal,3170,7,1,India,4,33.99,7,No,Yes,,,Zone 7
,RTY IND BU,218701,Bhuvanagiri Ragavendhra,ROTARACT CLUB,Community,Ruma Mondal,2981,5,1,India,4,33.99,5,No,Yes,,,Zone 5
,RTY IND BU,218715,Panhala,ROTARACT CLUB,Community,Ruma Mondal,3170,7,1,India,4,33.99,7,No,Yes,,,Zone 7
,RTY IND BU,218329,Ahmednagar Midtown Vadagao Savatal,ROTARACT CLUB,Community,Ruma Mondal,3132,7,1,India,4,33.99,8,No,Yes,,,Zone 8
,RTY IND BU,218334,Shree Nageshwar Private Industrial Training Institute,ROTARACT CLUB,Community,Ruma Mondal,3132,7,1,India,4,33.99,8,No,Yes,,,Zone 8
,RTY IND BU,217856,Manjeri,ROTARACT CLUB,Community,Ruma Mondal,3204,5,1,India,4,33.99,7,No,Yes,,,Zone 7
,RTY IND BU,217888,Ichalkaranji Nalanda,ROTARACT CLUB,Community,Ruma Mondal,3170,7,1,India,4,33.99,7,No,Yes,,,Zone 7
,RTY IND BU,218110,NIT Rourkela,ROTARACT CLUB,Community,Ruma Mondal,3261,6,1,India,4,33.99,6,No,Yes,,,Zone 6
,RTY IND BU,222319,Bilaspur,ROTARACT CLUB,Community,Ruma Mondal,3070,4,1,India,4,33.99,4,No,Yes,,,Zone 4
,RTY IND BU,217368,Ranjhi Jabalpur,ROTARACT CLUB,Community,Ruma Mondal,3261,6,1,India,4,33.99,6,No,Yes,,,Zone 6
,RTY IND BU,215279,Byasabhoomi,ROTARACT CLUB,Community,Ruma Mondal,3262,6,1,India,4,33.99,6,No,Yes,,,Zone 6
,RTY IND BU,215511,Ahmedabad Suryoday,ROTARACT CLUB,Community,Ruma Mondal,3055,4,1,India,4,33.99,4,No,Yes,,,Zone 4
,RTY IND BU,8824785,Kadur,ROTARACT CLUB,Community,Ruma Mondal,3182,7,1,India,4,33.99,7,No,Yes,,,Zone 7
,RTY IND BU,8824225,Rajampet,ROTARACT CLUB,Community,Ruma Mondal,3160,7,1,India,4,33.99,7,No,Yes,,,Zone 7
,RTY IND BU,8824288,Millennium Bilaspur,ROTARACT CLUB,Community,Ruma Mondal,3261,6,1,India,4,33.99,6,No,Yes,,,Zone 6
,RTY IND BU,8824922,Ganaur,ROTARACT CLUB,Community,Ruma Mondal,3012,4,1,India,4,33.99,4,No,Yes,,,Zone 4
,RTY IND BU,8824849,Ghaziabad Golf Links,ROTARACT CLUB,Community,Ruma Mondal,3012,4,1,India,4,33.99,4,No,Yes,,,Zone 4
,RTY IND BU,8824093,Vaishali Excellence,ROTARACT CLUB,Community,Ruma Mondal,3012,4,1,India,4,33.99,4,No,Yes,,,Zone 4
,RTY IND BU,8823760,Aligarh Smart City,ROTARACT CLUB,Community,Ruma Mondal,3110,6,1,India,4,33.99,6,No,Yes,,,Zone 6
,RTY IND BU,8823391,Bhubaneswar Meadows,ROTARACT CLUB,Community,Ruma Mondal,3262,6,1,India,4,33.99,6,No,Yes,,,Zone 6
,RTY IND BU,8823285,Sunder Nagar,ROTARACT CLUB,Community,Ruma Mondal,3070,4,1,India,4,33.99,4,No,Yes,,,Zone 4
,RTY IND BU,8823490,Balotra,ROTARACT CLUB,Community,Ruma Mondal,3055,4,1,India,4,33.99,4,No,Yes,,,Zone 4
,RTY IND BU,8823268,Bhubaneswar Ekamra Kshetra Ananya,ROTARACT CLUB,Community,Ruma Mondal,3262,6,1,India,4,33.99,6,No,Yes,,,Zone 6
,RTY IND BU,8823777,O.P. Jindal Global University Alumnus,ROTARACT CLUB,Community,Ruma Mondal,3012,4,1,India,4,33.99,4,No,Yes,,,Zone 4
,RTY IND BU,8823549,Surat,ROTARACT CLUB,Community,Ruma Mondal,3060,4,1,India,4,33.99,8,No,Yes,,,Zone 8
,RTY IND BU,8823174,Ghaziabad Metro,ROTARACT CLUB,Community,Ruma Mondal,3012,4,1,India,4,33.99,4,No,Yes,,,Zone 4
,RTY IND BU,218166,Venkateswara Educational Institutions,ROTARACT CLUB,Community,Ruma Mondal,2981,5,1,India,4,33.99,5,No,Yes,,,Zone 5
,RTY IND BU,217924,Ashothara Seva Jayapura,ROTARACT CLUB,Community,Ruma Mondal,3182,7,1,India,4,33.99,7,No,Yes,,,Zone 7
,RTY IND BU,222263,Ghaziabad Prime,ROTARACT CLUB,Community,Ruma Mondal,3012,4,1,India,4,33.99,4,No,Yes,,,Zone 4
,RTY IND BU,217688,Gulbarga Suncity,ROTARACT CLUB,Community,Ruma Mondal,3160,7,1,India,4,33.99,7,No,Yes,,,Zone 7
,RTY IND BU,222285,Delhi Achievers,ROTARACT CLUB,Community,Ruma Mondal,3012,4,1,India,4,33.99,4,No,Yes,,,Zone 4
,RTY IND BU,218127,"Annai Velankanni College of Engineering, Pottalkulam",ROTARACT CLUB,Community,Ruma Mondal,3212,5,1,India,4,33.99,5,No,Yes,,,Zone 5
,RTY IND BU,218612,Delhi Royals,ROTARACT CLUB,Community,Ruma Mondal,3012,4,1,India,4,33.99,4,No,Yes,,,Zone 4
,RTY IND BU,217936,CAHCET,ROTARACT CLUB,Community,Ruma Mondal,3231,5,1,India,4,33.99,5,No,Yes,,,Zone 5
,RTY IND BU,218548,Amreli,ROTARACT CLUB,Community,Ruma Mondal,3060,4,1,India,4,33.99,8,No,Yes,,,Zone 8
,RTY IND BU,217367,Jabalpur City,ROTARACT CLUB,Community,Ruma Mondal,3261,6,1,India,4,33.99,6,No,Yes,,,Zone 6
,RTY IND BU,216781,SDM Royals,ROTARACT CLUB,Community,Ruma Mondal,3182,7,1,India,4,33.99,7,No,Yes,,,Zone 7
,RTY IND BU,8824585,QIS Microbirds,ROTARACT CLUB,University,Ruma Mondal,3150,7,6,India,1,33.54,7,No,Yes,,,Zone 7
,RTY IND BU,217504,"Govt. First Grade College, Ramanagara",ROTARACT CLUB,University,Ruma Mondal,3191,7,6,India,1,33.54,7,No,Yes,,,Zone 7
,RTY IND BU,8823184,Singapore International School,ROTARACT CLUB,University,Ruma Mondal,3141,4,3,India,2,32.79,8,No,Yes,,,Zone 8
,RTY IND BU,8824032,Vedbyash Brahmapur,ROTARACT CLUB,University,Ruma Mondal,3262,6,3,India,2,32.79,6,No,Yes,,,Zone 6
,RTY IND BU,217113,Smt. Manorambai Mundle College of Architecture,ROTARACT CLUB,University,Ruma Mondal,3030,6,3,India,2,32.79,8,No,Yes,,,Zone 8
,RTY IND BU,212834,"Vivek Institute, Kanyakumari",ROTARACT CLUB,University,Ruma Mondal,3212,5,3,India,2,32.79,5,No,Yes,,,Zone 5
,RTY IND BU,218593,IHM Bhubaneswar,ROTARACT CLUB,University,Ruma Mondal,3262,6,2,India,3,32.17,6,No,Yes,,,Zone 6
,RTY IND BU,213392,GCET College,ROTARACT CLUB,University,Ruma Mondal,3060,4,2,India,3,32.17,8,No,Yes,,,Zone 8
,RTY IND BU,212449,Rajiv Gandhi Institute of Law,ROTARACT CLUB,University,Ruma Mondal,3020,7,2,India,3,32.17,7,No,Yes,,,Zone 7
,RTY IND BU,8824364,Ambajogai City,ROTARACT CLUB,Community,Ruma Mondal,3132,7,1,India,1,32.15,8,Yes,Yes,,,Zone 8
,RTY IND BU,214320,GEMs B School,ROTARACT CLUB,University,Ruma Mondal,3192,7,5,India,1,30.76,7,No,Yes,,,Zone 7
,RTY IND BU,8824227,Spoorthi,ROTARACT CLUB,Community,Ruma Mondal,3160,7,2,India,2,29.36,7,No,Yes,,,Zone 7
,RTY FA NEPAL BU,8824674,Marchwar,ROTARACT CLUB,Community,Riya Singh,3292,6,1,Nepal,4,28.93,6,No,Yes,,,Zone 6
,RTY IND BU,61077,Baldwin Women's Methodist College,ROTARACT CLUB,University,Ruma Mondal,3192,7,5,India,1,28.89,7,No,Yes,,,Zone 7
,RTY IND BU,8827602,Vellalar College of Pharmacy,ROTARACT CLUB,University,Ruma Mondal,3203,5,5,India,1,27.95,5,No,Yes,,,Zone 5
,RTY IND BU,217042,"CHM College, Ulhasnagar",ROTARACT CLUB,University,Ruma Mondal,3142,4,5,India,1,27.95,8,No,Yes,,,Zone 8
,RTY IND BU,216296,Silchar Medical College & Hospital,ROTARACT CLUB,University,Ruma Mondal,3240,6,5,India,1,27.95,6,No,Yes,,,Zone 6
,RTY IND BU,5771,Jaipur,ROTARACT CLUB,Community,Ruma Mondal,3056,4,3,India,1,27.58,4,No,Yes,,,Zone 4
,RTY IND BU,8824120,Salem Gems,ROTARACT CLUB,Community,Ruma Mondal,2982,5,14,India,1,27.31,5,Yes,Yes,,,Zone 5
,RTY IND BU,8824472,St. Francis de Sales College,ROTARACT CLUB,University,Ruma Mondal,3191,7,2,India,3,27.01,7,No,Yes,,,Zone 7
,RTY IND BU,8823270,Jaipur Bapu Nagar,ROTARACT CLUB,Community,Ruma Mondal,3056,4,3,India,1,26.83,4,No,Yes,,,Zone 4
,RTY IND BU,8823242,Achiever Point Morena,ROTARACT CLUB,Community,Ruma Mondal,3053,4,3,India,1,26.83,4,No,Yes,,,Zone 4
,RTY IND BU,216395,Varanasi South,ROTARACT CLUB,Community,Ruma Mondal,3120,6,3,India,1,26.83,6,No,Yes,,,Zone 6
,RTY IND BU,8824627,NRI Complex,ROTARACT CLUB,Community,Ruma Mondal,3142,4,1,India,2,26.79,8,No,Yes,,,Zone 8
,RTY IND BU,8823932,Shine-Sunam,ROTARACT CLUB,Community,Ruma Mondal,3090,4,1,India,3,25.74,4,No,Yes,,,Zone 4
,RTY IND BU,8824154,Aligarh Panther,ROTARACT CLUB,Community,Ruma Mondal,3110,6,1,India,3,25.74,6,No,Yes,,,Zone 6
,RTY IND BU,8823744,Kanpur Youth,ROTARACT CLUB,Community,Ruma Mondal,3110,6,1,India,3,25.74,6,No,Yes,,,Zone 6
,RTY IND BU,8824168,Pattukkottai,ROTARACT CLUB,Community,Ruma Mondal,2981,5,1,India,3,25.74,5,No,Yes,,,Zone 5
,RTY IND BU,8823874,Kovalam,ROTARACT CLUB,Community,Ruma Mondal,3211,5,1,India,3,25.74,7,No,Yes,,,Zone 7
,RTY IND BU,218367,Sunam Main,ROTARACT CLUB,Community,Ruma Mondal,3090,4,1,India,3,25.74,4,No,Yes,,,Zone 4
,RTY IND BU,218370,Rajpura Greater,ROTARACT CLUB,Community,Ruma Mondal,3090,4,1,India,3,25.74,4,No,Yes,,,Zone 4
,RTY IND BU,218514,Brij Nagar Jhalawar,ROTARACT CLUB,Community,Ruma Mondal,3056,4,1,India,3,25.74,4,No,Yes,,,Zone 4
,RTY IND BU,8823738,Delhi Ananta,ROTARACT CLUB,Community,Ruma Mondal,3012,4,1,India,3,25.74,4,No,Yes,,,Zone 4
,RTY IND BU,8823455,Kumarapuram Thoppur Elite,ROTARACT CLUB,Community,Ruma Mondal,3212,5,1,India,3,25.74,5,No,Yes,,,Zone 5
,RTY IND BU,218635,Udiyankulangara,ROTARACT CLUB,Community,Ruma Mondal,3211,5,1,India,3,25.74,7,No,Yes,,,Zone 7
,RTY IND BU,222308,Shamli Midtown,ROTARACT CLUB,Community,Ruma Mondal,3100,6,1,India,3,25.73,6,No,Yes,,,Zone 6
,RTY IND BU,8826805,Government First Grade College Byndoor,ROTARACT CLUB,University,Ruma Mondal,3182,7,12,India,1,22.53,7,No,Yes,,,Zone 7
,RTY IND BU,8825381,Venkateswara College of Education Pudukkottai,ROTARACT CLUB,University,Ruma Mondal,3000,5,4,India,1,22.36,5,No,Yes,,,Zone 5
,RTY IND BU,215339,Malnad College of Engineering,ROTARACT CLUB,University,Ruma Mondal,3182,7,4,India,1,22.36,7,No,Yes,,,Zone 7
,RTY IND BU,215518,Hassan Institute of Medical Sciences,ROTARACT CLUB,University,Ruma Mondal,3182,7,4,India,1,22.36,7,No,Yes,,,Zone 7
,RTY IND BU,212470,Sankara College of Science and Commerce,ROTARACT CLUB,University,Ruma Mondal,3206,5,4,India,1,22.36,5,No,Yes,,,Zone 5
,RTY IND BU,212787,J.R. Polytechnic College-Alundur,ROTARACT CLUB,University,Ruma Mondal,3000,5,4,India,1,22.36,5,No,Yes,,,Zone 5
,RTY IND BU,8824291,"Virat Degree College, Yapaladinni",ROTARACT CLUB,University,Ruma Mondal,3160,7,2,India,2,22.31,7,No,Yes,,,Zone 7
,RTY FA SRI LANKA BU,47135,Kelaniya,ROTARACT CLUB,Community,Riya Singh,3220,5,3,Sri Lanka,1,22.14,5,No,Yes,,,Zone 5
,RTY IND BU,8826451,KR Manglam University,ROTARACT CLUB,University,Ruma Mondal,3011,4,2,India,2,21.86,4,No,Yes,,,Zone 4
,RTY IND BU,218360,Meerut Umang,ROTARACT CLUB,University,Ruma Mondal,3100,6,2,India,2,21.86,6,No,Yes,,,Zone 6
,RTY IND BU,215206,"SDM Degree College, Honnavar",ROTARACT CLUB,University,Ruma Mondal,3170,7,2,India,2,21.86,7,No,Yes,,,Zone 7
,RTY IND BU,215308,ABES Sapphire,ROTARACT CLUB,University,Ruma Mondal,3012,4,2,India,2,21.86,4,No,Yes,,,Zone 4
,RTY IND BU,89706,Sadabai Raisoli Women's College,ROTARACT CLUB,University,Ruma Mondal,3030,6,2,India,2,21.86,8,No,Yes,,,Zone 8
,RTY IND BU,8825641,Madras Knights,ROTARACT CLUB,Community,Ruma Mondal,3234,5,13,India,2,21.78,5,Yes,Yes,,,Zone 5
,RTY IND BU,8824235,Govt Polytechnic Raichur,ROTARACT CLUB,University,Ruma Mondal,3160,7,1,India,4,21.23,7,No,Yes,,,Zone 7
,RTY IND BU,8824259,"Medicos RPGMC Tanda, Kangra",ROTARACT CLUB,University,Ruma Mondal,3070,4,1,India,4,21.23,4,No,Yes,,,Zone 4
,RTY IND BU,8824675,Noble Medical Academy,ROTARACT CLUB,University,Ruma Mondal,3231,5,1,India,4,21.23,5,No,Yes,,,Zone 5
,RTY IND BU,8824204,Little Flower College,ROTARACT CLUB,University,Ruma Mondal,3206,5,1,India,4,21.23,5,No,Yes,,,Zone 5
,RTY IND BU,8824205,Vimala College,ROTARACT CLUB,University,Ruma Mondal,3206,5,1,India,4,21.23,5,No,Yes,,,Zone 5
,RTY IND BU,8824590,B.P.J College of Arts & Science,ROTARACT CLUB,University,Ruma Mondal,2981,5,1,India,4,21.23,5,No,Yes,,,Zone 5
,RTY IND BU,8824826,SNES IMSAR,ROTARACT CLUB,University,Ruma Mondal,3204,5,1,India,4,21.23,7,No,Yes,,,Zone 7
,RTY IND BU,8824767,Government Thiruvannamalai Medical College,ROTARACT CLUB,University,Ruma Mondal,3231,5,1,India,4,21.23,5,No,Yes,,,Zone 5
,RTY IND BU,8824582,Sri Raghavendra School of Nursing,ROTARACT CLUB,University,Ruma Mondal,2981,5,1,India,4,21.23,5,No,Yes,,,Zone 5
,RTY IND BU,8824630,Walchand College,ROTARACT CLUB,University,Ruma Mondal,3132,7,1,India,4,21.23,8,No,Yes,,,Zone 8
,RTY IND BU,8824484,Agragami Degree College,ROTARACT CLUB,University,Ruma Mondal,3192,7,1,India,4,21.23,7,No,Yes,,,Zone 7
,RTY IND BU,8824471,Sri Venkateshwaraa Medical College Hospital & Research Centre,ROTARACT CLUB,University,Ruma Mondal,2981,5,1,India,4,21.23,5,No,Yes,,,Zone 5
,RTY IND BU,8825000,National Institute of Technology Puducherry,ROTARACT CLUB,University,Ruma Mondal,2981,5,1,India,4,21.23,5,No,Yes,,,Zone 5
,RTY IND BU,8824325,Vallabhian,ROTARACT CLUB,University,Ruma Mondal,3070,4,1,India,4,21.23,4,No,Yes,,,Zone 4
,RTY IND BU,8824383,Nethra College of Optometry,ROTARACT CLUB,University,Ruma Mondal,3231,5,1,India,4,21.23,5,No,Yes,,,Zone 5
,RTY IND BU,8824247,Amrutha Ayurveda Medical Colege C.T.A.,ROTARACT CLUB,University,Ruma Mondal,3160,7,1,India,4,21.23,7,No,Yes,,,Zone 7
,RTY IND BU,8824619,Pallavan Pharmacy College,ROTARACT CLUB,University,Ruma Mondal,3231,5,1,India,4,21.23,5,No,Yes,,,Zone 5
,RTY IND BU,8824633,Bharat College Dharwad,ROTARACT CLUB,University,Ruma Mondal,3170,7,1,India,4,21.23,7,No,Yes,,,Zone 7
,RTY IND BU,8823204,"Chhatrapati Shivaji College, Omerga (Girls) Jijau",ROTARACT CLUB,University,Ruma Mondal,3132,7,1,India,4,21.23,8,No,Yes,,,Zone 8
,RTY IND BU,8823721,Sri Venkateshwara College of Engineering & Technology,ROTARACT CLUB,University,Ruma Mondal,2981,5,1,India,4,21.23,5,No,Yes,,,Zone 5
,RTY IND BU,8823356,GIC,ROTARACT CLUB,University,Ruma Mondal,3170,7,1,India,4,21.23,7,No,Yes,,,Zone 7
,RTY IND BU,8823823,"Bon Secours Arts & Science College For Women, Mannargudi",ROTARACT CLUB,University,Ruma Mondal,2981,5,1,India,4,21.23,5,No,Yes,,,Zone 5
,RTY IND BU,217724,"SJMVS BBA COLLEGE FOR WOMEN, HUBLI",ROTARACT CLUB,University,Ruma Mondal,3170,7,1,India,4,21.23,7,No,Yes,,,Zone 7
,RTY IND BU,217733,Pragathi Dr. B.B. Hedge First Grade College Kundapura,ROTARACT CLUB,University,Ruma Mondal,3182,7,1,India,4,21.23,7,No,Yes,,,Zone 7
,RTY IND BU,217823,"Shri Santram PU College, Athani",ROTARACT CLUB,University,Ruma Mondal,3170,7,1,India,4,21.23,7,No,Yes,,,Zone 7
,RTY IND BU,217466,STET Women's College,ROTARACT CLUB,University,Ruma Mondal,2981,5,1,India,4,21.23,5,No,Yes,,,Zone 5
,RTY IND BU,217553,Sun College of Education,ROTARACT CLUB,University,Ruma Mondal,3212,5,1,India,4,21.23,5,No,Yes,,,Zone 5
,RTY IND BU,217170,Navanandi,ROTARACT CLUB,University,Ruma Mondal,3160,7,1,India,4,21.23,7,No,Yes,,,Zone 7
,RTY IND BU,217488,"JNNCE, Shimoga",ROTARACT CLUB,University,Ruma Mondal,3182,7,1,India,4,21.23,7,No,Yes,,,Zone 7
,RTY IND BU,217307,Thanjavur AVASC,ROTARACT CLUB,University,Ruma Mondal,2981,5,1,India,4,21.23,5,No,Yes,,,Zone 5
,RTY IND BU,217174,G I T (Gandhinagar Institute of Technology),ROTARACT CLUB,University,Ruma Mondal,3055,4,1,India,4,21.23,4,No,Yes,,,Zone 4
,RTY IND BU,216906,St. John's College of Arts and Science,ROTARACT CLUB,University,Ruma Mondal,3212,5,1,India,4,21.23,5,No,Yes,,,Zone 5
,RTY IND BU,215995,B.T.C.G. Govt. First Grade College Yadoor,ROTARACT CLUB,University,Ruma Mondal,3181,7,1,India,4,21.23,7,No,Yes,,,Zone 7
,RTY IND BU,217552,St. Jerome's College,ROTARACT CLUB,University,Ruma Mondal,3212,5,1,India,4,21.23,5,No,Yes,,,Zone 5
,RTY IND BU,217565,Ahalia ASM,ROTARACT CLUB,University,Ruma Mondal,3206,5,1,India,4,21.23,5,No,Yes,,,Zone 5
,RTY IND BU,217623,PRPOLY,ROTARACT CLUB,University,Ruma Mondal,2981,5,1,India,4,21.23,5,No,Yes,,,Zone 5
,RTY IND BU,216475,Rourkela Municipal College,ROTARACT CLUB,University,Ruma Mondal,3261,6,1,India,4,21.23,6,No,Yes,,,Zone 6
,RTY IND BU,217487,Milagres College Kallianpur,ROTARACT CLUB,University,Ruma Mondal,3182,7,1,India,4,21.23,7,No,Yes,,,Zone 7
,RTY IND BU,217285,Sri Vidya Arts and Science College,ROTARACT CLUB,University,Ruma Mondal,3212,5,1,India,4,21.23,5,No,Yes,,,Zone 5
,RTY IND BU,216379,Navyug College,ROTARACT CLUB,University,Ruma Mondal,3261,6,1,India,4,21.23,6,No,Yes,,,Zone 6
,RTY IND BU,217320,Rojavanam Paramedical College,ROTARACT CLUB,University,Ruma Mondal,3212,5,1,India,4,21.23,5,No,Yes,,,Zone 5
,RTY IND BU,216846,Voorhees College,ROTARACT CLUB,University,Ruma Mondal,3231,5,1,India,4,21.23,5,No,Yes,,,Zone 5
,RTY IND BU,216270,G.S. College,ROTARACT CLUB,University,Ruma Mondal,3261,6,1,India,4,21.23,6,No,Yes,,,Zone 6
,RTY IND BU,217306,SJCET Thanjavur,ROTARACT CLUB,University,Ruma Mondal,2981,5,1,India,4,21.23,5,No,Yes,,,Zone 5
,RTY IND BU,213577,"Vins College of Engineering For Women, Kanyakumari",ROTARACT CLUB,University,Ruma Mondal,3212,5,1,India,4,21.23,5,No,Yes,,,Zone 5
,RTY IND BU,214165,Shanmuga Arts & Science College,ROTARACT CLUB,University,Ruma Mondal,3231,5,1,India,4,21.23,5,No,Yes,,,Zone 5
,RTY IND BU,213850,Srikrishna College of Engineering,ROTARACT CLUB,University,Ruma Mondal,3231,5,1,India,4,21.23,5,No,Yes,,,Zone 5
,RTY IND BU,215555,Govt. First Grade College Siddakatte,ROTARACT CLUB,University,Ruma Mondal,3181,7,1,India,4,21.23,7,No,Yes,,,Zone 7
,RTY IND BU,215549,Ram Eesh Institute,ROTARACT CLUB,University,Ruma Mondal,3012,4,1,India,4,21.23,4,No,Yes,,,Zone 4
,RTY IND BU,213115,Annamalai Nursing College,ROTARACT CLUB,University,Ruma Mondal,3212,5,1,India,4,21.23,5,No,Yes,,,Zone 5
,RTY IND BU,8824659,Thamirabharani Engineering College Tirunelveli,ROTARACT CLUB,University,Ruma Mondal,3212,5,1,India,4,21.23,5,No,Yes,,,Zone 5
,RTY IND BU,8824847,Aarupadai Veedu Medical College & Hospital,ROTARACT CLUB,University,Ruma Mondal,2981,5,1,India,4,21.23,5,No,Yes,,,Zone 5
,RTY IND BU,8825005,Meenakshi Ammal Arts and Science College Uthiramerur,ROTARACT CLUB,University,Ruma Mondal,3231,5,1,India,4,21.23,5,No,Yes,,,Zone 5
,RTY IND BU,8824934,RPD College,ROTARACT CLUB,University,Ruma Mondal,3170,7,1,India,4,21.23,7,No,Yes,,,Zone 7
,RTY IND BU,8824653,Kurinjipadi,ROTARACT CLUB,University,Ruma Mondal,2981,5,1,India,4,21.23,5,No,Yes,,,Zone 5
,RTY IND BU,8824468,Marutu Pandiyar College,ROTARACT CLUB,University,Ruma Mondal,2981,5,1,India,4,21.23,5,No,Yes,,,Zone 5
,RTY IND BU,8824238,M.M. Degree College Raichur,ROTARACT CLUB,University,Ruma Mondal,3160,7,1,India,4,21.23,7,No,Yes,,,Zone 7
,RTY IND BU,8824860,Hrushikesh Ray Degree Mahavidyalaya Rourkela,ROTARACT CLUB,University,Ruma Mondal,3261,6,1,India,4,21.23,6,No,Yes,,,Zone 6
,RTY IND BU,8825010,M R K Arts and Science College,ROTARACT CLUB,University,Ruma Mondal,2981,5,1,India,4,21.23,5,No,Yes,,,Zone 5
,RTY IND BU,8824524,Shantiniketan,ROTARACT CLUB,University,Ruma Mondal,3170,7,1,India,4,21.23,7,No,Yes,,,Zone 7
,RTY IND BU,8824780,Indirani College Of Nursing,ROTARACT CLUB,University,Ruma Mondal,2981,5,1,India,4,21.23,5,No,Yes,,,Zone 5
,RTY IND BU,8824951,Nirmala Arts & Science College,ROTARACT CLUB,University,Ruma Mondal,3206,5,1,India,4,21.23,5,No,Yes,,,Zone 5
,RTY IND BU,8824881,JSS College of Speech & Hearing Dharwad,ROTARACT CLUB,University,Ruma Mondal,3170,7,1,India,4,21.23,7,No,Yes,,,Zone 7
,RTY IND BU,8824874,Bon Secours-Literati,ROTARACT CLUB,University,Ruma Mondal,2981,5,1,India,4,21.23,5,No,Yes,,,Zone 5
,RTY IND BU,8824787,Prime College of Architecture and Planning,ROTARACT CLUB,University,Ruma Mondal,2981,5,1,India,4,21.23,5,No,Yes,,,Zone 5
,RTY IND BU,8824648,Bharath College of Science & Management,ROTARACT CLUB,University,Ruma Mondal,2981,5,1,India,4,21.23,5,No,Yes,,,Zone 5
,RTY IND BU,8824231,Women's M. M. Degree College Raichur,ROTARACT CLUB,University,Ruma Mondal,3160,7,1,India,4,21.23,7,No,Yes,,,Zone 7
,RTY IND BU,8824290,"Sri Virat Degree College, Yapaladinni",ROTARACT CLUB,University,Ruma Mondal,3160,7,1,India,4,21.23,7,No,Yes,,,Zone 7
,RTY IND BU,8825011,Vadalur Poosalikuppam,ROTARACT CLUB,University,Ruma Mondal,2981,5,1,India,4,21.23,5,No,Yes,,,Zone 5
,RTY IND BU,8824152,AIMETC,ROTARACT CLUB,University,Ruma Mondal,3070,4,1,India,4,21.23,4,No,Yes,,,Zone 4
,RTY IND BU,8823995,Dharamshala Central,ROTARACT CLUB,University,Ruma Mondal,3070,4,1,India,4,21.23,4,No,Yes,,,Zone 4
,RTY IND BU,8824026,Bombay Teachers Training College,ROTARACT CLUB,University,Ruma Mondal,3141,4,1,India,4,21.23,8,No,Yes,,,Zone 8
,RTY IND BU,8824042,St Pauls College,ROTARACT CLUB,University,Ruma Mondal,3192,7,1,India,4,21.23,7,No,Yes,,,Zone 7
,RTY IND BU,8824150,Loyola College Trivandrum,ROTARACT CLUB,University,Ruma Mondal,3211,5,1,India,4,21.23,7,No,Yes,,,Zone 7
,RTY IND BU,8823459,"Sundareshwari Institutions, Srivilliputtur",ROTARACT CLUB,University,Ruma Mondal,3212,5,1,India,4,21.23,5,No,Yes,,,Zone 5
,RTY IND BU,8824011,Rishihood University,ROTARACT CLUB,University,Ruma Mondal,3012,4,1,India,4,21.23,4,No,Yes,,,Zone 4
,RTY IND BU,8823621,ODM Business School (OBS),ROTARACT CLUB,University,Ruma Mondal,3262,6,1,India,4,21.23,6,No,Yes,,,Zone 6
,RTY IND BU,8823357,IEMS,ROTARACT CLUB,University,Ruma Mondal,3170,7,1,India,4,21.23,7,No,Yes,,,Zone 7
,RTY IND BU,8823415,Rajive Gandhi Institute of Speech & Hearing,ROTARACT CLUB,University,Ruma Mondal,3204,5,1,India,4,21.23,7,No,Yes,,,Zone 7
,RTY IND BU,8823443,MLSM College Sunder Nagar,ROTARACT CLUB,University,Ruma Mondal,3070,4,1,India,4,21.23,4,No,Yes,,,Zone 4
,RTY IND BU,8823951,TIST,ROTARACT CLUB,University,Ruma Mondal,3206,5,1,India,4,21.23,5,No,Yes,,,Zone 5
,RTY IND BU,218035,CSM College of Arts & Science,ROTARACT CLUB,University,Ruma Mondal,2981,5,1,India,4,21.23,5,No,Yes,,,Zone 5
,RTY IND BU,217635,Akshaya Institute of Management Studies,ROTARACT CLUB,University,Ruma Mondal,3203,5,1,India,4,21.23,5,No,Yes,,,Zone 5
,RTY IND BU,217629,PRIST,ROTARACT CLUB,University,Ruma Mondal,2981,5,1,India,4,21.23,5,No,Yes,,,Zone 5
,RTY IND BU,217802,GLS Institute of Design,ROTARACT CLUB,University,Ruma Mondal,3055,4,1,India,4,21.23,4,No,Yes,,,Zone 4
,RTY IND BU,217636,Best Paramedical College,ROTARACT CLUB,University,Ruma Mondal,3231,5,1,India,4,21.23,5,No,Yes,,,Zone 5
,RTY IND BU,218176,Cogent College,ROTARACT CLUB,University,Ruma Mondal,3261,6,1,India,4,21.23,6,No,Yes,,,Zone 6
,RTY IND BU,217893,A. R. Patil Kanya College Ichalkaranji,ROTARACT CLUB,University,Ruma Mondal,3170,7,1,India,4,21.23,7,No,Yes,,,Zone 7
,RTY IND BU,217698,PERUNTHALAIVAR KAMARAJAR COLLEGE OF EDUCATION,ROTARACT CLUB,University,Ruma Mondal,2981,5,1,India,4,21.23,5,No,Yes,,,Zone 5
,RTY IND BU,217813,Kamala Nehru Shimoga,ROTARACT CLUB,University,Ruma Mondal,3182,7,1,India,4,21.23,7,No,Yes,,,Zone 7
,RTY IND BU,217738,Mohamed Sathak Hamid College Of Arts And Science For Women,ROTARACT CLUB,University,Ruma Mondal,3212,5,1,India,4,21.23,5,No,Yes,,,Zone 5
,RTY IND BU,217740,Vishwakasena Angels,ROTARACT CLUB,University,Ruma Mondal,3231,5,1,India,4,21.23,5,No,Yes,,,Zone 5
,RTY IND BU,217897,Annasaheb Dange College Hatkanangale,ROTARACT CLUB,University,Ruma Mondal,3170,7,1,India,4,21.23,7,No,Yes,,,Zone 7
,RTY IND BU,218020,Vidya P Hanchinmani PU Science College,ROTARACT CLUB,University,Ruma Mondal,3170,7,1,India,4,21.23,7,No,Yes,,,Zone 7
,RTY IND BU,217872,"Dr. Kalam Polytechnic College, Avanam",ROTARACT CLUB,University,Ruma Mondal,2981,5,1,India,4,21.23,5,No,Yes,,,Zone 5
,RTY IND BU,218142,Vedic Degree College,ROTARACT CLUB,University,Ruma Mondal,3261,6,1,India,4,21.23,6,No,Yes,,,Zone 6
,RTY IND BU,217545,"Meenalben Mehta College, Panchgani",ROTARACT CLUB,University,Ruma Mondal,3132,7,1,India,4,21.23,8,No,Yes,,,Zone 8
,RTY IND BU,217584,Bishop Agniswamy College of Education,ROTARACT CLUB,University,Ruma Mondal,3212,5,1,India,4,21.23,5,No,Yes,,,Zone 5
,RTY IND BU,217329,Government 1st Grade Degree College Vamadapadavu,ROTARACT CLUB,University,Ruma Mondal,3181,7,1,India,4,21.23,7,No,Yes,,,Zone 7
,RTY IND BU,217546,Amrita College of Engineering and Technology,ROTARACT CLUB,University,Ruma Mondal,3212,5,1,India,4,21.23,5,No,Yes,,,Zone 5
,RTY IND BU,217387,SNM Polytechnic,ROTARACT CLUB,University,Ruma Mondal,3181,7,1,India,4,21.23,7,No,Yes,,,Zone 7
,RTY IND BU,217173,Avvaiyar Govt. College for Women,ROTARACT CLUB,University,Ruma Mondal,2981,5,1,India,4,21.23,5,No,Yes,,,Zone 5
,RTY IND BU,217442,Salandi Nursing School,ROTARACT CLUB,University,Ruma Mondal,3262,6,1,India,4,21.23,6,No,Yes,,,Zone 6
,RTY IND BU,216799,Govt. Engineering College,ROTARACT CLUB,University,Ruma Mondal,3182,7,1,India,4,21.23,7,No,Yes,,,Zone 7
,RTY IND BU,217366,Shreeya College of Nursing,ROTARACT CLUB,University,Ruma Mondal,3170,7,1,India,4,21.23,7,No,Yes,,,Zone 7
,RTY IND BU,216810,Govt. Science College,ROTARACT CLUB,University,Ruma Mondal,3182,7,1,India,4,21.23,7,No,Yes,,,Zone 7
,RTY IND BU,217599,Govt First Grade College Punjalakatte,ROTARACT CLUB,University,Ruma Mondal,3181,7,1,India,4,21.23,7,No,Yes,,,Zone 7
,RTY IND BU,217328,Sri Ayyappa Polytechnic,ROTARACT CLUB,University,Ruma Mondal,2982,5,1,India,4,21.23,5,No,Yes,,,Zone 5
,RTY IND BU,217505,Engineering and Technology Annamalai Nagar,ROTARACT CLUB,University,Ruma Mondal,2981,5,1,India,4,21.23,5,No,Yes,,,Zone 5
,RTY IND BU,212891,PSN Polytechnic College,ROTARACT CLUB,University,Ruma Mondal,3212,5,1,India,4,21.23,5,No,Yes,,,Zone 5
,RTY IND BU,8823750,MMK College,ROTARACT CLUB,University,Ruma Mondal,3141,4,3,India,1,19.59,8,No,Yes,,,Zone 8
,RTY IND BU,8826551,Bhubaneswar Smart City,ROTARACT CLUB,Community,Ruma Mondal,3262,6,2,India,1,17.89,6,No,Yes,,,Zone 6
,RTY IND BU,8824122,SOBO,ROTARACT CLUB,Community,Ruma Mondal,3141,4,2,India,1,17.89,8,No,Yes,,,Zone 8
,RTY IND BU,218423,Bundi Veer Kumbha,ROTARACT CLUB,Community,Ruma Mondal,3056,4,2,India,1,17.89,4,No,Yes,,,Zone 4
,RTY IND BU,91519,Bangalore South Parade,ROTARACT CLUB,Community,Ruma Mondal,3191,7,2,India,1,17.89,7,Yes,Yes,,,Zone 7
,RTY IND BU,8824250,Bhubaneswar Utkal Ollywood,ROTARACT CLUB,Community,Ruma Mondal,3262,6,1,India,2,17.49,6,No,Yes,,,Zone 6
,RTY IND BU,8823403,Shamli,ROTARACT CLUB,Community,Ruma Mondal,3100,6,1,India,2,17.49,6,No,Yes,,,Zone 6
,RTY IND BU,8823276,Cuttack Mahanagar,ROTARACT CLUB,Community,Ruma Mondal,3262,6,1,India,2,17.49,6,No,Yes,,,Zone 6
,RTY IND BU,8824038,Bhubaneswar Utkal Sakha,ROTARACT CLUB,Community,Ruma Mondal,3262,6,1,India,2,17.49,6,No,Yes,,,Zone 6
,RTY IND BU,218307,Goverment Polytechnic Ahmednagar,ROTARACT CLUB,Community,Ruma Mondal,3132,7,1,India,2,17.49,8,No,Yes,,,Zone 8
,RTY IND BU,218683,Aikyam Bhubaneswar,ROTARACT CLUB,Community,Ruma Mondal,3262,6,1,India,2,17.49,6,No,Yes,,,Zone 6
,RTY IND BU,218716,Dakkhancha Raja Jotiba (Wadiratnagiri),ROTARACT CLUB,Community,Ruma Mondal,3170,7,1,India,2,17.49,7,No,Yes,,,Zone 7
,RTY IND BU,215778,Indore Dynamic,ROTARACT CLUB,Community,Ruma Mondal,3040,4,1,India,2,17.49,8,No,Yes,,,Zone 8
,RTY IND BU,74890,Ahmedabad Zankar,ROTARACT CLUB,Community,Ruma Mondal,3055,4,1,India,2,17.49,4,No,Yes,,,Zone 4
,RTY IND BU,42852,Pumas,ROTARACT CLUB,Community,Ruma Mondal,3262,6,1,India,2,17.49,6,No,Yes,,,Zone 6
,RTY IND BU,8826961,AMC Engineering College,ROTARACT CLUB,University,Ruma Mondal,3191,7,3,India,1,16.77,7,No,Yes,,,Zone 7
,RTY IND BU,8824403,Pt. Mohan Lal S.D. College,ROTARACT CLUB,University,Ruma Mondal,3070,4,3,India,1,16.77,4,No,Yes,,,Zone 4
,RTY IND BU,216294,Kingston Engineering College,ROTARACT CLUB,University,Ruma Mondal,3231,5,3,India,1,16.77,5,No,Yes,,,Zone 5
,RTY IND BU,215928,Mannar Thirumalai Naicker College,ROTARACT CLUB,University,Ruma Mondal,3000,5,3,India,1,16.77,5,No,Yes,,,Zone 5
,RTY IND BU,217533,SNDT College,ROTARACT CLUB,University,Ruma Mondal,3141,4,3,India,1,16.77,8,No,Yes,,,Zone 8
,RTY IND BU,215737,Addon Institute of Medical Mission & Research Centre,ROTARACT CLUB,University,Ruma Mondal,3231,5,3,India,1,16.77,5,No,Yes,,,Zone 5
,RTY IND BU,91277,Mahalakshmi Engineering College,ROTARACT CLUB,University,Ruma Mondal,3000,5,3,India,1,16.77,5,No,Yes,,,Zone 5
,RTY IND BU,8825039,Gangolli,ROTARACT CLUB,University,Ruma Mondal,3182,7,1,India,3,16.08,7,No,Yes,,,Zone 7
,RTY IND BU,8824439,Moderator Gnanadason Polytechnic College,ROTARACT CLUB,University,Ruma Mondal,3212,5,1,India,3,16.08,5,No,Yes,,,Zone 5
,RTY IND BU,8823433,Jain College,ROTARACT CLUB,University,Ruma Mondal,3100,6,1,India,3,16.08,6,No,Yes,,,Zone 6
,RTY IND BU,8823647,CPS Mohuda,ROTARACT CLUB,University,Ruma Mondal,3262,6,1,India,3,16.08,6,No,Yes,,,Zone 6
,RTY IND BU,217736,Govt. Polytechnic Karkala,ROTARACT CLUB,University,Ruma Mondal,3182,7,1,India,3,16.08,7,No,Yes,,,Zone 7
,RTY IND BU,218036,"NSS Unit Women's Polytechnic College, Muthathi, Payyanur",ROTARACT CLUB,University,Ruma Mondal,3204,5,1,India,3,16.08,7,No,Yes,,,Zone 7
,RTY IND BU,217689,Kanpur West,ROTARACT CLUB,University,Ruma Mondal,3110,6,1,India,3,16.08,6,No,Yes,,,Zone 6
,RTY IND BU,216348,Forestry College Ponnampet,ROTARACT CLUB,University,Ruma Mondal,3181,7,1,India,3,16.08,7,No,Yes,,,Zone 7
,RTY IND BU,216747,Gurudev College,ROTARACT CLUB,University,Ruma Mondal,3204,5,1,India,3,16.08,7,No,Yes,,,Zone 7
,RTY IND BU,212291,TGPCA,ROTARACT CLUB,University,Ruma Mondal,3030,6,1,India,3,16.08,8,No,Yes,,,Zone 8
,RTY IND BU,8826359,KR Pandav Mahavidyalaya,ROTARACT CLUB,University,Ruma Mondal,3030,6,14,India,1,15.09,8,No,Yes,,,Zone 8
,RTY IND BU,214267,DRISHTI' Bhagwan Parshuram Institute of Technology,ROTARACT CLUB,University,Ruma Mondal,3012,4,4,India,2,14.94,4,Yes,Yes,,,Zone 4
,RTY IND BU,216761,Voorhees College Women,ROTARACT CLUB,University,Ruma Mondal,3231,5,3,India,1,14.61,5,No,Yes,,,Zone 5
,RTY IND BU,91529,Dombivli Sun City,ROTARACT CLUB,Community,Ruma Mondal,3142,4,22,India,1,13.44,8,Yes,Yes,,,Zone 8
,RTY IND BU,8824388,Nirmala College for Women,ROTARACT CLUB,University,Ruma Mondal,3206,5,2,India,1,13.06,5,No,Yes,,,Zone 5
,RTY IND BU,8824237,JNTUA CE Ananthapuramu,ROTARACT CLUB,University,Ruma Mondal,3160,7,2,India,1,11.18,7,No,Yes,,,Zone 7
,RTY IND BU,217824,"Yenopaya Institute of Arts, Science, Commerce & Management",ROTARACT CLUB,University,Ruma Mondal,3181,7,2,India,1,11.18,7,No,Yes,,,Zone 7
,RTY IND BU,217737,Sri Bhuvanedra College Karkala,ROTARACT CLUB,University,Ruma Mondal,3182,7,2,India,1,11.18,7,No,Yes,,,Zone 7
,RTY IND BU,217601,ITI Pragathi Nagara,ROTARACT CLUB,University,Ruma Mondal,3182,7,2,India,1,11.18,7,No,Yes,,,Zone 7
,RTY IND BU,217501,A S S I T I Billady,ROTARACT CLUB,University,Ruma Mondal,3182,7,2,India,1,11.18,7,No,Yes,,,Zone 7
,RTY IND BU,214342,MPMG College,ROTARACT CLUB,University,Ruma Mondal,3182,7,2,India,1,11.18,7,No,Yes,,,Zone 7
,RTY IND BU,215692,IIT Jodhpur,ROTARACT CLUB,University,Ruma Mondal,3053,4,2,India,1,11.18,4,No,Yes,,,Zone 4
,RTY IND BU,8824239,Nellore Sarvodaya,ROTARACT CLUB,University,Ruma Mondal,3160,7,1,India,2,10.93,7,No,Yes,,,Zone 7
,RTY IND BU,8823829,VGFGC,ROTARACT CLUB,University,Ruma Mondal,3160,7,1,India,2,10.93,7,No,Yes,,,Zone 7
,RTY IND BU,8823758,Bidar Legacy,ROTARACT CLUB,University,Ruma Mondal,3160,7,1,India,2,10.93,7,No,Yes,,,Zone 7
,RTY IND BU,8823757,Bidar Heritage,ROTARACT CLUB,University,Ruma Mondal,3160,7,1,India,2,10.93,7,No,Yes,,,Zone 7
,RTY IND BU,8823811,Idhaya College of Arts & Science for Women,ROTARACT CLUB,University,Ruma Mondal,2981,5,1,India,2,10.93,5,No,Yes,,,Zone 5
,RTY IND BU,8824167,Konagarnadu Sakthi,ROTARACT CLUB,University,Ruma Mondal,2981,5,1,India,2,10.93,5,No,Yes,,,Zone 5
,RTY IND BU,8823828,Vani Sakkare,ROTARACT CLUB,University,Ruma Mondal,3160,7,1,India,2,10.93,7,No,Yes,,,Zone 7
,RTY IND BU,217632,"Keonjhar School of Engineering, Keonjhar",ROTARACT CLUB,University,Ruma Mondal,3262,6,1,India,2,10.93,6,No,Yes,,,Zone 6
,RTY IND BU,217486,Government Junior College-Kemmannu,ROTARACT CLUB,University,Ruma Mondal,3182,7,1,India,2,10.93,7,No,Yes,,,Zone 7
,RTY IND BU,217117,Shri Lemdeo Patil Mahvidhyalaya,ROTARACT CLUB,University,Ruma Mondal,3030,6,1,India,2,10.93,8,No,Yes,,,Zone 8
,RTY IND BU,217176,Salvation Army Catherene Booth College of Nursing,ROTARACT CLUB,University,Ruma Mondal,3212,5,1,India,2,10.93,5,No,Yes,,,Zone 5
,RTY IND BU,217177,Arunachala College of Engineering for Women,ROTARACT CLUB,University,Ruma Mondal,3212,5,1,India,2,10.93,5,No,Yes,,,Zone 5
,RTY IND BU,217297,"Rajkumar Kewalramani Kanya, Mahavidyalaya",ROTARACT CLUB,University,Ruma Mondal,3030,6,1,India,2,10.93,8,No,Yes,,,Zone 8
,RTY IND BU,8825729,Shimoga North Elite,ROTARACT CLUB,Community,Ruma Mondal,3182,7,16,India,1,10.44,7,Yes,Yes,,,Zone 7
,RTY IND BU,5141,New Delhi,ROTARACT CLUB,Community,Ruma Mondal,3011,4,56,India,1,10.44,4,Yes,Yes,,,Zone 4
,RTY IND BU,218579,Ahan,ROTARACT CLUB,Community,Ruma Mondal,3056,4,1,India,1,8.94,4,No,Yes,,,Zone 4
,RTY IND BU,218403,Bhubaneswar Neeladri,ROTARACT CLUB,Community,Ruma Mondal,3262,6,1,India,1,8.94,6,No,Yes,,,Zone 6
,RTY FA SRI LANKA BU,216028,Ratnapura,ROTARACT CLUB,Community,Riya Singh,3220,5,46,Sri Lanka,1,8.62,5,Yes,Yes,,,Zone 5
,RTY FA SRI LANKA BU,91894,University Alumni,ROTARACT CLUB,Community,Riya Singh,3220,5,18,Sri Lanka,1,7.38,5,No,Yes,,,Zone 5
,RTY IND BU,215326,L.D.C.E.,ROTARACT CLUB,University,Ruma Mondal,3055,4,14,India,1,6.06,4,Yes,Yes,,,Zone 4
,RTY IND BU,8827058,Chrisanta at The Dale View,ROTARACT CLUB,University,Ruma Mondal,3211,5,1,India,1,5.59,7,No,Yes,,,Zone 7
,RTY IND BU,8824246,Amrutha Ayurveda Medical College & Hospital CTA.,ROTARACT CLUB,University,Ruma Mondal,3160,7,1,India,1,5.59,7,No,Yes,,,Zone 7
,RTY IND BU,8824549,Sanjeevini Pharmacy College,ROTARACT CLUB,University,Ruma Mondal,3170,7,1,India,1,5.59,7,No,Yes,,,Zone 7
,RTY IND BU,8824713,Annammal College and School of Nursing,ROTARACT CLUB,University,Ruma Mondal,3212,5,1,India,1,5.59,5,No,Yes,,,Zone 5
,RTY IND BU,8824456,Aditya Degree College,ROTARACT CLUB,University,Ruma Mondal,3020,7,1,India,1,5.59,7,No,Yes,,,Zone 7
,RTY IND BU,8824460,Sanjeev Institute of Planning and Management,ROTARACT CLUB,University,Ruma Mondal,3020,7,1,India,1,5.59,7,No,Yes,,,Zone 7
,RTY IND BU,8824729,AAA College of Engineering & Technology,ROTARACT CLUB,University,Ruma Mondal,3212,5,1,India,1,5.59,5,No,Yes,,,Zone 5
,RTY IND BU,8825038,Dhamapuram Adhinam Arts College,ROTARACT CLUB,University,Ruma Mondal,2981,5,1,India,1,5.59,5,No,Yes,,,Zone 5
,RTY IND BU,8824108,Mother Teresa Nursing College,ROTARACT CLUB,University,Ruma Mondal,2981,5,1,India,1,5.59,5,No,Yes,,,Zone 5
,RTY IND BU,8823990,Pondicherry River,ROTARACT CLUB,University,Ruma Mondal,2981,5,1,India,1,5.59,5,No,Yes,,,Zone 5
,RTY IND BU,8824022,Arvindar Arts and Science College,ROTARACT CLUB,University,Ruma Mondal,2981,5,1,India,1,5.59,5,No,Yes,,,Zone 5
,RTY IND BU,8824119,Pondicherry Engineering College,ROTARACT CLUB,University,Ruma Mondal,2981,5,1,India,1,5.59,5,No,Yes,,,Zone 5
,RTY IND BU,8824121,Saradha Gangadharan College,ROTARACT CLUB,University,Ruma Mondal,2981,5,1,India,1,5.59,5,No,Yes,,,Zone 5
,RTY IND BU,8823534,"Bharathidasan Government College for Women, Puducherry",ROTARACT CLUB,University,Ruma Mondal,2981,5,1,India,1,5.59,5,No,Yes,,,Zone 5
,RTY IND BU,8823862,M. R. College,ROTARACT CLUB,University,Ruma Mondal,3020,7,1,India,1,5.59,7,No,Yes,,,Zone 7
,RTY IND BU,8824019,Vyas Dental College and Hospital,ROTARACT CLUB,University,Ruma Mondal,3053,4,1,India,1,5.59,4,No,Yes,,,Zone 4
,RTY IND BU,8824024,Aravali Institute of Technical Studies,ROTARACT CLUB,University,Ruma Mondal,3056,4,1,India,1,5.59,4,No,Yes,,,Zone 4
,RTY IND BU,217904,Arul Anandar College,ROTARACT CLUB,University,Ruma Mondal,3000,5,1,India,1,5.59,5,No,Yes,,,Zone 5
,RTY IND BU,216113,Worth Trust,ROTARACT CLUB,University,Ruma Mondal,3231,5,1,India,1,5.59,5,No,Yes,,,Zone 5
,RTY IND BU,216114,Thiruvalluvar University,ROTARACT CLUB,University,Ruma Mondal,3231,5,1,India,1,5.59,5,No,Yes,,,Zone 5
,RTY IND BU,214621,MSR Degree College,ROTARACT CLUB,University,Ruma Mondal,3160,7,1,India,1,5.59,7,No,Yes,,,Zone 7
,RTY IND BU,90917,Adv. Balasaheb Apte College of Law,ROTARACT CLUB,University,Ruma Mondal,3141,4,1,India,1,5.59,8,No,Yes,,,Zone 8
,RTY IND BU,90434,"College of Agricultural Engineering (CAE), Raichur",ROTARACT CLUB,University,Ruma Mondal,3160,7,1,India,1,5.59,7,No,Yes,,,Zone 7
,RTY IND BU,8826347,Sri Vani Vilas Urs Women's First Grade College,ROTARACT CLUB,University,Ruma Mondal,3181,7,21,India,1,5.22,7,No,Yes,,,Zone 7