District,Rotaract Club Name,Club ID,Club Status,Rotaract Role,Last Reported,Name,Address,Phone,Email,Online Account With My Rotary,Zone,Club Base,RI Zone,Sponsor Clubs,sponsorClubs
2981,Aarupadai Veedu Medical College & Hospital,8824847,Active,Rotaract President,2022 - 2023,Information Not Reported,Information Not Reported,Information Not Reported,Information Not Reported,N,5,University,Zone 5,Pondicherry Beach Town (Rotary),Pondicherry Beach Town (Rotary)
2981,A.D.M. College for Women,8824656,Active,Rotaract President,2021 - 2022,Information Not Reported,Information Not Reported,Information Not Reported,Information Not Reported,N,5,University,Zone 5,Nagapattinam (Rotary),Nagapattinam (Rotary)
2981,Arvindar Arts and Science College,8824022,Active,Rotaract President,2021 - 2022,Information Not Reported,Information Not Reported,Information Not Reported,Information Not Reported,N,5,University,Zone 5,Pondicherry Agaram (Rotary),Pondicherry Agaram (Rotary)
2981,A.V.C. Polytechnic College,91146,Active,Rotaract President,2019 - 2020,Information Not Reported,Information Not Reported,Information Not Reported,Information Not Reported,N,5,University,Zone 5,Mayiladuthurai Kings (Rotary),Mayiladuthurai Kings (Rotary)
2981,Avvaiyar Govt. College for Women,217173,Active,Rotaract President,2019 - 2020,Information Not Reported,Information Not Reported,Information Not Reported,Information Not Reported,N,5,University,Zone 5,Karaikal (Rotary),Karaikal (Rotary)
2981,Best Arts and Science College,8824269,Active,Rotaract President,2021 - 2022,Information Not Reported,Information Not Reported,Information Not Reported,Information Not Reported,N,5,University,Zone 5,Sirkali (Rotary),Sirkali (Rotary)
2981,Bharath College of Science & Management,8824648,Active,Rotaract President,2021 - 2022,Information Not Reported,Information Not Reported,Information Not Reported,Information Not Reported,N,5,University,Zone 5,Thanjavur Granary (Rotary),Thanjavur Granary (Rotary)
2981,"Bharathidasan Government College for Women, Puducherry",8823534,Active,Rotaract President,2020 - 2021,Information Not Reported,Information Not Reported,Information Not Reported,Information Not Reported,N,5,University,Zone 5,Pondicherry Eves (Rotary),Pondicherry Eves (Rotary)
2981,Bhuvanagiri Ragavendhra,218701,Active,Rotaract President,2020 - 2021,Information Not Reported,Information Not Reported,Information Not Reported,Information Not Reported,N,5,Community,Zone 5,None Reported,None Reported
2981,"Bon Secours Arts & Science College For Women, Mannargudi",8823823,Active,Rotaract President,2020 - 2021,Information Not Reported,Information Not Reported,Information Not Reported,Information Not Reported,N,5,University,Zone 5,Mannargudi Mid Town (Rotary),Mannargudi Mid Town (Rotary)
2981,Bon Secours-Literati,8824874,Active,Rotaract President,2022 - 2023,Information Not Reported,Information Not Reported,Information Not Reported,Information Not Reported,N,5,University,Zone 5,Thanjavur Granary (Rotary),Thanjavur Granary (Rotary)
2981,B.P.J College of Arts & Science,8824590,Active,Rotaract President,2021 - 2022,Information Not Reported,Information Not Reported,Information Not Reported,Information Not Reported,N,5,University,Zone 5,Srimushnam (Rotary),Srimushnam (Rotary)
2981,CSM College of Arts & Science,218035,Active,Rotaract President,2019 - 2020,Information Not Reported,Information Not Reported,Information Not Reported,Information Not Reported,N,5,University,Zone 5,Vridhachalam (Rotary),Vridhachalam (Rotary)
2981,Dhamapuram Adhinam Arts College,8825038,Active,Rotaract President,2022 - 2023,Information Not Reported,Information Not Reported,Information Not Reported,Information Not Reported,N,5,University,Zone 5,Mayiladuthurai (Rotary),Mayiladuthurai (Rotary)
2981,"Dr. Kalam Polytechnic College, Avanam",217872,Active,Rotaract President,2019 - 2020,Information Not Reported,Information Not Reported,Information Not Reported,Information Not Reported,N,5,University,Zone 5,Pattukkottai (Rotary),Pattukkottai (Rotary)
2981,Engineering and Technology Annamalai Nagar,217505,Active,Rotaract President,2019 - 2020,Information Not Reported,Information Not Reported,Information Not Reported,Information Not Reported,N,5,University,Zone 5,Chidambaram (Rotary),Chidambaram (Rotary)
2981,God City Kumbakonam,8826662,Active,Rotaract President,2025 - 2026,Information Not Reported,Information Not Reported,Information Not Reported,Information Not Reported,N,5,Community,Zone 5,None Reported,None Reported
2981,Idhaya College of Arts & Science for Women,8823811,Active,Rotaract President,2020 - 2021,Information Not Reported,Information Not Reported,Information Not Reported,Information Not Reported,N,5,University,Zone 5,Pondicherry Eves (Rotary),Pondicherry Eves (Rotary)
2981,Indirani College Of Nursing,8824780,Active,Rotaract President,2022 - 2023,Information Not Reported,Information Not Reported,Information Not Reported,Information Not Reported,N,5,University,Zone 5,Nagapattinam Holytown (Rotary),Nagapattinam Holytown (Rotary)
2981,Konagarnadu Sakthi,8824167,Active,Rotaract President,2021 - 2022,Information Not Reported,Information Not Reported,Information Not Reported,Information Not Reported,N,5,University,Zone 5,Kumbakonam Sakthi (Rotary),Kumbakonam Sakthi (Rotary)
2981,Kurinjipadi,8824653,Active,Rotaract President,2021 - 2022,Information Not Reported,Information Not Reported,Information Not Reported,Information Not Reported,N,5,University,Zone 5,Vadalur Central (Rotary),Vadalur Central (Rotary)
2981,Marutu Pandiyar College,8824468,Active,Rotaract President,2021 - 2022,Information Not Reported,Information Not Reported,Information Not Reported,Information Not Reported,N,5,University,Zone 5,Thanjavur Kings (Rotary),Thanjavur Kings (Rotary)
2981,Meyyathur,218694,Active,Rotaract President,2020 - 2021,Information Not Reported,Information Not Reported,Information Not Reported,Information Not Reported,N,5,Community,Zone 5,Chidambaram Central (Rotary),Chidambaram Central (Rotary)
2981,Mother Teresa Nursing College,8824108,Active,Rotaract President,2021 - 2022,Information Not Reported,Information Not Reported,Information Not Reported,Information Not Reported,N,5,University,Zone 5,Pondicherry Auro City (Rotary),Pondicherry Auro City (Rotary)
2981,M.R.G. Arts College Mannargudi,213168,Active,Rotaract President,2019 - 2020,Information Not Reported,Information Not Reported,Information Not Reported,Information Not Reported,N,5,University,Zone 5,Mannargudi Mid Town (Rotary),Mannargudi Mid Town (Rotary)
2981,M R K Arts and Science College,8825010,Active,Rotaract President,2022 - 2023,Information Not Reported,Information Not Reported,Information Not Reported,Information Not Reported,N,5,University,Zone 5,Katturmannarkoil Galaxy (Rotary),Katturmannarkoil Galaxy (Rotary)
2981,National Institute of Technology Puducherry,8825000,Active,Rotaract President,2022 - 2023,Information Not Reported,Information Not Reported,Information Not Reported,Information Not Reported,N,5,University,Zone 5,Karaikal (Rotary),Karaikal (Rotary)
2981,Pattukkottai,8824168,Active,Rotaract President,2021 - 2022,Information Not Reported,Information Not Reported,Information Not Reported,Information Not Reported,N,5,Community,Zone 5,Pattukkottai (Rotary),Pattukkottai (Rotary)
2981,PERUNTHALAIVAR KAMARAJAR COLLEGE OF EDUCATION,217698,Active,Rotaract President,2019 - 2020,Information Not Reported,Information Not Reported,Information Not Reported,Information Not Reported,N,5,University,Zone 5,Karaikal Centennial (Rotary),Karaikal Centennial (Rotary)
2981,Physiotherapy SBV University,8824298,Active,Rotaract President,2021 - 2022,Information Not Reported,Information Not Reported,Information Not Reported,Information Not Reported,N,5,University,Zone 5,Pondicherry Heritage (Rotary),Pondicherry Heritage (Rotary)
2981,Pondicherry Beachtown,8823979,Active,Rotaract President,2021 - 2022,Information Not Reported,Information Not Reported,Information Not Reported,Information Not Reported,N,5,Community,Zone 5,Pondicherry Beach Town (Rotary),Pondicherry Beach Town (Rotary)
2981,Pondicherry Cosmos,8824169,Active,Rotaract President,2021 - 2022,Information Not Reported,Information Not Reported,Information Not Reported,Information Not Reported,N,5,Community,Zone 5,Pondicherry-Cosmos (Rotary),Pondicherry-Cosmos (Rotary)
2981,Pondicherry Engineering College,8824119,Active,Rotaract President,2021 - 2022,Information Not Reported,Information Not Reported,Information Not Reported,Information Not Reported,N,5,University,Zone 5,Pondicherry Auro City (Rotary),Pondicherry Auro City (Rotary)
2981,Pondicherry River,8823990,Active,Rotaract President,2021 - 2022,Information Not Reported,Information Not Reported,Information Not Reported,Information Not Reported,N,5,University,Zone 5,Pondicherry (Rotary),Pondicherry (Rotary)
2981,Prime College of Architecture and Planning,8824787,Active,Rotaract President,2022 - 2023,Information Not Reported,Information Not Reported,Information Not Reported,Information Not Reported,N,5,University,Zone 5,Pondicherry Agaram (Rotary),Pondicherry Agaram (Rotary)
2981,PRIST,217629,Active,Rotaract President,2019 - 2020,Information Not Reported,Information Not Reported,Information Not Reported,Information Not Reported,N,5,University,Zone 5,Kumbakonam Midtown (Rotary),Kumbakonam Midtown (Rotary)
2981,PRPOLY,217623,Active,Rotaract President,2019 - 2020,Information Not Reported,Information Not Reported,Information Not Reported,Information Not Reported,N,5,University,Zone 5,Kumbakonam Midtown (Rotary),Kumbakonam Midtown (Rotary)
2981,"PS.PT MGR Govt Arts and Science College, Puthur",8824268,Active,Rotaract President,2021 - 2022,Information Not Reported,Information Not Reported,Information Not Reported,Information Not Reported,N,5,University,Zone 5,Sirkali (Rotary),Sirkali (Rotary)
2981,Saradha Gangadharan College,8824121,Active,Rotaract President,2021 - 2022,Information Not Reported,Information Not Reported,Information Not Reported,Information Not Reported,N,5,University,Zone 5,Pondicherry Auro City (Rotary),Pondicherry Auro City (Rotary)
2981,Sir Issac Newton College of Engineering and Technology,8824654,Active,Rotaract President,2021 - 2022,Information Not Reported,Information Not Reported,Information Not Reported,Information Not Reported,N,5,University,Zone 5,Nagapattinam (Rotary),Nagapattinam (Rotary)
2981,SJCET Thanjavur,217306,Active,Rotaract President,2019 - 2020,Information Not Reported,Information Not Reported,Information Not Reported,Information Not Reported,N,5,University,Zone 5,Thanjavur Cosmos (Rotary),Thanjavur Cosmos (Rotary)
2981,Srinivasa Subbaraya Government Polytechnic College,8824272,Active,Rotaract President,2021 - 2022,Information Not Reported,Information Not Reported,Information Not Reported,Information Not Reported,N,5,University,Zone 5,Sirkali (Rotary),Sirkali (Rotary)
2981,Sri Raghavendra School of Nursing,8824582,Active,Rotaract President,2021 - 2022,Information Not Reported,Information Not Reported,Information Not Reported,Information Not Reported,N,5,University,Zone 5,Nagapattinam Holytown (Rotary),Nagapattinam Holytown (Rotary)
2981,Sri Venkateshwaraa Medical College Hospital & Research Centre,8824471,Active,Rotaract President,2021 - 2022,Information Not Reported,Information Not Reported,Information Not Reported,Information Not Reported,N,5,University,Zone 5,Pondicherry Eves (Rotary),Pondicherry Eves (Rotary)
2981,Sri Venkateshwara College of Engineering & Technology,8823721,Active,Rotaract President,2020 - 2021,Information Not Reported,Information Not Reported,Information Not Reported,Information Not Reported,N,5,University,Zone 5,Pondicherry Beach Town (Rotary),Pondicherry Beach Town (Rotary)
2981,STET Women's College,217466,Active,Rotaract President,2019 - 2020,Information Not Reported,Information Not Reported,Information Not Reported,Information Not Reported,N,5,University,Zone 5,Mannargudi (Rotary),Mannargudi (Rotary)
2981,Thanjavur AVASC,217307,Active,Rotaract President,2019 - 2020,Information Not Reported,Information Not Reported,Information Not Reported,Information Not Reported,N,5,University,Zone 5,Thanjavur Cosmos (Rotary),Thanjavur Cosmos (Rotary)
2981,Vadalur Poosalikuppam,8825011,Active,Rotaract President,2022 - 2023,Information Not Reported,Information Not Reported,Information Not Reported,Information Not Reported,N,5,University,Zone 5,Vadalur (Rotary),Vadalur (Rotary)
2981,Vaigarai Community College,215940,Active,Rotaract President,2019 - 2020,Information Not Reported,Information Not Reported,Information Not Reported,Information Not Reported,N,5,University,Zone 5,Thiruvaiyaru (Rotary),Thiruvaiyaru (Rotary)
2981,Vasanthamurugu Polytechnic College,8824273,Active,Rotaract President,2021 - 2022,Information Not Reported,Information Not Reported,Information Not Reported,Information Not Reported,N,5,University,Zone 5,Sirkali (Rotary),Sirkali (Rotary)
2981,Venkateswara Educational Institutions,218166,Active,Rotaract President,2019 - 2020,Information Not Reported,Information Not Reported,Information Not Reported,Information Not Reported,N,5,Community,Zone 5,Kumbakonam (Rotary),Kumbakonam (Rotary)
2981,Vivekanandha Arts & Science College for Women,8824315,Active,Rotaract President,2021 - 2022,Information Not Reported,Information Not Reported,Information Not Reported,Information Not Reported,N,5,University,Zone 5,Sirkali (Rotary),Sirkali (Rotary)
2982,Dhirajlal Gandhi College of Technology,215368,Active,Rotaract President,2019 - 2020,Information Not Reported,Information Not Reported,Information Not Reported,Information Not Reported,N,5,University,Zone 5,Salem Smart City (Rotary),Salem Smart City (Rotary)
2982,Dr. Hahnemann Homeopathy Medical College & Research C.,68825,Active,Rotaract President,2022 - 2023,Information Not Reported,Information Not Reported,Information Not Reported,Information Not Reported,N,5,University,Zone 5,Rasipuram (Rotary),Rasipuram (Rotary)
2982,Government Arts and Science College Sendamangalam,8826388,Active,Rotaract President,2024 - 2025,Information Not Reported,Information Not Reported,Information Not Reported,Information Not Reported,N,5,University,Zone 5,Rasipuram (Rotary),Rasipuram (Rotary)
2982,K. S. Rangasamy College of Arts and Science,8826185,Active,Rotaract President,2025 - 2026,Information Not Reported,Information Not Reported,Information Not Reported,Information Not Reported,N,5,University,Zone 5,Tiruchengodu Hi-Tech (Rotary),Tiruchengodu Hi-Tech (Rotary)
2982,K. S. Rangasamy College of Technology,8826183,Active,Rotaract President,2024 - 2025,Information Not Reported,Information Not Reported,Information Not Reported,Information Not Reported,N,5,University,Zone 5,Tiruchengodu Hi-Tech (Rotary),Tiruchengodu Hi-Tech (Rotary)
2982,K. S. Rangasamy Institute of Technology,8826186,Active,Rotaract President,2024 - 2025,Information Not Reported,Information Not Reported,Information Not Reported,Information Not Reported,N,5,University,Zone 5,Tiruchengodu Hi-Tech (Rotary),Tiruchengodu Hi-Tech (Rotary)
2982,K. S. R. College of Arts and Science for Women,8826179,Active,Rotaract President,2025 - 2026,Information Not Reported,Information Not Reported,Information Not Reported,Information Not Reported,N,5,University,Zone 5,Komarapalayam (Rotary),Komarapalayam (Rotary)
2982,K. S. R. College of Engineering,8826184,Active,Rotaract President,2025 - 2026,Information Not Reported,Information Not Reported,Information Not Reported,Information Not Reported,N,5,University,Zone 5,Komarapalayam (Rotary),Komarapalayam (Rotary)
2982,K. S. R. College of Nursing and Allied Health Science,8826180,Active,Rotaract President,2025 - 2026,Information Not Reported,Information Not Reported,Information Not Reported,Information Not Reported,N,5,University,Zone 5,Tiruchengodu Hi-Tech (Rotary),Tiruchengodu Hi-Tech (Rotary)
2982,K. S. R. Institute for Engineering and Technology,8826204,Active,Rotaract President,2025 - 2026,Information Not Reported,Information Not Reported,Information Not Reported,Information Not Reported,N,5,University,Zone 5,Komarapalayam (Rotary),Komarapalayam (Rotary)
2982,K. S. R. Institute of Dental Science and Research,8826181,Active,Rotaract President,2025 - 2026,Information Not Reported,Information Not Reported,Information Not Reported,Information Not Reported,N,5,University,Zone 5,Tiruchengodu Hi-Tech (Rotary),Tiruchengodu Hi-Tech (Rotary)
2982,Namakkal,8826589,Active,Rotaract President,2025 - 2026,Information Not Reported,Information Not Reported,Information Not Reported,Information Not Reported,N,5,Community,Zone 5,Namakkal Evergreen City (Rotary),Namakkal Evergreen City (Rotary)
2982,Phoenix Vizhigal,8825242,Active,Rotaract President,2024 - 2025,Information Not Reported,Information Not Reported,Information Not Reported,Information Not Reported,N,5,Community,Zone 5,Salem Phoenix (Rotary),Salem Phoenix (Rotary)
2982,Salem Polytechnic College,8826649,Active,Rotaract President,2025 - 2026,Information Not Reported,Information Not Reported,Information Not Reported,Information Not Reported,N,5,University,Zone 5,Salem Mid-Town (Rotary),Salem Mid-Town (Rotary)
2982,Salem Royals,8825619,Active,Rotaract President,2025 - 2026,Information Not Reported,Information Not Reported,Information Not Reported,Information Not Reported,N,5,Community,Zone 5,Salem (Rotary),Salem (Rotary)
2982,Sri Ayyappa Polytechnic,217328,Active,Rotaract President,2019 - 2020,Information Not Reported,Information Not Reported,Information Not Reported,Information Not Reported,N,5,University,Zone 5,Ulundurpet (Rotary),Ulundurpet (Rotary)
2982,Sri Vijay Vidyalaya College of Nursing,8827241,Active,Rotaract President,2025 - 2026,Information Not Reported,Information Not Reported,Information Not Reported,Information Not Reported,N,5,University,Zone 5,Dharmapuri Elite (Rotary),Dharmapuri Elite (Rotary)
2982,Thiruvalluvar Govt. Arts College,89704,Active,Rotaract President,2022 - 2023,Information Not Reported,Information Not Reported,Information Not Reported,Information Not Reported,N,5,University,Zone 5,Rasipuram (Rotary),Rasipuram (Rotary)
2982,Vinayaka Missions College of Pharmacy,8825576,Active,Rotaract President,2024 - 2025,Information Not Reported,Information Not Reported,Information Not Reported,Information Not Reported,N,5,University,Zone 5,Salem South (Rotary),Salem South (Rotary)
3000,Agricultural Engineering College Kumulur,8826712,Active,Rotaract President,2025 - 2026,Information Not Reported,Information Not Reported,Information Not Reported,Information Not Reported,N,5,University,Zone 5,Tiruchirappalli Success (Rotary),Tiruchirappalli Success (Rotary)
3000,Agriculture College Madurai,89035,Active,Rotaract President,2022 - 2023,Information Not Reported,Information Not Reported,Information Not Reported,Information Not Reported,N,5,University,Zone 5,Madurai West (Rotary),Madurai West (Rotary)
3000,Agri-Horti Trichy,8825175,Active,Rotaract President,2025 - 2026,Information Not Reported,Information Not Reported,Information Not Reported,Information Not Reported,N,5,University,Zone 5,Tiruchirappalli Success (Rotary),Tiruchirappalli Success (Rotary)
3000,Annai Women's College,83779,Active,Rotaract President,2025 - 2026,Information Not Reported,Information Not Reported,Information Not Reported,Information Not Reported,N,5,University,Zone 5,Karur Angels (Rotary),Karur Angels (Rotary)
3000,Anna Nagar (OFT),214971,Active,Rotaract President,2023 - 2024,Information Not Reported,Information Not Reported,Information Not Reported,Information Not Reported,N,5,Community,Zone 5,Bhel City Tiruchirapalli (Rotary),Bhel City Tiruchirapalli (Rotary)
3000,Arasu College of Education for Women,212960,Active,Rotaract President,2021 - 2022,Information Not Reported,Information Not Reported,Information Not Reported,Information Not Reported,N,5,University,Zone 5,Karur Angels (Rotary),Karur Angels (Rotary)
3000,Arul Anandar College,217904,Active,Rotaract President,2019 - 2020,Information Not Reported,Information Not Reported,Information Not Reported,Information Not Reported,N,5,University,Zone 5,Madurai North West (Rotary),Madurai North West (Rotary)
3000,Arulmigu Palaniandavar Arts College for Women,8826794,Active,Rotaract President,2025 - 2026,Information Not Reported,Information Not Reported,Information Not Reported,Information Not Reported,N,5,University,Zone 5,Palani (Rotary),Palani (Rotary)
3000,Arulmigu Palaniandavar Polytechnic College,8826798,Active,Rotaract President,2025 - 2026,Information Not Reported,Information Not Reported,Information Not Reported,Information Not Reported,N,5,University,Zone 5,Palani (Rotary),Palani (Rotary)
3000,Arulmurugan College of Engineering,91800,Active,Rotaract President,2020 - 2021,Information Not Reported,Information Not Reported,Information Not Reported,Information Not Reported,N,5,University,Zone 5,Karur (Rotary),Karur (Rotary)
3000,Arulmurugan Polytechnic College,91794,Active,Rotaract President,2020 - 2021,Information Not Reported,Information Not Reported,Information Not Reported,Information Not Reported,N,5,University,Zone 5,Karur (Rotary),Karur (Rotary)
3000,Bishop Heber College,50296,Active,Rotaract President,2021 - 2022,Information Not Reported,Information Not Reported,Information Not Reported,Information Not Reported,N,5,University,Zone 5,Tiruchirapalli Fort (Rotary),Tiruchirapalli Fort (Rotary)
3000,Boiler City Trichy,214848,Active,Rotaract President,2025 - 2026,Information Not Reported,Information Not Reported,Information Not Reported,Information Not Reported,N,5,Community,Zone 5,Bhel City Tiruchirapalli (Rotary),Bhel City Tiruchirapalli (Rotary)
3000,Care College of Engineering,8826231,Active,Rotaract President,2025 - 2026,Information Not Reported,Information Not Reported,Information Not Reported,Information Not Reported,N,5,University,Zone 5,Tiruchirapalli Greater (Rotary),Tiruchirapalli Greater (Rotary)
3000,Cauvery College for Women,55980,Active,Rotaract President,2022 - 2023,Information Not Reported,Information Not Reported,Information Not Reported,Information Not Reported,N,5,University,Zone 5,Tiruchirapalli Midtown (Rotary),Tiruchirapalli Midtown (Rotary)
3000,Fatima College,5081,Active,Rotaract President,2021 - 2022,Information Not Reported,Information Not Reported,Information Not Reported,Information Not Reported,N,5,University,Zone 5,Madurai West (Rotary),Madurai West (Rotary)
3000,Government Polytechnic College Gandarvakottai,8827050,Active,Rotaract President,2025 - 2026,Information Not Reported,Information Not Reported,Information Not Reported,Information Not Reported,N,5,University,Zone 5,Gandarvakottai (Rotary),Gandarvakottai (Rotary)
3000,Jamal Mohamed College for Women,86531,Active,Rotaract President,2025 - 2026,Information Not Reported,Information Not Reported,Information Not Reported,Information Not Reported,N,5,University,Zone 5,Tiruchirapalli (Rotary),Tiruchirapalli (Rotary)
3000,J.R. Polytechnic College-Alundur,212787,Active,Rotaract President,2020 - 2021,Information Not Reported,Information Not Reported,Information Not Reported,Information Not Reported,N,5,University,Zone 5,Tiruchirapalli Shakthi (Rotary),Tiruchirapalli Shakthi (Rotary)
3000,Karur Ilanthalir,215181,Active,Rotaract President,2025 - 2026,Information Not Reported,Information Not Reported,Information Not Reported,Information Not Reported,N,5,Community,Zone 5,Karur Texcity (Rotary),Karur Texcity (Rotary)
3000,Karur Valalar College of Arts and Science for Women,212871,Active,Rotaract President,2021 - 2022,Information Not Reported,Information Not Reported,Information Not Reported,Information Not Reported,N,5,University,Zone 5,Karur Angels (Rotary),Karur Angels (Rotary)
3000,KDM Agri Crown,8827894,Active,Rotaract President,2025 - 2026,Information Not Reported,Information Not Reported,Information Not Reported,Information Not Reported,N,5,University,Zone 5,Pudukkottai Crown City (Rotary),Pudukkottai Crown City (Rotary)
3000,KDM NATRIVA,8827902,Active,Rotaract President,2025 - 2026,Information Not Reported,Information Not Reported,Information Not Reported,Information Not Reported,N,5,University,Zone 5,Pudukkottai Crown City (Rotary),Pudukkottai Crown City (Rotary)
3000,Kongu College of Arts & Science (women),214597,Active,Rotaract President,2021 - 2022,Information Not Reported,Information Not Reported,Information Not Reported,Information Not Reported,N,5,University,Zone 5,Karur Angels (Rotary),Karur Angels (Rotary)
3000,Lady Doak College Madurai,91278,Active,Rotaract President,2024 - 2025,Information Not Reported,Information Not Reported,Information Not Reported,Information Not Reported,N,5,University,Zone 5,Madurai West (Rotary),Madurai West (Rotary)
3000,Madurai Gandhi NMR Subbaraman College for Women,212346,Active,Rotaract President,2021 - 2022,Information Not Reported,Information Not Reported,Information Not Reported,Information Not Reported,N,5,University,Zone 5,Madurai West (Rotary),Madurai West (Rotary)
3000,Madurai Pandyas,8826744,Active,Rotaract President,2025 - 2026,Information Not Reported,Information Not Reported,Information Not Reported,Information Not Reported,N,5,Community,Zone 5,Madurai Meenakshi (Rotary),Madurai Meenakshi (Rotary)
3000,Madurai Sivakasi Nadars Pioneer Meenakshi Wom. Coll.,86373,Active,Rotaract President,2021 - 2022,Information Not Reported,Information Not Reported,Information Not Reported,Information Not Reported,N,5,University,Zone 5,Madurai West (Rotary),Madurai West (Rotary)
3000,Mahalakshmi Engineering College,91277,Active,Rotaract President,2019 - 2020,Information Not Reported,Information Not Reported,Information Not Reported,Information Not Reported,N,5,University,Zone 5,Tiruchirapalli (Rotary),Tiruchirapalli (Rotary)
3000,M.A.M. Business School,8825998,Active,Rotaract President,2025 - 2026,Information Not Reported,Information Not Reported,Information Not Reported,Information Not Reported,N,5,University,Zone 5,Tiruchirapalli Phoenix (Rotary),Tiruchirapalli Phoenix (Rotary)
3000,Mannar Thirumalai Naicker College,215928,Active,Rotaract President,2025 - 2026,Information Not Reported,Information Not Reported,Information Not Reported,Information Not Reported,N,5,University,Zone 5,Madurai North West (Rotary),Madurai North West (Rotary)
3000,Mannar Thirumalai Naicker College (SF),8825924,Active,Rotaract President,2024 - 2025,Information Not Reported,Information Not Reported,Information Not Reported,Information Not Reported,N,5,University,Zone 5,Madurai Down Town (Rotary),Madurai Down Town (Rotary)
3000,M.S Polytechnic,214644,Active,Rotaract President,2024 - 2025,Information Not Reported,Information Not Reported,Information Not Reported,Information Not Reported,N,5,University,Zone 5,Arantangi The Fort City (Rotary),Arantangi The Fort City (Rotary)
3000,National College,5019,Active,Rotaract President,2022 - 2023,Information Not Reported,Information Not Reported,Information Not Reported,Information Not Reported,N,5,University,Zone 5,Tiruchirapalli (Rotary),Tiruchirapalli (Rotary)
3000,Pandian Saraswathy Yadav Engineering College,91714,Active,Rotaract President,2020 - 2021,Information Not Reported,Information Not Reported,Information Not Reported,Information Not Reported,N,5,University,Zone 5,Madurai Next Gen (Rotary),Madurai Next Gen (Rotary)
3000,Perambalur,8826721,Active,Rotaract President,2025 - 2026,Information Not Reported,Information Not Reported,Information Not Reported,Information Not Reported,N,5,Community,Zone 5,Perambalur (Rotary),Perambalur (Rotary)
3000,PSNA College of Engg. and Technology,8825890,Active,Rotaract President,2025 - 2026,Information Not Reported,Information Not Reported,Information Not Reported,Information Not Reported,N,5,University,Zone 5,Dindigul (Rotary),Dindigul (Rotary)
3000,Pudukkottai Yugan,8826902,Active,Rotaract President,2025 - 2026,Information Not Reported,Information Not Reported,Information Not Reported,Information Not Reported,N,5,Community,Zone 5,None Reported,None Reported
3000,Raja College of Engineering and Technology,214136,Active,Rotaract President,2021 - 2022,Information Not Reported,Information Not Reported,Information Not Reported,Information Not Reported,N,5,University,Zone 5,Madurai North (Rotary),Madurai North (Rotary)
3000,RC Institution,90984,Active,Rotaract President,2020 - 2021,Information Not Reported,Information Not Reported,Information Not Reported,Information Not Reported,N,5,University,Zone 5,Thuraiyur Perumal Malai (Rotary),Thuraiyur Perumal Malai (Rotary)
3000,RVS Kumaran Arts & Science College,217934,Active,Rotaract President,2022 - 2023,Information Not Reported,Information Not Reported,Information Not Reported,Information Not Reported,N,5,University,Zone 5,Dindigul (Rotary),Dindigul (Rotary)
3000,Saraswathi Narayanan College,8827407,Active,Rotaract President,2025 - 2026,Information Not Reported,Information Not Reported,Information Not Reported,Information Not Reported,N,5,University,Zone 5,Madurai North (Rotaract),Madurai North (Rotaract)
3000,Seethalakshmi Ramasamy College,8826257,Active,Rotaract President,2025 - 2026,Information Not Reported,Information Not Reported,Information Not Reported,Information Not Reported,N,5,University,Zone 5,Trichy Gems Innovators (Rotary),Trichy Gems Innovators (Rotary)
3000,Servite Arts and Science College for Women,8826092,Active,Rotaract President,2025 - 2026,Information Not Reported,Information Not Reported,Information Not Reported,Information Not Reported,N,5,University,Zone 5,Vaiyampatti (Rotary),Vaiyampatti (Rotary)
3000,Servite B. Ed,212873,Active,Rotaract President,2023 - 2024,Information Not Reported,Information Not Reported,Information Not Reported,Information Not Reported,N,5,University,Zone 5,Karur Wings (Rotary),Karur Wings (Rotary)
3000,Sethu Institute of Technology,213044,Active,Rotaract President,2024 - 2025,Information Not Reported,Information Not Reported,Information Not Reported,Information Not Reported,N,5,University,Zone 5,Madurai North (Rotary),Madurai North (Rotary)
3000,Sri Bharathi Arts & Science College for Women,8825306,Active,Rotaract President,2024 - 2025,Information Not Reported,Information Not Reported,Information Not Reported,Information Not Reported,N,5,University,Zone 5,Pudukkottai Crown City (Rotary),Pudukkottai Crown City (Rotary)
3000,Srinivasan College of Arts and Science,8825432,Active,Rotaract President,2024 - 2025,Information Not Reported,Information Not Reported,Information Not Reported,Information Not Reported,N,5,Community,Zone 5,Perambalur (Rotary),Perambalur (Rotary)
3000,St. Antony's College,8826745,Active,Rotaract President,2025 - 2026,Information Not Reported,Information Not Reported,Information Not Reported,Information Not Reported,N,5,University,Zone 5,Dindigul Queencity (Rotary),Dindigul Queencity (Rotary)
3000,Subramanian Polytechnic College,8826704,Active,Rotaract President,2025 - 2026,Information Not Reported,Information Not Reported,Information Not Reported,Information Not Reported,N,5,University,Zone 5,Pudukkottai King Town (Rotary),Pudukkottai King Town (Rotary)
3000,The Yadava College,8826499,Active,Rotaract President,2025 - 2026,Information Not Reported,Information Not Reported,Information Not Reported,Information Not Reported,N,5,University,Zone 5,Madurai Mid-Town (Rotary),Madurai Mid-Town (Rotary)
3000,Tiruchirapalli Yara,8826470,Active,Rotaract President,2024 - 2025,Information Not Reported,Information Not Reported,Information Not Reported,Information Not Reported,N,5,Community,Zone 5,Tiruchirapalli Butterflies (Rotary),Tiruchirapalli Butterflies (Rotary)
3000,"Velammal College Of Engineering & Technology, Madurai",8824426,Active,Rotaract President,2024 - 2025,Information Not Reported,Information Not Reported,Information Not Reported,Information Not Reported,N,5,University,Zone 5,Madurai Metro Heritage (Rotary),Madurai Metro Heritage (Rotary)
3000,Venkateswara College of Education Pudukkottai,8825381,Active,Rotaract President,2023 - 2024,Information Not Reported,Information Not Reported,Information Not Reported,Information Not Reported,N,5,University,Zone 5,Pudukkottai Maharani (Rotary),Pudukkottai Maharani (Rotary)
3000,Venkateswara Polytechnic College,8826095,Active,Rotaract President,2025 - 2026,Information Not Reported,Information Not Reported,Information Not Reported,Information Not Reported,N,5,University,Zone 5,Pudukkottai (Rotary),Pudukkottai (Rotary)
3000,Vijay Institute of Management,217587,Active,Rotaract President,2023 - 2024,Information Not Reported,Information Not Reported,Information Not Reported,Information Not Reported,N,5,University,Zone 5,Dindigul (Rotary),Dindigul (Rotary)
3011,Activa Delhi IHE,8826543,Active,Rotaract President,2025 - 2026,Information Not Reported,Information Not Reported,Information Not Reported,Information Not Reported,N,4,University,Zone 4,Activa Delhi (Rotary),Activa Delhi (Rotary)
3011,Apeejay Stya University-Gurugram,8823523,Active,Rotaract President,2025 - 2026,Information Not Reported,Information Not Reported,Information Not Reported,Information Not Reported,N,4,University,Zone 4,Delhi Premier (Rotary),Delhi Premier (Rotary)
3011,Davim Faridabad,215193,Active,Rotaract President,2025 - 2026,Information Not Reported,Information Not Reported,Information Not Reported,Information Not Reported,N,4,University,Zone 4,Faridabad (Rotary),Faridabad (Rotary)
3011,Delhi Allure Midwest,8826452,Active,Rotaract President,2024 - 2025,Information Not Reported,Information Not Reported,Information Not Reported,Information Not Reported,N,4,Community,Zone 4,Delhi Midwest (Rotary),Delhi Midwest (Rotary)
3011,Delhi Ehsaas,8825072,Active,Rotaract President,2025 - 2026,Information Not Reported,Information Not Reported,Information Not Reported,Information Not Reported,N,4,Community,Zone 4,Delhi Inspire (Rotary),Delhi Inspire (Rotary)
3011,Delhi Midtown Maitreyi,8826105,Active,Rotaract President,2025 - 2026,Information Not Reported,Information Not Reported,Information Not Reported,Information Not Reported,N,4,University,Zone 4,Delhi Mid-Town (Rotary),Delhi Mid-Town (Rotary)
3011,Delhi Nexus,8827666,Active,Rotaract President,2025 - 2026,Information Not Reported,Information Not Reported,Information Not Reported,Information Not Reported,N,4,Community,Zone 4,Delhi-West (Rotary),Delhi-West (Rotary)
3011,Delhi-Pankh,8824348,Active,Rotaract President,2024 - 2025,Information Not Reported,Information Not Reported,Information Not Reported,Information Not Reported,N,4,Community,Zone 4,Delhi Okhla City (Rotary),Delhi Okhla City (Rotary)
3011,Delhi Philanthropists,217446,Active,Rotaract President,2024 - 2025,Information Not Reported,Information Not Reported,Information Not Reported,Information Not Reported,N,4,Community,Zone 4,Delhi Central Next (Rotary),Delhi Central Next (Rotary)
3011,Delhi Phoenix Midwest,8826443,Active,Rotaract President,2024 - 2025,Information Not Reported,Information Not Reported,Information Not Reported,Information Not Reported,N,4,Community,Zone 4,Delhi Midwest (Rotary),Delhi Midwest (Rotary)
3011,Delhi Valiant Midwest,8826450,Active,Rotaract President,2025 - 2026,Information Not Reported,Information Not Reported,Information Not Reported,Information Not Reported,N,4,Community,Zone 4,Delhi Midwest (Rotary),Delhi Midwest (Rotary)
3011,Don Bosco Institute of Technology (Sankalp),8826360,Active,Rotaract President,2025 - 2026,Information Not Reported,Information Not Reported,Information Not Reported,Information Not Reported,N,4,University,Zone 4,Indraprastha-Okhla (Rotary),Indraprastha-Okhla (Rotary)
3011,Dronacharya Govt. College (Gurugram),8826826,Active,Rotaract President,2025 - 2026,Information Not Reported,Information Not Reported,Information Not Reported,Information Not Reported,N,4,University,Zone 4,Gurgaon (Rotary),Gurgaon (Rotary)
3011,DTU Regency,89542,Active,Rotaract President,2025 - 2026,Information Not Reported,Information Not Reported,Information Not Reported,Information Not Reported,N,4,University,Zone 4,Delhi Regency (Rotary),Delhi Regency (Rotary)
3011,Faridabad Aravalli,218427,Active,Rotaract President,2024 - 2025,Information Not Reported,Information Not Reported,Information Not Reported,Information Not Reported,N,4,Community,Zone 4,Faridabad Aravalli (Rotary),Faridabad Aravalli (Rotary)
3011,"GD Goenka University, Sohna",8826750,Active,Rotaract President,2025 - 2026,Information Not Reported,Information Not Reported,Information Not Reported,Information Not Reported,N,4,Community,Zone 4,Gurgaon (Rotary),Gurgaon (Rotary)
3011,Guru Tegh Bahadur Institute of Technology,8823740,Active,Rotaract President,2021 - 2022,Information Not Reported,Information Not Reported,Information Not Reported,Information Not Reported,N,4,University,Zone 4,Delhi Westend (Rotary),Delhi Westend (Rotary)
3011,IILM University Gurugram,8826684,Active,Rotaract President,2025 - 2026,Information Not Reported,Information Not Reported,Information Not Reported,Information Not Reported,N,4,University,Zone 4,Gurgaon (Rotary),Gurgaon (Rotary)
3011,Indraprastha College For Women (DU),8826848,Active,Rotaract President,2025 - 2026,Information Not Reported,Information Not Reported,Information Not Reported,Information Not Reported,N,4,University,Zone 4,Delhi South (Rotary),Delhi South (Rotary)
3011,KR Manglam University,8826451,Active,Rotaract President,2024 - 2025,Information Not Reported,Information Not Reported,Information Not Reported,Information Not Reported,N,4,University,Zone 4,Delhi Midwest (Rotary),Delhi Midwest (Rotary)
3011,"Lady Shri Ram College, New Delhi",8826403,Active,Rotaract President,2025 - 2026,Information Not Reported,Information Not Reported,Information Not Reported,Information Not Reported,N,4,University,Zone 4,Delhi Compassion and Hope (Rotary),Delhi Compassion and Hope (Rotary)
3011,National Association for Blind,8827485,Active,Rotaract President,2025 - 2026,Information Not Reported,Information Not Reported,Information Not Reported,Information Not Reported,N,4,University,Zone 4,Delhi Heights (Rotaract); Delhi Heights (Rotary),Delhi Heights (Rotaract); Delhi Heights (Rotary)
3011,N D I M,216303,Active,Rotaract President,2025 - 2026,Information Not Reported,Information Not Reported,Information Not Reported,Information Not Reported,N,4,University,Zone 4,Delhi South West (Rotary),Delhi South West (Rotary)
3011,Ramanujan College,217706,Active,Rotaract President,2024 - 2025,Information Not Reported,Information Not Reported,Information Not Reported,Information Not Reported,N,4,University,Zone 4,Delhi Southex (Rotary),Delhi Southex (Rotary)
3011,Saksham,215722,Active,Rotaract President,2025 - 2026,Information Not Reported,Information Not Reported,Information Not Reported,Information Not Reported,N,4,Community,Zone 4,Gurgaon South City (Rotary),Gurgaon South City (Rotary)
3011,Shaheed Bhagat Singh College,8826151,Active,Rotaract President,2025 - 2026,Information Not Reported,Information Not Reported,Information Not Reported,Information Not Reported,N,4,University,Zone 4,Delhi Mankind (Rotary),Delhi Mankind (Rotary)
3011,Shri Aurobindo College,91072,Active,Rotaract President,2025 - 2026,Information Not Reported,Information Not Reported,Information Not Reported,Information Not Reported,N,4,University,Zone 4,Delhi South West (Rotary),Delhi South West (Rotary)
3011,Starex University,8826477,Active,Rotaract President,2024 - 2025,Information Not Reported,Information Not Reported,Information Not Reported,Information Not Reported,N,4,University,Zone 4,Delhi Midwest (Rotary),Delhi Midwest (Rotary)
3011,The North'Cap University,214806,Active,Rotaract President,2024 - 2025,Information Not Reported,Information Not Reported,Information Not Reported,Information Not Reported,N,4,University,Zone 4,Gurgaon (Rotary),Gurgaon (Rotary)
3011,Unified Spirits,8823269,Active,Rotaract President,2025 - 2026,Information Not Reported,Information Not Reported,Information Not Reported,Information Not Reported,N,4,Community,Zone 4,Delhi Humanity (Rotary),Delhi Humanity (Rotary)
3011,Virasat,8825068,Active,Rotaract President,2023 - 2024,Information Not Reported,Information Not Reported,Information Not Reported,Information Not Reported,N,4,Community,Zone 4,None Reported,None Reported
3011,Visioners League,215103,Active,Rotaract President,2025 - 2026,Information Not Reported,Information Not Reported,Information Not Reported,Information Not Reported,N,4,Community,Zone 4,Delhi South West (Rotary),Delhi South West (Rotary)
3011,Young Visionaries,213097,Active,Rotaract President,2025 - 2026,Information Not Reported,Information Not Reported,Information Not Reported,Information Not Reported,N,4,Community,Zone 4,Delhi Rendezvous (Rotary),Delhi Rendezvous (Rotary)
3012,ABES Sapphire,215308,Active,Rotaract President,2020 - 2021,Information Not Reported,Information Not Reported,Information Not Reported,Information Not Reported,N,4,University,Zone 4,Ghaziabad Sapphire (Rotary),Ghaziabad Sapphire (Rotary)
3012,Capital City New Delhi,213233,Active,Rotaract President,2025 - 2026,Information Not Reported,Information Not Reported,Information Not Reported,Information Not Reported,N,4,Community,Zone 4,Capital City New Delhi (Rotary),Capital City New Delhi (Rotary)
3012,Delhi Achievers,222285,Active,Rotaract President,2020 - 2021,Information Not Reported,Information Not Reported,Information Not Reported,Information Not Reported,N,4,Community,Zone 4,Delhi Achievers (Rotary),Delhi Achievers (Rotary)
3012,Delhi Ananta,8823738,Active,Rotaract President,2022 - 2023,Information Not Reported,Information Not Reported,Information Not Reported,Information Not Reported,N,4,Community,Zone 4,Delhi Ananta (Rotary),Delhi Ananta (Rotary)
3012,Delhi Capitol,8823185,Active,Rotaract President,2024 - 2025,Information Not Reported,Information Not Reported,Information Not Reported,Information Not Reported,N,4,Community,Zone 4,Delhi Capitol (Rotary),Delhi Capitol (Rotary)
3012,Delhi City Nirvana,8827880,Active,Rotaract President,2025 - 2026,Information Not Reported,Information Not Reported,Information Not Reported,Information Not Reported,N,4,Community,Zone 4,Delhi City (Rotary),Delhi City (Rotary)
3012,Delhi Institute of Higher Education,8827082,Active,Rotaract President,2025 - 2026,Information Not Reported,Information Not Reported,Information Not Reported,Information Not Reported,N,4,University,Zone 4,Green Greater Noida (Rotary),Green Greater Noida (Rotary)
3012,Delhi North,8825114,Active,Rotaract President,2025 - 2026,Information Not Reported,Information Not Reported,Information Not Reported,Information Not Reported,N,4,Community,Zone 4,Delhi North (Rotary),Delhi North (Rotary)
3012,Delhi Regals,8823178,Active,Rotaract President,2020 - 2021,Information Not Reported,Information Not Reported,Information Not Reported,Information Not Reported,N,4,Community,Zone 4,Delhi Regals (Rotary),Delhi Regals (Rotary)
3012,Delhi Royals,218612,Active,Rotaract President,2020 - 2021,Information Not Reported,Information Not Reported,Information Not Reported,Information Not Reported,N,4,Community,Zone 4,Delhi Royals (Rotary),Delhi Royals (Rotary)
3012,Delhi School of Professional Study & Research,89636,Active,Rotaract President,2025 - 2026,Information Not Reported,Information Not Reported,Information Not Reported,Information Not Reported,N,4,University,Zone 4,Delhi Maurya (Rotary),Delhi Maurya (Rotary)
3012,Delhi Vibrance,8823373,Active,Rotaract President,2024 - 2025,Information Not Reported,Information Not Reported,Information Not Reported,Information Not Reported,N,4,Community,Zone 4,Delhi Preet Vihar (Rotary),Delhi Preet Vihar (Rotary)
3012,Ganaur,8824922,Active,Rotaract President,2022 - 2023,Information Not Reported,Information Not Reported,Information Not Reported,Information Not Reported,N,4,Community,Zone 4,Ganaur (Rotary),Ganaur (Rotary)
3012,Ghaziabad Golf Links,8824849,Active,Rotaract President,2022 - 2023,Information Not Reported,Information Not Reported,Information Not Reported,Information Not Reported,N,4,Community,Zone 4,Ghaziabad Golf Links (Rotary),Ghaziabad Golf Links (Rotary)
3012,Ghaziabad Metro,8823174,Active,Rotaract President,2020 - 2021,Information Not Reported,Information Not Reported,Information Not Reported,Information Not Reported,N,4,Community,Zone 4,Ghaziabad Metro (Rotary),Ghaziabad Metro (Rotary)
3012,Ghaziabad Prime,222263,Active,Rotaract President,2020 - 2021,Information Not Reported,Information Not Reported,Information Not Reported,Information Not Reported,N,4,Community,Zone 4,Ghaziabad Chiranjeev Vihar (Rotary),Ghaziabad Chiranjeev Vihar (Rotary)
3012,GVM ITM,218044,Active,Rotaract President,2024 - 2025,Information Not Reported,Information Not Reported,Information Not Reported,Information Not Reported,N,4,University,Zone 4,Sonepat Midtown (Rotary),Sonepat Midtown (Rotary)
3012,Hansraj College,217052,Active,Rotaract President,2024 - 2025,Information Not Reported,Information Not Reported,Information Not Reported,Information Not Reported,N,4,University,Zone 4,Delhi Uptown (Rotary),Delhi Uptown (Rotary)
3012,Ideal Institute of Management and Technology,8825931,Active,Rotaract President,2024 - 2025,Information Not Reported,Information Not Reported,Information Not Reported,Information Not Reported,N,4,University,Zone 4,Delhi Vivek (Rotary),Delhi Vivek (Rotary)
3012,IPEM Group of Institutions Ghaziabad,8827379,Active,Rotaract President,2025 - 2026,Information Not Reported,Information Not Reported,Information Not Reported,Information Not Reported,N,4,University,Zone 4,Ghaziabad Greater (Rotary),Ghaziabad Greater (Rotary)
3012,Noida Gen Z,8824852,Active,Rotaract President,2022 - 2023,Information Not Reported,Information Not Reported,Information Not Reported,Information Not Reported,N,4,University,Zone 4,Noida (Rotary),Noida (Rotary)
3012,Noida Youth,213222,Active,Rotaract President,2025 - 2026,Information Not Reported,Information Not Reported,Information Not Reported,Information Not Reported,N,4,Community,Zone 4,None Reported,None Reported
3012,O.P. Jindal Global University Alumnus,8823777,Active,Rotaract President,2020 - 2021,Information Not Reported,Information Not Reported,Information Not Reported,Information Not Reported,N,4,Community,Zone 4,O.P. Jindal Global University (Rotaract),O.P. Jindal Global University (Rotaract)
3012,PGDAV (Eve) College,214944,Active,Rotaract President,2024 - 2025,Information Not Reported,Information Not Reported,Information Not Reported,Information Not Reported,N,4,University,Zone 4,Delhi North (Rotary),Delhi North (Rotary)
3012,Physiotherapy Scholars,216147,Active,Rotaract President,2023 - 2024,Information Not Reported,Information Not Reported,Information Not Reported,Information Not Reported,N,4,Community,Zone 4,Delhi Monarch (Rotary),Delhi Monarch (Rotary)
3012,Ram Eesh Institute,215549,Active,Rotaract President,2020 - 2021,Information Not Reported,Information Not Reported,Information Not Reported,Information Not Reported,N,4,University,Zone 4,Green Greater Noida (Rotary),Green Greater Noida (Rotary)
3012,Rishihood University,8824011,Active,Rotaract President,2021 - 2022,Information Not Reported,Information Not Reported,Information Not Reported,Information Not Reported,N,4,University,Zone 4,Kundli (Rotary),Kundli (Rotary)
3012,Shaheed Sukhdev College of Business,216304,Active,Rotaract President,2025 - 2026,Information Not Reported,Information Not Reported,Information Not Reported,Information Not Reported,N,4,University,Zone 4,Delhi Maurya (Rotary),Delhi Maurya (Rotary)
3012,Shatabdi Elite,8823168,Active,Rotaract President,2020 - 2021,Information Not Reported,Information Not Reported,Information Not Reported,Information Not Reported,N,4,Community,Zone 4,None Reported,None Reported
3012,Vaishali Excellence,8824093,Active,Rotaract President,2021 - 2022,Information Not Reported,Information Not Reported,Information Not Reported,Information Not Reported,N,4,Community,Zone 4,Vaishali (Rotary),Vaishali (Rotary)
3012,Verve,216150,Active,Rotaract President,2025 - 2026,Information Not Reported,Information Not Reported,Information Not Reported,Information Not Reported,N,4,Community,Zone 4,Ghaziabad Sapphire (Rotary),Ghaziabad Sapphire (Rotary)
3020,Aditya Degree College,8824456,Active,Rotaract President,2022 - 2023,Information Not Reported,Information Not Reported,Information Not Reported,Information Not Reported,N,7,University,Zone 7,Kakinada Golden Jubilee (Rotary),Kakinada Golden Jubilee (Rotary)
3020,Aikya Kakinada,218399,Active,Rotaract President,2025 - 2026,Information Not Reported,Information Not Reported,Information Not Reported,Information Not Reported,N,7,Community,Zone 7,Kakinada (Rotary),Kakinada (Rotary)
3020,Atoma of Aditya Degree College,8826954,Active,Rotaract President,2025 - 2026,Information Not Reported,Information Not Reported,Information Not Reported,Information Not Reported,N,7,University,Zone 7,Vijayawada (Rotary),Vijayawada (Rotary)
3020,Idaya of Madonna College,8827164,Active,Rotaract President,2025 - 2026,Information Not Reported,Information Not Reported,Information Not Reported,Information Not Reported,N,7,University,Zone 7,Vijayawada (Rotary),Vijayawada (Rotary)
3020,Kakinada Yoda,8827051,Active,Rotaract President,2025 - 2026,Information Not Reported,Information Not Reported,Information Not Reported,Information Not Reported,N,7,Community,Zone 7,Kakinada (Rotary),Kakinada (Rotary)
3020,KVSR Siddhartha College of Pharmaceutical Sciences,8826952,Active,Rotaract President,2025 - 2026,Information Not Reported,Information Not Reported,Information Not Reported,Information Not Reported,N,7,University,Zone 7,Amaravathi (Rotary),Amaravathi (Rotary)
3020,M. R. College,8823862,Active,Rotaract President,2021 - 2022,Information Not Reported,Information Not Reported,Information Not Reported,Information Not Reported,N,7,University,Zone 7,Vizianagaram (Rotary),Vizianagaram (Rotary)
3020,Naipunya Aditya Degree College Tuni,8826262,Active,Rotaract President,2025 - 2026,Information Not Reported,Information Not Reported,Information Not Reported,Information Not Reported,N,7,University,Zone 7,Tuni (Rotary),Tuni (Rotary)
3020,Phalguna Kshetram Vijayawada,8825926,Active,Rotaract President,2024 - 2025,Information Not Reported,Information Not Reported,Information Not Reported,Information Not Reported,N,7,Community,Zone 7,Vijayawada Midtown (Rotary),Vijayawada Midtown (Rotary)
3020,Pragati Surampalem Central,212314,Active,Rotaract President,2022 - 2023,Information Not Reported,Information Not Reported,Information Not Reported,Information Not Reported,N,7,University,Zone 7,Kakinada Central (Rotary),Kakinada Central (Rotary)
3020,Rajiv Gandhi Institute of Law,212449,Active,Rotaract President,2020 - 2021,Information Not Reported,Information Not Reported,Information Not Reported,Information Not Reported,N,7,University,Zone 7,Kakinada Golden Jubilee (Rotary),Kakinada Golden Jubilee (Rotary)
3020,RK College,223102,Active,Rotaract President,2022 - 2023,Information Not Reported,Information Not Reported,Information Not Reported,Information Not Reported,N,7,University,Zone 7,Vizianagaram Central (Rotary),Vizianagaram Central (Rotary)
3020,RRC AEC Surampalem,8825286,Active,Rotaract President,2025 - 2026,Information Not Reported,Information Not Reported,Information Not Reported,Information Not Reported,N,7,University,Zone 7,Rajahmundry River City (Rotary),Rajahmundry River City (Rotary)
3020,Sanjeev Institute of Planning and Management,8824460,Active,Rotaract President,2021 - 2022,Information Not Reported,Information Not Reported,Information Not Reported,Information Not Reported,N,7,University,Zone 7,Kakinada Golden Jubilee (Rotary),Kakinada Golden Jubilee (Rotary)
3020,Vanitha Viveka Degree College Tuni,8826261,Active,Rotaract President,2024 - 2025,Information Not Reported,Information Not Reported,Information Not Reported,Information Not Reported,N,7,University,Zone 7,Tuni (Rotary),Tuni (Rotary)
3020,Visakha Sattelite City,47217,Active,Rotaract President,2025 - 2026,Information Not Reported,Information Not Reported,Information Not Reported,Information Not Reported,N,7,Community,Zone 7,Waltair (Rotary),Waltair (Rotary)
3020,Vizag Couples PRISM,8825696,Active,Rotaract President,2024 - 2025,Information Not Reported,Information Not Reported,Information Not Reported,Information Not Reported,N,7,University,Zone 7,Vizag Couples (Rotary),Vizag Couples (Rotary)
3020,Vizag Diamonds,8825917,Active,Rotaract President,2025 - 2026,Information Not Reported,Information Not Reported,Information Not Reported,Information Not Reported,N,7,Community,Zone 7,Vizag Diamonds (Rotary),Vizag Diamonds (Rotary)
3020,Vizag Elite,8824255,Active,Rotaract President,2024 - 2025,Information Not Reported,Information Not Reported,Information Not Reported,Information Not Reported,N,7,Community,Zone 7,Vizag Elite (Rotary),Vizag Elite (Rotary)
3020,Yuvathi of VS Lakshmi Degree College,8826957,Active,Rotaract President,2025 - 2026,Information Not Reported,Information Not Reported,Information Not Reported,Information Not Reported,N,7,University,Zone 7,Kakinada Golden Jubilee (Rotary),Kakinada Golden Jubilee (Rotary)
3030,Akola Midtown,213280,Active,Rotaract President,2024 - 2025,Information Not Reported,Information Not Reported,Information Not Reported,Information Not Reported,N,6,Community,Zone 6,Akola Mid Town (Rotary),Akola Mid Town (Rotary)
3030,Chandrapur,5471,Active,Rotaract President,2024 - 2025,Information Not Reported,Information Not Reported,Information Not Reported,Information Not Reported,N,6,Community,Zone 6,Chandrapur (Rotary),Chandrapur (Rotary)
3030,City Premier College,8826935,Active,Rotaract President,2025 - 2026,Information Not Reported,Information Not Reported,Information Not Reported,Information Not Reported,N,6,University,Zone 6,Nagpur (Rotary),Nagpur (Rotary)
3030,City Premier College of Management,8826838,Active,Rotaract President,2025 - 2026,Information Not Reported,Information Not Reported,Information Not Reported,Information Not Reported,N,6,University,Zone 6,Nagpur Vision (Rotary),Nagpur Vision (Rotary)
3030,Dada Ramchand Bakhru Sindhu Mahavidyalaya,218037,Active,Rotaract President,2025 - 2026,Information Not Reported,Information Not Reported,Information Not Reported,Information Not Reported,N,6,University,Zone 6,Nagpur North (Rotary),Nagpur North (Rotary)
3030,"Datta Meghe Medical College, Nagpur",8826367,Active,Rotaract President,2024 - 2025,Information Not Reported,Information Not Reported,Information Not Reported,Information Not Reported,N,6,University,Zone 6,Nagpur Down Town (Rotary),Nagpur Down Town (Rotary)
3030,Gandhi City Wardha,217343,Active,Rotaract President,2025 - 2026,Information Not Reported,Information Not Reported,Information Not Reported,Information Not Reported,N,6,Community,Zone 6,Gandhi City-Wardha (Rotary),Gandhi City-Wardha (Rotary)
3030,"G H Raisoni College of Arts, Commerce and Science",8826686,Active,Rotaract President,2025 - 2026,Information Not Reported,Information Not Reported,Information Not Reported,Information Not Reported,N,6,University,Zone 6,Nagpur South (Rotary),Nagpur South (Rotary)
3030,G H Raisoni Law College,8827298,Active,Rotaract President,2025 - 2026,Information Not Reported,Information Not Reported,Information Not Reported,Information Not Reported,N,6,University,Zone 6,Nagpur Fort (Rotary),Nagpur Fort (Rotary)
3030,G H Raisoni University Amravati,8826688,Active,Rotaract President,2025 - 2026,Information Not Reported,Information Not Reported,Information Not Reported,Information Not Reported,N,6,University,Zone 6,Nagpur West (Rotary),Nagpur West (Rotary)
3030,Government College of Engineering Nagpur,8825315,Active,Rotaract President,2025 - 2026,Information Not Reported,Information Not Reported,Information Not Reported,Information Not Reported,N,6,University,Zone 6,Nagpur West (Rotary),Nagpur West (Rotary)
3030,Hinganghat,8825328,Active,Rotaract President,2025 - 2026,Information Not Reported,Information Not Reported,Information Not Reported,Information Not Reported,N,6,Community,Zone 6,Hinganghat (Rotary),Hinganghat (Rotary)
3030,JESITMR Nashik,8827231,Active,Rotaract President,2025 - 2026,Information Not Reported,Information Not Reported,Information Not Reported,Information Not Reported,N,6,University,Zone 6,Nasik North (Rotary),Nasik North (Rotary)
3030,K.D.K. College of Engineering,8824170,Active,Rotaract President,2025 - 2026,Information Not Reported,Information Not Reported,Information Not Reported,Information Not Reported,N,6,University,Zone 6,Nagpur (Rotary),Nagpur (Rotary)
3030,KR Pandav Mahavidyalaya,8826359,Active,Rotaract President,2025 - 2026,Information Not Reported,Information Not Reported,Information Not Reported,Information Not Reported,N,6,University,Zone 6,Nagpur South East (Rotary),Nagpur South East (Rotary)
3030,KVN Naik Inst. of Pharmaceutical Education & Research (Nashik),8826258,Active,Rotaract President,2024 - 2025,Information Not Reported,Information Not Reported,Information Not Reported,Information Not Reported,N,6,University,Zone 6,Nasik (Rotary),Nasik (Rotary)
3030,MVPS College of Physiotherapy,8827286,Active,Rotaract President,2025 - 2026,Information Not Reported,Information Not Reported,Information Not Reported,Information Not Reported,N,6,University,Zone 6,Nasik (Rotary),Nasik (Rotary)
3030,MVP’s Dr Vasantrao Pawar Medical College Hospital & Research Center-Nashik,8826297,Active,Rotaract President,2025 - 2026,Information Not Reported,Information Not Reported,Information Not Reported,Information Not Reported,N,6,University,Zone 6,Nasik (Rotary),Nasik (Rotary)
3030,Nagpur,214845,Active,Rotaract President,2025 - 2026,Information Not Reported,Information Not Reported,Information Not Reported,Information Not Reported,N,6,Community,Zone 6,Nagpur (Rotary),Nagpur (Rotary)
3030,Nagpur Ishanya,64317,Active,Rotaract President,2025 - 2026,Information Not Reported,Information Not Reported,Information Not Reported,Information Not Reported,N,6,Community,Zone 6,Nagpur Ishanya (Rotary),Nagpur Ishanya (Rotary)
3030,Nashik,8826255,Active,Rotaract President,2024 - 2025,Information Not Reported,Information Not Reported,Information Not Reported,Information Not Reported,N,6,Community,Zone 6,Nasik (Rotary),Nasik (Rotary)
3030,Nashik Airport,218540,Active,Rotaract President,2025 - 2026,Information Not Reported,Information Not Reported,Information Not Reported,Information Not Reported,N,6,Community,Zone 6,Nashik Airport (Rotary),Nashik Airport (Rotary)
3030,Nashik Synergy,8827678,Active,Rotaract President,2025 - 2026,Information Not Reported,Information Not Reported,Information Not Reported,Information Not Reported,N,6,Community,Zone 6,Nasik Youth Force (Rotaract),Nasik Youth Force (Rotaract)
3030,National Fire Service College,218039,Active,Rotaract President,2025 - 2026,Information Not Reported,Information Not Reported,Information Not Reported,Information Not Reported,N,6,University,Zone 6,Nagpur North (Rotary),Nagpur North (Rotary)
3030,N.I.T. Polytechnic,213079,Active,Rotaract President,2024 - 2025,Information Not Reported,Information Not Reported,Information Not Reported,Information Not Reported,N,6,University,Zone 6,Nagpur Vision (Rotary),Nagpur Vision (Rotary)
3030,"Rajkumar Kewalramani Kanya, Mahavidyalaya",217297,Active,Rotaract President,2023 - 2024,Information Not Reported,Information Not Reported,Information Not Reported,Information Not Reported,N,6,University,Zone 6,Nagpur (Rotary),Nagpur (Rotary)
3030,RCOEM Nagpur,89949,Active,Rotaract President,2025 - 2026,Information Not Reported,Information Not Reported,Information Not Reported,Information Not Reported,N,6,University,Zone 6,Nagpur Mihan Town (Rotary),Nagpur Mihan Town (Rotary)
3030,Sadabai Raisoli Women's College,89706,Active,Rotaract President,2023 - 2024,Information Not Reported,Information Not Reported,Information Not Reported,Information Not Reported,N,6,University,Zone 6,Nagpur (Rotary),Nagpur (Rotary)
3030,Santaji Mahavidyalaya,214833,Active,Rotaract President,2024 - 2025,Information Not Reported,Information Not Reported,Information Not Reported,Information Not Reported,N,6,University,Zone 6,Nagpur South East (Rotary),Nagpur South East (Rotary)
3030,Satana Baglan,214311,Active,Rotaract President,2025 - 2026,Information Not Reported,Information Not Reported,Information Not Reported,Information Not Reported,N,6,University,Zone 6,Satana Baglan (Rotary),Satana Baglan (Rotary)
3030,Satana Pride,217766,Active,Rotaract President,2025 - 2026,Information Not Reported,Information Not Reported,Information Not Reported,Information Not Reported,N,6,Community,Zone 6,Satana Baglan (Rotary),Satana Baglan (Rotary)
3030,Shri Lemdeo Patil Mahvidhyalaya,217117,Active,Rotaract President,2023 - 2024,Information Not Reported,Information Not Reported,Information Not Reported,Information Not Reported,N,6,University,Zone 6,Nagpur (Rotary),Nagpur (Rotary)
3030,Smt. Manorambai Mundle College of Architecture,217113,Active,Rotaract President,2023 - 2024,Information Not Reported,Information Not Reported,Information Not Reported,Information Not Reported,N,6,University,Zone 6,Nagpur (Rotary),Nagpur (Rotary)
3030,Symbiosis Law School Nagpur,8825810,Active,Rotaract President,2025 - 2026,Information Not Reported,Information Not Reported,Information Not Reported,Information Not Reported,N,6,University,Zone 6,Nagpur Down Town (Rotary),Nagpur Down Town (Rotary)
3030,TGPCA,212291,Active,Rotaract President,2023 - 2024,Information Not Reported,Information Not Reported,Information Not Reported,Information Not Reported,N,6,University,Zone 6,Nagpur (Rotary),Nagpur (Rotary)
3030,"Vrajlal Manilal Vasant College, Nagpur",8826328,Active,Rotaract President,2024 - 2025,Information Not Reported,Information Not Reported,Information Not Reported,Information Not Reported,N,6,University,Zone 6,Nagpur South East (Rotary),Nagpur South East (Rotary)
3040,Bhopal Marvels,8823998,Active,Rotaract President,2025 - 2026,Information Not Reported,Information Not Reported,Information Not Reported,Information Not Reported,N,4,Community,Zone 4,None Reported,None Reported
3040,Chhindwara,217732,Active,Rotaract President,2024 - 2025,Information Not Reported,Information Not Reported,Information Not Reported,Information Not Reported,N,4,Community,Zone 4,Chhindwara (Rotary),Chhindwara (Rotary)
3040,Himalaya Hills Bhopal,8827724,Active,Rotaract President,2025 - 2026,Information Not Reported,Information Not Reported,Information Not Reported,Information Not Reported,N,4,Community,Zone 4,Bhopal Hills (Rotary),Bhopal Hills (Rotary)
3040,Indore Dynamic,215778,Active,Rotaract President,2020 - 2021,Information Not Reported,Information Not Reported,Information Not Reported,Information Not Reported,N,4,Community,Zone 4,Indore Dynamic (Rotary),Indore Dynamic (Rotary)
3040,Indore United,218416,Active,Rotaract President,2024 - 2025,Information Not Reported,Information Not Reported,Information Not Reported,Information Not Reported,N,4,Community,Zone 4,Indore United (Rotary),Indore United (Rotary)
3040,Madhyanchal Professional University Bhopal,8826333,Active,Rotaract President,2025 - 2026,Information Not Reported,Information Not Reported,Information Not Reported,Information Not Reported,N,4,University,Zone 4,Lake City Bhopal (Rotaract),Lake City Bhopal (Rotaract)
3040,Manovikas Adarsh Special Educators,8825107,Active,Rotaract President,2025 - 2026,Information Not Reported,Information Not Reported,Information Not Reported,Information Not Reported,N,4,University,Zone 4,Indore Adarsh (Rotary),Indore Adarsh (Rotary)
3040,Meghdoot Symbiosis Indore,8825995,Active,Rotaract President,2025 - 2026,Information Not Reported,Information Not Reported,Information Not Reported,Information Not Reported,N,4,University,Zone 4,Indore Meghdoot (Rotary),Indore Meghdoot (Rotary)
3040,Mhow Community,217630,Active,Rotaract President,2025 - 2026,Information Not Reported,Information Not Reported,Information Not Reported,Information Not Reported,N,4,Community,Zone 4,Mhow (Rotary),Mhow (Rotary)
3040,Prashanti,8824425,Active,Rotaract President,2025 - 2026,Information Not Reported,Information Not Reported,Information Not Reported,Information Not Reported,N,4,University,Zone 4,Ujjain (Rotary),Ujjain (Rotary)
3040,Ujjain Greater,8825285,Active,Rotaract President,2024 - 2025,Information Not Reported,Information Not Reported,Information Not Reported,Information Not Reported,N,4,Community,Zone 4,Ujjain Greater (Rotary),Ujjain Greater (Rotary)
3040,Young Uptown,88715,Active,Rotaract President,2025 - 2026,Information Not Reported,Information Not Reported,Information Not Reported,Information Not Reported,N,4,Community,Zone 4,Indore Uptown (Rotary),Indore Uptown (Rotary)
3053,Achiever Point Morena,8823242,Active,Rotaract President,2025 - 2026,Information Not Reported,Information Not Reported,Information Not Reported,Information Not Reported,N,4,Community,Zone 4,Gwalior Youth (Rotaract),Gwalior Youth (Rotaract)
3053,Alwar Hope,217296,Active,Rotaract President,2024 - 2025,Information Not Reported,Information Not Reported,Information Not Reported,Information Not Reported,N,4,Community,Zone 4,Alwar (Rotary),Alwar (Rotary)
3053,"Aryan College, Ajmer",8826137,Active,Rotaract President,2024 - 2025,Information Not Reported,Information Not Reported,Information Not Reported,Information Not Reported,N,4,University,Zone 4,Ajmer (Rotary),Ajmer (Rotary)
3053,Bhiwadi Falcons,8823917,Active,Rotaract President,2025 - 2026,Information Not Reported,Information Not Reported,Information Not Reported,Information Not Reported,N,4,Community,Zone 4,Bhiwadi (Rotary),Bhiwadi (Rotary)
3053,Bikaner,5809,Active,Rotaract President,2025 - 2026,Information Not Reported,Information Not Reported,Information Not Reported,Information Not Reported,N,4,Community,Zone 4,Bikaner (Rotary),Bikaner (Rotary)
3053,Bikaner Marudhara,217776,Active,Rotaract President,2024 - 2025,Information Not Reported,Information Not Reported,Information Not Reported,Information Not Reported,N,4,Community,Zone 4,Bikaner Marudhara (Rotary),Bikaner Marudhara (Rotary)
3053,Bikaner Thar,8826146,Active,Rotaract President,2024 - 2025,Information Not Reported,Information Not Reported,Information Not Reported,Information Not Reported,N,4,Community,Zone 4,Bikaner Royals (Rotary),Bikaner Royals (Rotary)
3053,Datia,218242,Active,Rotaract President,2025 - 2026,Information Not Reported,Information Not Reported,Information Not Reported,Information Not Reported,N,4,Community,Zone 4,Datia Midtown (Rotary),Datia Midtown (Rotary)
3053,Gwalior City,215918,Active,Rotaract President,2024 - 2025,Information Not Reported,Information Not Reported,Information Not Reported,Information Not Reported,N,4,Community,Zone 4,Gwalior Heritage (Rotary),Gwalior Heritage (Rotary)
3053,Gwalior Shine,8823340,Active,Rotaract President,2025 - 2026,Information Not Reported,Information Not Reported,Information Not Reported,Information Not Reported,N,4,Community,Zone 4,Gwalior (Rotary),Gwalior (Rotary)
3053,Gwalior Youth,215911,Active,Rotaract President,2025 - 2026,Information Not Reported,Information Not Reported,Information Not Reported,Information Not Reported,N,4,Community,Zone 4,Gwalior (Rotary),Gwalior (Rotary)
3053,III TM GWALIOR,217718,Active,Rotaract President,2022 - 2023,Information Not Reported,Information Not Reported,Information Not Reported,Information Not Reported,N,4,University,Zone 4,Gwalior (Rotary),Gwalior (Rotary)
3053,IIT Jodhpur,215692,Active,Rotaract President,2024 - 2025,Information Not Reported,Information Not Reported,Information Not Reported,Information Not Reported,N,4,University,Zone 4,Jodhpur Padmini (Rotary),Jodhpur Padmini (Rotary)
3053,Jodhana,8825811,Active,Rotaract President,2023 - 2024,Information Not Reported,Information Not Reported,Information Not Reported,Information Not Reported,N,4,Community,Zone 4,Jodhpur Garima (Rotary),Jodhpur Garima (Rotary)
3053,Jodhpur Jagrati,8826545,Active,Rotaract President,2025 - 2026,Information Not Reported,Information Not Reported,Information Not Reported,Information Not Reported,N,4,Community,Zone 4,Jodhpur Garima (Rotary),Jodhpur Garima (Rotary)
3053,Prestige Gwalior,217715,Active,Rotaract President,2025 - 2026,Information Not Reported,Information Not Reported,Information Not Reported,Information Not Reported,N,4,University,Zone 4,Gwalior (Rotary),Gwalior (Rotary)
3053,RNB Global University,8824877,Active,Rotaract President,2025 - 2026,Information Not Reported,Information Not Reported,Information Not Reported,Information Not Reported,N,4,University,Zone 4,Bikaner (Rotary),Bikaner (Rotary)
3053,Swami Keshwanand Rajasthan Agricultural University,8827761,Active,Rotaract President,2025 - 2026,Information Not Reported,Information Not Reported,Information Not Reported,Information Not Reported,N,4,University,Zone 4,Bikaner Royals (Rotary),Bikaner Royals (Rotary)
3053,Vyas Dental College and Hospital,8824019,Active,Rotaract President,2022 - 2023,Information Not Reported,Information Not Reported,Information Not Reported,Information Not Reported,N,4,University,Zone 4,Jodhpur Padmini (Rotary),Jodhpur Padmini (Rotary)
3055,Aadarsh Ahmedabad,216034,Active,Rotaract President,,Information Not Reported,Information Not Reported,Information Not Reported,Information Not Reported,N,4,University,Zone 4,Aadarsh Ahmedabad (Rotary),Aadarsh Ahmedabad (Rotary)
3055,Abu Road,218476,Active,Rotaract President,2023 - 2024,Information Not Reported,Information Not Reported,Information Not Reported,Information Not Reported,N,4,Community,Zone 4,Abu Road (Rotary),Abu Road (Rotary)
3055,Ahmedabad Metro,8824345,Active,Rotaract President,2025 - 2026,Information Not Reported,Information Not Reported,Information Not Reported,Information Not Reported,N,4,Community,Zone 4,Ahmedabad Metro (Rotary),Ahmedabad Metro (Rotary)
3055,Ahmedabad Supreme,213987,Active,Rotaract President,2024 - 2025,Information Not Reported,Information Not Reported,Information Not Reported,Information Not Reported,N,4,Community,Zone 4,Ahmedabad Supreme (Rotary),Ahmedabad Supreme (Rotary)
3055,Ahmedabad Suryoday,215511,Active,Rotaract President,,Information Not Reported,Information Not Reported,Information Not Reported,Information Not Reported,N,4,Community,Zone 4,Ahmedabad Suryoday (Rotary),Ahmedabad Suryoday (Rotary)
3055,Ahmedabad Transcend,218424,Active,Rotaract President,2025 - 2026,Information Not Reported,Information Not Reported,Information Not Reported,Information Not Reported,N,4,Community,Zone 4,Kankaria (Ahmedabad) (Rotary),Kankaria (Ahmedabad) (Rotary)
3055,Ahmedabad Zankar,74890,Active,Rotaract President,2024 - 2025,Information Not Reported,Information Not Reported,Information Not Reported,Information Not Reported,N,4,Community,Zone 4,Ahmedabad Airport (Rotary),Ahmedabad Airport (Rotary)
3055,Ahmedabad Zen,8826748,Active,Rotaract President,2025 - 2026,Information Not Reported,Information Not Reported,Information Not Reported,Information Not Reported,N,4,Community,Zone 4,Ahmedabad North (Rotary),Ahmedabad North (Rotary)
3055,Balotra,8823490,Active,Rotaract President,,Information Not Reported,Information Not Reported,Information Not Reported,Information Not Reported,N,4,Community,Zone 4,Balotra (Rotary),Balotra (Rotary)
3055,Divine Samarpan,8824233,Active,Rotaract President,,Information Not Reported,Information Not Reported,Information Not Reported,Information Not Reported,N,4,Community,Zone 4,Deesa Divine (Rotary),Deesa Divine (Rotary)
3055,"DNP Arts and Commerce College, Deesa",216309,Active,Rotaract President,,Information Not Reported,Information Not Reported,Information Not Reported,Information Not Reported,N,4,University,Zone 4,Deesa (Rotary),Deesa (Rotary)
3055,G I T (Gandhinagar Institute of Technology),217174,Active,Rotaract President,,Information Not Reported,Information Not Reported,Information Not Reported,Information Not Reported,N,4,University,Zone 4,Ahmedabad Supreme (Rotary),Ahmedabad Supreme (Rotary)
3055,GLS Institute of Design,217802,Active,Rotaract President,,Information Not Reported,Information Not Reported,Information Not Reported,Information Not Reported,N,4,University,Zone 4,Cosmopolitan Ahmedabad (Rotary),Cosmopolitan Ahmedabad (Rotary)
3055,Midtown Bhuj,60137,Active,Rotaract President,2025 - 2026,Information Not Reported,Information Not Reported,Information Not Reported,Information Not Reported,N,4,Community,Zone 4,Bhuj (Rotary),Bhuj (Rotary)
3055,Mundra,92173,Active,Rotaract President,2025 - 2026,Information Not Reported,Information Not Reported,Information Not Reported,Information Not Reported,N,4,Community,Zone 4,Mundra Kutch (Rotary),Mundra Kutch (Rotary)
3055,Palanpur Youth Town,218344,Active,Rotaract President,2023 - 2024,Information Not Reported,Information Not Reported,Information Not Reported,Information Not Reported,N,4,Community,Zone 4,Palanpur Diamond City (Rotary),Palanpur Diamond City (Rotary)
3055,Radhanpur,8824795,Active,Rotaract President,,Information Not Reported,Information Not Reported,Information Not Reported,Information Not Reported,N,4,Community,Zone 4,Patan (Rotary),Patan (Rotary)
3056,Aayojan School of Architecture-Jaipur,8826294,Active,Rotaract President,2024 - 2025,Information Not Reported,Information Not Reported,Information Not Reported,Information Not Reported,N,4,University,Zone 4,Jaipur (Rotary),Jaipur (Rotary)
3056,Ahan,218579,Active,Rotaract President,2023 - 2024,Information Not Reported,Information Not Reported,Information Not Reported,Information Not Reported,N,4,Community,Zone 4,Jaipur Bapu Nagar (Rotary),Jaipur Bapu Nagar (Rotary)
3056,Aravali Institute of Technical Studies,8824024,Active,Rotaract President,,Information Not Reported,Information Not Reported,Information Not Reported,Information Not Reported,N,4,University,Zone 4,None Reported,None Reported
3056,Brij Nagar Jhalawar,218514,Active,Rotaract President,,Information Not Reported,Information Not Reported,Information Not Reported,Information Not Reported,N,4,Community,Zone 4,Brij Nagar Jhalawar (Rotary),Brij Nagar Jhalawar (Rotary)
3056,Bundi Veer Kumbha,218423,Active,Rotaract President,2024 - 2025,Information Not Reported,Information Not Reported,Information Not Reported,Information Not Reported,N,4,Community,Zone 4,Bundi (Rotary),Bundi (Rotary)
3056,Doomshell Academy of Advance Computing,8827009,Active,Rotaract President,2025 - 2026,Information Not Reported,Information Not Reported,Information Not Reported,Information Not Reported,N,4,University,Zone 4,Jaipur Elite (Rotary),Jaipur Elite (Rotary)
3056,Dudu,218714,Active,Rotaract President,2023 - 2024,Information Not Reported,Information Not Reported,Information Not Reported,Information Not Reported,N,4,Community,Zone 4,Dudu (Rotary),Dudu (Rotary)
3056,Ignite Pali,214765,Active,Rotaract President,2025 - 2026,Information Not Reported,Information Not Reported,Information Not Reported,Information Not Reported,N,4,Community,Zone 4,Pali (Rotary),Pali (Rotary)
3056,Jaipur,5771,Active,Rotaract President,,Information Not Reported,Information Not Reported,Information Not Reported,Information Not Reported,N,4,Community,Zone 4,Jaipur (Rotary),Jaipur (Rotary)
3056,Jaipur Bapu Nagar,8823270,Active,Rotaract President,2024 - 2025,Information Not Reported,Information Not Reported,Information Not Reported,Information Not Reported,N,4,Community,Zone 4,Jaipur Bapu Nagar (Rotary),Jaipur Bapu Nagar (Rotary)
3056,Rajasthan Dental College,8823491,Active,Rotaract President,2024 - 2025,Information Not Reported,Information Not Reported,Information Not Reported,Information Not Reported,N,4,University,Zone 4,Jaipur Royal (Rotary),Jaipur Royal (Rotary)
3056,"Swami Keshvanand Institute of Technology, Management and Gramothan",8825907,Active,Rotaract President,2024 - 2025,Information Not Reported,Information Not Reported,Information Not Reported,Information Not Reported,N,4,University,Zone 4,Jaipur Kohinoor (Rotary),Jaipur Kohinoor (Rotary)
3056,Udaipur Aishwarya Drishty,8826747,Active,Rotaract President,2025 - 2026,Information Not Reported,Information Not Reported,Information Not Reported,Information Not Reported,N,4,University,Zone 4,Udaipur Drishty (Rotary),Udaipur Drishty (Rotary)
3056,Yuva Bhardwaj Foundation,92012,Active,Rotaract President,2023 - 2024,Information Not Reported,Information Not Reported,Information Not Reported,Information Not Reported,N,4,Community,Zone 4,Jaipur Bapu Nagar (Rotary),Jaipur Bapu Nagar (Rotary)
3060,Amreli,218548,Active,Rotaract President,2020 - 2021,Information Not Reported,Information Not Reported,Information Not Reported,Information Not Reported,N,4,Community,Zone 4,None Reported,None Reported
3060,GCET College,213392,Active,Rotaract President,2022 - 2023,Information Not Reported,Information Not Reported,Information Not Reported,Information Not Reported,N,4,University,Zone 4,Baroda Sayajinagari (Rotary),Baroda Sayajinagari (Rotary)
3060,Jamnagar Hope,8825701,Active,Rotaract President,2025 - 2026,Information Not Reported,Information Not Reported,Information Not Reported,Information Not Reported,N,4,University,Zone 4,Jamnagar (Rotary),Jamnagar (Rotary)
3060,Jamnagar Smile,215372,Active,Rotaract President,2024 - 2025,Information Not Reported,Information Not Reported,Information Not Reported,Information Not Reported,N,4,University,Zone 4,Jamnagar (Rotary),Jamnagar (Rotary)
3060,Mahemdabad Femina,8827446,Active,Rotaract President,2025 - 2026,Information Not Reported,Information Not Reported,Information Not Reported,Information Not Reported,N,4,Community,Zone 4,Mahemdabad (Rotaract),Mahemdabad (Rotaract)
3060,Navapur,8827321,Active,Rotaract President,2025 - 2026,Information Not Reported,Information Not Reported,Information Not Reported,Information Not Reported,N,4,Community,Zone 4,Nandnagari Nandurbar (Rotary),Nandnagari Nandurbar (Rotary)
3060,Shindkheda,80072,Active,Rotaract President,2024 - 2025,Information Not Reported,Information Not Reported,Information Not Reported,Information Not Reported,N,4,Community,Zone 4,Shindakheda (Rotary),Shindakheda (Rotary)
3060,Surat,8823549,Active,Rotaract President,2022 - 2023,Information Not Reported,Information Not Reported,Information Not Reported,Information Not Reported,N,4,Community,Zone 4,None Reported,None Reported
3060,TNRAO College,218248,Active,Rotaract President,2022 - 2023,Information Not Reported,Information Not Reported,Information Not Reported,Information Not Reported,N,4,University,Zone 4,Rajkot Midtown (Rotary),Rajkot Midtown (Rotary)
3070,Adampur City,8824275,Active,Rotaract President,2025 - 2026,Information Not Reported,Information Not Reported,Information Not Reported,Information Not Reported,N,4,Community,Zone 4,None Reported,None Reported
3070,AIMETC,8824152,Active,Rotaract President,2021 - 2022,Information Not Reported,Information Not Reported,Information Not Reported,Information Not Reported,N,4,University,Zone 4,None Reported,None Reported
3070,Akhnoor Supreme,8824195,Active,Rotaract President,2024 - 2025,Information Not Reported,Information Not Reported,Information Not Reported,Information Not Reported,N,4,Community,Zone 4,Akhnoor (Rotary),Akhnoor (Rotary)
3070,Apeejay College of Fine Arts,88469,Active,Rotaract President,2021 - 2022,Information Not Reported,Information Not Reported,Information Not Reported,Information Not Reported,N,4,University,Zone 4,Jalandhar South (Rotary),Jalandhar South (Rotary)
3070,Bilaspur,222319,Active,Rotaract President,2022 - 2023,Information Not Reported,Information Not Reported,Information Not Reported,Information Not Reported,N,4,Community,Zone 4,Bilaspur (Rotary),Bilaspur (Rotary)
3070,Chief Khalsa Diwan International Nursing College,8826790,Active,Rotaract President,2025 - 2026,Information Not Reported,Information Not Reported,Information Not Reported,Information Not Reported,N,4,University,Zone 4,Amritsar Cantt (Rotary),Amritsar Cantt (Rotary)
3070,Dharamshala Central,8823995,Active,Rotaract President,2021 - 2022,Information Not Reported,Information Not Reported,Information Not Reported,Information Not Reported,N,4,University,Zone 4,Dharamsala Central (Rotary),Dharamsala Central (Rotary)
3070,Dronacharya College,91290,Active,Rotaract President,2025 - 2026,Information Not Reported,Information Not Reported,Information Not Reported,Information Not Reported,N,4,University,Zone 4,Shahpur (Rotary),Shahpur (Rotary)
3070,"Govt. College for Girls, Ludhiana",216556,Active,Rotaract President,2024 - 2025,Information Not Reported,Information Not Reported,Information Not Reported,Information Not Reported,N,4,University,Zone 4,Ludhiana North (Rotary),Ludhiana North (Rotary)
3070,Gujranwala Guru Nanak Khalsa College,6147,Active,Rotaract President,2025 - 2026,Information Not Reported,Information Not Reported,Information Not Reported,Information Not Reported,N,4,University,Zone 4,Ludhiana North (Rotary),Ludhiana North (Rotary)
3070,Jammu City,84723,Active,Rotaract President,2025 - 2026,Information Not Reported,Information Not Reported,Information Not Reported,Information Not Reported,N,4,Community,Zone 4,Jammu City (Rotary),Jammu City (Rotary)
3070,Kanhya Lal Butail Dayanand Anglo Vedic College for Girls (Palampur),8826909,Active,Rotaract President,2025 - 2026,Information Not Reported,Information Not Reported,Information Not Reported,Information Not Reported,N,4,University,Zone 4,Palampur (Rotary),Palampur (Rotary)
3070,Kapurthala Heritage,218271,Active,Rotaract President,2025 - 2026,Information Not Reported,Information Not Reported,Information Not Reported,Information Not Reported,N,4,Community,Zone 4,None Reported,None Reported
3070,"Khalsa College, Amritsar",8824287,Active,Rotaract President,2024 - 2025,Information Not Reported,Information Not Reported,Information Not Reported,Information Not Reported,N,4,University,Zone 4,Amritsar Civil Lines (Rotary),Amritsar Civil Lines (Rotary)
3070,"Khalsa College for Women, Ghumar Mandi",217559,Active,Rotaract President,2019 - 2020,Information Not Reported,Information Not Reported,Information Not Reported,Information Not Reported,N,4,University,Zone 4,Ludhiana (Rotary),Ludhiana (Rotary)
3070,Ludhiana North,215082,Active,Rotaract President,2025 - 2026,Information Not Reported,Information Not Reported,Information Not Reported,Information Not Reported,N,4,Community,Zone 4,Ludhiana North (Rotary),Ludhiana North (Rotary)
3070,Mandi,8823392,Active,Rotaract President,2020 - 2021,Information Not Reported,Information Not Reported,Information Not Reported,Information Not Reported,N,4,Community,Zone 4,Mandi (Rotary),Mandi (Rotary)
3070,"Medicos RPGMC Tanda, Kangra",8824259,Active,Rotaract President,2021 - 2022,Information Not Reported,Information Not Reported,Information Not Reported,Information Not Reported,N,4,University,Zone 4,Dhauladhar Palampur (Rotary),Dhauladhar Palampur (Rotary)
3070,MLSM College Sunder Nagar,8823443,Active,Rotaract President,2020 - 2021,Information Not Reported,Information Not Reported,Information Not Reported,Information Not Reported,N,4,University,Zone 4,Sundar Nagar (Rotary),Sundar Nagar (Rotary)
3070,Mount Himalayas,8824322,Active,Rotaract President,2025 - 2026,Information Not Reported,Information Not Reported,Information Not Reported,Information Not Reported,N,4,Community,Zone 4,Palampur (Rotary),Palampur (Rotary)
3070,Prem Chand Markanda SD College,8826889,Active,Rotaract President,2025 - 2026,Information Not Reported,Information Not Reported,Information Not Reported,Information Not Reported,N,4,University,Zone 4,Jalandhar West (Rotary),Jalandhar West (Rotary)
3070,Pt. Mohan Lal S.D. College,8824403,Active,Rotaract President,2024 - 2025,Information Not Reported,Information Not Reported,Information Not Reported,Information Not Reported,N,4,University,Zone 4,Gurdaspur (Rotary),Gurdaspur (Rotary)
3070,Sunder Nagar,8823285,Active,Rotaract President,2022 - 2023,Information Not Reported,Information Not Reported,Information Not Reported,Information Not Reported,N,4,Community,Zone 4,Sundar Nagar (Rotary),Sundar Nagar (Rotary)
3070,"Swami Ganga Giri Janta Girls College, Raikot",217560,Active,Rotaract President,2024 - 2025,Information Not Reported,Information Not Reported,Information Not Reported,Information Not Reported,N,4,University,Zone 4,Ludhiana (Rotary),Ludhiana (Rotary)
3070,Vallabhian,8824325,Active,Rotaract President,2021 - 2022,Information Not Reported,Information Not Reported,Information Not Reported,Information Not Reported,N,4,University,Zone 4,Mandi (Rotary),Mandi (Rotary)
3080,"D.A.V. (C) Dental, Yamuna Nagar",216403,Active,Rotaract President,2025 - 2026,Information Not Reported,Information Not Reported,Information Not Reported,Information Not Reported,N,4,University,Zone 4,Yamunanagar (Rotary),Yamunanagar (Rotary)
3080,DAV College Ambala City,90878,Active,Rotaract President,2023 - 2024,Information Not Reported,Information Not Reported,Information Not Reported,Information Not Reported,N,4,University,Zone 4,Ambala Central (Rotary),Ambala Central (Rotary)
3080,DAV College for Girls Yamuna Nagar,8823358,Active,Rotaract President,2025 - 2026,Information Not Reported,Information Not Reported,Information Not Reported,Information Not Reported,N,4,University,Zone 4,Yamunanagar (Rotary),Yamunanagar (Rotary)
3080,Doon Shivalik Hills,8824883,Active,Rotaract President,2023 - 2024,Information Not Reported,Information Not Reported,Information Not Reported,Information Not Reported,N,4,Community,Zone 4,Doon Shivalik Hills (Rotary),Doon Shivalik Hills (Rotary)
3080,Global Research Group of Institutions Radaur,8826494,Active,Rotaract President,2025 - 2026,Information Not Reported,Information Not Reported,Information Not Reported,Information Not Reported,N,4,University,Zone 4,Radaur (Rotary),Radaur (Rotary)
3080,Government College Ropar,8826941,Active,Rotaract President,2025 - 2026,Information Not Reported,Information Not Reported,Information Not Reported,Information Not Reported,N,4,University,Zone 4,Roop Nagar (Rotary),Roop Nagar (Rotary)
3080,Guru Nanak Institutes (GNITM),216132,Active,Rotaract President,2025 - 2026,Information Not Reported,Information Not Reported,Information Not Reported,Information Not Reported,N,4,University,Zone 4,Yamuna Nagar-Riviera (Rotary),Yamuna Nagar-Riviera (Rotary)
3080,Guru Nanak Khalsa College,89525,Active,Rotaract President,2024 - 2025,Information Not Reported,Information Not Reported,Information Not Reported,Information Not Reported,N,4,University,Zone 4,Yamuna Nagar-Riviera (Rotary),Yamuna Nagar-Riviera (Rotary)
3080,Ignite Panchkula Greens,8827496,Active,Rotaract President,2025 - 2026,Information Not Reported,Information Not Reported,Information Not Reported,Information Not Reported,N,4,Community,Zone 4,Panchkula Greens (Rotary),Panchkula Greens (Rotary)
3080,IMS Unison University Dehradun,8827206,Active,Rotaract President,2025 - 2026,Information Not Reported,Information Not Reported,Information Not Reported,Information Not Reported,N,4,University,Zone 4,Dehra Dun Central (Rotary),Dehra Dun Central (Rotary)
3080,Kurukshetra,8826691,Active,Rotaract President,2025 - 2026,Information Not Reported,Information Not Reported,Information Not Reported,Information Not Reported,N,4,Community,Zone 4,Kurukshetra (Rotary),Kurukshetra (Rotary)
3080,Mohali City,8825136,Active,Rotaract President,2024 - 2025,Information Not Reported,Information Not Reported,Information Not Reported,Information Not Reported,N,4,Community,Zone 4,Mohali Midtown (Rotary),Mohali Midtown (Rotary)
3080,Panipat Institute of Engineering and Technology (PIET),8826254,Active,Rotaract President,2024 - 2025,Information Not Reported,Information Not Reported,Information Not Reported,Information Not Reported,N,4,University,Zone 4,Panipat Central (Rotary),Panipat Central (Rotary)
3080,Panjab University Champions,8826489,Active,Rotaract President,2024 - 2025,Information Not Reported,Information Not Reported,Information Not Reported,Information Not Reported,N,4,University,Zone 4,Chandigarh Mid Town (Rotary),Chandigarh Mid Town (Rotary)
3080,Positive Abilities,8823778,Active,Rotaract President,2024 - 2025,Information Not Reported,Information Not Reported,Information Not Reported,Information Not Reported,N,4,Community,Zone 4,Chandigarh Shivalik (Rotary),Chandigarh Shivalik (Rotary)
3080,Punjab Engineering College,216059,Active,Rotaract President,2025 - 2026,Information Not Reported,Information Not Reported,Information Not Reported,Information Not Reported,N,4,University,Zone 4,Chandigarh Central (Rotary),Chandigarh Central (Rotary)
3080,Shimla Midtown,213191,Active,Rotaract President,2024 - 2025,Information Not Reported,Information Not Reported,Information Not Reported,Information Not Reported,N,4,Community,Zone 4,Shimla Midtown (Rotary),Shimla Midtown (Rotary)
3080,Tricity Social,8827463,Active,Rotaract President,2025 - 2026,Information Not Reported,Information Not Reported,Information Not Reported,Information Not Reported,N,4,Community,Zone 4,Chandigarh Shivalik (Rotaract),Chandigarh Shivalik (Rotaract)
3090,"District Institute of Education & Training (DIET), Nabha",8826879,Active,Rotaract President,2025 - 2026,Information Not Reported,Information Not Reported,Information Not Reported,Information Not Reported,N,4,University,Zone 4,Nabha Greater (Rotary),Nabha Greater (Rotary)
3090,Ganganagar Youth,8825838,Active,Rotaract President,2025 - 2026,Information Not Reported,Information Not Reported,Information Not Reported,Information Not Reported,N,4,Community,Zone 4,None Reported,None Reported
3090,"Government Bikram College of Commerce, Patiala",8824401,Active,Rotaract President,2025 - 2026,Information Not Reported,Information Not Reported,Information Not Reported,Information Not Reported,N,4,University,Zone 4,Patiala Mid-Town (Rotary),Patiala Mid-Town (Rotary)
3090,Hanumangarh Pink,8825914,Active,Rotaract President,2025 - 2026,Information Not Reported,Information Not Reported,Information Not Reported,Information Not Reported,N,4,Community,Zone 4,Hanumangarh (Rotaract),Hanumangarh (Rotaract)
3090,Midtown Patiala,8826709,Active,Rotaract President,2024 - 2025,Information Not Reported,Information Not Reported,Information Not Reported,Information Not Reported,N,4,Community,Zone 4,Patiala Mid-Town (Rotary),Patiala Mid-Town (Rotary)
3090,Moga City,8824037,Active,Rotaract President,2022 - 2023,Information Not Reported,Information Not Reported,Information Not Reported,Information Not Reported,N,4,Community,Zone 4,Moga City (Rotary),Moga City (Rotary)
3090,Nabha,8826202,Active,Rotaract President,2025 - 2026,Information Not Reported,Information Not Reported,Information Not Reported,Information Not Reported,N,4,Community,Zone 4,None Reported,None Reported
3090,Pilibanga Pioneering,8827473,Active,Rotaract President,2025 - 2026,Information Not Reported,Information Not Reported,Information Not Reported,Information Not Reported,N,4,Community,Zone 4,Hanumangarh (Rotaract); Hanumangarh Vision (Rotary),Hanumangarh (Rotaract); Hanumangarh Vision (Rotary)
3090,Rajpura Greater,218370,Active,Rotaract President,2020 - 2021,Information Not Reported,Information Not Reported,Information Not Reported,Information Not Reported,N,4,Community,Zone 4,Greater Rajpura (Rotary),Greater Rajpura (Rotary)
3090,Sriganganagar East,213301,Active,Rotaract President,2025 - 2026,Information Not Reported,Information Not Reported,Information Not Reported,Information Not Reported,N,4,Community,Zone 4,Sriganganagar East (Rotary),Sriganganagar East (Rotary)
3090,Sunam Main,218367,Active,Rotaract President,2020 - 2021,Information Not Reported,Information Not Reported,Information Not Reported,Information Not Reported,N,4,Community,Zone 4,None Reported,None Reported
3090,Sunam Star,8827534,Active,Rotaract President,2025 - 2026,Information Not Reported,Information Not Reported,Information Not Reported,Information Not Reported,N,4,Community,Zone 4,None Reported,None Reported
3090,Tibbi Pioneering,8827469,Active,Rotaract President,2025 - 2026,Information Not Reported,Information Not Reported,Information Not Reported,Information Not Reported,N,4,Community,Zone 4,Tibbi (Rotary),Tibbi (Rotary)
3100,Bulandshahr City,8824039,Active,Rotaract President,2024 - 2025,Information Not Reported,Information Not Reported,Information Not Reported,Information Not Reported,N,6,Community,Zone 6,Bulandshahr City (Rotary),Bulandshahr City (Rotary)
3100,Bulandshahr Youth,8826949,Active,Rotaract President,2025 - 2026,Information Not Reported,Information Not Reported,Information Not Reported,Information Not Reported,N,6,Community,Zone 6,None Reported,None Reported
3100,Hindu College Moradabad Achievers,216392,Active,Rotaract President,2021 - 2022,Information Not Reported,Information Not Reported,Information Not Reported,Information Not Reported,N,6,University,Zone 6,Moradabad Achievers (Rotary),Moradabad Achievers (Rotary)
3100,Jain College,8823433,Active,Rotaract President,2020 - 2021,Information Not Reported,Information Not Reported,Information Not Reported,Information Not Reported,N,6,University,Zone 6,Shamli (Rotary),Shamli (Rotary)
3100,Meerut Mahan,8824555,Active,Rotaract President,2023 - 2024,Information Not Reported,Information Not Reported,Information Not Reported,Information Not Reported,N,6,Community,Zone 6,Meerut Mahan (Rotary),Meerut Mahan (Rotary)
3100,Meerut Udaan,8826779,Active,Rotaract President,2025 - 2026,Information Not Reported,Information Not Reported,Information Not Reported,Information Not Reported,N,6,Community,Zone 6,Meerut Umang (Rotary),Meerut Umang (Rotary)
3100,Meerut Umang,218360,Active,Rotaract President,2020 - 2021,Information Not Reported,Information Not Reported,Information Not Reported,Information Not Reported,N,6,University,Zone 6,Sardhana Mahan (Rotary),Sardhana Mahan (Rotary)
3100,Moradabad Achievers,216103,Active,Rotaract President,2022 - 2023,Information Not Reported,Information Not Reported,Information Not Reported,Information Not Reported,N,6,Community,Zone 6,Moradabad Achievers (Rotary),Moradabad Achievers (Rotary)
3100,Moradabad Achievers Pride,217882,Active,Rotaract President,2023 - 2024,Information Not Reported,Information Not Reported,Information Not Reported,Information Not Reported,N,6,Community,Zone 6,Moradabad Achievers (Rotary),Moradabad Achievers (Rotary)
3100,Moradabad Central,8824357,Active,Rotaract President,2025 - 2026,Information Not Reported,Information Not Reported,Information Not Reported,Information Not Reported,N,6,Community,Zone 6,Moradabad Central (Rotary),Moradabad Central (Rotary)
3100,Shamli,8823403,Active,Rotaract President,2020 - 2021,Information Not Reported,Information Not Reported,Information Not Reported,Information Not Reported,N,6,Community,Zone 6,Shamli (Rotary),Shamli (Rotary)
3100,Shamli Midtown,222308,Active,Rotaract President,2020 - 2021,Information Not Reported,Information Not Reported,Information Not Reported,Information Not Reported,N,6,Community,Zone 6,Shamli Midtown (Rotary),Shamli Midtown (Rotary)
3100,Vijay Singh Pathik Govt. P.G. College Kairana,8824906,Active,Rotaract President,2023 - 2024,Information Not Reported,Information Not Reported,Information Not Reported,Information Not Reported,N,6,University,Zone 6,Shamli (Rotary),Shamli (Rotary)
3110,Aligarh Panther,8824154,Active,Rotaract President,2021 - 2022,Information Not Reported,Information Not Reported,Information Not Reported,Information Not Reported,N,6,Community,Zone 6,None Reported,None Reported
3110,Aligarh Smart City,8823760,Active,Rotaract President,2020 - 2021,Information Not Reported,Information Not Reported,Information Not Reported,Information Not Reported,N,6,Community,Zone 6,Aligarh Smart City (Rotary),Aligarh Smart City (Rotary)
3110,"Ascent College, Unnao",8827093,Active,Rotaract President,2025 - 2026,Information Not Reported,Information Not Reported,Information Not Reported,Information Not Reported,N,6,University,Zone 6,Unnao Central (Rotary),Unnao Central (Rotary)
3110,Avyukta Kanpur,8826651,Active,Rotaract President,2025 - 2026,Information Not Reported,Information Not Reported,Information Not Reported,Information Not Reported,N,6,Community,Zone 6,Brahmavarta Kanpur (Rotary),Brahmavarta Kanpur (Rotary)
3110,Baans Bareilly,214980,Active,Rotaract President,2025 - 2026,Information Not Reported,Information Not Reported,Information Not Reported,Information Not Reported,N,6,Community,Zone 6,Baans Bareilly (Rotary),Baans Bareilly (Rotary)
3110,Kanpur,89206,Active,Rotaract President,2024 - 2025,Information Not Reported,Information Not Reported,Information Not Reported,Information Not Reported,N,6,Community,Zone 6,Kanpur (Rotary),Kanpur (Rotary)
3110,Kanpur Grand,8826657,Active,Rotaract President,2025 - 2026,Information Not Reported,Information Not Reported,Information Not Reported,Information Not Reported,N,6,Community,Zone 6,New Kanpur (Rotary),New Kanpur (Rotary)
3110,Kanpur West,217689,Active,Rotaract President,2019 - 2020,Information Not Reported,Information Not Reported,Information Not Reported,Information Not Reported,N,6,University,Zone 6,Kanpur West (Rotary),Kanpur West (Rotary)
3110,Kanpur Youth,8823744,Active,Rotaract President,2020 - 2021,Information Not Reported,Information Not Reported,Information Not Reported,Information Not Reported,N,6,Community,Zone 6,None Reported,None Reported
3110,Kasganj City,49180,Active,Rotaract President,2025 - 2026,Information Not Reported,Information Not Reported,Information Not Reported,Information Not Reported,N,6,Community,Zone 6,Kasganj City (Rotary),Kasganj City (Rotary)
3110,Pilibhit Greater,8824020,Active,Rotaract President,2021 - 2022,Information Not Reported,Information Not Reported,Information Not Reported,Information Not Reported,N,6,Community,Zone 6,Pilibhit Greater (Rotary),Pilibhit Greater (Rotary)
3110,Puranpur Tiger,8826645,Active,Rotaract President,2025 - 2026,Information Not Reported,Information Not Reported,Information Not Reported,Information Not Reported,N,6,Community,Zone 6,Puranpur Green (Rotary),Puranpur Green (Rotary)
3110,Rudrapur,8823449,Active,Rotaract President,2025 - 2026,Information Not Reported,Information Not Reported,Information Not Reported,Information Not Reported,N,6,Community,Zone 6,Rudrapur (Rotary),Rudrapur (Rotary)
3110,SC Guria IMT,214134,Active,Rotaract President,2019 - 2020,Information Not Reported,Information Not Reported,Information Not Reported,Information Not Reported,N,6,University,Zone 6,Kashipur Corbett (Rotary),Kashipur Corbett (Rotary)
3110,Sky Academy,218052,Active,Rotaract President,2020 - 2021,Information Not Reported,Information Not Reported,Information Not Reported,Information Not Reported,N,6,Community,Zone 6,Kanpur (Rotary),Kanpur (Rotary)
3120,Allahabad Midtown,88091,Active,Rotaract President,2025 - 2026,Information Not Reported,Information Not Reported,Information Not Reported,Information Not Reported,N,6,University,Zone 6,Allahabad Mid-Town (Rotary),Allahabad Mid-Town (Rotary)
3120,Balrampur Greater,8826619,Active,Rotaract President,2025 - 2026,Information Not Reported,Information Not Reported,Information Not Reported,Information Not Reported,N,6,Community,Zone 6,Balrampur Greater (Rotary),Balrampur Greater (Rotary)
3120,Banaras,8825621,Active,Rotaract President,2024 - 2025,Information Not Reported,Information Not Reported,Information Not Reported,Information Not Reported,N,6,Community,Zone 6,Banaras (Rotary),Banaras (Rotary)
3120,Barabanki,91715,Active,Rotaract President,2025 - 2026,Information Not Reported,Information Not Reported,Information Not Reported,Information Not Reported,N,6,University,Zone 6,Barabanki (Rotary),Barabanki (Rotary)
3120,Chaudhary Mahadeo Prasad College,8825870,Active,Rotaract President,2025 - 2026,Information Not Reported,Information Not Reported,Information Not Reported,Information Not Reported,N,6,University,Zone 6,Allahabad South (Rotary),Allahabad South (Rotary)
3120,Deoria,7143,Active,Rotaract President,2025 - 2026,Information Not Reported,Information Not Reported,Information Not Reported,Information Not Reported,N,6,Community,Zone 6,Gorakhpur (Rotary),Gorakhpur (Rotary)
3120,Devipatan Tulsipur,8826332,Active,Rotaract President,2025 - 2026,Information Not Reported,Information Not Reported,Information Not Reported,Information Not Reported,N,6,Community,Zone 6,Balrampur (Rotary),Balrampur (Rotary)
3120,Gorakhpur Galaxy,8825990,Active,Rotaract President,2025 - 2026,Information Not Reported,Information Not Reported,Information Not Reported,Information Not Reported,N,6,Community,Zone 6,None Reported,None Reported
3120,Gorakhpur Sunrisers,8825844,Active,Rotaract President,2025 - 2026,Information Not Reported,Information Not Reported,Information Not Reported,Information Not Reported,N,6,Community,Zone 6,None Reported,None Reported
3120,Jaunpur,8824949,Active,Rotaract President,2025 - 2026,Information Not Reported,Information Not Reported,Information Not Reported,Information Not Reported,N,6,Community,Zone 6,Jaunpur (Rotary),Jaunpur (Rotary)
3120,Lucknow Phoenix,8827508,Active,Rotaract President,2025 - 2026,Information Not Reported,Information Not Reported,Information Not Reported,Information Not Reported,N,6,Community,Zone 6,Lucknow Trans Gomti (Rotary),Lucknow Trans Gomti (Rotary)
3120,Prayagraj Platinum,8824033,Active,Rotaract President,2025 - 2026,Information Not Reported,Information Not Reported,Information Not Reported,Information Not Reported,N,6,Community,Zone 6,Prayagraj Platinum (Rotary),Prayagraj Platinum (Rotary)
3120,Sardar Bhagat Singh College of Higher Education,8826396,Active,Rotaract President,2024 - 2025,Information Not Reported,Information Not Reported,Information Not Reported,Information Not Reported,N,6,University,Zone 6,Lucknow (Rotary),Lucknow (Rotary)
3120,Uday Veer,218109,Active,Rotaract President,2025 - 2026,Information Not Reported,Information Not Reported,Information Not Reported,Information Not Reported,N,6,Community,Zone 6,Varanasi Uday (Rotary),Varanasi Uday (Rotary)
3120,(UG) Arya Mahila PG College Varanasi,8826758,Active,Rotaract President,2025 - 2026,Information Not Reported,Information Not Reported,Information Not Reported,Information Not Reported,N,6,University,Zone 6,Varanasi Central (Rotary),Varanasi Central (Rotary)
3120,Varanasi South,216395,Active,Rotaract President,2023 - 2024,Information Not Reported,Information Not Reported,Information Not Reported,Information Not Reported,N,6,Community,Zone 6,Varanasi South (Rotary),Varanasi South (Rotary)
3131,AIT,217438,Active,Rotaract President,2024 - 2025,Information Not Reported,Information Not Reported,Information Not Reported,Information Not Reported,N,7,University,Zone 7,Poona Airport (Rotary),Poona Airport (Rotary)
3131,Alibag Seashore,8823837,Active,Rotaract President,2024 - 2025,Information Not Reported,Information Not Reported,Information Not Reported,Information Not Reported,N,7,Community,Zone 7,Alibag Seashore (Rotary),Alibag Seashore (Rotary)
3131,Anekant Institute of Management Studies,8826390,Active,Rotaract President,2025 - 2026,Information Not Reported,Information Not Reported,Information Not Reported,Information Not Reported,N,7,University,Zone 7,Baramati (Rotary),Baramati (Rotary)
3131,C.K.T. ACS College New Panvel,8826363,Active,Rotaract President,2025 - 2026,Information Not Reported,Information Not Reported,Information Not Reported,Information Not Reported,N,7,University,Zone 7,Panvel (Rotary),Panvel (Rotary)
3131,Disha Alandi,8825319,Active,Rotaract President,2022 - 2023,Information Not Reported,Information Not Reported,Information Not Reported,Information Not Reported,N,7,University,Zone 7,Pune Central (Rotary),Pune Central (Rotary)
3131,DIVYAZEP (S.P. College Pune),8824256,Active,Rotaract President,2024 - 2025,Information Not Reported,Information Not Reported,Information Not Reported,Information Not Reported,N,7,University,Zone 7,Pune East (Rotary),Pune East (Rotary)
3131,Dr. Babasaheb Ambedkar College Aundh,8826851,Active,Rotaract President,2025 - 2026,Information Not Reported,Information Not Reported,Information Not Reported,Information Not Reported,N,7,University,Zone 7,Aundh (Rotaract); Aundh (Rotary),Aundh (Rotaract); Aundh (Rotary)
3131,DY Patil College of Engineering,8825529,Active,Rotaract President,2025 - 2026,Information Not Reported,Information Not Reported,Information Not Reported,Information Not Reported,N,7,University,Zone 7,Pradhikaran Pune (Rotary),Pradhikaran Pune (Rotary)
3131,GEM,218200,Active,Rotaract President,2025 - 2026,Information Not Reported,Information Not Reported,Information Not Reported,Information Not Reported,N,7,Community,Zone 7,Pune Up-Town (Rotary),Pune Up-Town (Rotary)
3131,Humanitas,217388,Active,Rotaract President,2025 - 2026,Information Not Reported,Information Not Reported,Information Not Reported,Information Not Reported,N,7,Community,Zone 7,Pimpri Town (Rotary),Pimpri Town (Rotary)
3131,Indreshwar,218738,Active,Rotaract President,2024 - 2025,Information Not Reported,Information Not Reported,Information Not Reported,Information Not Reported,N,7,Community,Zone 7,Indapur (Rotary),Indapur (Rotary)
3131,MIMA Institute of Management,8826782,Active,Rotaract President,2025 - 2026,Information Not Reported,Information Not Reported,Information Not Reported,Information Not Reported,N,7,University,Zone 7,Pune Sports City (Rotary),Pune Sports City (Rotary)
3131,Modern College Ganeshkhind Pune,216452,Active,Rotaract President,2024 - 2025,Information Not Reported,Information Not Reported,Information Not Reported,Information Not Reported,N,7,University,Zone 7,Pune Up-Town (Rotary),Pune Up-Town (Rotary)
3131,"Modern College of Arts, Science & Commerce",212931,Active,Rotaract President,2024 - 2025,Information Not Reported,Information Not Reported,Information Not Reported,Information Not Reported,N,7,University,Zone 7,Pune-Shivajinagar (Rotary),Pune-Shivajinagar (Rotary)
3131,MU College of Commerce Pimpri,8825176,Active,Rotaract President,2025 - 2026,Information Not Reported,Information Not Reported,Information Not Reported,Information Not Reported,N,7,University,Zone 7,Khadki (Rotary),Khadki (Rotary)
3131,New Panvel-CKT College,8824138,Active,Rotaract President,2024 - 2025,Information Not Reported,Information Not Reported,Information Not Reported,Information Not Reported,N,7,University,Zone 7,New Panvel (Rotary),New Panvel (Rotary)
3131,Panvel Elite,217226,Active,Rotaract President,2025 - 2026,Information Not Reported,Information Not Reported,Information Not Reported,Information Not Reported,N,7,Community,Zone 7,Panvel Elite (Rotary),Panvel Elite (Rotary)
3131,Pen Heritage,8826471,Active,Rotaract President,2025 - 2026,Information Not Reported,Information Not Reported,Information Not Reported,Information Not Reported,N,7,Community,Zone 7,Pen (Rotary),Pen (Rotary)
3131,Pimpri Elite,8825918,Active,Rotaract President,2025 - 2026,Information Not Reported,Information Not Reported,Information Not Reported,Information Not Reported,N,7,Community,Zone 7,Pimpri Elite (Rotary),Pimpri Elite (Rotary)
3131,Poona South,7283,Active,Rotaract President,2025 - 2026,Information Not Reported,Information Not Reported,Information Not Reported,Information Not Reported,N,7,Community,Zone 7,Pune South (Rotary),Pune South (Rotary)
3131,Pune City,8824015,Active,Rotaract President,2025 - 2026,Information Not Reported,Information Not Reported,Information Not Reported,Information Not Reported,N,7,University,Zone 7,Poona North (Rotary),Poona North (Rotary)
3131,Pune City Prabodhan,8826674,Active,Rotaract President,2025 - 2026,Information Not Reported,Information Not Reported,Information Not Reported,Information Not Reported,N,7,Community,Zone 7,Pune City Fortune (Rotaract); Pune Fortune (Rotary),Pune City Fortune (Rotaract); Pune Fortune (Rotary)
3131,Pune Gandhi Bhavan Adhyapak Mahavidyalaya,8826479,Active,Rotaract President,2025 - 2026,Information Not Reported,Information Not Reported,Information Not Reported,Information Not Reported,N,7,University,Zone 7,Pune Gandhi Bhavan (Rotary),Pune Gandhi Bhavan (Rotary)
3131,Pune Nexus,8825267,Active,Rotaract President,2024 - 2025,Information Not Reported,Information Not Reported,Information Not Reported,Information Not Reported,N,7,Community,Zone 7,ALUMNI (Rotaract),ALUMNI (Rotaract)
3131,Pune Phoenix,8826482,Active,Rotaract President,2025 - 2026,Information Not Reported,Information Not Reported,Information Not Reported,Information Not Reported,N,7,Community,Zone 7,None Reported,None Reported
3131,Pune Renaissance,218199,Active,Rotaract President,2025 - 2026,Information Not Reported,Information Not Reported,Information Not Reported,Information Not Reported,N,7,Community,Zone 7,Pune Sarasbaug (Rotary),Pune Sarasbaug (Rotary)
3131,Pune Synergy Next Gen,8825270,Active,Rotaract President,2024 - 2025,Information Not Reported,Information Not Reported,Information Not Reported,Information Not Reported,N,7,Community,Zone 7,Pune Shaniwarwada (Rotaract); Pune Synergy (Rotary),Pune Shaniwarwada (Rotaract); Pune Synergy (Rotary)
3131,Pune Wisdom,8824638,Active,Rotaract President,2025 - 2026,Information Not Reported,Information Not Reported,Information Not Reported,Information Not Reported,N,7,Community,Zone 7,Pune Pristine Paradise (Rotaract); Pune Wisdom (Rotary),Pune Pristine Paradise (Rotaract); Pune Wisdom (Rotary)
3131,Sai Balaji Education Society,91148,Active,Rotaract President,2025 - 2026,Information Not Reported,Information Not Reported,Information Not Reported,Information Not Reported,N,7,University,Zone 7,Akurdi Pune (Rotary),Akurdi Pune (Rotary)
3131,Sinhgad Institute of Management and Computer Application,8825382,Active,Rotaract President,2024 - 2025,Information Not Reported,Information Not Reported,Information Not Reported,Information Not Reported,N,7,University,Zone 7,Pune Heritage (Rotary),Pune Heritage (Rotary)
3132,Ahmednagar Midtown Vadagao Savatal,218329,Active,Rotaract President,2020 - 2021,Information Not Reported,Information Not Reported,Information Not Reported,Information Not Reported,N,7,Community,Zone 7,Ahmednagar Mid Town (Rotary),Ahmednagar Mid Town (Rotary)
3132,Balasaheb Desai College,8826648,Active,Rotaract President,2025 - 2026,Information Not Reported,Information Not Reported,Information Not Reported,Information Not Reported,N,7,University,Zone 7,Patan (Rotary),Patan (Rotary)
3132,"Chhatrapati Shivaji College, Omerga (Girls) Jijau",8823204,Active,Rotaract President,2022 - 2023,Information Not Reported,Information Not Reported,Information Not Reported,Information Not Reported,N,7,University,Zone 7,Omerga (Rotary),Omerga (Rotary)
3132,Goverment Polytechnic Ahmednagar,218307,Active,Rotaract President,2020 - 2021,Information Not Reported,Information Not Reported,Information Not Reported,Information Not Reported,N,7,Community,Zone 7,Ahmednagar (Rotary),Ahmednagar (Rotary)
3132,Jalna Central,91936,Active,Rotaract President,2025 - 2026,Information Not Reported,Information Not Reported,Information Not Reported,Information Not Reported,N,7,Community,Zone 7,Jalna Central (Rotary),Jalna Central (Rotary)
3132,Jalna Rainbow,8823776,Active,Rotaract President,2025 - 2026,Information Not Reported,Information Not Reported,Information Not Reported,Information Not Reported,N,7,Community,Zone 7,Jalna Rainbow (Rotary),Jalna Rainbow (Rotary)
3132,Latur Central,8823947,Active,Rotaract President,2025 - 2026,Information Not Reported,Information Not Reported,Information Not Reported,Information Not Reported,N,7,Community,Zone 7,Latur Central (Rotary),Latur Central (Rotary)
3132,"Meenalben Mehta College, Panchgani",217545,Active,Rotaract President,2019 - 2020,Information Not Reported,Information Not Reported,Information Not Reported,Information Not Reported,N,7,University,Zone 7,Panchgani (Rotary),Panchgani (Rotary)
3132,Shree Nageshwar Private Industrial Training Institute,218334,Active,Rotaract President,2020 - 2021,Information Not Reported,Information Not Reported,Information Not Reported,Information Not Reported,N,7,Community,Zone 7,Ahmednagar (Rotary),Ahmednagar (Rotary)
3132,Shrirampur,218270,Active,Rotaract President,2020 - 2021,Information Not Reported,Information Not Reported,Information Not Reported,Information Not Reported,N,7,Community,Zone 7,None Reported,None Reported
3132,Sinhgad College Pandharpur,8825104,Active,Rotaract President,2025 - 2026,Information Not Reported,Information Not Reported,Information Not Reported,Information Not Reported,N,7,University,Zone 7,Pandharpur (Rotary),Pandharpur (Rotary)
3132,SMSMPITR Akluj,8827689,Active,Rotaract President,2025 - 2026,Information Not Reported,Information Not Reported,Information Not Reported,Information Not Reported,N,7,University,Zone 7,Akluj (Rotary),Akluj (Rotary)
3132,Swami Vivekanand College of Nursing Udgir,8827367,Active,Rotaract President,2025 - 2026,Information Not Reported,Information Not Reported,Information Not Reported,Information Not Reported,N,7,University,Zone 7,Udgir Central (Rotary),Udgir Central (Rotary)
3132,Swami Vivekanand College of Pharmacy Udgir,8827266,Active,Rotaract President,2025 - 2026,Information Not Reported,Information Not Reported,Information Not Reported,Information Not Reported,N,7,University,Zone 7,Udgir Central (Rotary),Udgir Central (Rotary)
3132,Swami Vivekanand Mahavidhyalaya Udgir,8827371,Active,Rotaract President,2025 - 2026,Information Not Reported,Information Not Reported,Information Not Reported,Information Not Reported,N,7,University,Zone 7,Udgir Central (Rotary),Udgir Central (Rotary)
3132,Wai,8824738,Active,Rotaract President,2023 - 2024,Information Not Reported,Information Not Reported,Information Not Reported,Information Not Reported,N,7,Community,Zone 7,Wai (Rotary),Wai (Rotary)
3132,Walchand College,8824630,Active,Rotaract President,2021 - 2022,Information Not Reported,Information Not Reported,Information Not Reported,Information Not Reported,N,7,University,Zone 7,Solapur North (Rotary),Solapur North (Rotary)
3141,Adv. Balasaheb Apte College of Law,90917,Active,Rotaract President,2024 - 2025,Information Not Reported,Information Not Reported,Information Not Reported,Information Not Reported,N,4,University,Zone 4,None Reported,None Reported
3141,Amity Global Business School,8823869,Active,Rotaract President,2021 - 2022,Information Not Reported,Information Not Reported,Information Not Reported,Information Not Reported,N,4,University,Zone 4,Bombay North West-Malad (Rotary),Bombay North West-Malad (Rotary)
3141,Anjuman Islam Saiftaybji,218484,Active,Rotaract President,2023 - 2024,Information Not Reported,Information Not Reported,Information Not Reported,Information Not Reported,N,4,University,Zone 4,Mumbai South Cuffe Parade (Rotary),Mumbai South Cuffe Parade (Rotary)
3141,Bhavan's College,8826859,Active,Rotaract President,2025 - 2026,Information Not Reported,Information Not Reported,Information Not Reported,Information Not Reported,N,4,University,Zone 4,Bombay Seacoast (Rotary),Bombay Seacoast (Rotary)
3141,Bhavna Trust Degree College,8826792,Active,Rotaract President,2025 - 2026,Information Not Reported,Information Not Reported,Information Not Reported,Information Not Reported,N,4,University,Zone 4,Bombay Chembur West (Rotary),Bombay Chembur West (Rotary)
3141,Bombay,7513,Active,Rotaract President,2024 - 2025,Information Not Reported,Information Not Reported,Information Not Reported,Information Not Reported,N,4,Community,Zone 4,Bombay (Rotary),Bombay (Rotary)
3141,Bombay Hanging Garden,212623,Active,Rotaract President,2025 - 2026,Information Not Reported,Information Not Reported,Information Not Reported,Information Not Reported,N,4,Community,Zone 4,Bombay Hanging Garden (Rotary),Bombay Hanging Garden (Rotary)
3141,Bombay Mulund Valley,8823527,Active,Rotaract President,2025 - 2026,Information Not Reported,Information Not Reported,Information Not Reported,Information Not Reported,N,4,Community,Zone 4,Bombay Mulund Valley (Rotary),Bombay Mulund Valley (Rotary)
3141,Bombay Queens Town,212610,Active,Rotaract President,2024 - 2025,Information Not Reported,Information Not Reported,Information Not Reported,Information Not Reported,N,4,Community,Zone 4,Bombay Queen City (Rotary),Bombay Queen City (Rotary)
3141,Bombay Teachers Training College,8824026,Active,Rotaract President,2021 - 2022,Information Not Reported,Information Not Reported,Information Not Reported,Information Not Reported,N,4,University,Zone 4,Mumbai Sobo (Rotary),Mumbai Sobo (Rotary)
3141,Chandivali Mumbai,8826054,Active,Rotaract President,2025 - 2026,Information Not Reported,Information Not Reported,Information Not Reported,Information Not Reported,N,4,Community,Zone 4,Chandivali Mumbai (Rotary),Chandivali Mumbai (Rotary)
3141,Deonar,7451,Active,Rotaract President,2025 - 2026,Information Not Reported,Information Not Reported,Information Not Reported,Information Not Reported,N,4,Community,Zone 4,Deonar (Rotary),Deonar (Rotary)
3141,DGMC/Deviprasad Goenka Management College of Media Studies,218546,Active,Rotaract President,2025 - 2026,Information Not Reported,Information Not Reported,Information Not Reported,Information Not Reported,N,4,University,Zone 4,Bombay Airport (Rotary),Bombay Airport (Rotary)
3141,DY Patil International School,8826354,Active,Rotaract President,2024 - 2025,Information Not Reported,Information Not Reported,Information Not Reported,Information Not Reported,N,4,University,Zone 4,Mumbai Sobo (Rotary),Mumbai Sobo (Rotary)
3141,Fr. Conceicao Rodrigues College of Engineering,88864,Active,Rotaract President,2025 - 2026,Information Not Reported,Information Not Reported,Information Not Reported,Information Not Reported,N,4,University,Zone 4,Bombay Bandra (Rotary),Bombay Bandra (Rotary)
3141,G.N. Khalsa College,91260,Active,Rotaract President,2024 - 2025,Information Not Reported,Information Not Reported,Information Not Reported,Information Not Reported,N,4,University,Zone 4,None Reported,None Reported
3141,Government Dental College,7439,Active,Rotaract President,2025 - 2026,Information Not Reported,Information Not Reported,Information Not Reported,Information Not Reported,N,4,University,Zone 4,Bombay (Rotary),Bombay (Rotary)
3141,Hassaram Rijhumal College of Commerce And Economic,7435,Active,Rotaract President,2025 - 2026,Information Not Reported,Information Not Reported,Information Not Reported,Information Not Reported,N,4,University,Zone 4,Bombay (Rotary),Bombay (Rotary)
3141,IBS Mumbai,215091,Active,Rotaract President,2023 - 2024,Information Not Reported,Information Not Reported,Information Not Reported,Information Not Reported,N,4,University,Zone 4,Bombay East (Rotary),Bombay East (Rotary)
3141,Indian Institute of Management Mumbai,218326,Active,Rotaract President,2023 - 2024,Information Not Reported,Information Not Reported,Information Not Reported,Information Not Reported,N,4,University,Zone 4,Bombay Powai (Rotary),Bombay Powai (Rotary)
3141,ISME,8823586,Active,Rotaract President,2024 - 2025,Information Not Reported,Information Not Reported,Information Not Reported,Information Not Reported,N,4,University,Zone 4,Bombay (Rotary),Bombay (Rotary)
3141,Kapol Vidyanidhi College,8824428,Active,Rotaract President,2025 - 2026,Information Not Reported,Information Not Reported,Information Not Reported,Information Not Reported,N,4,University,Zone 4,Mumbai Kandivli West (Rotary),Mumbai Kandivli West (Rotary)
3141,K.E.S College of Commerce and Economics,215988,Active,Rotaract President,2020 - 2021,Information Not Reported,Information Not Reported,Information Not Reported,Information Not Reported,N,4,University,Zone 4,Bombay Airport (Rotary),Bombay Airport (Rotary)
3141,Khandwala College,90867,Active,Rotaract President,2025 - 2026,Information Not Reported,Information Not Reported,Information Not Reported,Information Not Reported,N,4,University,Zone 4,Bombay North West-Malad (Rotary),Bombay North West-Malad (Rotary)
3141,Lotus College of Optometry,212558,Active,Rotaract President,2025 - 2026,Information Not Reported,Information Not Reported,Information Not Reported,Information Not Reported,N,4,University,Zone 4,Bombay Seacoast (Rotary),Bombay Seacoast (Rotary)
3141,LS Raheja School of Architecture,8826678,Active,Rotaract President,2025 - 2026,Information Not Reported,Information Not Reported,Information Not Reported,Information Not Reported,N,4,University,Zone 4,Mumbai Neo (Rotary),Mumbai Neo (Rotary)
3141,Maniben Nanavati Women's College,90444,Active,Rotaract President,2025 - 2026,Information Not Reported,Information Not Reported,Information Not Reported,Information Not Reported,N,4,University,Zone 4,Bombay Airport (Rotary),Bombay Airport (Rotary)
3141,MMK College,8823750,Active,Rotaract President,2025 - 2026,Information Not Reported,Information Not Reported,Information Not Reported,Information Not Reported,N,4,University,Zone 4,Mumbai Iconic (Rotary),Mumbai Iconic (Rotary)
3141,Mulund Hill View,92272,Active,Rotaract President,2024 - 2025,Information Not Reported,Information Not Reported,Information Not Reported,Information Not Reported,N,4,Community,Zone 4,Mulund Hill View (Rotary),Mulund Hill View (Rotary)
3141,Mumbai Ghatkopar West,218512,Active,Rotaract President,2023 - 2024,Information Not Reported,Information Not Reported,Information Not Reported,Information Not Reported,N,4,Community,Zone 4,Mumbai Ghatkopar West (Rotary),Mumbai Ghatkopar West (Rotary)
3141,Mumbai Greens,8826490,Active,Rotaract President,2025 - 2026,Information Not Reported,Information Not Reported,Information Not Reported,Information Not Reported,N,4,Community,Zone 4,Mumbai Greens (Rotary),Mumbai Greens (Rotary)
3141,Mumbai Lakers,8825353,Active,Rotaract President,2023 - 2024,Information Not Reported,Information Not Reported,Information Not Reported,Information Not Reported,N,4,Community,Zone 4,Mumbai Lakers (Rotary),Mumbai Lakers (Rotary)
3141,M V Mandali's Colleges of Commerce and Science,218430,Active,Rotaract President,2025 - 2026,Information Not Reported,Information Not Reported,Information Not Reported,Information Not Reported,N,4,University,Zone 4,Mumbai Juhu (Rotary),Mumbai Juhu (Rotary)
3141,Narsee Monjee College,43378,Active,Rotaract President,2025 - 2026,Information Not Reported,Information Not Reported,Information Not Reported,Information Not Reported,N,4,University,Zone 4,Bombay West (Rotary),Bombay West (Rotary)
3141,Nirmala Niketan,215365,Active,Rotaract President,2025 - 2026,Information Not Reported,Information Not Reported,Information Not Reported,Information Not Reported,N,4,University,Zone 4,Mumbai South Cuffe Parade (Rotary),Mumbai South Cuffe Parade (Rotary)
3141,NSS College Tardeo,8825352,Active,Rotaract President,2024 - 2025,Information Not Reported,Information Not Reported,Information Not Reported,Information Not Reported,N,4,University,Zone 4,Bombay Sea Face (Rotary),Bombay Sea Face (Rotary)
3141,Pearl Mumbai,217247,Active,Rotaract President,2024 - 2025,Information Not Reported,Information Not Reported,Information Not Reported,Information Not Reported,N,4,University,Zone 4,Mumbai Divas (Rotary),Mumbai Divas (Rotary)
3141,Podar World College,8825854,Active,Rotaract President,2025 - 2026,Information Not Reported,Information Not Reported,Information Not Reported,Information Not Reported,N,4,University,Zone 4,Mumbai Horizons (Rotary),Mumbai Horizons (Rotary)
3141,Prabhavati Padamshi Soni International Jr. College,215156,Active,Rotaract President,2025 - 2026,Information Not Reported,Information Not Reported,Information Not Reported,Information Not Reported,N,4,University,Zone 4,Mumbai North Island (Rotary),Mumbai North Island (Rotary)
3141,Singapore International School,8823184,Active,Rotaract President,2023 - 2024,Information Not Reported,Information Not Reported,Information Not Reported,Information Not Reported,N,4,University,Zone 4,Mumbai Elegant (Rotary),Mumbai Elegant (Rotary)
3141,Sinhgad College,215349,Active,Rotaract President,2023 - 2024,Information Not Reported,Information Not Reported,Information Not Reported,Information Not Reported,N,4,University,Zone 4,Mumbai Lakers (Rotary),Mumbai Lakers (Rotary)
3141,SNDT College,217533,Active,Rotaract President,2022 - 2023,Information Not Reported,Information Not Reported,Information Not Reported,Information Not Reported,N,4,University,Zone 4,Mumbai South Cuffe Parade (Rotary),Mumbai South Cuffe Parade (Rotary)
3141,SOBO,8824122,Active,Rotaract President,2022 - 2023,Information Not Reported,Information Not Reported,Information Not Reported,Information Not Reported,N,4,Community,Zone 4,Mumbai Sobo (Rotary),Mumbai Sobo (Rotary)
3141,S.P.I.T.,90067,Active,Rotaract President,2025 - 2026,Information Not Reported,Information Not Reported,Information Not Reported,Information Not Reported,N,4,University,Zone 4,Mumbai Juhu (Rotary),Mumbai Juhu (Rotary)
3141,S.P.N. Doshi Womens College,212512,Active,Rotaract President,2025 - 2026,Information Not Reported,Information Not Reported,Information Not Reported,Information Not Reported,N,4,University,Zone 4,Mumbai Ghatkopar (Rotary),Mumbai Ghatkopar (Rotary)
3141,St. Mathew's Jr. College,214378,Active,Rotaract President,2019 - 2020,Information Not Reported,Information Not Reported,Information Not Reported,Information Not Reported,N,4,University,Zone 4,Queen's Necklace (Rotary),Queen's Necklace (Rotary)
3141,Thakur College of Science and Commerce,8825948,Active,Rotaract President,2024 - 2025,Information Not Reported,Information Not Reported,Information Not Reported,Information Not Reported,N,4,University,Zone 4,Bombay Kandivli (Rotary),Bombay Kandivli (Rotary)
3141,"Universal College of Engineering, Vasai",217638,Active,Rotaract President,2025 - 2026,Information Not Reported,Information Not Reported,Information Not Reported,Information Not Reported,N,4,University,Zone 4,Vasai (Rotary),Vasai (Rotary)
3141,Vikhroli,213901,Active,Rotaract President,2024 - 2025,Information Not Reported,Information Not Reported,Information Not Reported,Information Not Reported,N,4,Community,Zone 4,Mumbai-Bhandup (Rotary),Mumbai-Bhandup (Rotary)
3141,Vivek College of Commerce,8823214,Active,Rotaract President,2023 - 2024,Information Not Reported,Information Not Reported,Information Not Reported,Information Not Reported,N,4,University,Zone 4,Mumbai Juhu (Rotary),Mumbai Juhu (Rotary)
3142,Amaara Thane,8824583,Active,Rotaract President,2024 - 2025,Information Not Reported,Information Not Reported,Information Not Reported,Information Not Reported,N,4,Community,Zone 4,Aarna Thane (Rotary),Aarna Thane (Rotary)
3142,Ambernath Smart City,216993,Active,Rotaract President,2025 - 2026,Information Not Reported,Information Not Reported,Information Not Reported,Information Not Reported,N,4,Community,Zone 4,Ambernath Smart City (Rotary),Ambernath Smart City (Rotary)
3142,Badlapur Smart City,8826836,Active,Rotaract President,2025 - 2026,Information Not Reported,Information Not Reported,Information Not Reported,Information Not Reported,N,4,Community,Zone 4,Badlapur Smart City (Rotary),Badlapur Smart City (Rotary)
3142,Bharati Vidyapeeth Belapur,77079,Active,Rotaract President,2025 - 2026,Information Not Reported,Information Not Reported,Information Not Reported,Information Not Reported,N,4,University,Zone 4,Navi Mumbai Hill Side (Rotary),Navi Mumbai Hill Side (Rotary)
3142,B. K. Birla College,83413,Active,Rotaract President,2025 - 2026,Information Not Reported,Information Not Reported,Information Not Reported,Information Not Reported,N,4,University,Zone 4,Kalyan (Rotary),Kalyan (Rotary)
3142,"CHM College, Ulhasnagar",217042,Active,Rotaract President,2025 - 2026,Information Not Reported,Information Not Reported,Information Not Reported,Information Not Reported,N,4,University,Zone 4,Ulhasnagar (Rotary),Ulhasnagar (Rotary)
3142,Dombivli Midtown Youth,85652,Active,Rotaract President,2024 - 2025,Information Not Reported,Information Not Reported,Information Not Reported,Information Not Reported,N,4,Community,Zone 4,Dombivli Midtown (Rotary),Dombivli Midtown (Rotary)
3142,D Y Patil University School of Pharmacy,8823355,Active,Rotaract President,2025 - 2026,Information Not Reported,Information Not Reported,Information Not Reported,Information Not Reported,N,4,University,Zone 4,Navi Mumbai Industrial Area (Rotary),Navi Mumbai Industrial Area (Rotary)
3142,Indala Group of Institutions,8827597,Active,Rotaract President,2025 - 2026,Information Not Reported,Information Not Reported,Information Not Reported,Information Not Reported,N,4,University,Zone 4,Central Kalyan (Rotary),Central Kalyan (Rotary)
3142,K.C. College of Engineering and Management Studies and Research,215455,Active,Rotaract President,2025 - 2026,Information Not Reported,Information Not Reported,Information Not Reported,Information Not Reported,N,4,University,Zone 4,Thane Uptown (Rotary),Thane Uptown (Rotary)
3142,Lekarz (DY Patil School of Medicine),8827803,Active,Rotaract President,2025 - 2026,Information Not Reported,Information Not Reported,Information Not Reported,Information Not Reported,N,4,University,Zone 4,Navi Mumbai Garima (Rotary),Navi Mumbai Garima (Rotary)
3142,Navi Mumbai Hillside,80490,Active,Rotaract President,2025 - 2026,Information Not Reported,Information Not Reported,Information Not Reported,Information Not Reported,N,4,Community,Zone 4,Navi Mumbai Hill Side (Rotary),Navi Mumbai Hill Side (Rotary)
3142,Navi Mumbai Industrial Area (RONMID),91727,Active,Rotaract President,2025 - 2026,Information Not Reported,Information Not Reported,Information Not Reported,Information Not Reported,N,4,Community,Zone 4,Navi Mumbai Industrial Area (Rotary),Navi Mumbai Industrial Area (Rotary)
3142,Navi Mumbai Nexus,8826812,Active,Rotaract President,2024 - 2025,Information Not Reported,Information Not Reported,Information Not Reported,Information Not Reported,N,4,Community,Zone 4,Navi Mumbai Industrial Area (RONMID) (Rotaract); Navi Mumbai Industrial Area (Rotary),Navi Mumbai Industrial Area (RONMID) (Rotaract); Navi Mumbai Industrial Area (Rotary)
3142,New Bombees,8825851,Active,Rotaract President,2024 - 2025,Information Not Reported,Information Not Reported,Information Not Reported,Information Not Reported,N,4,Community,Zone 4,Smart City Navi Mumbai (Rotary),Smart City Navi Mumbai (Rotary)
3142,NRI Complex,8824627,Active,Rotaract President,2024 - 2025,Information Not Reported,Information Not Reported,Information Not Reported,Information Not Reported,N,4,Community,Zone 4,Navi Mumbai Industrial Area (RONMID) (Rotaract),Navi Mumbai Industrial Area (RONMID) (Rotaract)
3142,Shivajirao S. Jondhale College of Engineering,8827868,Active,Rotaract President,2025 - 2026,Information Not Reported,Information Not Reported,Information Not Reported,Information Not Reported,N,4,University,Zone 4,Dombivli (Rotaract); Dombivli (Rotary),Dombivli (Rotaract); Dombivli (Rotary)
3142,Singhania School,214443,Active,Rotaract President,2021 - 2022,Information Not Reported,Information Not Reported,Information Not Reported,Information Not Reported,N,4,University,Zone 4,Thane Northend (Rotary),Thane Northend (Rotary)
3142,Thane Royales,8827232,Active,Rotaract President,2025 - 2026,Information Not Reported,Information Not Reported,Information Not Reported,Information Not Reported,N,4,Community,Zone 4,Thane Royales (Rotary),Thane Royales (Rotary)
3142,Tilak College Navi Mumbai,8826653,Active,Rotaract President,2025 - 2026,Information Not Reported,Information Not Reported,Information Not Reported,Information Not Reported,N,4,University,Zone 4,Millennium City (Rotary),Millennium City (Rotary)
3150,Bhagyanagar,84602,Active,Rotaract President,2025 - 2026,Information Not Reported,Information Not Reported,Information Not Reported,Information Not Reported,N,7,Community,Zone 7,Bhagyanagar (Rotary),Bhagyanagar (Rotary)
3150,G. Narayanamma Institute of Technology & Science(Women),91376,Active,Rotaract President,2025 - 2026,Information Not Reported,Information Not Reported,Information Not Reported,Information Not Reported,N,7,University,Zone 7,Hyderabad (Rotary),Hyderabad (Rotary)
3150,Guntur Aadarsh Abhyudaya,8827887,Active,Rotaract President,2025 - 2026,Information Not Reported,Information Not Reported,Information Not Reported,Information Not Reported,N,7,University,Zone 7,Guntur Aadarsh (Rotary),Guntur Aadarsh (Rotary)
3150,Guntur (Main),7675,Active,Rotaract President,2024 - 2025,Information Not Reported,Information Not Reported,Information Not Reported,Information Not Reported,N,7,Community,Zone 7,Guntur (Rotary),Guntur (Rotary)
3150,Hyderabad North,8824791,Active,Rotaract President,2024 - 2025,Information Not Reported,Information Not Reported,Information Not Reported,Information Not Reported,N,7,Community,Zone 7,Hyderabad East (Rotaract); Hyderabad North (Rotary),Hyderabad East (Rotaract); Hyderabad North (Rotary)
3150,Hyderabad Visionaries,8826524,Active,Rotaract President,2025 - 2026,Information Not Reported,Information Not Reported,Information Not Reported,Information Not Reported,N,7,Community,Zone 7,Hyderabad (Rotary),Hyderabad (Rotary)
3150,Keshav Memorial Institute of Technology,8823651,Active,Rotaract President,2025 - 2026,Information Not Reported,Information Not Reported,Information Not Reported,Information Not Reported,N,7,University,Zone 7,Hyderabad East (Rotaract); Hyderabad East (Rotary),Hyderabad East (Rotaract); Hyderabad East (Rotary)
3150,Narasaraopet,7613,Active,Rotaract President,2024 - 2025,Information Not Reported,Information Not Reported,Information Not Reported,Information Not Reported,N,7,Community,Zone 7,Narasaraopet (Rotary),Narasaraopet (Rotary)
3150,Narasaraopet Phoenix,8825123,Active,Rotaract President,2025 - 2026,Information Not Reported,Information Not Reported,Information Not Reported,Information Not Reported,N,7,Community,Zone 7,Narasaraopet (Rotary),Narasaraopet (Rotary)
3150,New Age Engineers,91856,Active,Rotaract President,2024 - 2025,Information Not Reported,Information Not Reported,Information Not Reported,Information Not Reported,N,7,Community,Zone 7,Secunderabad West (Rotary),Secunderabad West (Rotary)
3150,QIS Microbirds,8824585,Active,Rotaract President,2024 - 2025,Information Not Reported,Information Not Reported,Information Not Reported,Information Not Reported,N,7,University,Zone 7,Ongole Central (Rotary),Ongole Central (Rotary)
3150,QIS Thunders,8824587,Active,Rotaract President,2025 - 2026,Information Not Reported,Information Not Reported,Information Not Reported,Information Not Reported,N,7,University,Zone 7,Ongole Central (Rotary),Ongole Central (Rotary)
3150,Rising Thunders,8824050,Active,Rotaract President,2025 - 2026,Information Not Reported,Information Not Reported,Information Not Reported,Information Not Reported,N,7,Community,Zone 7,New Age Engineers (Rotaract),New Age Engineers (Rotaract)
3150,SFC Hyderabad Pearls,8825453,Active,Rotaract President,2025 - 2026,Information Not Reported,Information Not Reported,Information Not Reported,Information Not Reported,N,7,University,Zone 7,Hyderabad Pearls (Rotary),Hyderabad Pearls (Rotary)
3150,St. Peters Engineering College,90953,Active,Rotaract President,2025 - 2026,Information Not Reported,Information Not Reported,Information Not Reported,Information Not Reported,N,7,University,Zone 7,Secunderabad Sunrise (Rotary),Secunderabad Sunrise (Rotary)
3160,Amrutha Ayurveda Medical Colege C.T.A.,8824247,Active,Rotaract President,2021 - 2022,Information Not Reported,Information Not Reported,Information Not Reported,Information Not Reported,N,7,University,Zone 7,Chitradurga (Rotary),Chitradurga (Rotary)
3160,Amrutha Ayurveda Medical College & Hospital CTA.,8824246,Active,Rotaract President,2021 - 2022,Information Not Reported,Information Not Reported,Information Not Reported,Information Not Reported,N,7,University,Zone 7,Chitradurga (Rotary),Chitradurga (Rotary)
3160,A.R.M. First Grade College Davanagere,8827396,Active,Rotaract President,2025 - 2026,Information Not Reported,Information Not Reported,Information Not Reported,Information Not Reported,N,7,University,Zone 7,Davangere Vidyanagar (Rotary),Davangere Vidyanagar (Rotary)
3160,Bidar Heritage,8823757,Active,Rotaract President,2020 - 2021,Information Not Reported,Information Not Reported,Information Not Reported,Information Not Reported,N,7,University,Zone 7,Bidar New Century (Rotary),Bidar New Century (Rotary)
3160,Bidar Legacy,8823758,Active,Rotaract President,2020 - 2021,Information Not Reported,Information Not Reported,Information Not Reported,Information Not Reported,N,7,University,Zone 7,Bidar New Century (Rotary),Bidar New Century (Rotary)
3160,"College of Agricultural Engineering (CAE), Raichur",90434,Active,Rotaract President,2020 - 2021,Information Not Reported,Information Not Reported,Information Not Reported,Information Not Reported,N,7,University,Zone 7,Cotton City Raichur (Rotary),Cotton City Raichur (Rotary)
3160,DRW College,216349,Active,Rotaract President,2020 - 2021,Information Not Reported,Information Not Reported,Information Not Reported,Information Not Reported,N,7,University,Zone 7,Gudur (Rotary),Gudur (Rotary)
3160,Govt Polytechnic Raichur,8824235,Active,Rotaract President,2021 - 2022,Information Not Reported,Information Not Reported,Information Not Reported,Information Not Reported,N,7,University,Zone 7,Cotton City Raichur (Rotary); Raichur Central (Rotary); Raichur Krishna Tunge (Rotary),Cotton City Raichur (Rotary); Raichur Central (Rotary); Raichur Krishna Tunge (Rotary)
3160,Gulbarga Suncity,217688,Active,Rotaract President,2019 - 2020,Information Not Reported,Information Not Reported,Information Not Reported,Information Not Reported,N,7,Community,Zone 7,Gulbarga Suncity (Rotary),Gulbarga Suncity (Rotary)
3160,Helpinghearts-Rayachoty Govt. Polytechnic College,8827249,Active,Rotaract President,2025 - 2026,Information Not Reported,Information Not Reported,Information Not Reported,Information Not Reported,N,7,University,Zone 7,Rayachoti (Rotary),Rayachoti (Rotary)
3160,JNTUA CE Ananthapuramu,8824237,Active,Rotaract President,2021 - 2022,Information Not Reported,Information Not Reported,Information Not Reported,Information Not Reported,N,7,University,Zone 7,Anantapur Central (Rotary),Anantapur Central (Rotary)
3160,M.M. Degree College Raichur,8824238,Active,Rotaract President,2021 - 2022,Information Not Reported,Information Not Reported,Information Not Reported,Information Not Reported,N,7,University,Zone 7,Cotton City Raichur (Rotary); Raichur Central (Rotary); Raichur Krishna Tunge (Rotary),Cotton City Raichur (Rotary); Raichur Central (Rotary); Raichur Krishna Tunge (Rotary)
3160,MSR Degree College,214621,Active,Rotaract President,2021 - 2022,Information Not Reported,Information Not Reported,Information Not Reported,Information Not Reported,N,7,University,Zone 7,Kavali (Rotary),Kavali (Rotary)
3160,Navanandi,217170,Active,Rotaract President,2019 - 2020,Information Not Reported,Information Not Reported,Information Not Reported,Information Not Reported,N,7,University,Zone 7,Navanandi (Rotary),Navanandi (Rotary)
3160,Nellore Sarvodaya,8824239,Active,Rotaract President,2021 - 2022,Information Not Reported,Information Not Reported,Information Not Reported,Information Not Reported,N,7,University,Zone 7,Nellore South (Rotary),Nellore South (Rotary)
3160,Nellore Shakthi,8824240,Active,Rotaract President,2024 - 2025,Information Not Reported,Information Not Reported,Information Not Reported,Information Not Reported,N,7,Community,Zone 7,Nellore Shakthi (Rotary),Nellore Shakthi (Rotary)
3160,Rajampet,8824225,Active,Rotaract President,2021 - 2022,Information Not Reported,Information Not Reported,Information Not Reported,Information Not Reported,N,7,Community,Zone 7,None Reported,None Reported
3160,Servo,8824226,Active,Rotaract President,2021 - 2022,Information Not Reported,Information Not Reported,Information Not Reported,Information Not Reported,N,7,Community,Zone 7,Chitradurga (Rotary),Chitradurga (Rotary)
3160,Spoorthi,8824227,Active,Rotaract President,2025 - 2026,Information Not Reported,Information Not Reported,Information Not Reported,Information Not Reported,N,7,Community,Zone 7,Chitradurga (Rotary),Chitradurga (Rotary)
3160,"Sri Virat Degree College, Yapaladinni",8824290,Active,Rotaract President,2021 - 2022,Information Not Reported,Information Not Reported,Information Not Reported,Information Not Reported,N,7,University,Zone 7,Cotton City Raichur (Rotary); Raichur Central (Rotary); Raichur Krishna Tunge (Rotary),Cotton City Raichur (Rotary); Raichur Central (Rotary); Raichur Krishna Tunge (Rotary)
3160,Vani Sakkare,8823828,Active,Rotaract President,2021 - 2022,Information Not Reported,Information Not Reported,Information Not Reported,Information Not Reported,N,7,University,Zone 7,Hiriyur (Rotary),Hiriyur (Rotary)
3160,VGFGC,8823829,Active,Rotaract President,2020 - 2021,Information Not Reported,Information Not Reported,Information Not Reported,Information Not Reported,N,7,University,Zone 7,Hiriyur (Rotary),Hiriyur (Rotary)
3160,"Virat Degree College, Yapaladinni",8824291,Active,Rotaract President,2024 - 2025,Information Not Reported,Information Not Reported,Information Not Reported,Information Not Reported,N,7,University,Zone 7,Cotton City Raichur (Rotary); Raichur Central (Rotary); Raichur Krishna Tunge (Rotary),Cotton City Raichur (Rotary); Raichur Central (Rotary); Raichur Krishna Tunge (Rotary)
3160,Women's M. M. Degree College Raichur,8824231,Active,Rotaract President,2021 - 2022,Information Not Reported,Information Not Reported,Information Not Reported,Information Not Reported,N,7,University,Zone 7,Cotton City Raichur (Rotary); Raichur Central (Rotary); Raichur Krishna Tunge (Rotary),Cotton City Raichur (Rotary); Raichur Central (Rotary); Raichur Krishna Tunge (Rotary)
3170,Annasaheb Dange College Hatkanangale,217897,Active,Rotaract President,2019 - 2020,Information Not Reported,Information Not Reported,Information Not Reported,Information Not Reported,N,7,University,Zone 7,Ichalkaranji Central (Rotary),Ichalkaranji Central (Rotary)
3170,A. R. Patil Kanya College Ichalkaranji,217893,Active,Rotaract President,2019 - 2020,Information Not Reported,Information Not Reported,Information Not Reported,Information Not Reported,N,7,University,Zone 7,Ichalkaranji Central (Rotary),Ichalkaranji Central (Rotary)
3170,Atigare,217899,Active,Rotaract President,2019 - 2020,Information Not Reported,Information Not Reported,Information Not Reported,Information Not Reported,N,7,Community,Zone 7,Ichalkaranji Central (Rotary),Ichalkaranji Central (Rotary)
3170,Belgaum,7939,Active,Rotaract President,2025 - 2026,Information Not Reported,Information Not Reported,Information Not Reported,Information Not Reported,N,7,Community,Zone 7,Belgaum (Rotary),Belgaum (Rotary)
3170,Belgaum Lingraj College,8823882,Active,Rotaract President,2022 - 2023,Information Not Reported,Information Not Reported,Information Not Reported,Information Not Reported,N,7,University,Zone 7,Belgaum Central (Rotary),Belgaum Central (Rotary)
3170,Bharat College Dharwad,8824633,Active,Rotaract President,2021 - 2022,Information Not Reported,Information Not Reported,Information Not Reported,Information Not Reported,N,7,University,Zone 7,Dharwad Heritage (Rotary),Dharwad Heritage (Rotary)
3170,Bhatkal,92225,Active,Rotaract President,2025 - 2026,Information Not Reported,Information Not Reported,Information Not Reported,Information Not Reported,N,7,University,Zone 7,Bhatkal (Rotary),Bhatkal (Rotary)
3170,Bijapur,8824776,Active,Rotaract President,2022 - 2023,Information Not Reported,Information Not Reported,Information Not Reported,Information Not Reported,N,7,Community,Zone 7,Bijapur North (Rotary),Bijapur North (Rotary)
3170,Dakkhancha Raja Jotiba (Wadiratnagiri),218716,Active,Rotaract President,2020 - 2021,Information Not Reported,Information Not Reported,Information Not Reported,Information Not Reported,N,7,Community,Zone 7,Smart City Kolhapur (Rotary),Smart City Kolhapur (Rotary)
3170,Dharwad Pristine,8824878,Active,Rotaract President,2022 - 2023,Information Not Reported,Information Not Reported,Information Not Reported,Information Not Reported,N,7,Community,Zone 7,Seven Hills Dharwad (Rotary),Seven Hills Dharwad (Rotary)
3170,GIC,8823356,Active,Rotaract President,2020 - 2021,Information Not Reported,Information Not Reported,Information Not Reported,Information Not Reported,N,7,University,Zone 7,Hubli (Rotary),Hubli (Rotary)
3170,Gokak,8824526,Active,Rotaract President,2021 - 2022,Information Not Reported,Information Not Reported,Information Not Reported,Information Not Reported,N,7,Community,Zone 7,Gokak (Rotary),Gokak (Rotary)
3170,Government College Khandola,8826663,Active,Rotaract President,2025 - 2026,Information Not Reported,Information Not Reported,Information Not Reported,Information Not Reported,N,7,University,Zone 7,Panaji Riviera (Rotary),Panaji Riviera (Rotary)
3170,Government College Navalur,8824637,Active,Rotaract President,2021 - 2022,Information Not Reported,Information Not Reported,Information Not Reported,Information Not Reported,N,7,University,Zone 7,Dharwad Heritage (Rotary),Dharwad Heritage (Rotary)
3170,"Government Polytechnic College, Karwar",214491,Active,Rotaract President,2020 - 2021,Information Not Reported,Information Not Reported,Information Not Reported,Information Not Reported,N,7,University,Zone 7,Karwar (Rotary),Karwar (Rotary)
3170,Hubbali,8827557,Active,Rotaract President,2025 - 2026,Information Not Reported,Information Not Reported,Information Not Reported,Information Not Reported,N,7,Community,Zone 7,Hubli (Rotary),Hubli (Rotary)
3170,Hupari,217852,Active,Rotaract President,2025 - 2026,Information Not Reported,Information Not Reported,Information Not Reported,Information Not Reported,N,7,Community,Zone 7,Hupari (Rotary),Hupari (Rotary)
3170,Ichalkaranji Central,218339,Active,Rotaract President,2020 - 2021,Information Not Reported,Information Not Reported,Information Not Reported,Information Not Reported,N,7,Community,Zone 7,Ichalkaranji Central (Rotary),Ichalkaranji Central (Rotary)
3170,Ichalkaranji Nalanda,217888,Active,Rotaract President,2019 - 2020,Information Not Reported,Information Not Reported,Information Not Reported,Information Not Reported,N,7,Community,Zone 7,Ichalkaranji Central (Rotary),Ichalkaranji Central (Rotary)
3170,IEMS,8823357,Active,Rotaract President,2020 - 2021,Information Not Reported,Information Not Reported,Information Not Reported,Information Not Reported,N,7,University,Zone 7,Hubli (Rotary),Hubli (Rotary)
3170,IHM Catering Technology & Applied Nutrition,216714,Active,Rotaract President,2025 - 2026,Information Not Reported,Information Not Reported,Information Not Reported,Information Not Reported,N,7,University,Zone 7,Porvorim (Rotary),Porvorim (Rotary)
3170,Jaysingpur,91052,Active,Rotaract President,2024 - 2025,Information Not Reported,Information Not Reported,Information Not Reported,Information Not Reported,N,7,Community,Zone 7,Jaysingpur (Rotary),Jaysingpur (Rotary)
3170,JGND Bhartesh College,8827538,Active,Rotaract President,2025 - 2026,Information Not Reported,Information Not Reported,Information Not Reported,Information Not Reported,N,7,University,Zone 7,None Reported,None Reported
3170,JSS College of Speech & Hearing Dharwad,8824881,Active,Rotaract President,2022 - 2023,Information Not Reported,Information Not Reported,Information Not Reported,Information Not Reported,N,7,University,Zone 7,Seven Hills Dharwad (Rotary),Seven Hills Dharwad (Rotary)
3170,K. E. Board First Grade Arts & Commerce PU College Dharwad,8827840,Active,Rotaract President,2025 - 2026,Information Not Reported,Information Not Reported,Information Not Reported,Information Not Reported,N,7,University,Zone 7,Dharwad (Rotary),Dharwad (Rotary)
3170,KIT Sunshine,216141,Active,Rotaract President,2024 - 2025,Information Not Reported,Information Not Reported,Information Not Reported,Information Not Reported,N,7,University,Zone 7,Kolhapur Sunrise (Rotary),Kolhapur Sunrise (Rotary)
3170,KLE BCA College Mahalingpur,8827935,Active,Rotaract President,2025 - 2026,Information Not Reported,Information Not Reported,Information Not Reported,Information Not Reported,N,7,University,Zone 7,Ramteerth (Rotary),Ramteerth (Rotary)
3170,KLE's College of BBA & BCA Dharwad,8825974,Active,Rotaract President,2025 - 2026,Information Not Reported,Information Not Reported,Information Not Reported,Information Not Reported,N,7,University,Zone 7,Hubli (Rotary),Hubli (Rotary)
3170,KLE's GH BCA Haveri,225525,Active,Rotaract President,2025 - 2026,Information Not Reported,Information Not Reported,Information Not Reported,Information Not Reported,N,7,University,Zone 7,Haveri (Rotaract),Haveri (Rotaract)
3170,KLE's GI Bagewadi BCA BBA,8827510,Active,Rotaract President,2025 - 2026,Information Not Reported,Information Not Reported,Information Not Reported,Information Not Reported,N,7,University,Zone 7,Nipani (Rotary),Nipani (Rotary)
3170,KLE's MP Commerce College Raibag,8827552,Active,Rotaract President,2025 - 2026,Information Not Reported,Information Not Reported,Information Not Reported,Information Not Reported,N,7,University,Zone 7,Chikodi (Rotary),Chikodi (Rotary)
3170,KLE Society's College of BCA RLS Institute Belagavi,8825555,Active,Rotaract President,2025 - 2026,Information Not Reported,Information Not Reported,Information Not Reported,Information Not Reported,N,7,University,Zone 7,None Reported,None Reported
3170,Margao Midtown,216971,Active,Rotaract President,2024 - 2025,Information Not Reported,Information Not Reported,Information Not Reported,Information Not Reported,N,7,University,Zone 7,Margao Midtown (Rotary),Margao Midtown (Rotary)
3170,MES College of Nursing,8825628,Active,Rotaract President,2025 - 2026,Information Not Reported,Information Not Reported,Information Not Reported,Information Not Reported,N,7,University,Zone 7,Lote (Rotary),Lote (Rotary)
3170,M.E.S Commerce College,8827401,Active,Rotaract President,2025 - 2026,Information Not Reported,Information Not Reported,Information Not Reported,Information Not Reported,N,7,University,Zone 7,Sirsi (Rotary),Sirsi (Rotary)
3170,Panhala,218715,Active,Rotaract President,2020 - 2021,Information Not Reported,Information Not Reported,Information Not Reported,Information Not Reported,N,7,Community,Zone 7,Smart City Kolhapur (Rotary),Smart City Kolhapur (Rotary)
3170,Pattan-Kodoli,8827953,Active,Rotaract President,2025 - 2026,Information Not Reported,Information Not Reported,Information Not Reported,Information Not Reported,N,7,Community,Zone 7,Hupari (Rotary),Hupari (Rotary)
3170,Presentation Girl's Composite P.U. College,218019,Active,Rotaract President,2022 - 2023,Information Not Reported,Information Not Reported,Information Not Reported,Information Not Reported,N,7,University,Zone 7,Dharwad Central (Rotary),Dharwad Central (Rotary)
3170,"Rajarshi Shahu College, Rukadi",217898,Active,Rotaract President,2022 - 2023,Information Not Reported,Information Not Reported,Information Not Reported,Information Not Reported,N,7,University,Zone 7,Ichalkaranji Central (Rotary),Ichalkaranji Central (Rotary)
3170,RPD College,8824934,Active,Rotaract President,2022 - 2023,Information Not Reported,Information Not Reported,Information Not Reported,Information Not Reported,N,7,University,Zone 7,Belgaum South (Rotary),Belgaum South (Rotary)
3170,Sahyadri Pashan,218304,Active,Rotaract President,2025 - 2026,Information Not Reported,Information Not Reported,Information Not Reported,Information Not Reported,N,7,Community,Zone 7,Vishrambag (Rotary),Vishrambag (Rotary)
3170,Sangli Midtown Synergy,8825730,Active,Rotaract President,2024 - 2025,Information Not Reported,Information Not Reported,Information Not Reported,Information Not Reported,N,7,Community,Zone 7,Sangli Midtown (Rotary),Sangli Midtown (Rotary)
3170,Sanjeevini Pharmacy College,8824549,Active,Rotaract President,2022 - 2023,Information Not Reported,Information Not Reported,Information Not Reported,Information Not Reported,N,7,University,Zone 7,Bijapur North (Rotary),Bijapur North (Rotary)
3170,"Sarohini College of Pharmacy ""Samarpan""",216241,Active,Rotaract President,2024 - 2025,Information Not Reported,Information Not Reported,Information Not Reported,Information Not Reported,N,7,University,Zone 7,Gargis Kolhapur (Rotary),Gargis Kolhapur (Rotary)
3170,"SDM Degree College, Honnavar",215206,Active,Rotaract President,2022 - 2023,Information Not Reported,Information Not Reported,Information Not Reported,Information Not Reported,N,7,University,Zone 7,Honavar (Rotary),Honavar (Rotary)
3170,Shantiniketan,8824524,Active,Rotaract President,2021 - 2022,Information Not Reported,Information Not Reported,Information Not Reported,Information Not Reported,N,7,University,Zone 7,E-Club of District 3170 Belgaum (Rotary),E-Club of District 3170 Belgaum (Rotary)
3170,"Shivaji College of Educatin, Baad, Karwar",214497,Active,Rotaract President,2020 - 2021,Information Not Reported,Information Not Reported,Information Not Reported,Information Not Reported,N,7,University,Zone 7,Karwar (Rotary),Karwar (Rotary)
3170,Shreeya College of Nursing,217366,Active,Rotaract President,2019 - 2020,Information Not Reported,Information Not Reported,Information Not Reported,Information Not Reported,N,7,University,Zone 7,Seven Hills Dharwad (Rotary),Seven Hills Dharwad (Rotary)
3170,"Shri Santram PU College, Athani",217823,Active,Rotaract President,2019 - 2020,Information Not Reported,Information Not Reported,Information Not Reported,Information Not Reported,N,7,University,Zone 7,Athani (Rotary),Athani (Rotary)
3170,"SJMVS BBA COLLEGE FOR WOMEN, HUBLI",217724,Active,Rotaract President,2019 - 2020,Information Not Reported,Information Not Reported,Information Not Reported,Information Not Reported,N,7,University,Zone 7,Hubli Mid-Town (Rotary),Hubli Mid-Town (Rotary)
3170,S.J.M.V.S. Womens BBA College,8826065,Active,Rotaract President,2024 - 2025,Information Not Reported,Information Not Reported,Information Not Reported,Information Not Reported,N,7,University,Zone 7,Hubli (Rotary),Hubli (Rotary)
3170,Smt. C. B. Shah Mahila Mahavidyalay,8824632,Active,Rotaract President,2024 - 2025,Information Not Reported,Information Not Reported,Information Not Reported,Information Not Reported,N,7,University,Zone 7,Sangli (Rotary),Sangli (Rotary)
3170,St. Xaviers College,216092,Active,Rotaract President,2021 - 2022,Information Not Reported,Information Not Reported,Information Not Reported,Information Not Reported,N,7,University,Zone 7,Mapuca (Rotary),Mapuca (Rotary)
3170,Swarajya,8823546,Active,Rotaract President,2022 - 2023,Information Not Reported,Information Not Reported,Information Not Reported,Information Not Reported,N,7,Community,Zone 7,Kolhapur (Rotaract),Kolhapur (Rotaract)
3170,Trinity College,215190,Active,Rotaract President,2020 - 2021,Information Not Reported,Information Not Reported,Information Not Reported,Information Not Reported,N,7,University,Zone 7,Belgaum Central (Rotary),Belgaum Central (Rotary)
3170,Vidya P Hanchinmani PU Science College,218020,Active,Rotaract President,2019 - 2020,Information Not Reported,Information Not Reported,Information Not Reported,Information Not Reported,N,7,University,Zone 7,Dharwad Central (Rotary),Dharwad Central (Rotary)
3170,Vivekanand College Kolhapur,8826216,Active,Rotaract President,2025 - 2026,Information Not Reported,Information Not Reported,Information Not Reported,Information Not Reported,N,7,University,Zone 7,Smart City Kolhapur (Rotary),Smart City Kolhapur (Rotary)
3181,Besant P.G. Studies in Commerce,216654,Active,Rotaract President,2020 - 2021,Information Not Reported,Information Not Reported,Information Not Reported,Information Not Reported,N,7,University,Zone 7,Mangalore (Rotary),Mangalore (Rotary)
3181,B.T.C.G. Govt. First Grade College Yadoor,215995,Active,Rotaract President,2020 - 2021,Information Not Reported,Information Not Reported,Information Not Reported,Information Not Reported,N,7,University,Zone 7,Somwarpet Hills (Rotary),Somwarpet Hills (Rotary)
3181,Canara P.G. Centre For Commerce,217825,Active,Rotaract President,2020 - 2021,Information Not Reported,Information Not Reported,Information Not Reported,Information Not Reported,N,7,University,Zone 7,Mangalore (Rotary),Mangalore (Rotary)
3181,Coorg Institute of Technology,213039,Active,Rotaract President,2025 - 2026,Information Not Reported,Information Not Reported,Information Not Reported,Information Not Reported,N,7,University,Zone 7,Gonikoppal (Rotary),Gonikoppal (Rotary)
3181,De Paul College,8824497,Active,Rotaract President,2025 - 2026,Information Not Reported,Information Not Reported,Information Not Reported,Information Not Reported,N,7,University,Zone 7,Mysore Mid-Town (Rotary),Mysore Mid-Town (Rotary)
3181,Forestry College Ponnampet,216348,Active,Rotaract President,2022 - 2023,Information Not Reported,Information Not Reported,Information Not Reported,Information Not Reported,N,7,University,Zone 7,Gonikoppal (Rotary),Gonikoppal (Rotary)
3181,GFGC Mudipu,217331,Active,Rotaract President,2020 - 2021,Information Not Reported,Information Not Reported,Information Not Reported,Information Not Reported,N,7,University,Zone 7,Bantwal (Rotary),Bantwal (Rotary)
3181,Government 1st Grade Degree College Vamadapadavu,217329,Active,Rotaract President,2019 - 2020,Information Not Reported,Information Not Reported,Information Not Reported,Information Not Reported,N,7,University,Zone 7,Bantwal Loretto Hills (Rotary),Bantwal Loretto Hills (Rotary)
3181,Govt First Grade College Punjalakatte,217599,Active,Rotaract President,2020 - 2021,Information Not Reported,Information Not Reported,Information Not Reported,Information Not Reported,N,7,University,Zone 7,Madanthyar (Rotary),Madanthyar (Rotary)
3181,Govt. First Grade College Siddakatte,215555,Active,Rotaract President,2019 - 2020,Information Not Reported,Information Not Reported,Information Not Reported,Information Not Reported,N,7,University,Zone 7,Bantwal Loretto Hills (Rotary),Bantwal Loretto Hills (Rotary)
3181,Kodagu,8825967,Active,Rotaract President,2025 - 2026,Information Not Reported,Information Not Reported,Information Not Reported,Information Not Reported,N,7,Community,Zone 7,Gonikoppal (Rotary),Gonikoppal (Rotary)
3181,MIT First Grade College,8825968,Active,Rotaract President,2025 - 2026,Information Not Reported,Information Not Reported,Information Not Reported,Information Not Reported,N,7,University,Zone 7,Mysore South East (Rotary),Mysore South East (Rotary)
3181,Mysore Mid Town,8826032,Active,Rotaract President,2025 - 2026,Information Not Reported,Information Not Reported,Information Not Reported,Information Not Reported,N,7,Community,Zone 7,Mysore Mid-Town (Rotary),Mysore Mid-Town (Rotary)
3181,National Institute of Engineering Mysore,8827738,Active,Rotaract President,2025 - 2026,Information Not Reported,Information Not Reported,Information Not Reported,Information Not Reported,N,7,University,Zone 7,Mysore Metro (Rotary),Mysore Metro (Rotary)
3181,National Institute of Technology Karnataka,8826927,Active,Rotaract President,2025 - 2026,Information Not Reported,Information Not Reported,Information Not Reported,Information Not Reported,N,7,University,Zone 7,Surathkal (Rotary),Surathkal (Rotary)
3181,Pragathi Paramedical,8824133,Active,Rotaract President,2025 - 2026,Information Not Reported,Information Not Reported,Information Not Reported,Information Not Reported,N,7,University,Zone 7,Puttur (Rotary),Puttur (Rotary)
3181,Puttur,7987,Active,Rotaract President,2025 - 2026,Information Not Reported,Information Not Reported,Information Not Reported,Information Not Reported,N,7,Community,Zone 7,Puttur (Rotary),Puttur (Rotary)
3181,SNM Polytechnic,217387,Active,Rotaract President,2019 - 2020,Information Not Reported,Information Not Reported,Information Not Reported,Information Not Reported,N,7,University,Zone 7,Moodabidri (Rotary),Moodabidri (Rotary)
3181,Spandan Somwarpet Hills,215990,Active,Rotaract President,2020 - 2021,Information Not Reported,Information Not Reported,Information Not Reported,Information Not Reported,N,7,University,Zone 7,Somwarpet Hills (Rotary),Somwarpet Hills (Rotary)
3181,Sri Vani Vilas Urs Women's First Grade College,8826347,Active,Rotaract President,2025 - 2026,Information Not Reported,Information Not Reported,Information Not Reported,Information Not Reported,N,7,University,Zone 7,Ivory City Mysuru (Rotary),Ivory City Mysuru (Rotary)
3181,St. Joseph Degree College Somwarpet,215994,Active,Rotaract President,2022 - 2023,Information Not Reported,Information Not Reported,Information Not Reported,Information Not Reported,N,7,University,Zone 7,Somwarpet Hills (Rotary),Somwarpet Hills (Rotary)
3181,Sullia,217834,Active,Rotaract President,2022 - 2023,Information Not Reported,Information Not Reported,Information Not Reported,Information Not Reported,N,7,Community,Zone 7,Sullia (Rotary),Sullia (Rotary)
3181,Sullia United,8826341,Active,Rotaract President,2024 - 2025,Information Not Reported,Information Not Reported,Information Not Reported,Information Not Reported,N,7,Community,Zone 7,Sullia City (Rotary),Sullia City (Rotary)
3181,Thingalady,8827665,Active,Rotaract President,2025 - 2026,Information Not Reported,Information Not Reported,Information Not Reported,Information Not Reported,N,7,Community,Zone 7,Puttur-East (Rotary),Puttur-East (Rotary)
3181,"Yenopaya Institute of Arts, Science, Commerce & Management",217824,Active,Rotaract President,2020 - 2021,Information Not Reported,Information Not Reported,Information Not Reported,Information Not Reported,N,7,University,Zone 7,Mangalore (Rotary),Mangalore (Rotary)
3182,Aaraike,8826217,Active,Rotaract President,2025 - 2026,Information Not Reported,Information Not Reported,Information Not Reported,Information Not Reported,N,7,Community,Zone 7,Hassan Midtown (Rotary),Hassan Midtown (Rotary)
3182,Ashothara Seva Jayapura,217924,Active,Rotaract President,2020 - 2021,Information Not Reported,Information Not Reported,Information Not Reported,Information Not Reported,N,7,Community,Zone 7,Jayapura (Rotary),Jayapura (Rotary)
3182,A S S I T I Billady,217501,Active,Rotaract President,2021 - 2022,Information Not Reported,Information Not Reported,Information Not Reported,Information Not Reported,N,7,University,Zone 7,Saibarkatte (Rotary),Saibarkatte (Rotary)
3182,Bahubali College of Engineering,217520,Active,Rotaract President,2022 - 2023,Information Not Reported,Information Not Reported,Information Not Reported,Information Not Reported,N,7,University,Zone 7,Channarayapatna Vision (Rotary),Channarayapatna Vision (Rotary)
3182,Brahmavar,217464,Active,Rotaract President,2022 - 2023,Information Not Reported,Information Not Reported,Information Not Reported,Information Not Reported,N,7,Community,Zone 7,Brahmavar (Rotary),Brahmavar (Rotary)
3182,Chikkamagaluru Institute of Medical Sciences,8827099,Active,Rotaract President,2025 - 2026,Information Not Reported,Information Not Reported,Information Not Reported,Information Not Reported,N,7,University,Zone 7,Chikmagalur-Coffee Land (Rotary),Chikmagalur-Coffee Land (Rotary)
3182,Dr. G. Shankar Gov. Women First Grade College,217550,Active,Rotaract President,2021 - 2022,Information Not Reported,Information Not Reported,Information Not Reported,Information Not Reported,N,7,University,Zone 7,Udupi (Rotary),Udupi (Rotary)
3182,"Dr. T.M.A. Pai Polytechnic, Manipal",74684,Active,Rotaract President,2022 - 2023,Information Not Reported,Information Not Reported,Information Not Reported,Information Not Reported,N,7,University,Zone 7,Manipal (Rotary),Manipal (Rotary)
3182,Gangolli,8825039,Active,Rotaract President,2022 - 2023,Information Not Reported,Information Not Reported,Information Not Reported,Information Not Reported,N,7,University,Zone 7,Ganguli (Rotary),Ganguli (Rotary)
3182,Government First Grade College Byndoor,8826805,Active,Rotaract President,2025 - 2026,Information Not Reported,Information Not Reported,Information Not Reported,Information Not Reported,N,7,University,Zone 7,Byndoor (Rotary),Byndoor (Rotary)
3182,Government Junior College-Kemmannu,217486,Active,Rotaract President,2021 - 2022,Information Not Reported,Information Not Reported,Information Not Reported,Information Not Reported,N,7,University,Zone 7,Kallianpur (Rotary),Kallianpur (Rotary)
3182,Govt. Engineering College,216799,Active,Rotaract President,2020 - 2021,Information Not Reported,Information Not Reported,Information Not Reported,Information Not Reported,N,7,University,Zone 7,Hassan (Rotary),Hassan (Rotary)
3182,Govt. Polytechnic College Manipal,217485,Active,Rotaract President,2022 - 2023,Information Not Reported,Information Not Reported,Information Not Reported,Information Not Reported,N,7,University,Zone 7,Manipal Town (Rotary),Manipal Town (Rotary)
3182,Govt. Polytechnic Karkala,217736,Active,Rotaract President,2019 - 2020,Information Not Reported,Information Not Reported,Information Not Reported,Information Not Reported,N,7,University,Zone 7,Karkala Rock City (Rotary),Karkala Rock City (Rotary)
3182,Govt. Science College,216810,Active,Rotaract President,2020 - 2021,Information Not Reported,Information Not Reported,Information Not Reported,Information Not Reported,N,7,University,Zone 7,Hassan (Rotary),Hassan (Rotary)
3182,Hassan Institute of Medical Sciences,215518,Active,Rotaract President,2021 - 2022,Information Not Reported,Information Not Reported,Information Not Reported,Information Not Reported,N,7,University,Zone 7,Hassan (Rotary),Hassan (Rotary)
3182,ITI Pragathi Nagara,217601,Active,Rotaract President,2022 - 2023,Information Not Reported,Information Not Reported,Information Not Reported,Information Not Reported,N,7,University,Zone 7,Manipal Hills (Rotary),Manipal Hills (Rotary)
3182,"JNNCE, Shimoga",217488,Active,Rotaract President,2019 - 2020,Information Not Reported,Information Not Reported,Information Not Reported,Information Not Reported,N,7,University,Zone 7,Shimoga Midtown (Rotary),Shimoga Midtown (Rotary)
3182,Kadur,8824785,Active,Rotaract President,2022 - 2023,Information Not Reported,Information Not Reported,Information Not Reported,Information Not Reported,N,7,Community,Zone 7,Kadur (Rotary),Kadur (Rotary)
3182,Kamala Nehru Shimoga,217813,Active,Rotaract President,2019 - 2020,Information Not Reported,Information Not Reported,Information Not Reported,Information Not Reported,N,7,University,Zone 7,Shimoga North (Rotary),Shimoga North (Rotary)
3182,Karkala,89844,Active,Rotaract President,2024 - 2025,Information Not Reported,Information Not Reported,Information Not Reported,Information Not Reported,N,7,Community,Zone 7,Karkala (Rotary),Karkala (Rotary)
3182,Katpady,216502,Active,Rotaract President,2020 - 2021,Information Not Reported,Information Not Reported,Information Not Reported,Information Not Reported,N,7,Community,Zone 7,Katpady (Rotary),Katpady (Rotary)
3182,Koteshwara,217569,Active,Rotaract President,2025 - 2026,Information Not Reported,Information Not Reported,Information Not Reported,Information Not Reported,N,7,Community,Zone 7,Koteshwara (Rotary),Koteshwara (Rotary)
3182,K.V.S.M. College Katapady,216500,Active,Rotaract President,2020 - 2021,Information Not Reported,Information Not Reported,Information Not Reported,Information Not Reported,N,7,University,Zone 7,Katpady (Rotary),Katpady (Rotary)
3182,Malnad College of Engineering,215339,Active,Rotaract President,2022 - 2023,Information Not Reported,Information Not Reported,Information Not Reported,Information Not Reported,N,7,University,Zone 7,Hassan (Rotary),Hassan (Rotary)
3182,Manipal Academy of Higher Education,216443,Active,Rotaract President,2023 - 2024,Information Not Reported,Information Not Reported,Information Not Reported,Information Not Reported,N,7,University,Zone 7,Manipal (Rotary),Manipal (Rotary)
3182,Manipal Central,218444,Active,Rotaract President,2025 - 2026,Information Not Reported,Information Not Reported,Information Not Reported,Information Not Reported,N,7,Community,Zone 7,Manipal (Rotary),Manipal (Rotary)
3182,Milagres College Kallianpur,217487,Active,Rotaract President,2019 - 2020,Information Not Reported,Information Not Reported,Information Not Reported,Information Not Reported,N,7,University,Zone 7,Kallianpur (Rotary),Kallianpur (Rotary)
3182,MPMG College,214342,Active,Rotaract President,2019 - 2020,Information Not Reported,Information Not Reported,Information Not Reported,Information Not Reported,N,7,University,Zone 7,Karkala (Rotary),Karkala (Rotary)
3182,"Muniyal Ayurveda College, Manipal",215303,Active,Rotaract President,2022 - 2023,Information Not Reported,Information Not Reported,Information Not Reported,Information Not Reported,N,7,University,Zone 7,Manipal (Rotary),Manipal (Rotary)
3182,"Netra Jyothi College of Optometry & Paramedical Science, Udupi",215361,Active,Rotaract President,2020 - 2021,Information Not Reported,Information Not Reported,Information Not Reported,Information Not Reported,N,7,University,Zone 7,Manipal (Rotary),Manipal (Rotary)
3182,NMAM Institute of Technology,215923,Active,Rotaract President,2021 - 2022,Information Not Reported,Information Not Reported,Information Not Reported,Information Not Reported,N,7,University,Zone 7,Nitte (Rotary),Nitte (Rotary)
3182,Pragathi Dr. B.B. Hedge First Grade College Kundapura,217733,Active,Rotaract President,2019 - 2020,Information Not Reported,Information Not Reported,Information Not Reported,Information Not Reported,N,7,University,Zone 7,Kundapura (Rotary),Kundapura (Rotary)
3182,Rajeev Polytechnic,216157,Active,Rotaract President,2020 - 2021,Information Not Reported,Information Not Reported,Information Not Reported,Information Not Reported,N,7,University,Zone 7,Hassan Midtown (Rotary),Hassan Midtown (Rotary)
3182,Sagri,215507,Active,Rotaract President,2020 - 2021,Information Not Reported,Information Not Reported,Information Not Reported,Information Not Reported,N,7,Community,Zone 7,Manipal (Rotary),Manipal (Rotary)
3182,SDM Royals,216781,Active,Rotaract President,2019 - 2020,Information Not Reported,Information Not Reported,Information Not Reported,Information Not Reported,N,7,Community,Zone 7,Hassan Royal (Rotary),Hassan Royal (Rotary)
3182,Seva,217876,Active,Rotaract President,2019 - 2020,Information Not Reported,Information Not Reported,Information Not Reported,Information Not Reported,N,7,Community,Zone 7,Hassan Midtown (Rotary),Hassan Midtown (Rotary)
3182,Sharavathi 1st Grade College,217761,Active,Rotaract President,2022 - 2023,Information Not Reported,Information Not Reported,Information Not Reported,Information Not Reported,N,7,University,Zone 7,Konandur (Rotary),Konandur (Rotary)
3182,Shimoga Stars,8827160,Active,Rotaract President,2025 - 2026,Information Not Reported,Information Not Reported,Information Not Reported,Information Not Reported,N,7,Community,Zone 7,Shimoga (Rotary),Shimoga (Rotary)
3182,Shirdi Sai Degree College,8823650,Active,Rotaract President,2022 - 2023,Information Not Reported,Information Not Reported,Information Not Reported,Information Not Reported,N,7,University,Zone 7,Karkala (Rotary),Karkala (Rotary)
3182,Sri Bhuvanedra College Karkala,217737,Active,Rotaract President,2022 - 2023,Information Not Reported,Information Not Reported,Information Not Reported,Information Not Reported,N,7,University,Zone 7,Karkala Rock City (Rotary),Karkala Rock City (Rotary)
3182,Udupi Dhnavantari College & School of Nursing,215571,Active,Rotaract President,2023 - 2024,Information Not Reported,Information Not Reported,Information Not Reported,Information Not Reported,N,7,University,Zone 7,Parkala (Rotary),Parkala (Rotary)
3191,AMC Engineering College,8826961,Active,Rotaract President,2025 - 2026,Information Not Reported,Information Not Reported,Information Not Reported,Information Not Reported,N,7,University,Zone 7,Bengaluru Harmony (Rotary),Bengaluru Harmony (Rotary)
3191,A P S College of Engineering,8824329,Active,Rotaract President,2025 - 2026,Information Not Reported,Information Not Reported,Information Not Reported,Information Not Reported,N,7,University,Zone 7,Bangalore Koramangala (Rotary); Koramangala (Rotaract),Bangalore Koramangala (Rotary); Koramangala (Rotaract)
3191,Bengaluru Avyanna,8826661,Active,Rotaract President,2025 - 2026,Information Not Reported,Information Not Reported,Information Not Reported,Information Not Reported,N,7,Community,Zone 7,Bengaluru South End (Rotary),Bengaluru South End (Rotary)
3191,Bengaluru Harmony,8823827,Active,Rotaract President,2024 - 2025,Information Not Reported,Information Not Reported,Information Not Reported,Information Not Reported,N,7,Community,Zone 7,Bengaluru Harmony (Rotary),Bengaluru Harmony (Rotary)
3191,BSVP First Grade College,8826343,Active,Rotaract President,2024 - 2025,Information Not Reported,Information Not Reported,Information Not Reported,Information Not Reported,N,7,University,Zone 7,Ramanagaram (Rotary),Ramanagaram (Rotary)
3191,Ghousia College of Engineering,8826295,Active,Rotaract President,2024 - 2025,Information Not Reported,Information Not Reported,Information Not Reported,Information Not Reported,N,7,University,Zone 7,Ramanagaram (Rotary),Ramanagaram (Rotary)
3191,"Govt. First Grade College, Ramanagara",217504,Active,Rotaract President,2023 - 2024,Information Not Reported,Information Not Reported,Information Not Reported,Information Not Reported,N,7,University,Zone 7,Ramanagaram (Rotary),Ramanagaram (Rotary)
3191,Maharani Lakshmi Ammanni College,8826292,Active,Rotaract President,2025 - 2026,Information Not Reported,Information Not Reported,Information Not Reported,Information Not Reported,N,7,University,Zone 7,Bangalore East (Rotaract); Bangalore East (Rotary),Bangalore East (Rotaract); Bangalore East (Rotary)
3191,Marathahalli,213555,Active,Rotaract President,2025 - 2026,Information Not Reported,Information Not Reported,Information Not Reported,Information Not Reported,N,7,Community,Zone 7,Bangalore Midtown (Rotary),Bangalore Midtown (Rotary)
3191,MEDIKARDIA,8825064,Active,Rotaract President,2025 - 2026,Information Not Reported,Information Not Reported,Information Not Reported,Information Not Reported,N,7,Community,Zone 7,Bangalore Jeevanbimanagar (Rotary),Bangalore Jeevanbimanagar (Rotary)
3191,New Horizon College,8826924,Active,Rotaract President,2025 - 2026,Information Not Reported,Information Not Reported,Information Not Reported,Information Not Reported,N,7,University,Zone 7,Bangalore Lakeside (Rotary),Bangalore Lakeside (Rotary)
3191,NMIT-MBA,8824377,Active,Rotaract President,2024 - 2025,Information Not Reported,Information Not Reported,Information Not Reported,Information Not Reported,N,7,University,Zone 7,Bangalore Highgrounds (Rotary),Bangalore Highgrounds (Rotary)
3191,Palmville,218245,Active,Rotaract President,2023 - 2024,Information Not Reported,Information Not Reported,Information Not Reported,Information Not Reported,N,7,Community,Zone 7,Bangalore Palmville (Rotary),Bangalore Palmville (Rotary)
3191,PES University,91584,Active,Rotaract President,2024 - 2025,Information Not Reported,Information Not Reported,Information Not Reported,Information Not Reported,N,7,University,Zone 7,Bangalore Banashankari (Rotary),Bangalore Banashankari (Rotary)
3191,Ramaiah College of Law,8827267,Active,Rotaract President,2025 - 2026,Information Not Reported,Information Not Reported,Information Not Reported,Information Not Reported,N,7,University,Zone 7,Bangalore Abilities (Rotary),Bangalore Abilities (Rotary)
3191,R. V. University,8826053,Active,Rotaract President,2024 - 2025,Information Not Reported,Information Not Reported,Information Not Reported,Information Not Reported,N,7,University,Zone 7,E-Club of Bangalore District 3190 (Rotary),E-Club of Bangalore District 3190 (Rotary)
3191,Sacred Heart Degree College for Women,8824817,Active,Rotaract President,2024 - 2025,Information Not Reported,Information Not Reported,Information Not Reported,Information Not Reported,N,7,University,Zone 7,Bangalore Palmville (Rotary); Bangalore Social (Rotary); Bengaluru Disha (Rotary),Bangalore Palmville (Rotary); Bangalore Social (Rotary); Bengaluru Disha (Rotary)
3191,Samarpane RC College,8824518,Active,Rotaract President,2023 - 2024,Information Not Reported,Information Not Reported,Information Not Reported,Information Not Reported,N,7,University,Zone 7,Bengaluru South Samarpane (Rotary),Bengaluru South Samarpane (Rotary)
3191,St. Francis de Sales College,8824472,Active,Rotaract President,2023 - 2024,Information Not Reported,Information Not Reported,Information Not Reported,Information Not Reported,N,7,University,Zone 7,Bangalore Health City (Rotary),Bangalore Health City (Rotary)
3191,T.S.M.T.,212680,Active,Rotaract President,2024 - 2025,Information Not Reported,Information Not Reported,Information Not Reported,Information Not Reported,N,7,Community,Zone 7,Bangalore Southwest (Rotary),Bangalore Southwest (Rotary)
3191,V.E.T First Grade College JP Nagar,8826526,Active,Rotaract President,2025 - 2026,Information Not Reported,Information Not Reported,Information Not Reported,Information Not Reported,N,7,University,Zone 7,Bangalore Spandana (Rotary),Bangalore Spandana (Rotary)
3192,Agragami Degree College,8824484,Active,Rotaract President,,Information Not Reported,Information Not Reported,Information Not Reported,Information Not Reported,N,7,University,Zone 7,Bangalore Yelahanka (Rotary),Bangalore Yelahanka (Rotary)
3192,AIMIT College,215387,Active,Rotaract President,2025 - 2026,Information Not Reported,Information Not Reported,Information Not Reported,Information Not Reported,N,7,University,Zone 7,Bangalore West (Rotary),Bangalore West (Rotary)
3192,Ambedkar Institute of Technology,8826703,Active,Rotaract President,2025 - 2026,Information Not Reported,Information Not Reported,Information Not Reported,Information Not Reported,N,7,University,Zone 7,Bangalore Sadgamaya (Rotary),Bangalore Sadgamaya (Rotary)
3192,Baldwin Women's Methodist College,61077,Active,Rotaract President,2025 - 2026,Information Not Reported,Information Not Reported,Information Not Reported,Information Not Reported,N,7,University,Zone 7,Bangalore Brigades (Rotary),Bangalore Brigades (Rotary)
3192,Bangalore Junction,215774,Active,Rotaract President,2024 - 2025,Information Not Reported,Information Not Reported,Information Not Reported,Information Not Reported,N,7,Community,Zone 7,Bangalore Junction (Rotary),Bangalore Junction (Rotary)
3192,Bangalore Nandini,8826766,Active,Rotaract President,2025 - 2026,Information Not Reported,Information Not Reported,Information Not Reported,Information Not Reported,N,7,Community,Zone 7,Bangalore Nandini (Rotary),Bangalore Nandini (Rotary)
3192,Bangalore R.T. Nagar,8173,Active,Rotaract President,2025 - 2026,Information Not Reported,Information Not Reported,Information Not Reported,Information Not Reported,N,7,Community,Zone 7,Bangalore R.T. Nagar (Rotary),Bangalore R.T. Nagar (Rotary)
3192,Bengaluru Avinya,8826631,Active,Rotaract President,2025 - 2026,Information Not Reported,Information Not Reported,Information Not Reported,Information Not Reported,N,7,Community,Zone 7,Bangalore Brigades (Rotary),Bangalore Brigades (Rotary)
3192,Bengaluru Compassion Crew,8827481,Active,Rotaract President,2025 - 2026,Information Not Reported,Information Not Reported,Information Not Reported,Information Not Reported,N,7,Community,Zone 7,Bengaluru Platinum City (Rotary),Bengaluru Platinum City (Rotary)
3192,Bishop Cotton Yelahanka,216046,Active,Rotaract President,,Information Not Reported,Information Not Reported,Information Not Reported,Information Not Reported,N,7,University,Zone 7,Bangalore R.T. Nagar (Rotary),Bangalore R.T. Nagar (Rotary)
3192,C M R I T,212785,Active,Rotaract President,2025 - 2026,Information Not Reported,Information Not Reported,Information Not Reported,Information Not Reported,N,7,University,Zone 7,Bangalore Ramamurthy Nagar (Rotary),Bangalore Ramamurthy Nagar (Rotary)
3192,Falcon Youth,8825140,Active,Rotaract President,2025 - 2026,Information Not Reported,Information Not Reported,Information Not Reported,Information Not Reported,N,7,Community,Zone 7,Bangalore Indiranagar (Rotary),Bangalore Indiranagar (Rotary)
3192,GEMs B School,214320,Active,Rotaract President,2025 - 2026,Information Not Reported,Information Not Reported,Information Not Reported,Information Not Reported,N,7,University,Zone 7,Bangalore Junction (Rotary),Bangalore Junction (Rotary)
3192,GITAM Bengaluru,8826418,Active,Rotaract President,2024 - 2025,Information Not Reported,Information Not Reported,Information Not Reported,Information Not Reported,N,7,University,Zone 7,Bengaluru Manyata (Rotary),Bengaluru Manyata (Rotary)
3192,M. S. Engineering College,8827247,Active,Rotaract President,2025 - 2026,Information Not Reported,Information Not Reported,Information Not Reported,Information Not Reported,N,7,University,Zone 7,Bangalore Bhuvaneshwarinagar (Rotary),Bangalore Bhuvaneshwarinagar (Rotary)
3192,NBC College,8827782,Active,Rotaract President,2025 - 2026,Information Not Reported,Information Not Reported,Information Not Reported,Information Not Reported,N,7,University,Zone 7,Bangalore DownTowners (Rotary),Bangalore DownTowners (Rotary)
3192,RPA First Grade College Rajajinagar,8826806,Active,Rotaract President,2025 - 2026,Information Not Reported,Information Not Reported,Information Not Reported,Information Not Reported,N,7,University,Zone 7,Bangalore West (Rotary),Bangalore West (Rotary)
3192,Seshadripuram Institute of Management Studies,214429,Active,Rotaract President,2025 - 2026,Information Not Reported,Information Not Reported,Information Not Reported,Information Not Reported,N,7,University,Zone 7,Bangalore Yelahanka (Rotary),Bangalore Yelahanka (Rotary)
3192,Sree Siddaganga First Grade College,8826279,Active,Rotaract President,2024 - 2025,Information Not Reported,Information Not Reported,Information Not Reported,Information Not Reported,N,7,University,Zone 7,Nelamangala (Rotary),Nelamangala (Rotary)
3192,Sri Basaveshwara First Grade College,8826201,Active,Rotaract President,2024 - 2025,Information Not Reported,Information Not Reported,Information Not Reported,Information Not Reported,N,7,University,Zone 7,Nelamangala (Rotary),Nelamangala (Rotary)
3192,Sri Guru Sai First Grade College,8827585,Active,Rotaract President,2025 - 2026,Information Not Reported,Information Not Reported,Information Not Reported,Information Not Reported,N,7,University,Zone 7,Bengaluru Spectrum (Rotary),Bengaluru Spectrum (Rotary)
3192,St. Annes Degree College for Women,8826801,Active,Rotaract President,2025 - 2026,Information Not Reported,Information Not Reported,Information Not Reported,Information Not Reported,N,7,University,Zone 7,Bangalore Ulsoor (Rotary),Bangalore Ulsoor (Rotary)
3192,St. Anne's First Grade College for Women,8826849,Active,Rotaract President,2025 - 2026,Information Not Reported,Information Not Reported,Information Not Reported,Information Not Reported,N,7,University,Zone 7,Bangalore Kalyan (Rotary),Bangalore Kalyan (Rotary)
3192,St Pauls College,8824042,Active,Rotaract President,,Information Not Reported,Information Not Reported,Information Not Reported,Information Not Reported,N,7,University,Zone 7,Bangalore Vidyaranyapura (Rotary),Bangalore Vidyaranyapura (Rotary)
3192,Surana College Peenya,217238,Active,Rotaract President,2025 - 2026,Information Not Reported,Information Not Reported,Information Not Reported,Information Not Reported,N,7,University,Zone 7,Bangalore Udyog (Rotary),Bangalore Udyog (Rotary)
3192,VBR College,8823940,Active,Rotaract President,2025 - 2026,Information Not Reported,Information Not Reported,Information Not Reported,Information Not Reported,N,7,University,Zone 7,Bangalore Golden Rock (Rotaract),Bangalore Golden Rock (Rotaract)
3192,Yenepoya,8826511,Active,Rotaract President,2025 - 2026,Information Not Reported,Information Not Reported,Information Not Reported,Information Not Reported,N,7,University,Zone 7,Bangalore Junction (Rotary),Bangalore Junction (Rotary)
3203,Akshaya Institute of Management Studies,217635,Active,Rotaract President,,Information Not Reported,Information Not Reported,Information Not Reported,Information Not Reported,N,5,University,Zone 5,Pollachi (Rotary),Pollachi (Rotary)
3203,AVP College of Arts and Science,214041,Active,Rotaract President,2025 - 2026,Information Not Reported,Information Not Reported,Information Not Reported,Information Not Reported,N,5,University,Zone 5,Tirupur Metal Town (Rotary),Tirupur Metal Town (Rotary)
3203,Bannari Amman Institute of Technology,8826023,Active,Rotaract President,2024 - 2025,Information Not Reported,Information Not Reported,Information Not Reported,Information Not Reported,N,5,University,Zone 5,Sathy (Rotary),Sathy (Rotary)
3203,Bharathidasan College of Arts & Science,8827747,Active,Rotaract President,2025 - 2026,Information Not Reported,Information Not Reported,Information Not Reported,Information Not Reported,N,5,University,Zone 5,Erode Central (Rotary),Erode Central (Rotary)
3203,Bishop Thorp College,8827581,Active,Rotaract President,2025 - 2026,Information Not Reported,Information Not Reported,Information Not Reported,Information Not Reported,N,5,University,Zone 5,Dharapuram (Rotary),Dharapuram (Rotary)
3203,Erode Central,77961,Active,Rotaract President,2025 - 2026,Information Not Reported,Information Not Reported,Information Not Reported,Information Not Reported,N,5,Community,Zone 5,Erode Central (Rotary),Erode Central (Rotary)
3203,Erode Kalam,8825631,Active,Rotaract President,2025 - 2026,Information Not Reported,Information Not Reported,Information Not Reported,Information Not Reported,N,5,Community,Zone 5,None Reported,None Reported
3203,Erode Sengunthar Engineering College,8825893,Active,Rotaract President,2024 - 2025,Information Not Reported,Information Not Reported,Information Not Reported,Information Not Reported,N,5,University,Zone 5,Perundurai (Rotary),Perundurai (Rotary)
3203,Forest College and Research Institute,8827198,Active,Rotaract President,2025 - 2026,Information Not Reported,Information Not Reported,Information Not Reported,Information Not Reported,N,5,University,Zone 5,Mettupalayam (Rotary),Mettupalayam (Rotary)
3203,Government Arts and Science College Sathyamangalam,8826856,Active,Rotaract President,2025 - 2026,Information Not Reported,Information Not Reported,Information Not Reported,Information Not Reported,N,5,University,Zone 5,Sathy (Rotary),Sathy (Rotary)
3203,Government Erode Medical College,8827583,Active,Rotaract President,2025 - 2026,Information Not Reported,Information Not Reported,Information Not Reported,Information Not Reported,N,5,University,Zone 5,Erode North (Rotary),Erode North (Rotary)
3203,Greenfield Vidyasagar College of Arts & Science,53811,Active,Rotaract President,,Information Not Reported,Information Not Reported,Information Not Reported,Information Not Reported,N,5,University,Zone 5,Udamalpet (Rotary),Udamalpet (Rotary)
3203,JSS AHER,8827815,Active,Rotaract President,2025 - 2026,Information Not Reported,Information Not Reported,Information Not Reported,Information Not Reported,N,5,University,Zone 5,Ooty Central (Rotary),Ooty Central (Rotary)
3203,Kaamadhenu Arts and Science College,8826024,Active,Rotaract President,2025 - 2026,Information Not Reported,Information Not Reported,Information Not Reported,Information Not Reported,N,5,University,Zone 5,Sathy (Rotary),Sathy (Rotary)
3203,Kamalam College,212203,Active,Rotaract President,2025 - 2026,Information Not Reported,Information Not Reported,Information Not Reported,Information Not Reported,N,5,University,Zone 5,Udumalpet Tejas (Rotary),Udumalpet Tejas (Rotary)
3203,Kangeyam Institute of Commerce,8825941,Active,Rotaract President,2025 - 2026,Information Not Reported,Information Not Reported,Information Not Reported,Information Not Reported,N,5,University,Zone 5,Kangeyam Town (Rotary),Kangeyam Town (Rotary)
3203,KEC(Erode),217564,Active,Rotaract President,2024 - 2025,Information Not Reported,Information Not Reported,Information Not Reported,Information Not Reported,N,5,Community,Zone 5,Erode Mid Town (Rotary),Erode Mid Town (Rotary)
3203,NGM College,89722,Active,Rotaract President,2025 - 2026,Information Not Reported,Information Not Reported,Information Not Reported,Information Not Reported,N,5,University,Zone 5,Pollachi (Rotary),Pollachi (Rotary)
3203,Ootacamund Odyssey,8826650,Active,Rotaract President,2025 - 2026,Information Not Reported,Information Not Reported,Information Not Reported,Information Not Reported,N,5,Community,Zone 5,Ootacamund (Rotary),Ootacamund (Rotary)
3203,Park's College,8826850,Active,Rotaract President,2025 - 2026,Information Not Reported,Information Not Reported,Information Not Reported,Information Not Reported,N,5,University,Zone 5,Tirupur Next Generation (Rotary),Tirupur Next Generation (Rotary)
3203,P K R Arts College for Women,8827533,Active,Rotaract President,2025 - 2026,Information Not Reported,Information Not Reported,Information Not Reported,Information Not Reported,N,5,University,Zone 5,None Reported,None Reported
3203,Pollachi Varnas,212424,Active,Rotaract President,2024 - 2025,Information Not Reported,Information Not Reported,Information Not Reported,Information Not Reported,N,5,Community,Zone 5,Pollachi Royalz (Rotary),Pollachi Royalz (Rotary)
3203,SIIMS,8823253,Active,Rotaract President,2024 - 2025,Information Not Reported,Information Not Reported,Information Not Reported,Information Not Reported,N,5,University,Zone 5,Pollachi (Rotary),Pollachi (Rotary)
3203,Theeran Chinnamalai College of Arts and Science for Women,8826931,Active,Rotaract President,2025 - 2026,Information Not Reported,Information Not Reported,Information Not Reported,Information Not Reported,N,5,University,Zone 5,Tirupur Vanjipalayam (Rotary),Tirupur Vanjipalayam (Rotary)
3203,Udamalpet Gandhi Nagar,8211,Active,Rotaract President,2025 - 2026,Information Not Reported,Information Not Reported,Information Not Reported,Information Not Reported,N,5,Community,Zone 5,Udamalpet (Rotary),Udamalpet (Rotary)
3203,Vellalar College of Pharmacy,8827602,Active,Rotaract President,2025 - 2026,Information Not Reported,Information Not Reported,Information Not Reported,Information Not Reported,N,5,University,Zone 5,Erode Central (Rotaract); Erode Central (Rotary),Erode Central (Rotaract); Erode Central (Rotary)
3203,Vidhyasagar College of Arts & Science,42389,Active,Rotaract President,,Information Not Reported,Information Not Reported,Information Not Reported,Information Not Reported,N,5,University,Zone 5,Udamalpet (Rotary),Udamalpet (Rotary)
3203,Yadhoom Pollachi,8826528,Active,Rotaract President,2025 - 2026,Information Not Reported,Information Not Reported,Information Not Reported,Information Not Reported,N,5,Community,Zone 5,Pollachi (Rotary),Pollachi (Rotary)
3203,Yermunai Ilaingarkal,8825627,Active,Rotaract President,2025 - 2026,Information Not Reported,Information Not Reported,Information Not Reported,Information Not Reported,N,5,Community,Zone 5,Poondurai Yermunai (Rotary),Poondurai Yermunai (Rotary)
3204,CALICUT CENTRAL,217975,Active,Rotaract President,,Information Not Reported,Information Not Reported,Information Not Reported,Information Not Reported,N,5,Community,Zone 5,Calicut Central (Rotary),Calicut Central (Rotary)
3204,"Calicut Central SDSMW College, Vellannur",217978,Active,Rotaract President,,Information Not Reported,Information Not Reported,Information Not Reported,Information Not Reported,N,5,Community,Zone 5,Calicut Central (Rotary),Calicut Central (Rotary)
3204,Calicut City,8824155,Active,Rotaract President,2021 - 2022,Information Not Reported,Information Not Reported,Information Not Reported,Information Not Reported,N,5,Community,Zone 5,Calicut City (Rotary),Calicut City (Rotary)
3204,Calicut Cybercity Future,8824336,Active,Rotaract President,2021 - 2022,Information Not Reported,Information Not Reported,Information Not Reported,Information Not Reported,N,5,Community,Zone 5,Calicut Cyber City (Rotary),Calicut Cyber City (Rotary)
3204,Calicut Cybercity Youth,8824316,Active,Rotaract President,2021 - 2022,Information Not Reported,Information Not Reported,Information Not Reported,Information Not Reported,N,5,Community,Zone 5,Calicut Cyber City (Rotary),Calicut Cyber City (Rotary)
3204,Calicut Eyes Institute of Ophthalmology Mukkam,8826818,Active,Rotaract President,2025 - 2026,Information Not Reported,Information Not Reported,Information Not Reported,Information Not Reported,N,5,University,Zone 5,Mukkam (Rotary),Mukkam (Rotary)
3204,CSWA Cybercity,8826512,Active,Rotaract President,2025 - 2026,Information Not Reported,Information Not Reported,Information Not Reported,Information Not Reported,N,5,University,Zone 5,Calicut Cyber City (Rotary),Calicut Cyber City (Rotary)
3204,CSWA Kaloor Road,8826508,Active,Rotaract President,2025 - 2026,Information Not Reported,Information Not Reported,Information Not Reported,Information Not Reported,N,5,University,Zone 5,Calicut Cyber City (Rotary),Calicut Cyber City (Rotary)
3204,Government College Kasaragod,8826796,Active,Rotaract President,2025 - 2026,Information Not Reported,Information Not Reported,Information Not Reported,Information Not Reported,N,5,University,Zone 5,Kasaragod (Rotary),Kasaragod (Rotary)
3204,Gurudev College,216747,Active,Rotaract President,,Information Not Reported,Information Not Reported,Information Not Reported,Information Not Reported,N,5,University,Zone 5,Payyanur Mid Town (Rotary),Payyanur Mid Town (Rotary)
3204,Madayi Co-operative Arts & Science College,216695,Active,Rotaract President,2025 - 2026,Information Not Reported,Information Not Reported,Information Not Reported,Information Not Reported,N,5,University,Zone 5,Payangadi (Rotary),Payangadi (Rotary)
3204,Manjeri,217856,Active,Rotaract President,,Information Not Reported,Information Not Reported,Information Not Reported,Information Not Reported,N,5,Community,Zone 5,Manjeri (Rotary),Manjeri (Rotary)
3204,"NSS Unit Women's Polytechnic College, Muthathi, Payyanur",218036,Active,Rotaract President,,Information Not Reported,Information Not Reported,Information Not Reported,Information Not Reported,N,5,University,Zone 5,Payyanur Mid Town (Rotary),Payyanur Mid Town (Rotary)
3204,Payyanur Mid Town,215554,Active,Rotaract President,,Information Not Reported,Information Not Reported,Information Not Reported,Information Not Reported,N,5,Community,Zone 5,Payyanur Mid Town (Rotary),Payyanur Mid Town (Rotary)
3204,Rajive Gandhi Institute of Speech & Hearing,8823415,Active,Rotaract President,,Information Not Reported,Information Not Reported,Information Not Reported,Information Not Reported,N,5,University,Zone 5,Trikarpur (Rotary),Trikarpur (Rotary)
3204,SNES IMSAR,8824826,Active,Rotaract President,2022 - 2023,Information Not Reported,Information Not Reported,Information Not Reported,Information Not Reported,N,5,University,Zone 5,Calicut East (Rotary),Calicut East (Rotary)
3205,Cochin Airport,218263,Active,Rotaract President,,Information Not Reported,Information Not Reported,Information Not Reported,Information Not Reported,N,5,Community,Zone 5,Cochin Airport (Rotary),Cochin Airport (Rotary)
3205,Cochin Lords,8823824,Active,Rotaract President,,Information Not Reported,Information Not Reported,Information Not Reported,Information Not Reported,N,5,Community,Zone 5,Cochin Lords (Rotary),Cochin Lords (Rotary)
3205,De Paul Institute of Technology,8825825,Active,Rotaract President,2025 - 2026,Information Not Reported,Information Not Reported,Information Not Reported,Information Not Reported,N,5,University,Zone 5,Cochin (Rotary),Cochin (Rotary)
3205,KMEA,8824770,Active,Rotaract President,2025 - 2026,Information Not Reported,Information Not Reported,Information Not Reported,Information Not Reported,N,5,University,Zone 5,Cochin Technopolis (Rotary),Cochin Technopolis (Rotary)
3205,Little Flower College,8824204,Active,Rotaract President,,Information Not Reported,Information Not Reported,Information Not Reported,Information Not Reported,N,5,University,Zone 5,Trichur (Rotary),Trichur (Rotary)
3205,Nirmala Arts & Science College,8824951,Active,Rotaract President,,Information Not Reported,Information Not Reported,Information Not Reported,Information Not Reported,N,5,University,Zone 5,Mulanthuruthy (Rotary),Mulanthuruthy (Rotary)
3205,Prayaga Vypin Island,214548,Active,Rotaract President,,Information Not Reported,Information Not Reported,Information Not Reported,Information Not Reported,N,5,University,Zone 5,Cochin-Vypin Island (Rotary),Cochin-Vypin Island (Rotary)
3205,Sacred Heart College,8824509,Active,Rotaract President,2025 - 2026,Information Not Reported,Information Not Reported,Information Not Reported,Information Not Reported,N,5,University,Zone 5,Cochin Downtown (Rotary),Cochin Downtown (Rotary)
3205,St. Mary's College (Autonomous) Thrissur,8826901,Active,Rotaract President,2025 - 2026,Information Not Reported,Information Not Reported,Information Not Reported,Information Not Reported,N,5,University,Zone 5,Trichur (Rotary),Trichur (Rotary)
3205,TIST,8823951,Active,Rotaract President,,Information Not Reported,Information Not Reported,Information Not Reported,Information Not Reported,N,5,University,Zone 5,Cochin East (Rotary),Cochin East (Rotary)
3205,Vimala College,8824205,Active,Rotaract President,,Information Not Reported,Information Not Reported,Information Not Reported,Information Not Reported,N,5,University,Zone 5,Trichur (Rotary),Trichur (Rotary)
3206,Adithya,218056,Active,Rotaract President,2025 - 2026,Information Not Reported,Information Not Reported,Information Not Reported,Information Not Reported,N,5,University,Zone 5,Coimbatore (Rotary),Coimbatore (Rotary)
3206,Ahalia ASM,217565,Active,Rotaract President,,Information Not Reported,Information Not Reported,Information Not Reported,Information Not Reported,N,5,University,Zone 5,Palghat (Rotary),Palghat (Rotary)
3206,Ahalia ASO,217566,Active,Rotaract President,,Information Not Reported,Information Not Reported,Information Not Reported,Information Not Reported,N,5,University,Zone 5,Palghat (Rotary),Palghat (Rotary)
3206,Akshaya College of Engineering & Technology,92358,Active,Rotaract President,,Information Not Reported,Information Not Reported,Information Not Reported,Information Not Reported,N,5,University,Zone 5,Coimbatore Heritage (Rotary),Coimbatore Heritage (Rotary)
3206,Atlanta College,8826821,Active,Rotaract President,,Information Not Reported,Information Not Reported,Information Not Reported,Information Not Reported,N,5,University,Zone 5,None Reported,None Reported
3206,Coimbatore Infra,8827345,Active,Rotaract President,2025 - 2026,Information Not Reported,Information Not Reported,Information Not Reported,Information Not Reported,N,5,Community,Zone 5,Coimbatore Infra (Rotary),Coimbatore Infra (Rotary)
3206,Coimbatore Royals,212477,Active,Rotaract President,2025 - 2026,Information Not Reported,Information Not Reported,Information Not Reported,Information Not Reported,N,5,Community,Zone 5,Coimbatore North (Rotary),Coimbatore North (Rotary)
3206,Coimbatore Smartcity Umeed,8827316,Active,Rotaract President,2025 - 2026,Information Not Reported,Information Not Reported,Information Not Reported,Information Not Reported,N,5,Community,Zone 5,Coimbatore Smart City (Rotary),Coimbatore Smart City (Rotary)
3206,Coimbatore-Vadavalli,214318,Active,Rotaract President,,Information Not Reported,Information Not Reported,Information Not Reported,Information Not Reported,N,5,Community,Zone 5,Coimbatore Vadavalli (Rotary),Coimbatore Vadavalli (Rotary)
3206,Dr. N.G.P. Institute of Technology,8825316,Active,Rotaract President,,Information Not Reported,Information Not Reported,Information Not Reported,Information Not Reported,N,5,University,Zone 5,Coimbatore East (Rotary),Coimbatore East (Rotary)
3206,Happy Valley,218054,Active,Rotaract President,2025 - 2026,Information Not Reported,Information Not Reported,Information Not Reported,Information Not Reported,N,5,University,Zone 5,Coimbatore (Rotary),Coimbatore (Rotary)
3206,JSS Institute of Naturopathy & Yogic Sciences,215399,Active,Rotaract President,2025 - 2026,Information Not Reported,Information Not Reported,Information Not Reported,Information Not Reported,N,5,University,Zone 5,Coimbatore Spectrum (Rotary),Coimbatore Spectrum (Rotary)
3206,Karpagam College of Pharmacy,8824429,Active,Rotaract President,2025 - 2026,Information Not Reported,Information Not Reported,Information Not Reported,Information Not Reported,N,5,University,Zone 5,Coimbatore Town (Rotary),Coimbatore Town (Rotary)
3206,Karpagam Institute of Technology,8824668,Active,Rotaract President,2025 - 2026,Information Not Reported,Information Not Reported,Information Not Reported,Information Not Reported,N,5,University,Zone 5,Coimbatore Millennium (Rotary),Coimbatore Millennium (Rotary)
3206,Karunya University,42291,Active,Rotaract President,2025 - 2026,Information Not Reported,Information Not Reported,Information Not Reported,Information Not Reported,N,5,University,Zone 5,Thondamuthur (Rotary),Thondamuthur (Rotary)
3206,KSG College of Arts and Science,216632,Active,Rotaract President,,Information Not Reported,Information Not Reported,Information Not Reported,Information Not Reported,N,5,University,Zone 5,Coimbatore Manchester (Rotary),Coimbatore Manchester (Rotary)
3206,Kumaraguru College of Liberal Arts & Science,8824395,Active,Rotaract President,2025 - 2026,Information Not Reported,Information Not Reported,Information Not Reported,Information Not Reported,N,5,University,Zone 5,Coimbatore Texcity (Rotary),Coimbatore Texcity (Rotary)
3206,Lakshmi Narayana Arts and Science College,8824844,Active,Rotaract President,,Information Not Reported,Information Not Reported,Information Not Reported,Information Not Reported,N,5,University,Zone 5,Ottapalam (Rotary),Ottapalam (Rotary)
3206,"Lead College of Management, Dhoni",90502,Active,Rotaract President,,Information Not Reported,Information Not Reported,Information Not Reported,Information Not Reported,N,5,University,Zone 5,Palghat East (Rotary),Palghat East (Rotary)
3206,Martin Homeopathy Medical College,215845,Active,Rotaract President,,Information Not Reported,Information Not Reported,Information Not Reported,Information Not Reported,N,5,University,Zone 5,Coimbatore Aakruthi (Rotary),Coimbatore Aakruthi (Rotary)
3206,Monarks IIVM,216420,Active,Rotaract President,2025 - 2026,Information Not Reported,Information Not Reported,Information Not Reported,Information Not Reported,N,5,University,Zone 5,Coimbatore Monarks (Rotary),Coimbatore Monarks (Rotary)
3206,Nehru Academy of Law,217622,Active,Rotaract President,2025 - 2026,Information Not Reported,Information Not Reported,Information Not Reported,Information Not Reported,N,5,University,Zone 5,Ottapalam (Rotary),Ottapalam (Rotary)
3206,Nirmala College for Women,8824388,Active,Rotaract President,2025 - 2026,Information Not Reported,Information Not Reported,Information Not Reported,Information Not Reported,N,5,University,Zone 5,Coimbatore Gaalaxy (Rotary),Coimbatore Gaalaxy (Rotary)
3206,PPG Institute Of Technology,8824398,Active,Rotaract President,2025 - 2026,Information Not Reported,Information Not Reported,Information Not Reported,Information Not Reported,N,5,University,Zone 5,Coimbatore East (Rotary),Coimbatore East (Rotary)
3206,PSG iTech,8823771,Active,Rotaract President,2025 - 2026,Information Not Reported,Information Not Reported,Information Not Reported,Information Not Reported,N,5,University,Zone 5,Coimbatore Saicity (Rotary),Coimbatore Saicity (Rotary)
3206,Rathinam College of Arts and Science,8824416,Active,Rotaract President,,Information Not Reported,Information Not Reported,Information Not Reported,Information Not Reported,N,5,University,Zone 5,Coimbatore South (Rotary),Coimbatore South (Rotary)
3206,RVS Technical Campus,215683,Active,Rotaract President,2025 - 2026,Information Not Reported,Information Not Reported,Information Not Reported,Information Not Reported,N,5,University,Zone 5,Coimbatore Centennial (Rotary),Coimbatore Centennial (Rotary)
3206,Sai Ramakrishna NC,8824046,Active,Rotaract President,,Information Not Reported,Information Not Reported,Information Not Reported,Information Not Reported,N,5,University,Zone 5,Coimbatore Saicity (Rotary),Coimbatore Saicity (Rotary)
3206,Sankara College of Science and Commerce,212470,Active,Rotaract President,,Information Not Reported,Information Not Reported,Information Not Reported,Information Not Reported,N,5,University,Zone 5,Coimbatore Downtown (Rotary),Coimbatore Downtown (Rotary)
3206,Sri Ramalinga Sowdambigai College,76581,Active,Rotaract President,2025 - 2026,Information Not Reported,Information Not Reported,Information Not Reported,Information Not Reported,N,5,University,Zone 5,Coimbatore North (Rotary),Coimbatore North (Rotary)
3206,United College of Arts and Science,8824390,Active,Rotaract President,2025 - 2026,Information Not Reported,Information Not Reported,Information Not Reported,Information Not Reported,N,5,University,Zone 5,Coimbatore Gaalaxy (Rotary),Coimbatore Gaalaxy (Rotary)
3206,United College of Nursing,8824445,Active,Rotaract President,2025 - 2026,Information Not Reported,Information Not Reported,Information Not Reported,Information Not Reported,N,5,University,Zone 5,Coimbatore Elite (Rotary),Coimbatore Elite (Rotary)
3206,United College of Pharmacy,8824212,Active,Rotaract President,2025 - 2026,Information Not Reported,Information Not Reported,Information Not Reported,Information Not Reported,N,5,University,Zone 5,Coimbatore Elite (Rotary),Coimbatore Elite (Rotary)
3206,Vadakkencherry,8824649,Active,Rotaract President,2025 - 2026,Information Not Reported,Information Not Reported,Information Not Reported,Information Not Reported,N,5,Community,Zone 5,Vadakkencherry (Rotary),Vadakkencherry (Rotary)
3206,Yuvakshetra,215901,Active,Rotaract President,,Information Not Reported,Information Not Reported,Information Not Reported,Information Not Reported,N,5,University,Zone 5,Kalladikode (Rotary),Kalladikode (Rotary)
3211,Chrisanta at The Dale View,8827058,Active,Rotaract President,2025 - 2026,Information Not Reported,Information Not Reported,Information Not Reported,Information Not Reported,N,5,University,Zone 5,Thiruvananthapuram Midcity (Rotary),Thiruvananthapuram Midcity (Rotary)
3211,Girideepam Institute of Advanced Learning,8827540,Active,Rotaract President,2025 - 2026,Information Not Reported,Information Not Reported,Information Not Reported,Information Not Reported,N,5,University,Zone 5,Kottayam Town (Rotary),Kottayam Town (Rotary)
3211,Kovalam,8823874,Active,Rotaract President,2021 - 2022,Information Not Reported,Information Not Reported,Information Not Reported,Information Not Reported,N,5,Community,Zone 5,Kovalam (Rotary),Kovalam (Rotary)
3211,Little Lourdes College of Nursing Kidangoor,8825938,Active,Rotaract President,2024 - 2025,Information Not Reported,Information Not Reported,Information Not Reported,Information Not Reported,N,5,University,Zone 5,Kottayam Southern (Rotary),Kottayam Southern (Rotary)
3211,Loyola College Trivandrum,8824150,Active,Rotaract President,2021 - 2022,Information Not Reported,Information Not Reported,Information Not Reported,Information Not Reported,N,5,University,Zone 5,Trivandrum South (Rotary),Trivandrum South (Rotary)
3211,Puthuppally,8826923,Active,Rotaract President,2025 - 2026,Information Not Reported,Information Not Reported,Information Not Reported,Information Not Reported,N,5,Community,Zone 5,Puthupally (Rotary),Puthupally (Rotary)
3211,St. Joseph College of Communication,8825693,Active,Rotaract President,2024 - 2025,Information Not Reported,Information Not Reported,Information Not Reported,Information Not Reported,N,5,University,Zone 5,Greater Changanacherry (Rotary),Greater Changanacherry (Rotary)
3211,Trivandrum Central,8827539,Active,Rotaract President,2025 - 2026,Information Not Reported,Information Not Reported,Information Not Reported,Information Not Reported,N,5,Community,Zone 5,Trivandrum Central (Rotary),Trivandrum Central (Rotary)
3211,Trivandrum Phoenix,8826503,Active,Rotaract President,2025 - 2026,Information Not Reported,Information Not Reported,Information Not Reported,Information Not Reported,N,5,Community,Zone 5,Trivandrum Phoenix (Rotary),Trivandrum Phoenix (Rotary)
3211,Trivandrum Residency,8823859,Active,Rotaract President,2021 - 2022,Information Not Reported,Information Not Reported,Information Not Reported,Information Not Reported,N,5,Community,Zone 5,Trivandrum Residency (Rotary),Trivandrum Residency (Rotary)
3211,Udiyankulangara,218635,Active,Rotaract President,2020 - 2021,Information Not Reported,Information Not Reported,Information Not Reported,Information Not Reported,N,5,Community,Zone 5,Udiyankulangara (Rotary),Udiyankulangara (Rotary)
3212,AAA College of Engineering & Technology,8824729,Active,Rotaract President,2021 - 2022,Information Not Reported,Information Not Reported,Information Not Reported,Information Not Reported,N,5,University,Zone 5,Sivakasi Sparkler (Rotary),Sivakasi Sparkler (Rotary)
3212,Alagappa Chettiar Government College of Engineering and Technology Karaikudi,8826278,Active,Rotaract President,2025 - 2026,Information Not Reported,Information Not Reported,Information Not Reported,Information Not Reported,N,5,University,Zone 5,Karaikudi (Rotary),Karaikudi (Rotary)
3212,Amrita College of Engineering and Technology,217546,Active,Rotaract President,2019 - 2020,Information Not Reported,Information Not Reported,Information Not Reported,Information Not Reported,N,5,University,Zone 5,Nagercoil Town (Rotary),Nagercoil Town (Rotary)
3212,"Annai Velankanni College of Engineering, Pottalkulam",218127,Active,Rotaract President,2019 - 2020,Information Not Reported,Information Not Reported,Information Not Reported,Information Not Reported,N,5,Community,Zone 5,Nagercoil Blossoms (Rotary),Nagercoil Blossoms (Rotary)
3212,Annamalai Nursing College,213115,Active,Rotaract President,2019 - 2020,Information Not Reported,Information Not Reported,Information Not Reported,Information Not Reported,N,5,University,Zone 5,Puduvayal (Rotary),Puduvayal (Rotary)
3212,Annammal College and School of Nursing,8824713,Active,Rotaract President,2021 - 2022,Information Not Reported,Information Not Reported,Information Not Reported,Information Not Reported,N,5,University,Zone 5,None Reported,None Reported
3212,Arasan Ganesan College of Preceptors,8826853,Active,Rotaract President,2025 - 2026,Information Not Reported,Information Not Reported,Information Not Reported,Information Not Reported,N,5,University,Zone 5,Sivakasi Diamonds (Rotary),Sivakasi Diamonds (Rotary)
3212,Arasan Ganesan Polytechnic College,213207,Active,Rotaract President,2023 - 2024,Information Not Reported,Information Not Reported,Information Not Reported,Information Not Reported,N,5,Community,Zone 5,Sivakasi (Rotary),Sivakasi (Rotary)
3212,"Arignar Anna College, Aralvaimozhi",212919,Active,Rotaract President,2019 - 2020,Information Not Reported,Information Not Reported,Information Not Reported,Information Not Reported,N,5,University,Zone 5,Nagercoil (Rotary),Nagercoil (Rotary)
3212,Arunachala College of Engineering for Women,217177,Active,Rotaract President,2019 - 2020,Information Not Reported,Information Not Reported,Information Not Reported,Information Not Reported,N,5,University,Zone 5,Nagercoil Town (Rotary),Nagercoil Town (Rotary)
3212,Bejan Singh Institute of Opthmology,213580,Active,Rotaract President,2023 - 2024,Information Not Reported,Information Not Reported,Information Not Reported,Information Not Reported,N,5,University,Zone 5,Nagercoil (Rotary),Nagercoil (Rotary)
3212,Bishop Agniswamy College of Education,217584,Active,Rotaract President,2019 - 2020,Information Not Reported,Information Not Reported,Information Not Reported,Information Not Reported,N,5,University,Zone 5,None Reported,None Reported
3212,"Cape Institute of Techonology, Tirunelveli",212827,Active,Rotaract President,2019 - 2020,Information Not Reported,Information Not Reported,Information Not Reported,Information Not Reported,N,5,University,Zone 5,Nagercoil Blossoms (Rotary),Nagercoil Blossoms (Rotary)
3212,Elite Angels,218392,Active,Rotaract President,2024 - 2025,Information Not Reported,Information Not Reported,Information Not Reported,Information Not Reported,N,5,Community,Zone 5,Ramnad (Rotary),Ramnad (Rotary)
3212,Francis Xavier Engineering College,212479,Active,Rotaract President,2019 - 2020,Information Not Reported,Information Not Reported,Information Not Reported,Information Not Reported,N,5,University,Zone 5,Tinnevelly (Rotary),Tinnevelly (Rotary)
3212,Government Arts and Science College Sivakasi,8824651,Active,Rotaract President,2023 - 2024,Information Not Reported,Information Not Reported,Information Not Reported,Information Not Reported,N,5,University,Zone 5,Sivakasi Greens (Rotary),Sivakasi Greens (Rotary)
3212,Government Law College Ramanathapuram,8826357,Active,Rotaract President,2025 - 2026,Information Not Reported,Information Not Reported,Information Not Reported,Information Not Reported,N,5,University,Zone 5,Ramnad (Rotary),Ramnad (Rotary)
3212,Hitech Polytechnic College,8824305,Active,Rotaract President,2023 - 2024,Information Not Reported,Information Not Reported,Information Not Reported,Information Not Reported,N,5,University,Zone 5,Valliyoor Central (Rotary),Valliyoor Central (Rotary)
3212,James College of Engineering,212914,Active,Rotaract President,2019 - 2020,Information Not Reported,Information Not Reported,Information Not Reported,Information Not Reported,N,5,University,Zone 5,Nagercoil (Rotary),Nagercoil (Rotary)
3212,James College of Nursing,212898,Active,Rotaract President,2019 - 2020,Information Not Reported,Information Not Reported,Information Not Reported,Information Not Reported,N,5,University,Zone 5,Nagercoil (Rotary),Nagercoil (Rotary)
3212,"Jayamatha Engineering College, Aralvaimozhi",91826,Active,Rotaract President,2019 - 2020,Information Not Reported,Information Not Reported,Information Not Reported,Information Not Reported,N,5,University,Zone 5,Nagercoil (Rotary),Nagercoil (Rotary)
3212,KPATDR-SMPA's Sivakasi Institute of Printing Technology,8826527,Active,Rotaract President,2025 - 2026,Information Not Reported,Information Not Reported,Information Not Reported,Information Not Reported,N,5,University,Zone 5,"Sivakasi (Rotary); Sri Kaliswari College, Sivakasi (Rotaract)","Sivakasi (Rotary); Sri Kaliswari College, Sivakasi (Rotaract)"
3212,Kumarapuram Thoppur Elite,8823455,Active,Rotaract President,2020 - 2021,Information Not Reported,Information Not Reported,Information Not Reported,Information Not Reported,N,5,Community,Zone 5,Nagercoil Elite (Rotary),Nagercoil Elite (Rotary)
3212,Malankara Catholic College,217179,Active,Rotaract President,2020 - 2021,Information Not Reported,Information Not Reported,Information Not Reported,Information Not Reported,N,5,University,Zone 5,Kuzhithurai (Rotary),Kuzhithurai (Rotary)
3212,Manonmaniam Sundaranar University College Govindaperi,8824960,Active,Rotaract President,2023 - 2024,Information Not Reported,Information Not Reported,Information Not Reported,Information Not Reported,N,5,University,Zone 5,Ambasamudram East (Rotary),Ambasamudram East (Rotary)
3212,Maria College of Engineering and Technology,214077,Active,Rotaract President,2019 - 2020,Information Not Reported,Information Not Reported,Information Not Reported,Information Not Reported,N,5,University,Zone 5,None Reported,None Reported
3212,Moderator Gnanadason Polytechnic College,8824439,Active,Rotaract President,2021 - 2022,Information Not Reported,Information Not Reported,Information Not Reported,Information Not Reported,N,5,University,Zone 5,Nagercoil Elite (Rotary),Nagercoil Elite (Rotary)
3212,Mohamed Sathak Hamid College Of Arts And Science For Women,217738,Active,Rotaract President,2023 - 2024,Information Not Reported,Information Not Reported,Information Not Reported,Information Not Reported,N,5,University,Zone 5,Ramnad Royals (Rotary),Ramnad Royals (Rotary)
3212,Paul Antony Community College,8824725,Active,Rotaract President,2021 - 2022,Information Not Reported,Information Not Reported,Information Not Reported,Information Not Reported,N,5,Community,Zone 5,Sivakasi Sparkler (Rotary),Sivakasi Sparkler (Rotary)
3212,"Pioneer Kumaraswamy College, Vetturnimadam",212896,Active,Rotaract President,2022 - 2023,Information Not Reported,Information Not Reported,Information Not Reported,Information Not Reported,N,5,University,Zone 5,Nagercoil (Rotary),Nagercoil (Rotary)
3212,Ponjesly Engineering College,212888,Active,Rotaract President,2019 - 2020,Information Not Reported,Information Not Reported,Information Not Reported,Information Not Reported,N,5,University,Zone 5,Nagercoil Blossoms (Rotary),Nagercoil Blossoms (Rotary)
3212,PSN College of Education,213582,Active,Rotaract President,2019 - 2020,Information Not Reported,Information Not Reported,Information Not Reported,Information Not Reported,N,5,University,Zone 5,Nagercoil Blossoms (Rotary),Nagercoil Blossoms (Rotary)
3212,"PSN College of Engineering & Technology, Tirunelveli",212831,Active,Rotaract President,2019 - 2020,Information Not Reported,Information Not Reported,Information Not Reported,Information Not Reported,N,5,University,Zone 5,Nagercoil Blossoms (Rotary),Nagercoil Blossoms (Rotary)
3212,"PSN Engineering College, Tirunelveli",212833,Active,Rotaract President,2019 - 2020,Information Not Reported,Information Not Reported,Information Not Reported,Information Not Reported,N,5,University,Zone 5,Nagercoil Blossoms (Rotary),Nagercoil Blossoms (Rotary)
3212,"PSN Institute of Technology and Science, Tirunelveli",213583,Active,Rotaract President,2019 - 2020,Information Not Reported,Information Not Reported,Information Not Reported,Information Not Reported,N,5,University,Zone 5,Nagercoil Blossoms (Rotary),Nagercoil Blossoms (Rotary)
3212,"PSN Institute of Technology, Kanyakumari",212837,Active,Rotaract President,2019 - 2020,Information Not Reported,Information Not Reported,Information Not Reported,Information Not Reported,N,5,University,Zone 5,Nagercoil Blossoms (Rotary),Nagercoil Blossoms (Rotary)
3212,PSN Polytechnic College,212891,Active,Rotaract President,2019 - 2020,Information Not Reported,Information Not Reported,Information Not Reported,Information Not Reported,N,5,University,Zone 5,Nagercoil Blossoms (Rotary),Nagercoil Blossoms (Rotary)
3212,Rajapalayam Rajus’ College Elite,8826166,Active,Rotaract President,2024 - 2025,Information Not Reported,Information Not Reported,Information Not Reported,Information Not Reported,N,5,University,Zone 5,Rajapalayam Kings City (Rotary),Rajapalayam Kings City (Rotary)
3212,Ramco Institute of Technology,8826695,Active,Rotaract President,2025 - 2026,Information Not Reported,Information Not Reported,Information Not Reported,Information Not Reported,N,5,University,Zone 5,Rajapalayam (Rotary),Rajapalayam (Rotary)
3212,Rojavanam Paramedical College,217320,Active,Rotaract President,2019 - 2020,Information Not Reported,Information Not Reported,Information Not Reported,Information Not Reported,N,5,University,Zone 5,Nagercoil (Rotary),Nagercoil (Rotary)
3212,Salvation Army Catherene Booth College of Nursing,217176,Active,Rotaract President,2019 - 2020,Information Not Reported,Information Not Reported,Information Not Reported,Information Not Reported,N,5,University,Zone 5,Nagercoil Town (Rotary),Nagercoil Town (Rotary)
3212,Sivakasi Bell Institute,213978,Active,Rotaract President,2025 - 2026,Information Not Reported,Information Not Reported,Information Not Reported,Information Not Reported,N,5,Community,Zone 5,Sivakasi Town (Rotary),Sivakasi Town (Rotary)
3212,SPIC Nagar,90621,Active,Rotaract President,2023 - 2024,Information Not Reported,Information Not Reported,Information Not Reported,Information Not Reported,N,5,University,Zone 5,Spic Nagar (Rotary),Spic Nagar (Rotary)
3212,"Sri Kaliswari College, Sivakasi",213221,Active,Rotaract President,2023 - 2024,Information Not Reported,Information Not Reported,Information Not Reported,Information Not Reported,N,5,University,Zone 5,Sivakasi (Rotary),Sivakasi (Rotary)
3212,Sri Parasakthi Womens College,8823304,Active,Rotaract President,2023 - 2024,Information Not Reported,Information Not Reported,Information Not Reported,Information Not Reported,N,5,University,Zone 5,Courtallam (Rotary),Courtallam (Rotary)
3212,Sri Raaja Raajan College of Engg. & Technology,213339,Active,Rotaract President,2020 - 2021,Information Not Reported,Information Not Reported,Information Not Reported,Information Not Reported,N,5,University,Zone 5,Ramnagar Parks (Rotary),Ramnagar Parks (Rotary)
3212,"SRI SRNM College, Sattur",80936,Active,Rotaract President,2025 - 2026,Information Not Reported,Information Not Reported,Information Not Reported,Information Not Reported,N,5,University,Zone 5,Sattur (Rotary),Sattur (Rotary)
3212,Sri Vidya Arts and Science College,217285,Active,Rotaract President,2021 - 2022,Information Not Reported,Information Not Reported,Information Not Reported,Information Not Reported,N,5,University,Zone 5,Virudhunagar (Rotary),Virudhunagar (Rotary)
3212,Sri Vidya College of Engineering & Technology,214728,Active,Rotaract President,2022 - 2023,Information Not Reported,Information Not Reported,Information Not Reported,Information Not Reported,N,5,University,Zone 5,Virudhunagar (Rotary),Virudhunagar (Rotary)
3212,SSDM College Kovilpatti,8826903,Active,Rotaract President,2025 - 2026,Information Not Reported,Information Not Reported,Information Not Reported,Information Not Reported,N,5,University,Zone 5,Kovilpatti (Rotary),Kovilpatti (Rotary)
3212,St. Ignatious College of Education Palayamkottai,8826724,Active,Rotaract President,2025 - 2026,Information Not Reported,Information Not Reported,Information Not Reported,Information Not Reported,N,5,University,Zone 5,Tirunelveli Suburbs (Rotary),Tirunelveli Suburbs (Rotary)
3212,St. Jerome's College,217552,Active,Rotaract President,2019 - 2020,Information Not Reported,Information Not Reported,Information Not Reported,Information Not Reported,N,5,University,Zone 5,Nagercoil Mid Town (Rotary),Nagercoil Mid Town (Rotary)
3212,St. John's College of Arts and Science,216906,Active,Rotaract President,2019 - 2020,Information Not Reported,Information Not Reported,Information Not Reported,Information Not Reported,N,5,University,Zone 5,Nagercoil South (Rotary),Nagercoil South (Rotary)
3212,Sun College of Education,217553,Active,Rotaract President,2019 - 2020,Information Not Reported,Information Not Reported,Information Not Reported,Information Not Reported,N,5,University,Zone 5,Nagercoil Town (Rotary),Nagercoil Town (Rotary)
3212,"Sundareshwari Institutions, Srivilliputtur",8823459,Active,Rotaract President,2020 - 2021,Information Not Reported,Information Not Reported,Information Not Reported,Information Not Reported,N,5,University,Zone 5,None Reported,None Reported
3212,Syed Ammal Arts and Science College,212830,Active,Rotaract President,2023 - 2024,Information Not Reported,Information Not Reported,Information Not Reported,Information Not Reported,N,5,University,Zone 5,Ramnad Royals (Rotary),Ramnad Royals (Rotary)
3212,Thamirabharani Engineering College Tirunelveli,8824659,Active,Rotaract President,2021 - 2022,Information Not Reported,Information Not Reported,Information Not Reported,Information Not Reported,N,5,University,Zone 5,Tirunelveli Suburbs (Rotary),Tirunelveli Suburbs (Rotary)
3212,The Standard Fireworks Rajaratnam College for Women,213199,Active,Rotaract President,2023 - 2024,Information Not Reported,Information Not Reported,Information Not Reported,Information Not Reported,N,5,Community,Zone 5,Sivakasi (Rotary),Sivakasi (Rotary)
3212,"Universal College of Education, Valliyoor",213613,Active,Rotaract President,2019 - 2020,Information Not Reported,Information Not Reported,Information Not Reported,Information Not Reported,N,5,University,Zone 5,Valliyoor Central (Rotary),Valliyoor Central (Rotary)
3212,Universal College of Engineering & Technology Valliyur,212666,Active,Rotaract President,2019 - 2020,Information Not Reported,Information Not Reported,Information Not Reported,Information Not Reported,N,5,University,Zone 5,Valliyoor Central (Rotary),Valliyoor Central (Rotary)
3212,"Vins College of Engineering For Women, Kanyakumari",213577,Active,Rotaract President,2019 - 2020,Information Not Reported,Information Not Reported,Information Not Reported,Information Not Reported,N,5,University,Zone 5,Nagercoil (Rotary),Nagercoil (Rotary)
3212,Virudhunagar Kamaraj College of Engineering and Technology,8826807,Active,Rotaract President,2025 - 2026,Information Not Reported,Information Not Reported,Information Not Reported,Information Not Reported,N,5,University,Zone 5,Virudhunagar (Rotary),Virudhunagar (Rotary)
3212,"Vivek Institute, Kanyakumari",212834,Active,Rotaract President,2019 - 2020,Information Not Reported,Information Not Reported,Information Not Reported,Information Not Reported,N,5,University,Zone 5,Nagercoil Blossoms (Rotary),Nagercoil Blossoms (Rotary)
3212,White Memorial College of Nursing,213581,Active,Rotaract President,2019 - 2020,Information Not Reported,Information Not Reported,Information Not Reported,Information Not Reported,N,5,University,Zone 5,Nagercoil (Rotary),Nagercoil (Rotary)
3220,Athugalpura,217914,Active,Rotaract President,2025 - 2026,Information Not Reported,Information Not Reported,Information Not Reported,Information Not Reported,N,5,Community,Zone 5,Athugalpura (Rotary),Athugalpura (Rotary)
3220,Battaramulla,72293,Active,Rotaract President,2025 - 2026,Information Not Reported,Information Not Reported,Information Not Reported,Information Not Reported,N,5,Community,Zone 5,None Reported,None Reported
3220,Chulipuram,212329,Active,Rotaract President,2024 - 2025,Information Not Reported,Information Not Reported,Information Not Reported,Information Not Reported,N,5,Community,Zone 5,Nallur (Rotary),Nallur (Rotary)
3220,Excellence,92276,Active,Rotaract President,2025 - 2026,Information Not Reported,Information Not Reported,Information Not Reported,Information Not Reported,N,5,Community,Zone 5,Colombo Metropolitan (Rotary),Colombo Metropolitan (Rotary)
3220,Jaffna Mid-Town,42564,Active,Rotaract President,2025 - 2026,Information Not Reported,Information Not Reported,Information Not Reported,Information Not Reported,N,5,Community,Zone 5,Jaffna (Rotary),Jaffna (Rotary)
3220,Jaffna Peninsula,91868,Active,Rotaract President,2024 - 2025,Information Not Reported,Information Not Reported,Information Not Reported,Information Not Reported,N,5,Community,Zone 5,Nallur (Rotary),Nallur (Rotary)
3220,Kelaniya,47135,Active,Rotaract President,2024 - 2025,Information Not Reported,Information Not Reported,Information Not Reported,Information Not Reported,N,5,Community,Zone 5,Kelaniya (Rotary),Kelaniya (Rotary)
3220,Kurunegala,213599,Active,Rotaract President,2025 - 2026,Information Not Reported,Information Not Reported,Information Not Reported,Information Not Reported,N,5,Community,Zone 5,Kurunegala (Rotary),Kurunegala (Rotary)
3220,Nallur Heritage,214142,Active,Rotaract President,2024 - 2025,Information Not Reported,Information Not Reported,Information Not Reported,Information Not Reported,N,5,Community,Zone 5,Nallur (Rotary),Nallur (Rotary)
3220,Trincomalee,8575,Active,Rotaract President,2025 - 2026,Information Not Reported,Information Not Reported,Information Not Reported,Information Not Reported,N,5,Community,Zone 5,Trincomalee (Rotary),Trincomalee (Rotary)
3220,University Alumni,91894,Active,Rotaract President,2025 - 2026,Information Not Reported,Information Not Reported,Information Not Reported,Information Not Reported,N,5,Community,Zone 5,Colombo Metropolitan (Rotary),Colombo Metropolitan (Rotary)
3231,Addon Institute of Medical Mission & Research Centre,215737,Active,Rotaract President,2020 - 2021,Information Not Reported,Information Not Reported,Information Not Reported,Information Not Reported,N,5,University,Zone 5,Katpadi (Rotary),Katpadi (Rotary)
3231,"Arunai Engg. College, Thiruvannamalai",76060,Active,Rotaract President,2021 - 2022,Information Not Reported,Information Not Reported,Information Not Reported,Information Not Reported,N,5,University,Zone 5,Mooncity Thiruvannamalai (Rotary),Mooncity Thiruvannamalai (Rotary)
3231,Arunai Medical College and Hospital,8827356,Active,Rotaract President,2025 - 2026,Information Not Reported,Information Not Reported,Information Not Reported,Information Not Reported,N,5,University,Zone 5,Tiruvannamalai (Rotary),Tiruvannamalai (Rotary)
3231,Best Paramedical College,217636,Active,Rotaract President,2019 - 2020,Information Not Reported,Information Not Reported,Information Not Reported,Information Not Reported,N,5,University,Zone 5,Vellore Golden City (Rotary),Vellore Golden City (Rotary)
3231,Bhakthavatsalam Polytechnic College,8827420,Active,Rotaract President,2025 - 2026,Information Not Reported,Information Not Reported,Information Not Reported,Information Not Reported,N,5,University,Zone 5,Kanchipuram Temple City (Rotary),Kanchipuram Temple City (Rotary)
3231,CAHCET,217936,Active,Rotaract President,2019 - 2020,Information Not Reported,Information Not Reported,Information Not Reported,Information Not Reported,N,5,Community,Zone 5,Ranipet (Rotary),Ranipet (Rotary)
3231,DKM College for Women Autonomous,216950,Active,Rotaract President,2019 - 2020,Information Not Reported,Information Not Reported,Information Not Reported,Information Not Reported,N,5,University,Zone 5,Vellore Accord (Rotary),Vellore Accord (Rotary)
3231,Government Thiruvannamalai Medical College,8824767,Active,Rotaract President,2022 - 2023,Information Not Reported,Information Not Reported,Information Not Reported,Information Not Reported,N,5,University,Zone 5,Tiruvannamalai (Rotary),Tiruvannamalai (Rotary)
3231,HIMT Presea College,8826962,Active,Rotaract President,2025 - 2026,Information Not Reported,Information Not Reported,Information Not Reported,Information Not Reported,N,5,University,Zone 5,Chengalpattu (Rotary),Chengalpattu (Rotary)
3231,Imayam Arts and Science College,8826675,Active,Rotaract President,2025 - 2026,Information Not Reported,Information Not Reported,Information Not Reported,Information Not Reported,N,5,University,Zone 5,Vaniyambadi (Rotary),Vaniyambadi (Rotary)
3231,Kamban College of Arts and Science,8826430,Active,Rotaract President,2024 - 2025,Information Not Reported,Information Not Reported,Information Not Reported,Information Not Reported,N,5,University,Zone 5,Tiruvannamalai Pearls (Rotary),Tiruvannamalai Pearls (Rotary)
3231,Kingston Engineering College,216294,Active,Rotaract President,2019 - 2020,Information Not Reported,Information Not Reported,Information Not Reported,Information Not Reported,N,5,University,Zone 5,Katpadi (Rotary),Katpadi (Rotary)
3231,Meenakshi Ammal Arts and Science College Uthiramerur,8825005,Active,Rotaract President,2022 - 2023,Information Not Reported,Information Not Reported,Information Not Reported,Information Not Reported,N,5,University,Zone 5,Kancheepuram (Rotary),Kancheepuram (Rotary)
3231,Nethra College of Optometry,8824383,Active,Rotaract President,2021 - 2022,Information Not Reported,Information Not Reported,Information Not Reported,Information Not Reported,N,5,University,Zone 5,Arni (Rotary),Arni (Rotary)
3231,Noble Medical Academy,8824675,Active,Rotaract President,2021 - 2022,Information Not Reported,Information Not Reported,Information Not Reported,Information Not Reported,N,5,University,Zone 5,Arni (Rotary),Arni (Rotary)
3231,Pallavan Pharmacy College,8824619,Active,Rotaract President,2021 - 2022,Information Not Reported,Information Not Reported,Information Not Reported,Information Not Reported,N,5,University,Zone 5,Kancheepuram East (Rotary),Kancheepuram East (Rotary)
3231,Prathyusha Engineering College,8824857,Active,Rotaract President,2024 - 2025,Information Not Reported,Information Not Reported,Information Not Reported,Information Not Reported,N,5,University,Zone 5,Tiruvallur Royals (Rotary),Tiruvallur Royals (Rotary)
3231,"Rajalakshmi Polytechnic College, Tiruvannamalai",92258,Active,Rotaract President,2020 - 2021,Information Not Reported,Information Not Reported,Information Not Reported,Information Not Reported,N,5,University,Zone 5,Tiruvannamalai (Rotary),Tiruvannamalai (Rotary)
3231,RICT Paramedical Institution,8827352,Active,Rotaract President,2025 - 2026,Information Not Reported,Information Not Reported,Information Not Reported,Information Not Reported,N,5,University,Zone 5,Vellore Vegan (Rotary),Vellore Vegan (Rotary)
3231,Shanmuga Arts & Science College,214165,Active,Rotaract President,2021 - 2022,Information Not Reported,Information Not Reported,Information Not Reported,Information Not Reported,N,5,University,Zone 5,Mooncity Thiruvannamalai (Rotary),Mooncity Thiruvannamalai (Rotary)
3231,Srikrishna College of Engineering,213850,Active,Rotaract President,2020 - 2021,Information Not Reported,Information Not Reported,Information Not Reported,Information Not Reported,N,5,University,Zone 5,Arkonam (Rotary),Arkonam (Rotary)
3231,Sri Ramaswamy Memorial Valliammai Engineering College,8826603,Active,Rotaract President,2025 - 2026,Information Not Reported,Information Not Reported,Information Not Reported,Information Not Reported,N,5,University,Zone 5,Maraimalai Nagar Industrial City (Rotary),Maraimalai Nagar Industrial City (Rotary)
3231,Sri Sankara Arts and Science College,8827447,Active,Rotaract President,2025 - 2026,Information Not Reported,Information Not Reported,Information Not Reported,Information Not Reported,N,5,University,Zone 5,Kanchipuram Temple City (Rotary),Kanchipuram Temple City (Rotary)
3231,"Sri Venkateswara Polytechnic College, Vellore",92113,Active,Rotaract President,2020 - 2021,Information Not Reported,Information Not Reported,Information Not Reported,Information Not Reported,N,5,University,Zone 5,Vellore South (Rotary),Vellore South (Rotary)
3231,"Sun Arts and Science College, Tiruvannamalai",92257,Active,Rotaract President,2020 - 2021,Information Not Reported,Information Not Reported,Information Not Reported,Information Not Reported,N,5,University,Zone 5,Tiruvannamalai (Rotary),Tiruvannamalai (Rotary)
3231,Thiruvalluvar University,216114,Active,Rotaract President,2020 - 2021,Information Not Reported,Information Not Reported,Information Not Reported,Information Not Reported,N,5,University,Zone 5,Katpadi (Rotary),Katpadi (Rotary)
3231,Tiruvannamalai,8827366,Active,Rotaract President,2025 - 2026,Information Not Reported,Information Not Reported,Information Not Reported,Information Not Reported,N,5,Community,Zone 5,Tiruvannamalai (Rotary),Tiruvannamalai (Rotary)
3231,Vishwakasena Angels,217740,Active,Rotaract President,2019 - 2020,Information Not Reported,Information Not Reported,Information Not Reported,Information Not Reported,N,5,University,Zone 5,None Reported,None Reported
3231,Voorhees College,216846,Active,Rotaract President,2020 - 2021,Information Not Reported,Information Not Reported,Information Not Reported,Information Not Reported,N,5,University,Zone 5,Vellore (Rotary),Vellore (Rotary)
3231,Voorhees College Women,216761,Active,Rotaract President,2020 - 2021,Information Not Reported,Information Not Reported,Information Not Reported,Information Not Reported,N,5,University,Zone 5,Vellore Angels (Rotary),Vellore Angels (Rotary)
3231,Worth Trust,216113,Active,Rotaract President,2021 - 2022,Information Not Reported,Information Not Reported,Information Not Reported,Information Not Reported,N,5,University,Zone 5,Katpadi (Rotary),Katpadi (Rotary)
3233,Alpha Arts and Science College,8824907,Active,Rotaract President,,Information Not Reported,Information Not Reported,Information Not Reported,Information Not Reported,N,5,University,Zone 5,Madras North (Rotary),Madras North (Rotary)
3233,Billroth College of Nursing,8826738,Active,Rotaract President,2024 - 2025,Information Not Reported,Information Not Reported,Information Not Reported,Information Not Reported,N,5,University,Zone 5,Chennai Sun Rise (Rotary),Chennai Sun Rise (Rotary)
3233,Chellammal Women's College,8827175,Active,Rotaract President,2025 - 2026,Information Not Reported,Information Not Reported,Information Not Reported,Information Not Reported,N,5,University,Zone 5,Chennai East R.A. Puram (Rotary),Chennai East R.A. Puram (Rotary)
3233,Chennai Angels,8826203,Active,Rotaract President,2025 - 2026,Information Not Reported,Information Not Reported,Information Not Reported,Information Not Reported,N,5,Community,Zone 5,Chennai Celebrities (Rotaract),Chennai Celebrities (Rotaract)
3233,Chennai ANVI,8826218,Active,Rotaract President,2025 - 2026,Information Not Reported,Information Not Reported,Information Not Reported,Information Not Reported,N,5,Community,Zone 5,Chennai Meraki (Rotary),Chennai Meraki (Rotary)
3233,Crescent,8826867,Active,Rotaract President,2025 - 2026,Information Not Reported,Information Not Reported,Information Not Reported,Information Not Reported,N,5,University,Zone 5,Madras Mount (Rotary),Madras Mount (Rotary)
3233,Don Bosco Arts and Science College,8827166,Active,Rotaract President,2025 - 2026,Information Not Reported,Information Not Reported,Information Not Reported,Information Not Reported,N,5,University,Zone 5,Chennai Octave (Rotary),Chennai Octave (Rotary)
3233,Government Arts and Science College Dr. R.K. Nagar,8826854,Active,Rotaract President,2025 - 2026,Information Not Reported,Information Not Reported,Information Not Reported,Information Not Reported,N,5,University,Zone 5,Madras North (Rotary),Madras North (Rotary)
3233,Government Yoga and Naturopathy Medical College,8827226,Active,Rotaract President,2025 - 2026,Information Not Reported,Information Not Reported,Information Not Reported,Information Not Reported,N,5,University,Zone 5,Chennai Rising Stars (Rotary),Chennai Rising Stars (Rotary)
3233,Kandasamy Naidu College,218365,Active,Rotaract President,,Information Not Reported,Information Not Reported,Information Not Reported,Information Not Reported,N,5,University,Zone 5,Aarch City - Madras (Rotary),Aarch City - Madras (Rotary)
3233,KCG College of Technology,215610,Active,Rotaract President,2025 - 2026,Information Not Reported,Information Not Reported,Information Not Reported,Information Not Reported,N,5,University,Zone 5,Chennai Capital (Rotary),Chennai Capital (Rotary)
3233,Loyola Institute of Technology,216547,Active,Rotaract President,2025 - 2026,Information Not Reported,Information Not Reported,Information Not Reported,Information Not Reported,N,5,University,Zone 5,Chennai Royals (Rotary),Chennai Royals (Rotary)
3233,Madras Institute of Hotel Management and Catering Technology,8827201,Active,Rotaract President,2025 - 2026,Information Not Reported,Information Not Reported,Information Not Reported,Information Not Reported,N,5,University,Zone 5,Chennai Golden Galaxy (Rotary),Chennai Golden Galaxy (Rotary)
3233,Madras Institute of Technology,8637,Active,Rotaract President,,Information Not Reported,Information Not Reported,Information Not Reported,Information Not Reported,N,5,University,Zone 5,Madras Northwest (Rotary),Madras Northwest (Rotary)
3233,Mar Gregorios College of Arts & Science,8827005,Active,Rotaract President,2025 - 2026,Information Not Reported,Information Not Reported,Information Not Reported,Information Not Reported,N,5,University,Zone 5,Aarch City - Madras (Rotary),Aarch City - Madras (Rotary)
3233,Meenakshi College of Nursing,8827357,Active,Rotaract President,2025 - 2026,Information Not Reported,Information Not Reported,Information Not Reported,Information Not Reported,N,5,University,Zone 5,Chennai Golden Galaxy (Rotary),Chennai Golden Galaxy (Rotary)
3233,Presidency College,217321,Active,Rotaract President,2024 - 2025,Information Not Reported,Information Not Reported,Information Not Reported,Information Not Reported,N,5,University,Zone 5,Chennai Info City (Rotary),Chennai Info City (Rotary)
3233,Prince Shri Balaji Arts & Science College,8824646,Active,Rotaract President,,Information Not Reported,Information Not Reported,Information Not Reported,Information Not Reported,N,5,University,Zone 5,Aarch City - Madras (Rotary),Aarch City - Madras (Rotary)
3233,Sathyabama University,213070,Active,Rotaract President,2024 - 2025,Information Not Reported,Information Not Reported,Information Not Reported,Information Not Reported,N,5,University,Zone 5,Madras Temple City (Rotary),Madras Temple City (Rotary)
3233,Saveetha College of Allied Health Sciences,8827016,Active,Rotaract President,2025 - 2026,Information Not Reported,Information Not Reported,Information Not Reported,Information Not Reported,N,5,University,Zone 5,Madras-T. Nagar (Rotary),Madras-T. Nagar (Rotary)
3233,Saveetha College of Nursing,8826855,Active,Rotaract President,2025 - 2026,Information Not Reported,Information Not Reported,Information Not Reported,Information Not Reported,N,5,University,Zone 5,Chennai Sneham (Rotary),Chennai Sneham (Rotary)
3233,Saveetha School of Law,8827244,Active,Rotaract President,2025 - 2026,Information Not Reported,Information Not Reported,Information Not Reported,Information Not Reported,N,5,University,Zone 5,Guindy (Rotary),Guindy (Rotary)
3233,Shree Chandraprabhu Jain College,83600,Active,Rotaract President,2025 - 2026,Information Not Reported,Information Not Reported,Information Not Reported,Information Not Reported,N,5,University,Zone 5,Madras Esplanade (Rotary),Madras Esplanade (Rotary)
3233,Soka Ikeda College of Arts and Science for Women,8827143,Active,Rotaract President,2025 - 2026,Information Not Reported,Information Not Reported,Information Not Reported,Information Not Reported,N,5,University,Zone 5,Aarch City - Madras (Rotary),Aarch City - Madras (Rotary)
3233,SRIHER,8824334,Active,Rotaract President,2025 - 2026,Information Not Reported,Information Not Reported,Information Not Reported,Information Not Reported,N,5,University,Zone 5,Madras Porur (Rotary),Madras Porur (Rotary)
3233,Sri Lalithambigai Medical College & Hospital,8827363,Active,Rotaract President,2025 - 2026,Information Not Reported,Information Not Reported,Information Not Reported,Information Not Reported,N,5,University,Zone 5,Chennai Gemini (Rotary),Chennai Gemini (Rotary)
3233,SRM IST FSH Vadapalani,8826994,Active,Rotaract President,2025 - 2026,Information Not Reported,Information Not Reported,Information Not Reported,Information Not Reported,N,5,University,Zone 5,Chennai Chola (Rotary),Chennai Chola (Rotary)
3233,Tagore College of Arts and Science,8826335,Active,Rotaract President,2024 - 2025,Information Not Reported,Information Not Reported,Information Not Reported,Information Not Reported,N,5,University,Zone 5,Madras Fort (Rotary),Madras Fort (Rotary)
3234,Asan Memorial College,47967,Active,Rotaract President,2024 - 2025,Information Not Reported,Information Not Reported,Information Not Reported,Information Not Reported,N,5,University,Zone 5,Madras South (Rotary),Madras South (Rotary)
3234,Bhakthavatslam Memorial College for Women,42575,Active,Rotaract President,2025 - 2026,Information Not Reported,Information Not Reported,Information Not Reported,Information Not Reported,N,5,University,Zone 5,Madras Industrial City (Rotary),Madras Industrial City (Rotary)
3234,"College of Engineering, Guindy (CEG)",76069,Active,Rotaract President,2024 - 2025,Information Not Reported,Information Not Reported,Information Not Reported,Information Not Reported,N,5,University,Zone 5,Madras South (Rotary),Madras South (Rotary)
3234,Drishti,212297,Active,Rotaract President,2025 - 2026,Information Not Reported,Information Not Reported,Information Not Reported,Information Not Reported,N,5,Community,Zone 5,Madras Coromandel (Rotary),Madras Coromandel (Rotary)
3234,Dr. Mgr Janaki College for Women,81291,Active,Rotaract President,2025 - 2026,Information Not Reported,Information Not Reported,Information Not Reported,Information Not Reported,N,5,University,Zone 5,Madras Coromandel (Rotary),Madras Coromandel (Rotary)
3234,GSS Jain College,217925,Active,Rotaract President,2024 - 2025,Information Not Reported,Information Not Reported,Information Not Reported,Information Not Reported,N,5,University,Zone 5,Madras (Rotary),Madras (Rotary)
3234,Kings Cornerstone International,8826219,Active,Rotaract President,2025 - 2026,Information Not Reported,Information Not Reported,Information Not Reported,Information Not Reported,N,5,University,Zone 5,Chennai ECR (Rotary),Chennai ECR (Rotary)
3234,Kumararani Meena Muthiah College of Arts and Science Adyar,8827030,Active,Rotaract President,2025 - 2026,Information Not Reported,Information Not Reported,Information Not Reported,Information Not Reported,N,5,University,Zone 5,Chennai Galaxy (Rotary),Chennai Galaxy (Rotary)
3234,Mahalakshmi College of Arts and Science,217073,Active,Rotaract President,,Information Not Reported,Information Not Reported,Information Not Reported,Information Not Reported,N,5,University,Zone 5,Chennai Bharathi (Rotary),Chennai Bharathi (Rotary)
3234,Mohamed Sathak College of Arts and Science,8826872,Active,Rotaract President,2025 - 2026,Information Not Reported,Information Not Reported,Information Not Reported,Information Not Reported,N,5,University,Zone 5,Chennai Upscale (Rotary),Chennai Upscale (Rotary)
3234,Panimalar Medical College,8823322,Active,Rotaract President,,Information Not Reported,Information Not Reported,Information Not Reported,Information Not Reported,N,5,University,Zone 5,Chennai Carnatic (Rotary),Chennai Carnatic (Rotary)
3234,S.S. Jain College for Women,72847,Active,Rotaract President,2024 - 2025,Information Not Reported,Information Not Reported,Information Not Reported,Information Not Reported,N,5,University,Zone 5,Madras Central (Rotary),Madras Central (Rotary)
3234,St. Anne’s Arts and Science College,8826472,Active,Rotaract President,2025 - 2026,Information Not Reported,Information Not Reported,Information Not Reported,Information Not Reported,N,5,University,Zone 5,Chennai Madhavaram (Rotary),Chennai Madhavaram (Rotary)
3234,YMCA College of Physical Education,8826635,Active,Rotaract President,2025 - 2026,Information Not Reported,Information Not Reported,Information Not Reported,Information Not Reported,N,5,University,Zone 5,Madras East (Rotary),Madras East (Rotary)
3234,Youth Organ Donation Awareness (YODA),8826989,Active,Rotaract President,2025 - 2026,Information Not Reported,Information Not Reported,Information Not Reported,Information Not Reported,N,5,Community,Zone 5,Organ Donation (Rotary),Organ Donation (Rotary)
3240,Bongaigaon,218729,Active,Rotaract President,2024 - 2025,Information Not Reported,Information Not Reported,Information Not Reported,Information Not Reported,N,6,Community,Zone 6,Bongaigaon (Rotary),Bongaigaon (Rotary)
3240,Burdwan,8823905,Active,Rotaract President,2025 - 2026,Information Not Reported,Information Not Reported,Information Not Reported,Information Not Reported,N,6,Community,Zone 6,Burdwan (Rotary),Burdwan (Rotary)
3240,Dibrugarh,218554,Active,Rotaract President,2025 - 2026,Information Not Reported,Information Not Reported,Information Not Reported,Information Not Reported,N,6,Community,Zone 6,Dibrugarh (Rotary),Dibrugarh (Rotary)
3240,Digboi Oil Town,213179,Active,Rotaract President,2024 - 2025,Information Not Reported,Information Not Reported,Information Not Reported,Information Not Reported,N,6,Community,Zone 6,Digboi (Rotary),Digboi (Rotary)
3240,Dimapur,8845,Active,Rotaract President,2024 - 2025,Information Not Reported,Information Not Reported,Information Not Reported,Information Not Reported,N,6,Community,Zone 6,Dimapur (Rotary),Dimapur (Rotary)
3240,"D R College, Golaghat",8826074,Active,Rotaract President,2024 - 2025,Information Not Reported,Information Not Reported,Information Not Reported,Information Not Reported,N,6,University,Zone 6,Golaghat (Rotary),Golaghat (Rotary)
3240,"G C College, Silchar",215807,Active,Rotaract President,2025 - 2026,Information Not Reported,Information Not Reported,Information Not Reported,Information Not Reported,N,6,University,Zone 6,Green Land Silchar (Rotary),Green Land Silchar (Rotary)
3240,Govt. Model College Borkhola,8827785,Active,Rotaract President,2025 - 2026,Information Not Reported,Information Not Reported,Information Not Reported,Information Not Reported,N,6,University,Zone 6,Silchar (Rotary),Silchar (Rotary)
3240,Greater Tezpur,89870,Active,Rotaract President,2025 - 2026,Information Not Reported,Information Not Reported,Information Not Reported,Information Not Reported,N,6,Community,Zone 6,Greater Tezpur (Rotary),Greater Tezpur (Rotary)
3240,Imphal,8824340,Active,Rotaract President,2024 - 2025,Information Not Reported,Information Not Reported,Information Not Reported,Information Not Reported,N,6,Community,Zone 6,Imphal (Rotary),Imphal (Rotary)
3240,Kalabhumi Tezpur,8827209,Active,Rotaract President,2025 - 2026,Information Not Reported,Information Not Reported,Information Not Reported,Information Not Reported,N,6,Community,Zone 6,Greater Tezpur (Rotary); Greater Tezpur City (Rotaract),Greater Tezpur (Rotary); Greater Tezpur City (Rotaract)
3240,Mandir Nagari Udaipur,8826773,Active,Rotaract President,2025 - 2026,Information Not Reported,Information Not Reported,Information Not Reported,Information Not Reported,N,6,Community,Zone 6,Agartala (Rotary),Agartala (Rotary)
3240,Namsai,218341,Active,Rotaract President,2024 - 2025,Information Not Reported,Information Not Reported,Information Not Reported,Information Not Reported,N,6,Community,Zone 6,Tinsukia (Rotaract),Tinsukia (Rotaract)
3240,Nehru College,8827319,Active,Rotaract President,2025 - 2026,Information Not Reported,Information Not Reported,Information Not Reported,Information Not Reported,N,6,University,Zone 6,Greater Silchar (Rotary),Greater Silchar (Rotary)
3240,Silchar Medical College & Hospital,216296,Active,Rotaract President,2025 - 2026,Information Not Reported,Information Not Reported,Information Not Reported,Information Not Reported,N,6,University,Zone 6,Green Land Silchar (Rotary),Green Land Silchar (Rotary)
3240,Silchar Med Visionaries,8827690,Active,Rotaract President,2025 - 2026,Information Not Reported,Information Not Reported,Information Not Reported,Information Not Reported,N,6,Community,Zone 6,Silchar (Rotary),Silchar (Rotary)
3240,Silchar Royals,218656,Active,Rotaract President,2025 - 2026,Information Not Reported,Information Not Reported,Information Not Reported,Information Not Reported,N,6,Community,Zone 6,Green Land Silchar (Rotary),Green Land Silchar (Rotary)
3240,Southfield College,217260,Active,Rotaract President,2025 - 2026,Information Not Reported,Information Not Reported,Information Not Reported,Information Not Reported,N,6,University,Zone 6,Darjeeling (Rotary),Darjeeling (Rotary)
3240,Tinsukia,218331,Active,Rotaract President,2024 - 2025,Information Not Reported,Information Not Reported,Information Not Reported,Information Not Reported,N,6,Community,Zone 6,Tinsukia (Rotary),Tinsukia (Rotary)
3250,"B.ed Jamshedpur Co-operative College, Jsr",216748,Active,Rotaract President,2020 - 2021,Information Not Reported,Information Not Reported,Information Not Reported,Information Not Reported,N,6,University,Zone 6,Jamshedpur (Rotary),Jamshedpur (Rotary)
3250,Birla Institute of Technology Ranchi,8827302,Active,Rotaract President,2025 - 2026,Information Not Reported,Information Not Reported,Information Not Reported,Information Not Reported,N,6,University,Zone 6,Ranchi (Rotary),Ranchi (Rotary)
3250,BIT Sindri,216248,Active,Rotaract President,2025 - 2026,Information Not Reported,Information Not Reported,Information Not Reported,Information Not Reported,N,6,University,Zone 6,Dhanbad (Rotary),Dhanbad (Rotary)
3250,Dhanbad Midtown,218419,Active,Rotaract President,2024 - 2025,Information Not Reported,Information Not Reported,Information Not Reported,Information Not Reported,N,6,Community,Zone 6,Dhanbad Midtown (Rotary),Dhanbad Midtown (Rotary)
3250,Jamshedpur Humanitarians,8826862,Active,Rotaract President,2025 - 2026,Information Not Reported,Information Not Reported,Information Not Reported,Information Not Reported,N,6,Community,Zone 6,Jamshedpur Mid Town (Rotary),Jamshedpur Mid Town (Rotary)
3250,Karim City College,90505,Active,Rotaract President,2025 - 2026,Information Not Reported,Information Not Reported,Information Not Reported,Information Not Reported,N,6,University,Zone 6,Jamshedpur West (Rotary),Jamshedpur West (Rotary)
3250,MGM Medical College,8826001,Active,Rotaract President,2025 - 2026,Information Not Reported,Information Not Reported,Information Not Reported,Information Not Reported,N,6,University,Zone 6,Jamshedpur East (Rotary),Jamshedpur East (Rotary)
3250,Patna Millennium,8826967,Active,Rotaract President,2025 - 2026,Information Not Reported,Information Not Reported,Information Not Reported,Information Not Reported,N,6,Community,Zone 6,Patna Millennium (Rotary),Patna Millennium (Rotary)
3250,Ranchi ICWAI,90326,Active,Rotaract President,2025 - 2026,Information Not Reported,Information Not Reported,Information Not Reported,Information Not Reported,N,6,Community,Zone 6,Ranchi (Rotary),Ranchi (Rotary)
3250,Rising Ranchi,8826666,Active,Rotaract President,2025 - 2026,Information Not Reported,Information Not Reported,Information Not Reported,Information Not Reported,N,6,Community,Zone 6,Ranchi (Rotary),Ranchi (Rotary)
3250,RK Mahila College,8826460,Active,Rotaract President,2025 - 2026,Information Not Reported,Information Not Reported,Information Not Reported,Information Not Reported,N,6,University,Zone 6,Giridih (Rotary),Giridih (Rotary)
3250,Saran City,215178,Active,Rotaract President,2025 - 2026,Information Not Reported,Information Not Reported,Information Not Reported,Information Not Reported,N,6,Community,Zone 6,Saran (Rotary),Saran (Rotary)
3250,Social Revolution,214603,Active,Rotaract President,2025 - 2026,Information Not Reported,Information Not Reported,Information Not Reported,Information Not Reported,N,6,University,Zone 6,Ranchi Mid Town (Rotary),Ranchi Mid Town (Rotary)
3261,Atoma,218105,Active,Rotaract President,2020 - 2021,Information Not Reported,Information Not Reported,Information Not Reported,Information Not Reported,N,6,Community,Zone 6,Balaghat Tigers (Rotary),Balaghat Tigers (Rotary)
3261,Cogent College,218176,Active,Rotaract President,2019 - 2020,Information Not Reported,Information Not Reported,Information Not Reported,Information Not Reported,N,6,University,Zone 6,Jabalpur South (Rotary),Jabalpur South (Rotary)
3261,"Gandhi Mahavidyalaya, Rourkela",216874,Active,Rotaract President,2024 - 2025,Information Not Reported,Information Not Reported,Information Not Reported,Information Not Reported,N,6,University,Zone 6,Rourkela Steel City (Rotary),Rourkela Steel City (Rotary)
3261,G.S. College,216270,Active,Rotaract President,2020 - 2021,Information Not Reported,Information Not Reported,Information Not Reported,Information Not Reported,N,6,University,Zone 6,Jabalpur South (Rotary),Jabalpur South (Rotary)
3261,Hrushikesh Ray Degree Mahavidyalaya Rourkela,8824860,Active,Rotaract President,2022 - 2023,Information Not Reported,Information Not Reported,Information Not Reported,Information Not Reported,N,6,University,Zone 6,Rourkela Riverside (Rotary),Rourkela Riverside (Rotary)
3261,Jabalpur City,217367,Active,Rotaract President,2019 - 2020,Information Not Reported,Information Not Reported,Information Not Reported,Information Not Reported,N,6,Community,Zone 6,Jabalpur West (Rotary),Jabalpur West (Rotary)
3261,Millennium Bilaspur,8824288,Active,Rotaract President,2021 - 2022,Information Not Reported,Information Not Reported,Information Not Reported,Information Not Reported,N,6,Community,Zone 6,Bilaspur Mid-Town (Rotary); E-club of Bilaspur United (Rotary),Bilaspur Mid-Town (Rotary); E-club of Bilaspur United (Rotary)
3261,Navyug College,216379,Active,Rotaract President,2020 - 2021,Information Not Reported,Information Not Reported,Information Not Reported,Information Not Reported,N,6,University,Zone 6,Jabalpur South (Rotary),Jabalpur South (Rotary)
3261,NIT Rourkela,218110,Active,Rotaract President,2019 - 2020,Information Not Reported,Information Not Reported,Information Not Reported,Information Not Reported,N,6,Community,Zone 6,Rourkela (Rotary),Rourkela (Rotary)
3261,Ranjhi Jabalpur,217368,Active,Rotaract President,2019 - 2020,Information Not Reported,Information Not Reported,Information Not Reported,Information Not Reported,N,6,Community,Zone 6,Jabalpur West (Rotary),Jabalpur West (Rotary)
3261,Rourkela Institute of Management Studies,8824868,Active,Rotaract President,2025 - 2026,Information Not Reported,Information Not Reported,Information Not Reported,Information Not Reported,N,6,University,Zone 6,Rourkela Steel City (Rotary),Rourkela Steel City (Rotary)
3261,Rourkela Municipal College,216475,Active,Rotaract President,2019 - 2020,Information Not Reported,Information Not Reported,Information Not Reported,Information Not Reported,N,6,University,Zone 6,Rourkela Mid-Town (Rotary),Rourkela Mid-Town (Rotary)
3261,Rourkela Titans,8826673,Active,Rotaract President,2025 - 2026,Information Not Reported,Information Not Reported,Information Not Reported,Information Not Reported,N,6,Community,Zone 6,Rourkela Queens (Rotary),Rourkela Queens (Rotary)
3261,Sai Valley World Institute of Management & Technology (SVWIMT),8826271,Active,Rotaract President,2024 - 2025,Information Not Reported,Information Not Reported,Information Not Reported,Information Not Reported,N,6,University,Zone 6,Rourkela Vibrant (Rotary),Rourkela Vibrant (Rotary)
3261,Vedic Degree College,218142,Active,Rotaract President,2019 - 2020,Information Not Reported,Information Not Reported,Information Not Reported,Information Not Reported,N,6,University,Zone 6,Sambalpur Greater (Rotary),Sambalpur Greater (Rotary)
3262,Academic International School,8823394,Active,Rotaract President,2023 - 2024,Information Not Reported,Information Not Reported,Information Not Reported,Information Not Reported,N,6,University,Zone 6,Bhadrak (Rotary),Bhadrak (Rotary)
3262,Aikyam Bhubaneswar,218683,Active,Rotaract President,2020 - 2021,Information Not Reported,Information Not Reported,Information Not Reported,Information Not Reported,N,6,Community,Zone 6,Bhubaneswar Friends (Rotaract),Bhubaneswar Friends (Rotaract)
3262,Angul Royal,8823866,Active,Rotaract President,2024 - 2025,Information Not Reported,Information Not Reported,Information Not Reported,Information Not Reported,N,6,Community,Zone 6,Angul Royal (Rotary),Angul Royal (Rotary)
3262,Atal Incubation Centre Nalanda Innovators,8826428,Active,Rotaract President,2024 - 2025,Information Not Reported,Information Not Reported,Information Not Reported,Information Not Reported,N,6,University,Zone 6,None Reported,None Reported
3262,Balasore-On-Sea,80138,Active,Rotaract President,2024 - 2025,Information Not Reported,Information Not Reported,Information Not Reported,Information Not Reported,N,6,Community,Zone 6,Balasore-On-Sea (Rotary),Balasore-On-Sea (Rotary)
3262,Basanta Academy Berhampur,222325,Active,Rotaract President,2023 - 2024,Information Not Reported,Information Not Reported,Information Not Reported,Information Not Reported,N,6,University,Zone 6,Berhampur (Rotary),Berhampur (Rotary)
3262,Berhampur University,8826308,Active,Rotaract President,2024 - 2025,Information Not Reported,Information Not Reported,Information Not Reported,Information Not Reported,N,6,University,Zone 6,Berhampur Central (Rotary),Berhampur Central (Rotary)
3262,Berhmpur Achivers,218400,Active,Rotaract President,2025 - 2026,Information Not Reported,Information Not Reported,Information Not Reported,Information Not Reported,N,6,Community,Zone 6,Bhubaneswar Royal (Rotaract),Bhubaneswar Royal (Rotaract)
3262,Bhayarpur,8827075,Active,Rotaract President,2025 - 2026,Information Not Reported,Information Not Reported,Information Not Reported,Information Not Reported,N,6,Community,Zone 6,Cuttack Radiance (Rotary),Cuttack Radiance (Rotary)
3262,Bhubaneswar Capital,91597,Active,Rotaract President,2023 - 2024,Information Not Reported,Information Not Reported,Information Not Reported,Information Not Reported,N,6,University,Zone 6,Bhubaneswar Capital (Rotary),Bhubaneswar Capital (Rotary)
3262,Bhubaneswar Changemakers,8823872,Active,Rotaract President,2025 - 2026,Information Not Reported,Information Not Reported,Information Not Reported,Information Not Reported,N,6,Community,Zone 6,Cuttack Cantonment (Rotary),Cuttack Cantonment (Rotary)
3262,Bhubaneswar Ekamra Kshetra Ananya,8823268,Active,Rotaract President,2020 - 2021,Information Not Reported,Information Not Reported,Information Not Reported,Information Not Reported,N,6,Community,Zone 6,Bhubaneswar Ekamra Kshetra (Rotary),Bhubaneswar Ekamra Kshetra (Rotary)
3262,Bhubaneswar Excellence,8824196,Active,Rotaract President,2025 - 2026,Information Not Reported,Information Not Reported,Information Not Reported,Information Not Reported,N,6,Community,Zone 6,Bhubaneswar Excellence (Rotary),Bhubaneswar Excellence (Rotary)
3262,Bhubaneswar Friends,91476,Active,Rotaract President,2025 - 2026,Information Not Reported,Information Not Reported,Information Not Reported,Information Not Reported,N,6,Community,Zone 6,Bhubaneswar Friends (Rotary),Bhubaneswar Friends (Rotary)
3262,Bhubaneswar Harmony,8824466,Active,Rotaract President,2021 - 2022,Information Not Reported,Information Not Reported,Information Not Reported,Information Not Reported,N,6,Community,Zone 6,Bhubaneswar Harmony (Rotary),Bhubaneswar Harmony (Rotary)
3262,Bhubaneswar Meadows,8823391,Active,Rotaract President,2020 - 2021,Information Not Reported,Information Not Reported,Information Not Reported,Information Not Reported,N,6,Community,Zone 6,Bhubaneswar Meadows (Rotary),Bhubaneswar Meadows (Rotary)
3262,Bhubaneswar Neeladri,218403,Active,Rotaract President,2020 - 2021,Information Not Reported,Information Not Reported,Information Not Reported,Information Not Reported,N,6,Community,Zone 6,Bhubaneswar Neeladri (Rotary),Bhubaneswar Neeladri (Rotary)
3262,Bhubaneswar Smart City,8826551,Active,Rotaract President,2024 - 2025,Information Not Reported,Information Not Reported,Information Not Reported,Information Not Reported,N,6,Community,Zone 6,None Reported,None Reported
3262,Bhubaneswar Utkal Ollywood,8824250,Active,Rotaract President,2022 - 2023,Information Not Reported,Information Not Reported,Information Not Reported,Information Not Reported,N,6,Community,Zone 6,Bhubaneswar Utkal (Rotary),Bhubaneswar Utkal (Rotary)
3262,Bhubaneswar Utkal Sakha,8824038,Active,Rotaract President,2022 - 2023,Information Not Reported,Information Not Reported,Information Not Reported,Information Not Reported,N,6,Community,Zone 6,Bhubaneswar Utkal (Rotary),Bhubaneswar Utkal (Rotary)
3262,Birupa,8823510,Active,Rotaract President,2025 - 2026,Information Not Reported,Information Not Reported,Information Not Reported,Information Not Reported,N,6,Community,Zone 6,Cuttack (Rotary),Cuttack (Rotary)
3262,Byasabhoomi,215279,Active,Rotaract President,2020 - 2021,Information Not Reported,Information Not Reported,Information Not Reported,Information Not Reported,N,6,Community,Zone 6,Kalinga Nagar (Rotary),Kalinga Nagar (Rotary)
3262,Byasabhoomi Jajpur Road,218218,Active,Rotaract President,2024 - 2025,Information Not Reported,Information Not Reported,Information Not Reported,Information Not Reported,N,6,Community,Zone 6,None Reported,None Reported
3262,Chilika-Balugaon,8824342,Active,Rotaract President,2023 - 2024,Information Not Reported,Information Not Reported,Information Not Reported,Information Not Reported,N,6,Community,Zone 6,Chilika-Balugaon (Rotary),Chilika-Balugaon (Rotary)
3262,C I T Bhadrak,8823279,Active,Rotaract President,2023 - 2024,Information Not Reported,Information Not Reported,Information Not Reported,Information Not Reported,N,6,University,Zone 6,Bhadrak (Rotary),Bhadrak (Rotary)
3262,CPS Mohuda,8823647,Active,Rotaract President,2020 - 2021,Information Not Reported,Information Not Reported,Information Not Reported,Information Not Reported,N,6,University,Zone 6,Berhampur East (Rotary),Berhampur East (Rotary)
3262,Cuttack Barabati Fort,8824489,Active,Rotaract President,2023 - 2024,Information Not Reported,Information Not Reported,Information Not Reported,Information Not Reported,N,6,Community,Zone 6,Cuttack Barabati (Rotary),Cuttack Barabati (Rotary)
3262,Cuttack Cantonment,218737,Active,Rotaract President,2023 - 2024,Information Not Reported,Information Not Reported,Information Not Reported,Information Not Reported,N,6,Community,Zone 6,Cuttack Cantonment (Rotary),Cuttack Cantonment (Rotary)
3262,Cuttack Central,215715,Active,Rotaract President,2025 - 2026,Information Not Reported,Information Not Reported,Information Not Reported,Information Not Reported,N,6,Community,Zone 6,Cuttack Central (Rotary),Cuttack Central (Rotary)
3262,Cuttack East,8824547,Active,Rotaract President,2021 - 2022,Information Not Reported,Information Not Reported,Information Not Reported,Information Not Reported,N,6,Community,Zone 6,Cuttack East (Rotary),Cuttack East (Rotary)
3262,Cuttack Golden Star,218677,Active,Rotaract President,2022 - 2023,Information Not Reported,Information Not Reported,Information Not Reported,Information Not Reported,N,6,Community,Zone 6,Cuttack Golden Star (Rotary),Cuttack Golden Star (Rotary)
3262,Cuttack Greater,88635,Active,Rotaract President,2025 - 2026,Information Not Reported,Information Not Reported,Information Not Reported,Information Not Reported,N,6,Community,Zone 6,Cuttack Greater (Rotary),Cuttack Greater (Rotary)
3262,Cuttack Mahanagar,8823276,Active,Rotaract President,2020 - 2021,Information Not Reported,Information Not Reported,Information Not Reported,Information Not Reported,N,6,Community,Zone 6,Cuttack Mahanagar (Rotary),Cuttack Mahanagar (Rotary)
3262,Cuttack Silver City,8827975,Active,Rotaract President,2027 - 2028,Information Not Reported,Information Not Reported,Information Not Reported,Information Not Reported,N,6,Community,Zone 6,Cuttack Greater (Rotary),Cuttack Greater (Rotary)
3262,Fakir Mohan University,8827013,Active,Rotaract President,2025 - 2026,Information Not Reported,Information Not Reported,Information Not Reported,Information Not Reported,N,6,University,Zone 6,Balasore (Rotary),Balasore (Rotary)
3262,IHM Bhubaneswar,218593,Active,Rotaract President,2021 - 2022,Information Not Reported,Information Not Reported,Information Not Reported,Information Not Reported,N,6,University,Zone 6,Bhubaneswar Neeladri (Rotary),Bhubaneswar Neeladri (Rotary)
3262,Indian Institute of Tourism and Travel Management,8826436,Active,Rotaract President,2024 - 2025,Information Not Reported,Information Not Reported,Information Not Reported,Information Not Reported,N,6,University,Zone 6,Bhubaneswar Ekamra Kshetra (Rotary),Bhubaneswar Ekamra Kshetra (Rotary)
3262,ITER Bhubaneswar,8824528,Active,Rotaract President,2022 - 2023,Information Not Reported,Information Not Reported,Information Not Reported,Information Not Reported,N,6,University,Zone 6,Bhubaneswar North (Rotary),Bhubaneswar North (Rotary)
3262,Jaleswar,49049,Active,Rotaract President,2024 - 2025,Information Not Reported,Information Not Reported,Information Not Reported,Information Not Reported,N,6,Community,Zone 6,Jaleswar (Rotary),Jaleswar (Rotary)
3262,"Jan Shikshan Sansthan, Cuttack",8826676,Active,Rotaract President,2025 - 2026,Information Not Reported,Information Not Reported,Information Not Reported,Information Not Reported,N,6,University,Zone 6,Cuttack Midtown (Rotary),Cuttack Midtown (Rotary)
3262,Jeypore,8824241,Active,Rotaract President,2021 - 2022,Information Not Reported,Information Not Reported,Information Not Reported,Information Not Reported,N,6,Community,Zone 6,Jeypore Pride (Rotary),Jeypore Pride (Rotary)
3262,"Keonjhar School of Engineering, Keonjhar",217632,Active,Rotaract President,2019 - 2020,Information Not Reported,Information Not Reported,Information Not Reported,Information Not Reported,N,6,University,Zone 6,Keonjhargarh (Rotary),Keonjhargarh (Rotary)
3262,Khurda,8823194,Active,Rotaract President,2025 - 2026,Information Not Reported,Information Not Reported,Information Not Reported,Information Not Reported,N,6,Community,Zone 6,Khurda (Rotary),Khurda (Rotary)
3262,Link Eye Hospital & Research Institute,8826579,Active,Rotaract President,2024 - 2025,Information Not Reported,Information Not Reported,Information Not Reported,Information Not Reported,N,6,University,Zone 6,Cuttack Abhinav (Rotary); Cuttack Central (Rotary),Cuttack Abhinav (Rotary); Cuttack Central (Rotary)
3262,MITS School of Biotechnology Bhubaneswar,8827526,Active,Rotaract President,2025 - 2026,Information Not Reported,Information Not Reported,Information Not Reported,Information Not Reported,N,6,University,Zone 6,Bhubaneswar Eco (Rotary),Bhubaneswar Eco (Rotary)
3262,Nayagarh,8825033,Active,Rotaract President,2022 - 2023,Information Not Reported,Information Not Reported,Information Not Reported,Information Not Reported,N,6,Community,Zone 6,Nayagarh (Rotary),Nayagarh (Rotary)
3262,ODM Business School (OBS),8823621,Active,Rotaract President,2020 - 2021,Information Not Reported,Information Not Reported,Information Not Reported,Information Not Reported,N,6,University,Zone 6,Bhubaneswar Heritage (Rotary),Bhubaneswar Heritage (Rotary)
3262,Pumas,42852,Active,Rotaract President,2022 - 2023,Information Not Reported,Information Not Reported,Information Not Reported,Information Not Reported,N,6,Community,Zone 6,Bhubaneswar (Rotary),Bhubaneswar (Rotary)
3262,Salandi Nursing School,217442,Active,Rotaract President,2020 - 2021,Information Not Reported,Information Not Reported,Information Not Reported,Information Not Reported,N,6,University,Zone 6,Bhadrak (Rotary),Bhadrak (Rotary)
3262,UNIITECH Degree College (Nayagarh),8827818,Active,Rotaract President,2025 - 2026,Information Not Reported,Information Not Reported,Information Not Reported,Information Not Reported,N,6,University,Zone 6,Nayagarh (Rotary),Nayagarh (Rotary)
3262,Vedbyash Brahmapur,8824032,Active,Rotaract President,2024 - 2025,Information Not Reported,Information Not Reported,Information Not Reported,Information Not Reported,N,6,University,Zone 6,Berhampur (Rotary),Berhampur (Rotary)
3292,Annapurna,88879,Active,Rotaract President,2025 - 2026,Information Not Reported,Information Not Reported,Information Not Reported,Information Not Reported,N,6,Community,Zone 6,Pokhara Annapurna (Rotary),Pokhara Annapurna (Rotary)
3292,Bajra Manasalu,215188,Active,Rotaract President,2025 - 2026,Information Not Reported,Information Not Reported,Information Not Reported,Information Not Reported,N,6,Community,Zone 6,Bajra Manasalu Gorkha (Rotary),Bajra Manasalu Gorkha (Rotary)
3292,Bardibas,218204,Active,Rotaract President,2025 - 2026,Information Not Reported,Information Not Reported,Information Not Reported,Information Not Reported,N,6,University,Zone 6,Bardibas (Rotary),Bardibas (Rotary)
3292,Bhadrapur,217336,Active,Rotaract President,2025 - 2026,Information Not Reported,Information Not Reported,Information Not Reported,Information Not Reported,N,6,Community,Zone 6,Bhadrapur (Rotary),Bhadrapur (Rotary)
3292,Bhairahawa Chautari,8824051,Active,Rotaract President,2024 - 2025,Information Not Reported,Information Not Reported,Information Not Reported,Information Not Reported,N,6,Community,Zone 6,Butwal Chautari (Rotary),Butwal Chautari (Rotary)
3292,Bhanu,8824081,Active,Rotaract President,2024 - 2025,Information Not Reported,Information Not Reported,Information Not Reported,Information Not Reported,N,6,Community,Zone 6,Damauli (Rotaract); Damauli (Rotary),Damauli (Rotaract); Damauli (Rotary)
3292,Butwal,44951,Active,Rotaract President,2025 - 2026,Information Not Reported,Information Not Reported,Information Not Reported,Information Not Reported,N,6,Community,Zone 6,Butwal (Rotary),Butwal (Rotary)
3292,Central Bouddha Land,8823369,Active,Rotaract President,2024 - 2025,Information Not Reported,Information Not Reported,Information Not Reported,Information Not Reported,N,6,Community,Zone 6,Central Lumbini (Rotary),Central Lumbini (Rotary)
3292,Dhulikhel,80113,Active,Rotaract President,2025 - 2026,Information Not Reported,Information Not Reported,Information Not Reported,Information Not Reported,N,6,Community,Zone 6,Dhulikhel (Rotary),Dhulikhel (Rotary)
3292,Durbarmarg,88996,Active,Rotaract President,2025 - 2026,Information Not Reported,Information Not Reported,Information Not Reported,Information Not Reported,N,6,Community,Zone 6,Durbarmarg (Rotary),Durbarmarg (Rotary)
3292,Gaidakot,216442,Active,Rotaract President,2025 - 2026,Information Not Reported,Information Not Reported,Information Not Reported,Information Not Reported,N,6,Community,Zone 6,Gaidakot (Rotary),Gaidakot (Rotary)
3292,"Galkot, Baglung",8823562,Active,Rotaract President,2025 - 2026,Information Not Reported,Information Not Reported,Information Not Reported,Information Not Reported,N,6,Community,Zone 6,Baglung (Rotaract),Baglung (Rotaract)
3292,Hemja,90587,Active,Rotaract President,2025 - 2026,Information Not Reported,Information Not Reported,Information Not Reported,Information Not Reported,N,6,Community,Zone 6,Pokhara Annapurna (Rotary),Pokhara Annapurna (Rotary)
3292,Itahari,81544,Active,Rotaract President,2025 - 2026,Information Not Reported,Information Not Reported,Information Not Reported,Information Not Reported,N,6,Community,Zone 6,Itahari (Rotary),Itahari (Rotary)
3292,Kapilvastu,213526,Active,Rotaract President,2025 - 2026,Information Not Reported,Information Not Reported,Information Not Reported,Information Not Reported,N,6,Community,Zone 6,None Reported,None Reported
3292,Kathmandu Metropolis,213989,Active,Rotaract President,2025 - 2026,Information Not Reported,Information Not Reported,Information Not Reported,Information Not Reported,N,6,Community,Zone 6,E-Club of District 3292 (Rotary),E-Club of District 3292 (Rotary)
3292,Lamjung,77220,Active,Rotaract President,2024 - 2025,Information Not Reported,Information Not Reported,Information Not Reported,Information Not Reported,N,6,Community,Zone 6,Lamjung (Rotary),Lamjung (Rotary)
3292,Lumbini Buddha,8823368,Active,Rotaract President,2024 - 2025,Information Not Reported,Information Not Reported,Information Not Reported,Information Not Reported,N,6,Community,Zone 6,Lumbini Siddharthanagar (Rotary),Lumbini Siddharthanagar (Rotary)
3292,Lumbini Siddharthanagar,90676,Active,Rotaract President,2025 - 2026,Information Not Reported,Information Not Reported,Information Not Reported,Information Not Reported,N,6,Community,Zone 6,Lumbini Siddharthanagar (Rotary),Lumbini Siddharthanagar (Rotary)
3292,Marchwar,8824674,Active,Rotaract President,2023 - 2024,Information Not Reported,Information Not Reported,Information Not Reported,Information Not Reported,N,6,Community,Zone 6,Butwal (Rotaract),Butwal (Rotaract)
3292,Narayangarh,89802,Active,Rotaract President,2025 - 2026,Information Not Reported,Information Not Reported,Information Not Reported,Information Not Reported,N,6,Community,Zone 6,Narayangarh (Rotary),Narayangarh (Rotary)
3292,Nawalpur City,8823813,Active,Rotaract President,2025 - 2026,Information Not Reported,Information Not Reported,Information Not Reported,Information Not Reported,N,6,Community,Zone 6,Nawalpur Kawasoti (Rotary),Nawalpur Kawasoti (Rotary)
3292,Nepalgunj Medical College,8825215,Active,Rotaract President,2025 - 2026,Information Not Reported,Information Not Reported,Information Not Reported,Information Not Reported,N,6,University,Zone 6,Kathmandu Kalanki (Rotary),Kathmandu Kalanki (Rotary)
3292,People's Campus,89341,Active,Rotaract President,2025 - 2026,Information Not Reported,Information Not Reported,Information Not Reported,Information Not Reported,N,6,Community,Zone 6,The Himalayan Gurkhas (Rotary),The Himalayan Gurkhas (Rotary)
3292,Shikhalapur,217626,Active,Rotaract President,2025 - 2026,Information Not Reported,Information Not Reported,Information Not Reported,Information Not Reported,N,6,Community,Zone 6,Dhulikhel (Rotary),Dhulikhel (Rotary)
3292,Sundarharaicha,8823901,Active,Rotaract President,2025 - 2026,Information Not Reported,Information Not Reported,Information Not Reported,Information Not Reported,N,6,Community,Zone 6,Itahari (Rotary),Itahari (Rotary)
3292,Tilottama,8825625,Active,Rotaract President,2024 - 2025,Information Not Reported,Information Not Reported,Information Not Reported,Information Not Reported,N,6,Community,Zone 6,Bhairahawa (Rotaract),Bhairahawa (Rotaract)
3292,Tulsipur,213643,Active,Rotaract President,2025 - 2026,Information Not Reported,Information Not Reported,Information Not Reported,Information Not Reported,N,6,Community,Zone 6,Tulsipur City (Rotary),Tulsipur City (Rotary)
3292,Vedavyasa,218433,Active,Rotaract President,2025 - 2026,Information Not Reported,Information Not Reported,Information Not Reported,Information Not Reported,N,6,Community,Zone 6,None Reported,None Reported
3292,Waling,8823378,Active,Rotaract President,2025 - 2026,Information Not Reported,Information Not Reported,Information Not Reported,Information Not Reported,N,6,Community,Zone 6,Waling (Rotary),Waling (Rotary)
3292,Yala,43427,Active,Rotaract President,2025 - 2026,Information Not Reported,Information Not Reported,Information Not Reported,Information Not Reported,N,6,Community,Zone 6,Yala (Rotary),Yala (Rotary)
3292,Yeti Health,8825044,Active,Rotaract President,2025 - 2026,Information Not Reported,Information Not Reported,Information Not Reported,Information Not Reported,N,6,University,Zone 6,Kathmandu Downtown (Rotary),Kathmandu Downtown (Rotary)