RI Zone,District,Club Name,Club Status,Current Member Count,Club ID
Zone 4,3011,Delhi(15232),Active,25,15232
Zone 4,3011,Delhi Chanakyapuri(15233),Active,15,15233
Zone 4,3011,Delhi Qutab(15237),Active,38,15237
Zone 4,3011,Faridabad Central(15244),Active,39,15244
Zone 4,3011,Faridabad East(15245),Active,83,15245
Zone 4,3011,Rohtak(15295),Active,88,15295
Zone 4,3011,Faridabad City(221969),Active,29,221969
Zone 4,3011,National Capital Region Golfers(222646),Active,23,222646
Zone 4,3011,Rewari Royals(222796),Active,30,222796
Zone 4,3011,E-Club of Progressive Thinkers(223011),Active,12,223011
Zone 4,3011,Central Youth Shakti (Faridabad)(223054),Active,5,223054
Zone 4,3011,Rohtak Sapphire(223180),Active,89,223180
Zone 4,3011,Faridabad Sanskriti(223182),Active,43,223182
Zone 4,3011,Faridabad Happiness(224149),Suspended,20,224149
Zone 4,3011,Faridabad Lifeline(224189),Active,4,224189
Zone 4,3011,Delhi AMIGOS(224262),Active,18,224262
Zone 4,3011,Faridabad Imperial(224670),Active,48,224670
Zone 4,3011,Delhi Soar High(224674),Active,18,224674
Zone 4,3011,Delhi Resources(224707),Active,21,224707
Zone 4,3011,Faridabad Josh(225261),Active,19,225261
Zone 4,3011,Faridabad Prerna(225319),Active,4,225319
Zone 4,3011,Delhi Dynamic(225449),Active,23,225449
Zone 4,3011,Faridabad Sapphires(225486),Active,32,225486
Zone 4,3011,Delhi Adiva(225488),Active,38,225488
Zone 4,3011,Rohtak Heritage(225503),Active,21,225503
Zone 4,3011,Faridabad IMT Next(225511),Active,12,225511
Zone 4,3011,Rohtak Next(225516),Active,60,225516
Zone 4,3011,Gurgaon Central(225532),Active,46,225532
Zone 4,3011,Delhi Euphoria(225642),Active,22,225642
Zone 4,3011,Palwal Parivar(225645),Active,21,225645
Zone 4,3011,Narnaul Unity(225802),Active,11,225802
Zone 4,3011,Faridabad Amrita(225904),Active,20,225904
Zone 4,3011,Delhi Southend Evolve(226155),Active,20,226155
Zone 4,3011,Delhi Aura(226157),Suspended,8,226157
Zone 4,3011,E-Club of E.A.R.T.H(226230),Active,24,226230
Zone 4,3011,Delhi Orchids(226288),Active,16,226288
Zone 4,3011,Faridabad Excellence(226334),Active,47,226334
Zone 4,3011,Delhi Platinum(227134),Active,25,227134
Zone 4,3011,Rohtak Central(227159),Active,11,227159
Zone 4,3011,Delhi Purple(227164),Active,15,227164
Zone 4,3011,Delhi Golfers(227167),Active,15,227167
Zone 4,3011,Gurgaon Premier(227193),Active,22,227193
Zone 4,3011,Delhi Nexus(227223),Active,19,227223
Zone 4,3011,South Gurugram(227294),Active,16,227294
Zone 4,3011,Narnaul Royals(227325),Active,8,227325
Zone 4,3011,Delhi Select(227460),Active,18,227460
Zone 4,3011,Delhi Imperia(227818),Active,14,227818
Zone 4,3011,Delhi Sunrise(227918),Active,15,227918
Zone 4,3011,Faridabad Diamond(227997),Active,15,227997
Zone 4,3011,Delhi Rendezvous GenNext(228032),Active,28,228032
Zone 4,3011,Delhi Rajendra Place(23718),Active,14,23718
Zone 4,3011,Delhi South Metropolitan(24631),Active,24,24631
Zone 4,3011,Delhi Cama Place(25232),Active,21,25232
Zone 4,3011,Delhi Garden City(26311),Active,62,26311
Zone 4,3011,Faridabad Industrial Town(27006),Active,17,27006
Zone 4,3011,Delhi Safdarjung(28380),Active,46,28380
Zone 4,3011,Delhi Cosmopolitan Greater(29197),Active,21,29197
Zone 4,3011,Rewari Main(30759),Active,38,30759
Zone 4,3011,Faridabad N.I.T.(31392),Active,57,31392
Zone 4,3011,Delhi Connaught Place Raisina Hills(31443),Active,17,31443
Zone 4,3011,Delhi Vasant Valley(31608),Active,40,31608
Zone 4,3011,Delhi Heritage(56006),Active,67,56006
Zone 4,3011,Delhi Akash Megapolis(65596),Active,23,65596
Zone 4,3011,Faridabad Mid Town(79173),Active,73,79173
Zone 4,3011,Narnaul City(79706),Active,59,79706
Zone 4,3011,Faridabad Sanskar(80572),Active,63,80572
Zone 4,3011,Faridabad Aastha(81299),Active,27,81299
Zone 4,3011,Delhi Lutyens(83667),Active,41,83667
Zone 4,3011,Rohtak City(83840),Active,66,83840
Zone 4,3011,Faridabad Greater(83865),Active,47,83865
Zone 4,3011,Delhi Southend Next(83974),Active,77,83974
Zone 4,3011,Palwal City(84173),Active,21,84173
Zone 4,3011,Rewari City(84178),Active,31,84178
Zone 4,3011,Delhi Millennium(85857),Active,40,85857
Zone 4,3011,Faridabad Cosmopolitan(86177),Active,19,86177
Zone 4,3011,Faridabad One(87181),Active,76,87181
Zone 4,3011,Faridabad Green(87217),Active,11,87217
Zone 4,3011,Delhi Divine(87402),Active,55,87402
Zone 4,3011,Faridabad Arth(87561),Active,42,87561
Zone 4,3011,Delhi Femina(87625),Active,75,87625
Zone 4,3011,Rohtak Scholars (87891),Active,336,87891
Zone 4,3011,Delhi Infinity(87892),Active,41,87892
Zone 4,3011,Faridabad Grace(88091),Active,50,88091
Zone 4,3011,Faridabad Elite(88334),Active,7,88334
Zone 4,3011,Delhi Restoring Smiles(88783),Active,13,88783
Zone 4,3011,Rohtak Royal(88901),Active,7,88901
Zone 4,3011,Delhi Regency Next(88905),Active,32,88905
Zone 4,3011,Delhi South Central Next(89026),Active,25,89026
Zone 4,3011,Delhi Manthan(89180),Active,39,89180
Zone 4,3011,Delhi Vasant Vihar(89332),Active,28,89332
Zone 4,3011,Delhiites(89492),Active,72,89492
Zone 4,3011,Delhi Stellar(89564),Active,34,89564
Zone 4,3011,Faridabad Tulips(90165),Active,39,90165
Zone 4,3011,Palwal Sanskar(90420),Active,24,90420
Zone 4,3011,Delhi Regalia(90544),Active,55,90544
Zone 4,3011,Delhi Madhyam(91111),Active,14,91111
Zone 4,3011,Faridabad IMT(91213),Active,43,91213
Zone 4,3011,Gurgaon Civil Lines(91215),Active,35,91215
Zone 4,3011,New Gurgaon(91216),Active,33,91216
Zone 4,3011,Narnaul Bellas(91225),Active,24,91225
Zone 4,3011,Faridabad Professionals(91226),Active,10,91226
Zone 4,3011,Faridabad Heritage(91228),Active,55,91228
Zone 4,3011,Faridabad NIT Next(91237),Active,16,91237
Zone 4,3012,Dadri(15317),Active,54,15317
Zone 4,3012,Delhi University(15327),Active,12,15327
Zone 4,3012,Ghaziabad(15332),Active,54,15332
Zone 4,3012,Hapur(15336),Active,18,15336
Zone 4,3012,Jindal Nagar(15344),Active,24,15344
Zone 4,3012,Modinagar(15362),Active,17,15362
Zone 4,3012,Pilkhuwa(15381),Active,18,15381
Zone 4,3012,Sahibabad(15386),Active,32,15386
Zone 4,3012,Noida Iconic(221877),Active,42,221877
Zone 4,3012,Noida Elegance(221959),Active,21,221959
Zone 4,3012,Ganaur Royal(222323),Active,15,222323
Zone 4,3012,Sonepat Ardent(222383),Active,47,222383
Zone 4,3012,Greater Noida(222483),Active,88,222483
Zone 4,3012,Delhi Magnificent(222627),Active,3,222627
Zone 4,3012,Ghaziabad Harmony(222633),Active,7,222633
Zone 4,3012,Delhi Marvel(222637),Active,3,222637
Zone 4,3012,Delhi Aagaz(222780),Active,2,222780
Zone 4,3012,Ghaziabad Divine(222787),Active,3,222787
Zone 4,3012,Ghaziabad Centurion(222987),Active,12,222987
Zone 4,3012,Ghaziabad Paradise(223016),Active,31,223016
Zone 4,3012,Dankaur(223028),Active,6,223028
Zone 4,3012,Ghaziabad Millenials(223035),Active,4,223035
Zone 4,3012,Ghaziabad Viraasat(223189),Active,11,223189
Zone 4,3012,Ghaziabad Grace(223213),Active,6,223213
Zone 4,3012,Ghaziabad Vista(223216),Active,6,223216
Zone 4,3012,Ghaziabad Rhythm(223217),Active,6,223217
Zone 4,3012,Ghaziabad Greater Next(223258),Active,46,223258
Zone 4,3012,Ghaziabad Gyankhand(223284),Active,7,223284
Zone 4,3012,Delhi Vinod Nagar(223287),Active,6,223287
Zone 4,3012,Ghaziabad Raj Nagar(223293),Active,6,223293
Zone 4,3012,Ghaziabad Vijay Nagar(223295),Active,7,223295
Zone 4,3012,Ghaziabad Pratap Vihar(223296),Active,7,223296
Zone 4,3012,Ghaziabad Sunrays(223352),Active,8,223352
Zone 4,3012,Ghaziabad Gulmohar(223366),Active,6,223366
Zone 4,3012,Ghaziabad Astha(223369),Active,6,223369
Zone 4,3012,Ghaziabad Saffron(223374),Active,9,223374
Zone 4,3012,Ghaziabad North Central(223387),Active,7,223387
Zone 4,3012,Noida Extension(223391),Active,9,223391
Zone 4,3012,Ghaziabad Diamond(223392),Active,7,223392
Zone 4,3012,Ghaziabad Lotus(223396),Active,7,223396
Zone 4,3012,Ghaziabad Ashoka(223397),Active,6,223397
Zone 4,3012,Delhi Superstars(223404),Active,6,223404
Zone 4,3012,Hapur Elite(223435),Active,6,223435
Zone 4,3012,Delhi Accord(223485),Active,10,223485
Zone 4,3012,Ghaziabad New Shatabdi(223547),Active,3,223547
Zone 4,3012,Delhi Bridge(224721),Active,7,224721
Zone 4,3012,Delhi Mystics(224744),Active,13,224744
Zone 4,3012,Hapur Main(225619),Active,22,225619
Zone 4,3012,Ghaziabad Gold(225763),Active,38,225763
Zone 4,3012,Ghaziabad Smart City(225766),Active,40,225766
Zone 4,3012,Ghaziabad Lakshay(225767),Active,38,225767
Zone 4,3012,Ghaziabad Green Smart City(225769),Active,8,225769
Zone 4,3012,Ghaziabad Vision(225783),Suspended,10,225783
Zone 4,3012,Ghaziabad Shaurya(225803),Active,11,225803
Zone 4,3012,Delhi Royal East(225809),Active,17,225809
Zone 4,3012,Ghaziabad Nihar(225818),Active,7,225818
Zone 4,3012,Noida Indraprastha(227382),Active,10,227382
Zone 4,3012,Modinagar Vibrance(227405),Active,14,227405
Zone 4,3012,Delhi Akshar(227592),Active,164,227592
Zone 4,3012,Delhi Ekta(228064),Active,17,228064
Zone 4,3012,Ghaziabad (North)(23287),Active,71,23287
Zone 4,3012,Hapur Central(23793),Active,37,23793
Zone 4,3012,Sonepat Uptown(26063),Active,7,26063
Zone 4,3012,Ghaziabad Central(28109),Active,76,28109
Zone 4,3012,Delhi Civil Lines(30018),Active,20,30018
Zone 4,3012,Ghaziabad Industrial Town(31791),Active,39,31791
Zone 4,3012,Noida Central(50570),Active,56,50570
Zone 4,3012,Ghaziabad South End(50787),Active,42,50787
Zone 4,3012,Noida City(57070),Active,21,57070
Zone 4,3012,Hapur Greater(59706),Active,5,59706
Zone 4,3012,Ghaziabad Heritage(65725),Active,53,65725
Zone 4,3012,Delhi Riverside(69616),Active,38,69616
Zone 4,3012,Ghaziabad Mid Town(73109),Active,28,73109
Zone 4,3012,Ghaziabad Excellence(76413),Active,6,76413
Zone 4,3012,Delhi Metro(77205),Active,20,77205
Zone 4,3012,Ghaziabad City(78334),Active,38,78334
Zone 4,3012,Ghaziabad Navodaya(78594),Active,7,78594
Zone 4,3012,Ghaziabad Vasundhra(79295),Active,32,79295
Zone 4,3012,Sonepat City(80573),Active,17,80573
Zone 4,3012,Ghaziabad Regency(81399),Active,12,81399
Zone 4,3012,Ganaur Central(82387),Active,19,82387
Zone 4,3012,Indirapuram(83144),Active,16,83144
Zone 4,3012,New Ghaziabad(83699),Active,17,83699
Zone 4,3012,Indirapuram Pariwar(84255),Active,45,84255
Zone 4,3012,Ghaziabad Vikas(87205),Active,44,87205
Zone 4,3012,Delhi Legacy(87447),Active,11,87447
Zone 4,3012,Indirapuram Galore(87596),Active,50,87596
Zone 4,3012,Delhi Aspire(87624),Active,13,87624
Zone 4,3012,Ghaziabad Nikunj(88149),Active,6,88149
Zone 4,3012,NCR Galaxy(88155),Active,10,88155
Zone 4,3012,Sonepat Education City(88169),Active,9,88169
Zone 4,3012,Hapur Diamond(88171),Active,7,88171
Zone 4,3012,Sonepat Excellence(88173),Suspended,10,88173
Zone 4,3012,E-Club of Connect D 3012(88184),Active,9,88184
Zone 4,3012,Delhi Karma(88277),Active,23,88277
Zone 4,3012,Ghaziabad Rajdhani(88792),Active,6,88792
Zone 4,3012,Pilkhuwa City(89053),Active,43,89053
Zone 4,3012,Shipra Sun City(89651),Active,8,89651
Zone 4,3012,Ghaziabad Imperial(89652),Active,38,89652
Zone 4,3012,Ghaziabad Mavericks(89906),Active,38,89906
Zone 4,3012,Ghaziabad Pride(90343),Active,6,90343
Zone 4,3012,Hapur Platinum(90598),Active,8,90598
Zone 4,3012,Ghaziabad Hindon(90599),Active,12,90599
Zone 4,3012,Ghaziabad Anant(90616),Active,89,90616
Zone 4,3012,Ghaziabad Green(90645),Active,11,90645
Zone 4,3012,Delhi Victory(90949),Active,7,90949
Zone 4,3012,Ghaziabad Century(90952),Active,11,90952
Zone 4,3012,Sonepat Rising Star(91013),Active,10,91013
Zone 4,3012,Delhi NCR Vibrant(91066),Active,6,91066
Zone 4,3012,Ghaziabad Elite(91223),Active,29,91223
Zone 4,3053,Ajmer Midtown(15079),Active,73,15079
Zone 4,3053,Ashoknagar(15082),Active,36,15082
Zone 4,3053,Beawar(15084),Active,11,15084
Zone 4,3053,Bhind(15085),Active,30,15085
Zone 4,3053,Guna(15093),Active,54,15093
Zone 4,3053,Jodhpur(15104),Active,178,15104
Zone 4,3053,Kishangarh(15109),Active,29,15109
Zone 4,3053,Nasirabad(15120),Active,47,15120
Zone 4,3053,Sardarshahr(15132),Active,53,15132
Zone 4,3053,Gwalior ACE(222614),Active,9,222614
Zone 4,3053,Bikaner City(224983),Active,6,224983
Zone 4,3053,Kolayat(225119),Suspended,6,225119
Zone 4,3053,Bikaner Supreme(225159),Suspended,7,225159
Zone 4,3053,Uprise Bikaner(225509),Active,35,225509
Zone 4,3053,Gwalior Fort(226023),Active,28,226023
Zone 4,3053,Gwalior Innovators(226315),Active,29,226315
Zone 4,3053,Jodhpur Aarya(226335),Active,32,226335
Zone 4,3053,Gwalior Jagrati(226344),Active,22,226344
Zone 4,3053,Jodhpur Prerna(226443),Active,33,226443
Zone 4,3053,Alwar Shalimar(226530),Active,5,226530
Zone 4,3053,Jodhpur Meridian(226537),Active,29,226537
Zone 4,3053,Bhiwadi Achievers(226928),Active,26,226928
Zone 4,3053,Dabra Sanjivni(227191),Active,20,227191
Zone 4,3053,Morena Royals(227227),Active,19,227227
Zone 4,3053,Ajmer Sanyogita(227391),Active,15,227391
Zone 4,3053,Shivpuri Crest(227525),Active,15,227525
Zone 4,3053,Alwar Aabha(228006),Active,15,228006
Zone 4,3053,Gwalior Mid-Town(23785),Active,26,23785
Zone 4,3053,Gwalior Central(27382),Active,68,27382
Zone 4,3053,Baran(27887),Active,15,27887
Zone 4,3053,Nagaur(50165),Active,11,50165
Zone 4,3053,Jodhpur Midtown(51242),Active,132,51242
Zone 4,3053,Shivpuri(51268),Active,40,51268
Zone 4,3053,Dabra Sugar City(57529),Active,46,57529
Zone 4,3053,Dholpur City(66735),Active,19,66735
Zone 4,3053,Gwalior Veerangana(67016),Active,25,67016
Zone 4,3053,Alwar Fort(74363),Active,53,74363
Zone 4,3053,Makrana(76583),Active,28,76583
Zone 4,3053,Gwalior Tansen(77628),Active,38,77628
Zone 4,3053,Nokha(79534),Active,13,79534
Zone 4,3053,Ajmer Metro(82908),Active,4,82908
Zone 4,3053,Guna Royal(83013),Active,35,83013
Zone 4,3053,Gwalior Imperial(84047),Active,80,84047
Zone 4,3053,Alwar Greater(84203),Active,76,84203
Zone 4,3053,Alwar Aravali(84876),Active,42,84876
Zone 4,3053,Gwalior Laurels(85360),Active,104,85360
Zone 4,3053,Bikaner Midtown(85528),Active,61,85528
Zone 4,3053,Jodhpur Roundtown(87109),Active,57,87109
Zone 4,3053,Gwalior Regal(87110),Active,13,87110
Zone 4,3053,Bhiwadi Shakti(87234),Active,39,87234
Zone 4,3053,Jodhpur Sanskar(87740),Active,99,87740
Zone 4,3053,Gwalior Tejas(87976),Active,20,87976
Zone 4,3053,Jodhpur Infinity(87977),Active,20,87977
Zone 4,3053,Alwar Shourya(88019),Active,44,88019
Zone 4,3053,Greater Bhiwadi(88254),Active,47,88254
Zone 4,3053,E-Club of Bhiwadi(88358),Suspended,7,88358
Zone 4,3053,Bhiwadi Tapukara(88360),Active,5,88360
Zone 4,3053,Chambal Morena(89167),Active,25,89167
Zone 4,3053,Bikaner Aadhya(89237),Active,45,89237
Zone 4,3053,Jodhpur Bluecity(89527),Active,49,89527
Zone 4,3053,Merta Meera(90167),Active,9,90167
Zone 4,3053,Alwar Sariska(90554),Active,38,90554
Zone 4,3053,Alwar Central(90721),Active,13,90721
Zone 4,3055,Ahmedabad(15075),Active,28,15075
Zone 4,3055,Ahmedabad South(15077),Active,10,15077
Zone 4,3055,Ambaji(15081),Active,21,15081
Zone 4,3055,Kalol(15105),Active,63,15105
Zone 4,3055,Mandvi-Kutch(15115),Active,34,15115
Zone 4,3055,Mehsana(15117),Active,63,15117
Zone 4,3055,Dahegam(21349),Active,32,21349
Zone 4,3055,Vadali Round Town(221908),Active,21,221908
Zone 4,3055,Ahmedabad Shantigram(221967),Active,13,221967
Zone 4,3055,Mundra Corporate(222250),Active,10,222250
Zone 4,3055,Bhinmal(222251),Active,7,222251
Zone 4,3055,Ahmedabad Divyam(222300),Active,6,222300
Zone 4,3055,Sanchore(222322),Active,7,222322
Zone 4,3055,Raniwara(222684),Active,8,222684
Zone 4,3055,Ahore(222732),Active,7,222732
Zone 4,3055,Ahmedabad Royals(224520),Active,15,224520
Zone 4,3055,Ahmedabad Heritage(224628),Active,17,224628
Zone 4,3055,Mount Abu(22528),Active,6,22528
Zone 4,3055,Deodar(226038),Active,4,226038
Zone 4,3055,Ahmedabad Chandkheda(226129),Active,7,226129
Zone 4,3055,Ahmedabad Solitaire(226154),Active,1,226154
Zone 4,3055,Modasa(226169),Active,9,226169
Zone 4,3055,Sheoganj Sumerpur(226265),Active,8,226265
Zone 4,3055,Ahmedabad Nexus(226362),Active,20,226362
Zone 4,3055,Sirohi(226437),Active,9,226437
Zone 4,3055,Madhapar(226439),Active,9,226439
Zone 4,3055,Sayla(226763),Active,7,226763
Zone 4,3055,Mount Abu Arbudanchal(226784),Active,51,226784
Zone 4,3055,Nakhatrana(226883),Active,5,226883
Zone 4,3055,Adipur Samarth(226932),Active,11,226932
Zone 4,3055,Ahmedabad Supreme Stars(227046),Active,16,227046
Zone 4,3055,Becharaji(227194),Active,7,227194
Zone 4,3055,Ahmedabad Science City(227197),Active,10,227197
Zone 4,3055,Ahmedabad Imperial(227199),Active,7,227199
Zone 4,3055,Ahmedabad Synergy(227200),Active,7,227200
Zone 4,3055,Ahmedabad Skyline Jupiter(227398),Active,6,227398
Zone 4,3055,Ahmedabad Skyline Patron(227422),Active,7,227422
Zone 4,3055,Ahmedabad Skyline Platinum(227471),Active,7,227471
Zone 4,3055,Balotra Rani sa(227621),Active,15,227621
Zone 4,3055,Ahmedabad Sindhu Bhavan(227624),Active,15,227624
Zone 4,3055,Ahmedabad Skyline Tejasvani(227663),Active,7,227663
Zone 4,3055,Ahmedabad Skyline Titans(227692),Active,7,227692
Zone 4,3055,Ahmedabad Skyline Capitals(227830),Active,7,227830
Zone 4,3055,Ahmedabad Atulya(228012),Active,17,228012
Zone 4,3055,Ahmedabad Biker's Paradise(228061),Active,21,228061
Zone 4,3055,Himatnagar Heritage(228183),Active,17,228183
Zone 4,3055,Himatnagar(23580),Active,39,23580
Zone 4,3055,Bhachau(28472),Active,10,28472
Zone 4,3055,Patan City(30988),Active,5,30988
Zone 4,3055,Visnagar Round Town(52188),Active,43,52188
Zone 4,3055,Idar(52341),Active,21,52341
Zone 4,3055,Ahmedabad Mahanagar(55197),Active,30,55197
Zone 4,3055,Ahmedabad Greater(58643),Active,21,58643
Zone 4,3055,Jaisalmer Swarn Nagari(63500),Active,24,63500
Zone 4,3055,Bhuj Flamingo(66154),Active,44,66154
Zone 4,3055,Kalol City(67134),Active,20,67134
Zone 4,3055,Adipur Kutch(68355),Active,20,68355
Zone 4,3055,Capital Gandhinagar(69275),Active,20,69275
Zone 4,3055,Palanpur City(70937),Active,67,70937
Zone 4,3055,Bhuj Wall City(71954),Active,90,71954
Zone 4,3055,Bhuj Capital(82390),Active,19,82390
Zone 4,3055,Ahmedabad Elite(82942),Active,11,82942
Zone 4,3055,Radhanpur(83056),Active,25,83056
Zone 4,3055,Ahmedabad Narol(85424),Active,13,85424
Zone 4,3055,Ahmedabad River Front(88852),Active,10,88852
Zone 4,3055,Jaisalmer Goldencity(89598),Active,5,89598
Zone 4,3056,Jaipur East(15100),Active,11,15100
Zone 4,3056,Kota(15110),Active,492,15110
Zone 4,3056,Udaipur(15140),Active,208,15140
Zone 4,3056,Chittorgarh(21487),Active,45,21487
Zone 4,3056,Jaipur Mid Town(22024),Active,116,22024
Zone 4,3056,Tonk Banas(222265),Active,14,222265
Zone 4,3056,Jaipur Greater(222266),Active,4,222266
Zone 4,3056,Kushalgarh(222494),Active,12,222494
Zone 4,3056,Sagwara(222662),Active,6,222662
Zone 4,3056,Jaipur Global(222706),Active,6,222706
Zone 4,3056,Jaipur Pearl(222743),Active,20,222743
Zone 4,3056,Jaipur Heights(222947),Active,7,222947
Zone 4,3056,Jaipur Sawai(223524),Active,28,223524
Zone 4,3056,Jaipur Organ Donation(224624),Active,17,224624
Zone 4,3056,Jaipur Diya(224731),Active,7,224731
Zone 4,3056,Jaipur Researchers(224732),Active,6,224732
Zone 4,3056,Jaipur Management(224734),Active,10,224734
Zone 4,3056,Udaipur Yuva(224776),Active,12,224776
Zone 4,3056,Udaipur Udyam(225048),Active,10,225048
Zone 4,3056,Udaipur Ashoka(225322),Active,7,225322
Zone 4,3056,Banswara(22635),Active,29,22635
Zone 4,3056,Jaipur Magic(226376),Active,10,226376
Zone 4,3056,Jaipur Heritage(226866),Active,10,226866
Zone 4,3056,Jaipur United(227037),Active,12,227037
Zone 4,3056,Jaipur Golfers(227181),Active,9,227181
Zone 4,3056,Udaipur Pannadhai(227203),Active,16,227203
Zone 4,3056,Jaipur Sparkle(227662),Active,32,227662
Zone 4,3056,Jaipur Oasis(227812),Active,27,227812
Zone 4,3056,Dungarpur(23380),Active,12,23380
Zone 4,3056,Jaipur South(24846),Active,56,24846
Zone 4,3056,Jaipur Ashok(26906),Active,113,26906
Zone 4,3056,Sikar(27459),Active,51,27459
Zone 4,3056,Tonk(51243),Active,6,51243
Zone 4,3056,Jaipur Marugandha(51263),Active,38,51263
Zone 4,3056,Jaipur Mansarovar(53208),Active,24,53208
Zone 4,3056,Jaipur Pink City(53335),Active,36,53335
Zone 4,3056,Jaipur Central(53336),Active,45,53336
Zone 4,3056,Kota Round Town(55412),Active,19,55412
Zone 4,3056,Udaipur Mewar(58447),Active,62,58447
Zone 4,3056,Jaipur Metro(64654),Active,24,64654
Zone 4,3056,Dausa(65875),Active,47,65875
Zone 4,3056,Kota Central(67955),Active,39,67955
Zone 4,3056,Padmini Kota(69377),Active,65,69377
Zone 4,3056,Jaipur Pride(73240),Active,18,73240
Zone 4,3056,Malpura City(73982),Active,18,73982
Zone 4,3056,Udaipur Elite(75928),Active,32,75928
Zone 4,3056,Udaipur Heritage(79893),Active,50,79893
Zone 4,3056,Jaipur North(82643),Active,24,82643
Zone 4,3056,Jaipur Majesty(82738),Active,45,82738
Zone 4,3056,Malpura Green(82913),Active,20,82913
Zone 4,3056,Jaipur Mahanagar(83682),Active,8,83682
Zone 4,3056,Shri Madhopur Sunrise(84045),Active,14,84045
Zone 4,3056,Jaipur City(84735),Active,10,84735
Zone 4,3056,Udaipur Udai(85346),Active,21,85346
Zone 4,3056,Ringas(86051),Active,9,86051
Zone 4,3056,E-Club of Jaipur Holy City(86852),Active,13,86852
Zone 4,3056,Jaipur Dignity(87005),Active,67,87005
Zone 4,3056,Jaipur Gurukul(88164),Active,39,88164
Zone 4,3056,Jaipur Emerald(88957),Active,20,88957
Zone 4,3056,Udaipur Vasudha(89494),Active,17,89494
Zone 4,3056,Jaipur Sanskar(89515),Active,9,89515
Zone 4,3056,Kota South(89776),Active,22,89776
Zone 4,3056,Kota Divine(90414),Active,40,90414
Zone 4,3056,Jaipur Crown(90540),Active,39,90540
Zone 4,3056,Jaipur Vidyasthali(90666),Active,10,90666
Zone 4,3056,Jaipur Sankalp(90667),Active,15,90667
Zone 4,3056,Sawai Madhopur City(90701),Active,6,90701
Zone 4,3056,Jaipur Udaan(90773),Active,15,90773
Zone 4,3056,Jaipur Marudhara(91086),Active,8,91086
Zone 4,3056,Jaipur Gem City(91160),Active,9,91160
Zone 4,3056,Jaipur Kings City(91238),Active,7,91238
Zone 4,3070,Amritsar Midtown(15217),Active,47,15217
Zone 4,3070,Amritsar-South(15218),Active,16,15218
Zone 4,3070,Batala(15221),Active,40,15221
Zone 4,3070,Dharmsala(15242),Active,50,15242
Zone 4,3070,Goraya(15249),Active,20,15249
Zone 4,3070,Hoshiarpur(15255),Active,20,15255
Zone 4,3070,Jammu Tawi(15258),Active,40,15258
Zone 4,3070,Jalandhar(15259),Active,46,15259
Zone 4,3070,Kangra(15262),Active,19,15262
Zone 4,3070,Kapurthala(15263),Active,14,15263
Zone 4,3070,Khanna(15265),Active,65,15265
Zone 4,3070,Nawanshahr(15281),Active,38,15281
Zone 4,3070,Phagwara(15288),Active,9,15288
Zone 4,3070,Una(15305),Active,29,15305
Zone 4,3070,Dharmthal(221898),Active,18,221898
Zone 4,3070,Ghumarwin(221961),Active,11,221961
Zone 4,3070,Kathua(222048),Active,10,222048
Zone 4,3070,Amritsar Eco(222282),Active,15,222282
Zone 4,3070,Sultanpur Lodhi Eco(222951),Active,13,222951
Zone 4,3070,Begowal Greater(223245),Active,16,223245
Zone 4,3070,Jammu Stars(223509),Active,14,223509
Zone 4,3070,Amritsar Premier(223572),Active,16,223572
Zone 4,3070,Ludhiana Harmony(224552),Active,28,224552
Zone 4,3070,Mamoon(224644),Active,22,224644
Zone 4,3070,Phagwara Gems(224652),Active,28,224652
Zone 4,3070,Jammu Baahu(224673),Active,10,224673
Zone 4,3070,Jalandhar Helping Hands(224695),Active,17,224695
Zone 4,3070,Suket(224728),Active,25,224728
Zone 4,3070,Chhoti Kashi Mandi(224729),Active,22,224729
Zone 4,3070,New Amritsar(224848),Active,9,224848
Zone 4,3070,Jammu Helping Hands(225283),Active,7,225283
Zone 4,3070,Banga Green(225571),Active,17,225571
Zone 4,3070,Akhnoor Chenab(226939),Active,9,226939
Zone 4,3070,Dharamshala - McLeod Ganj(227279),Active,18,227279
Zone 4,3070,Ludhiana Mid Town(22733),Active,72,22733
Zone 4,3070,Phagwara South East(22734),Active,21,22734
Zone 4,3070,Leh Ladakh(228177),Active,21,228177
Zone 4,3070,Hamirpur(23255),Active,48,23255
Zone 4,3070,Pathankot-Midtown(23278),Active,73,23278
Zone 4,3070,Jalandhar Central(23289),Active,12,23289
Zone 4,3070,Banga(23841),Active,23,23841
Zone 4,3070,Kullu(24980),Active,67,24980
Zone 4,3070,Garh Shankar(25099),Active,17,25099
Zone 4,3070,Phagwara Central(25134),Active,12,25134
Zone 4,3070,Manali(25622),Active,30,25622
Zone 4,3070,Hoshiarpur Mid Town(26559),Active,21,26559
Zone 4,3070,Nakodar East(26562),Active,10,26562
Zone 4,3070,Jalandhar East(26840),Active,25,26840
Zone 4,3070,Hoshiarpur Central(27268),Active,8,27268
Zone 4,3070,Raikot Midtown(27423),Active,18,27423
Zone 4,3070,Ludhiana Central(28961),Active,18,28961
Zone 4,3070,Udhampur(29503),Active,34,29503
Zone 4,3070,Sultanpur Lodhi(29652),Active,15,29652
Zone 4,3070,Lohian Khas(31228),Active,10,31228
Zone 4,3070,Jalandhar Civil Lines(50810),Active,30,50810
Zone 4,3070,Begowal(53823),Active,20,53823
Zone 4,3070,Goraya Midtown(53981),Active,21,53981
Zone 4,3070,Tanda Urmar(55857),Active,4,55857
Zone 4,3070,Jalandhar Midtown(56355),Active,23,56355
Zone 4,3070,Jalandhar City(59764),Active,29,59764
Zone 4,3070,Jalandhar Greater(63275),Active,13,63275
Zone 4,3070,Jammu Mid Town(65864),Active,13,65864
Zone 4,3070,Amritsar South East(73299),Active,14,73299
Zone 4,3070,Amritsar East(73300),Active,20,73300
Zone 4,3070,Samba Central(75243),Suspended,9,75243
Zone 4,3070,Batala Midtown(76326),Active,15,76326
Zone 4,3070,Kapurthala Elite(77448),Active,29,77448
Zone 4,3070,Dinanagar Mid Town(78474),Active,9,78474
Zone 4,3070,Amritsar North East(78477),Active,30,78477
Zone 4,3070,Pathankot Greater(78974),Active,17,78974
Zone 4,3070,Rajouri(80832),Active,16,80832
Zone 4,3070,Kapurthala Downtown(83637),Active,15,83637
Zone 4,3070,Jammu Aastha(83862),Active,13,83862
Zone 4,3070,Sultanpur Lodhi Gold(84640),Active,21,84640
Zone 4,3070,Ludhiana City(85077),Active,22,85077
Zone 4,3070,Una Greater(85400),Active,21,85400
Zone 4,3070,Katra(85635),Active,7,85635
Zone 4,3070,Amritsar Aastha(85837),Active,29,85837
Zone 4,3070,Jogindernagar(86866),Active,37,86866
Zone 4,3070,Jammu(88030),Active,4,88030
Zone 4,3070,Ner Chowk(89724),Active,26,89724
Zone 4,3070,Kashmir(90151),Active,35,90151
Zone 4,3070,Jammu Trikuta(90201),Active,7,90201
Zone 4,3070,Dharamshala City(90442),Active,15,90442
Zone 4,3070,Dasuya Greater(91194),Active,29,91194
Zone 4,3070,Jalandhar Eco(91197),Active,4,91197
Zone 4,3070,Rajouri Grand(91209),Active,21,91209
Zone 4,3070,Srinagar City(91236),Active,4,91236
Zone 4,3080,Ambala City(15309),Active,22,15309
Zone 4,3080,Deoband(15328),Active,17,15328
Zone 4,3080,Hardwar(15337),Active,48,15337
Zone 4,3080,Jagadhri(15340),Active,38,15340
Zone 4,3080,Kaithal(15347),Active,65,15347
Zone 4,3080,Kasauli(15350),Active,17,15350
Zone 4,3080,Mussoorie(15367),Active,41,15367
Zone 4,3080,Nahan(15371),Active,44,15371
Zone 4,3080,Narwana(15373),Active,30,15373
Zone 4,3080,Panipat(15378),Active,15,15378
Zone 4,3080,Roorkee(15383),Active,26,15383
Zone 4,3080,Saharanpur(15384),Active,38,15384
Zone 4,3080,Saharanpur Midtown(15385),Active,4,15385
Zone 4,3080,Solan(15395),Active,46,15395
Zone 4,3080,Mohali(21627),Active,20,21627
Zone 4,3080,Gharaunda(21720),Active,14,21720
Zone 4,3080,Dera Bassi Town(222387),Active,16,222387
Zone 4,3080,Ambala Midtown(222777),Active,17,222777
Zone 4,3080,Paonta Sakhi(223024),Active,15,223024
Zone 4,3080,Rishikesh Divas(223051),Active,9,223051
Zone 4,3080,New Chandigarh(223055),Active,12,223055
Zone 4,3080,Panipat Premier(223099),Active,42,223099
Zone 4,3080,Classic Chandigarh(223150),Active,14,223150
Zone 4,3080,Roorkee Greater(223513),Active,13,223513
Zone 4,3080,Classic Yamunanagar(223519),Active,9,223519
Zone 4,3080,Cosmopolitan Chandigarh(223536),Active,14,223536
Zone 4,3080,Nahan Sangini(223558),Active,16,223558
Zone 4,3080,Chandigarh Periphery Zirakpur(224153),Active,7,224153
Zone 4,3080,Ambala Diamond(224782),Active,25,224782
Zone 4,3080,Saharanpur Harmony(225026),Active,24,225026
Zone 4,3080,Kaithal Shining Star(225537),Active,20,225537
Zone 4,3080,Cheeka(225651),Active,53,225651
Zone 4,3080,Thanesar(226132),Active,5,226132
Zone 4,3080,Chandigarh Eyecare(226176),Active,8,226176
Zone 4,3080,Royal Solan(226400),Active,31,226400
Zone 4,3080,Chandigarh Tricity(226435),Active,25,226435
Zone 4,3080,Yamuna Nagar Novel(226706),Active,16,226706
Zone 4,3080,Chandigarh Royale(226759),Active,7,226759
Zone 4,3080,Tricity Panchkula(226762),Active,9,226762
Zone 4,3080,Roorkee Elite(226768),Active,10,226768
Zone 4,3080,Panipat Solitaire(226902),Active,11,226902
Zone 4,3080,Panipat Crown(226907),Active,18,226907
Zone 4,3080,Dehradun Royal(226909),Active,8,226909
Zone 4,3080,Royal Shahabad Markanda(226933),Active,8,226933
Zone 4,3080,Nalagarh Midtown(226935),Active,6,226935
Zone 4,3080,Ambala Royal(226984),Active,8,226984
Zone 4,3080,Karnal Royale(226986),Active,8,226986
Zone 4,3080,Haridwar Royals(227222),Active,22,227222
Zone 4,3080,Mohali Greater(227355),Active,12,227355
Zone 4,3080,Chandigarh Mountview(227551),Active,14,227551
Zone 4,3080,Rishikesh Classic(227724),Active,9,227724
Zone 4,3080,Chandigarh Horizon(227852),Active,19,227852
Zone 4,3080,Kaithal Elite(227971),Active,7,227971
Zone 4,3080,Yamunanagar Elite(227972),Active,7,227972
Zone 4,3080,Jagadhri Crown(227989),Active,16,227989
Zone 4,3080,Chandigarh Ajnali(228001),Active,6,228001
Zone 4,3080,Pehowa Elite(228004),Active,15,228004
Zone 4,3080,Chandigarh Hopesville(228037),Active,6,228037
Zone 4,3080,Nangal Hills(228065),Active,9,228065
Zone 4,3080,Yamunanagar Riverside(228067),Active,6,228067
Zone 4,3080,Kurukshetra Elite(228090),Active,7,228090
Zone 4,3080,Panchkula(22921),Active,70,22921
Zone 4,3080,Rishikesh(23517),Active,68,23517
Zone 4,3080,Ranipur(24305),Active,39,24305
Zone 4,3080,Karnal Midtown(24885),Active,22,24885
Zone 4,3080,Panipat Mid Town(25125),Active,163,25125
Zone 4,3080,Morinda(27190),Active,21,27190
Zone 4,3080,Parwanoo(27928),Active,25,27928
Zone 4,3080,Ambala Industrial Area(29079),Active,32,29079
Zone 4,3080,Saharanpur Central(30283),Active,31,30283
Zone 4,3080,Kankhal(30729),Active,16,30729
Zone 4,3080,Doon Vikas(50572),Active,25,50572
Zone 4,3080,Rampur Bushahr(53207),Active,21,53207
Zone 4,3080,Baddi(53741),Active,39,53741
Zone 4,3080,Pinjore Hills(53976),Active,15,53976
Zone 4,3080,Panipat South(56279),Active,193,56279
Zone 4,3080,Gangoh(57116),Active,15,57116
Zone 4,3080,Saharanpur Continental(57149),Active,10,57149
Zone 4,3080,Solan Midtown(57804),Active,20,57804
Zone 4,3080,Panipat Rainbow(58539),Active,51,58539
Zone 4,3080,Nangal Central(64960),Active,25,64960
Zone 4,3080,Nahan Sirmour Hills(75124),Active,16,75124
Zone 4,3080,Saharanpur Greater(82759),Active,4,82759
Zone 4,3080,Saharanpur Classic(84109),Active,28,84109
Zone 4,3080,E-Club of Doon District 3080(84793),Active,30,84793
Zone 4,3080,Theog Hills(85208),Active,19,85208
Zone 4,3080,Roorkee Central(88038),Active,15,88038
Zone 4,3080,Silvercity Mohali(88495),Active,21,88495
Zone 4,3080,Panipat Continental(88805),Active,1,88805
Zone 4,3080,Shri Anandpur Sahib(89277),Active,16,89277
Zone 4,3080,Haridwar Central(89563),Active,17,89563
Zone 4,3080,Panipat Royale(89925),Active,38,89925
Zone 4,3080,Barara(90430),Active,21,90430
Zone 4,3090,Sri Ganganagar(15135),Active,65,15135
Zone 4,3090,Barnala(15220),Active,13,15220
Zone 4,3090,Budhlada(15226),Active,8,15226
Zone 4,3090,Faridkot(15246),Active,47,15246
Zone 4,3090,Ferozepur(15248),Active,8,15248
Zone 4,3090,Hissar(15253),Active,52,15253
Zone 4,3090,Maler Kotla(15271),Active,57,15271
Zone 4,3090,Nabha(15279),Active,67,15279
Zone 4,3090,Patiala(15286),Active,51,15286
Zone 4,3090,Raman(15291),Active,14,15291
Zone 4,3090,Samana(15297),Active,48,15297
Zone 4,3090,Sirhind(15299),Active,39,15299
Zone 4,3090,Sirsa(15300),Active,14,15300
Zone 4,3090,Fazilka(21907),Active,9,21907
Zone 4,3090,Sardulgarh Royal(222027),Active,8,222027
Zone 4,3090,Tohana Town(222288),Active,6,222288
Zone 4,3090,Sunam Star(222319),Active,11,222319
Zone 4,3090,Ferozepur Royal(222482),Active,10,222482
Zone 4,3090,Mandi Gobindgarh Gold(222495),Active,5,222495
Zone 4,3090,Patran Royal(222613),Active,17,222613
Zone 4,3090,Hanumangarh City(223050),Active,12,223050
Zone 4,3090,Mandi Dabwali(223100),Active,8,223100
Zone 4,3090,Sri Ganganagar Stars(223223),Active,3,223223
Zone 4,3090,Sangrur(223546),Active,3,223546
Zone 4,3090,Ferozepur Diamond(224369),Active,3,224369
Zone 4,3090,Ferozepur Gold(224398),Active,6,224398
Zone 4,3090,Guru Har Sahai(224399),Active,3,224399
Zone 4,3090,The Ganganagar(224411),Active,4,224411
Zone 4,3090,Sri Ganganagar Grace(224631),Active,11,224631
Zone 4,3090,Fatehgarh Sahib Gold(224641),Active,9,224641
Zone 4,3090,Bhattu Kalan(224682),Active,6,224682
Zone 4,3090,Bathinda(224773),Active,6,224773
Zone 4,3090,Jalalabad (West)(224828),Active,6,224828
Zone 4,3090,Sri Ganganagar Diamond(225160),Active,5,225160
Zone 4,3090,Sri Ganganagar Royal(225271),Active,9,225271
Zone 4,3090,Sri Ganganagar Aastha(225386),Active,4,225386
Zone 4,3090,Sri Ganganagar Classic(225489),Active,10,225489
Zone 4,3090,Sri Ganganagar Central(225496),Active,4,225496
Zone 4,3090,Giddarbaha(225499),Active,6,225499
Zone 4,3090,Sunam Dynamic(225573),Active,4,225573
Zone 4,3090,Sangrur Dynamic(225591),Active,4,225591
Zone 4,3090,Sri Ganganagar Ridhi Sidhi(225618),Active,10,225618
Zone 4,3090,Ahmedgarh Dynamic(225625),Active,21,225625
Zone 4,3090,Sunam Green(225647),Active,4,225647
Zone 4,3090,Sherpur Dynamic(225669),Active,4,225669
Zone 4,3090,Moonak Dynamic(225672),Active,4,225672
Zone 4,3090,Maur Mandi Dynamic(225674),Active,4,225674
Zone 4,3090,Dirba Dynamic(225675),Active,4,225675
Zone 4,3090,Samana Dynamic(225705),Active,25,225705
Zone 4,3090,Malerkotla Dynamic(225706),Active,4,225706
Zone 4,3090,Sri Ganganagar Seniors(225764),Active,4,225764
Zone 4,3090,Ratia Dynamic(225777),Active,7,225777
Zone 4,3090,Samana Central(225778),Active,8,225778
Zone 4,3090,Samana City(225780),Active,8,225780
Zone 4,3090,Rajpura Prime(225805),Active,8,225805
Zone 4,3090,Khanouri Dynamic(226100),Active,4,226100
Zone 4,3090,Nagpur Fatehabad Dynamic(226115),Active,5,226115
Zone 4,3090,Patran(22612),Active,11,22612
Zone 4,3090,Hisar Central Dynamic(226170),Active,10,226170
Zone 4,3090,Sunam Mivaan(226207),Active,4,226207
Zone 4,3090,Fatehabad Dynamic(226216),Active,5,226216
Zone 4,3090,Suratgarh(22634),Active,17,22634
Zone 4,3090,Sri Ganganagar Rishabh(226457),Active,4,226457
Zone 4,3090,Firozpur City(226812),Active,13,226812
Zone 4,3090,Sirsa Champions(227115),Active,7,227115
Zone 4,3090,Mandi Adampur Champions(227118),Active,5,227118
Zone 4,3090,Sirsa Grace(227119),Active,6,227119
Zone 4,3090,Sirsa New Gen(227188),Active,18,227188
Zone 4,3090,Sirsa Divine(227258),Active,8,227258
Zone 4,3090,Sriganganagar Champions(227297),Active,6,227297
Zone 4,3090,Fatehabad Champions(227298),Active,7,227298
Zone 4,3090,Gobindgarh(227373),Active,10,227373
Zone 4,3090,Faridkot Champions(227386),Active,6,227386
Zone 4,3090,Faridkot Sadiq(227467),Active,4,227467
Zone 4,3090,Fazilka Champions(227477),Active,5,227477
Zone 4,3090,Kalanwali Champions(227479),Active,9,227479
Zone 4,3090,Charkhi Dadri Champions(227481),Active,5,227481
Zone 4,3090,Ferozpur Mudki(227483),Active,6,227483
Zone 4,3090,Malout Champions(227484),Active,20,227484
Zone 4,3090,Patiala Champions(227486),Active,6,227486
Zone 4,3090,Moga Super Champions(227487),Active,3,227487
Zone 4,3090,Tohana Champions(227489),Active,15,227489
Zone 4,3090,Muktsar(227493),Active,6,227493
Zone 4,3090,Bhiwani Champions(227500),Active,10,227500
Zone 4,3090,Hansi Super Champion(227502),Active,6,227502
Zone 4,3090,Fatehabad Super Champions(227503),Active,10,227503
Zone 4,3090,Sri Ganganagar Elite(227568),Active,3,227568
Zone 4,3090,Patiala Kauli(227572),Active,5,227572
Zone 4,3090,Sri Ganganagar Udaan(227574),Active,5,227574
Zone 4,3090,Hisar Super Champion(227727),Active,6,227727
Zone 4,3090,Faridkot Bargari(227728),Active,11,227728
Zone 4,3090,Hisar Elite(227729),Active,5,227729
Zone 4,3090,Moga Stars Champions(227734),Active,5,227734
Zone 4,3090,Ahmedgarh Champions(227738),Active,40,227738
Zone 4,3090,Bhuna Champions(227832),Active,5,227832
Zone 4,3090,Rajpura Champions(227833),Active,8,227833
Zone 4,3090,Adampur Super Champions(227834),Active,6,227834
Zone 4,3090,Fatehabad Elite Champions(227853),Active,8,227853
Zone 4,3090,Sri Ganganagar Vibrant(227870),Active,6,227870
Zone 4,3090,Sunam NexGen(228019),Active,6,228019
Zone 4,3090,Mandi Gobindgarh(228028),Active,20,228028
Zone 4,3090,Mansa Diamond(228034),Active,7,228034
Zone 4,3090,Mansa Champions(228038),Active,7,228038
Zone 4,3090,Fatehabad(228062),Active,6,228062
Zone 4,3090,Samana Titan(228178),Active,15,228178
Zone 4,3090,Samana Harmony(228184),Active,15,228184
Zone 4,3090,Abohar Mid Town(23797),Active,8,23797
Zone 4,3090,Dhuri(25473),Active,14,25473
Zone 4,3090,Barwala(25617),Active,17,25617
Zone 4,3090,Goniana(29397),Active,13,29397
Zone 4,3090,Patiala Greater(30569),Active,16,30569
Zone 4,3090,Bagha Purana(30625),Active,22,30625
Zone 4,3090,Jaitu(30999),Active,13,30999
Zone 4,3090,Anoopgarh(51317),Active,31,51317
Zone 4,3090,Central Hisar(53717),Active,42,53717
Zone 4,3090,Bathinda Cantt.(53967),Active,19,53967
Zone 4,3090,Mansa Greater(55735),Active,12,55735
Zone 4,3090,Patiala Central(55854),Active,5,55854
Zone 4,3090,Sangrur Royal(56660),Active,8,56660
Zone 4,3090,Ferozpur Cantt.(58568),Active,8,58568
Zone 4,3090,Ahmedgarh(63755),Active,40,63755
Zone 4,3090,Bhawanigarh City(64656),Active,16,64656
Zone 4,3090,Fatehabad Town(70094),Active,38,70094
Zone 4,3090,Sirsa Midcity(70134),Active,9,70134
Zone 4,3090,Fatehabad Greater(72156),Active,6,72156
Zone 4,3090,Fatehabad Mid Town(72157),Active,10,72157
Zone 4,3090,Goniana Midtown(74425),Active,24,74425
Zone 4,3090,Moga Greater(74664),Active,12,74664
Zone 4,3090,Malerkotla Midtown(75043),Active,18,75043
Zone 4,3090,Nabha Central(76048),Active,4,76048
Zone 4,3090,Ahlisadar Fatehabad(76529),Active,6,76529
Zone 4,3090,Moga Royal(77630),Active,38,77630
Zone 4,3090,Ratia Town(81542),Active,11,81542
Zone 4,3090,Sri Ganganagar Marwar(83748),Active,23,83748
Zone 4,3090,Sirsa Senior(84050),Active,38,84050
Zone 4,3090,Patran Midtown(84361),Active,14,84361
Zone 4,3090,Sirsa Paradise(84824),Active,5,84824
Zone 4,3090,Bawani Khera(84997),Active,6,84997
Zone 4,3090,Sunam City(85009),Active,7,85009
Zone 4,3090,Sangaria(85810),Active,8,85810
Zone 4,3090,Sri Ganganagar Rajwara(86889),Active,8,86889
Zone 4,3090,Abohar Central(87051),Active,13,87051
Zone 4,3090,Bhuna Town(87246),Active,6,87246
Zone 4,3090,Fatehabad Gold(88606),Active,6,88606
Zone 4,3090,Aherwan(88826),Active,6,88826
Zone 4,3090,Kotkapura Royal(88879),Active,33,88879
Zone 4,3090,Fatehabad City(89003),Active,6,89003
Zone 4,3090,Mandi Gharsana(89631),Active,6,89631
Zone 4,3090,Moga Stars(89807),Active,10,89807
Zone 4,3090,Zira(89887),Active,11,89887
Zone 4,3090,Bhiwani Downtown(90155),Active,43,90155
Zone 4,3090,Padampur(90774),Active,10,90774
Zone 5,2981,Mayuram(15867),Active,84,15867
Zone 5,2981,Pennadam(15879),Active,39,15879
Zone 5,2981,Thanjavur(15890),Active,73,15890
Zone 5,2981,Tiruvarur(15895),Active,91,15895
Zone 5,2981,Neyveli Green City(222021),Active,30,222021
Zone 5,2981,Veeranam Lake City(222261),Active,28,222261
Zone 5,2981,Nagapattinam Sanghamam(222276),Active,22,222276
Zone 5,2981,Thanjavur East(222297),Active,21,222297
Zone 5,2981,Ayyampettai Delta(222431),Active,51,222431
Zone 5,2981,Kilvelur(222559),Active,21,222559
Zone 5,2981,Mayuram Delta(223228),Active,19,223228
Zone 5,2981,Kumbakonam Tradition Land(223365),Active,21,223365
Zone 5,2981,Vijayapuram(223393),Active,39,223393
Zone 5,2981,Pondicherry Pride(223432),Active,80,223432
Zone 5,2981,Thanjavur Galaxy(223453),Active,29,223453
Zone 5,2981,Thanjavur Kundhavai(224186),Active,19,224186
Zone 5,2981,Kumbakonam Maanagar(224422),Active,23,224422
Zone 5,2981,Pondicherry Legacy(224440),Active,21,224440
Zone 5,2981,Ayakkaranpulam(224858),Active,21,224858
Zone 5,2981,Pondicherry Friends City(225274),Active,36,225274
Zone 5,2981,Nagapattinam Waves(225546),Active,13,225546
Zone 5,2981,Pondicherry Phoenix(225743),Active,38,225743
Zone 5,2981,Royal Pattukkottai(226340),Active,45,226340
Zone 5,2981,Tittagudi(226438),Active,31,226438
Zone 5,2981,Pondicherry Arikamedu Port(226650),Active,16,226650
Zone 5,2981,Pondicherry Mid-Town(22670),Active,52,22670
Zone 5,2981,Pondicherry Nexus(226727),Active,23,226727
Zone 5,2981,Mayiladuthurai Sakthi(226777),Active,20,226777
Zone 5,2981,Puducherry Vision(226792),Active,34,226792
Zone 5,2981,Velankanni Green City(226965),Active,67,226965
Zone 5,2981,Pondicherry Regal(227122),Active,14,227122
Zone 5,2981,Kumbakonam Wisdom(227123),Active,16,227123
Zone 5,2981,Thanjavur Majestic City(227138),Active,34,227138
Zone 5,2981,Thanjavur Warriors(227180),Active,47,227180
Zone 5,2981,Kottur(227288),Active,14,227288
Zone 5,2981,Tiruturaipoondi(22737),Active,61,22737
Zone 5,2981,Pondicherry Glowing Stars(227553),Active,100,227553
Zone 5,2981,Muthupet Lagoon(227564),Active,16,227564
Zone 5,2981,Pondicherry Agni Siragugal(227672),Active,29,227672
Zone 5,2981,Pondicherry Nebula(227719),Active,13,227719
Zone 5,2981,Ullikkottai(227823),Active,15,227823
Zone 5,2981,Idumbavanam(227960),Active,16,227960
Zone 5,2981,Kumbakonam Universe(227998),Active,18,227998
Zone 5,2981,Mannargudi Pride(228020),Active,15,228020
Zone 5,2981,Delta Pattukkottai(228176),Active,52,228176
Zone 5,2981,Pondicherry Champions(228181),Active,22,228181
Zone 5,2981,Kumbakonam Temple City(22852),Active,64,22852
Zone 5,2981,Neyveli(23514),Active,22,23514
Zone 5,2981,Aduthurai(26974),Active,41,26974
Zone 5,2981,Vedaraniam(28304),Active,45,28304
Zone 5,2981,Kumbakonam Mahamaham(28707),Active,58,28707
Zone 5,2981,Thanjavur Newtown(30693),Active,25,30693
Zone 5,2981,Mayiladuthurai Mid-Town(30758),Active,40,30758
Zone 5,2981,Cuddalore Mid-Town(31123),Active,49,31123
Zone 5,2981,Kumbakonam East(31185),Active,74,31185
Zone 5,2981,Papanasam(31413),Active,80,31413
Zone 5,2981,Panruti(31414),Active,96,31414
Zone 5,2981,Manora Pattukkottai(31480),Active,64,31480
Zone 5,2981,Pondicherry Port(31589),Active,41,31589
Zone 5,2981,Chidambaram Mid-Town(50381),Active,56,50381
Zone 5,2981,Kumbakonam Central(51497),Active,89,51497
Zone 5,2981,Thanjavur Cauvery(52268),Active,71,52268
Zone 5,2981,Muthupettai(52274),Active,50,52274
Zone 5,2981,Neyveli Lignite City(55739),Active,56,55739
Zone 5,2981,Kottai Pattukkottai(58338),Active,86,58338
Zone 5,2981,Neyveli Power City(58341),Active,54,58341
Zone 5,2981,Cuddalore Sangamam(58449),Active,36,58449
Zone 5,2981,Pondicherry French City(64814),Active,17,64814
Zone 5,2981,Tankcity Tiruvarur(65756),Active,25,65756
Zone 5,2981,Valangaiman(67017),Active,26,67017
Zone 5,2981,Kattumannarkoil(67020),Active,32,67020
Zone 5,2981,Thanjavur Delta(70635),Active,45,70635
Zone 5,2981,Kumbakonam Holy Town(76535),Active,71,76535
Zone 5,2981,Kuttalam(78635),Active,56,78635
Zone 5,2981,Vailankanni(78717),Active,42,78717
Zone 5,2981,Nagore(78754),Active,34,78754
Zone 5,2981,Chidambaram Temple Town(82647),Active,32,82647
Zone 5,2981,Chola Tiruvarur(82661),Active,42,82661
Zone 5,2981,Vadakuthu(82669),Active,18,82669
Zone 5,2981,Karaikal French City(82693),Active,42,82693
Zone 5,2981,Kollidam(82699),Active,49,82699
Zone 5,2981,Nagapattinam Mid Town(82837),Active,27,82837
Zone 5,2981,Pattukottai Mid Town(82863),Active,29,82863
Zone 5,2981,Natchiarkoil Lamp City(82878),Active,28,82878
Zone 5,2981,Koothapakkam(83088),Active,26,83088
Zone 5,2981,Sirkali Temple Town(83199),Active,55,83199
Zone 5,2981,Peravurani(83208),Active,27,83208
Zone 5,2981,Tiruthuraipoondi Delta(83301),Active,53,83301
Zone 5,2981,Papanasam River City(83319),Active,11,83319
Zone 5,2981,Madukkur(83354),Active,26,83354
Zone 5,2981,Thanjavur Big Temple(83401),Active,51,83401
Zone 5,2981,Pondicherry Elites(83779),Active,35,83779
Zone 5,2981,Pondicherry Grande(83947),Active,26,83947
Zone 5,2981,Marudur(84887),Active,43,84887
Zone 5,2981,Kumbakonam Heritage City(85610),Active,40,85610
Zone 5,2981,Kumbakonam Grand(85651),Active,46,85651
Zone 5,2981,Kumbakonam Green City(85720),Active,51,85720
Zone 5,2981,Mannai Green City(86008),Active,21,86008
Zone 5,2981,Nannilam(86331),Active,20,86331
Zone 5,2981,Thirumullaivasal(86514),Active,20,86514
Zone 5,2981,Kumbakonam Queens(86520),Active,11,86520
Zone 5,2981,E-Club of Thanjavur Divas(86714),Active,52,86714
Zone 5,2981,Thanjavur Cholas(87418),Active,24,87418
Zone 5,2981,Pondicherry White Town(87691),Active,33,87691
Zone 5,2981,Virudhachalam Elite(87693),Active,30,87693
Zone 5,2981,Mayiladuthurai Delta(87718),Active,41,87718
Zone 5,2981,Thanjavur Emperors(87965),Active,33,87965
Zone 5,2981,Nagapattinam Wings(88451),Active,43,88451
Zone 5,2981,Pondicherry Galaxy(88469),Active,34,88469
Zone 5,2981,Veppur(89389),Active,38,89389
Zone 5,2981,Kumbakonam Kings(89392),Active,23,89392
Zone 5,2981,Thiruvarur Mid Town(89623),Active,4,89623
Zone 5,2981,Mayiladuthurai Pride(90610),Active,40,90610
Zone 5,2981,Neyveli Arch Gate(91001),Active,31,91001
Zone 5,2981,Pattukkottai Kings(91202),Active,57,91202
Zone 5,2981,Pondicherry Marina(91218),Active,27,91218
Zone 5,2982,Dharmapuri(15847),Active,64,15847
Zone 5,2982,Namakkal (Salem)(15873),Active,93,15873
Zone 5,2982,Salem North(15886),Active,38,15886
Zone 5,2982,Salem West(15887),Active,19,15887
Zone 5,2982,Tiruchengode(15892),Active,68,15892
Zone 5,2982,Hosur Elite(222809),Active,16,222809
Zone 5,2982,Hosur Legends(224134),Active,46,224134
Zone 5,2982,Elampillai(224714),Active,45,224714
Zone 5,2982,Tirukkoyilur Temple City(224847),Active,47,224847
Zone 5,2982,Thiyagadurgam(224937),Active,29,224937
Zone 5,2982,Hosur Icons(225623),Active,18,225623
Zone 5,2982,Attur Central(225895),Active,17,225895
Zone 5,2982,Harur(225921),Active,24,225921
Zone 5,2982,Shoolagiri(226164),Active,14,226164
Zone 5,2982,Hosur Royals(226202),Active,18,226202
Zone 5,2982,Salem Miracle(226203),Active,14,226203
Zone 5,2982,Salem Success(226403),Active,18,226403
Zone 5,2982,Salem Sunrise(226405),Active,17,226405
Zone 5,2982,Salem Happy(226427),Active,44,226427
Zone 5,2982,Salem Wonderful(227061),Active,27,227061
Zone 5,2982,Tindivanam Elite(227121),Active,17,227121
Zone 5,2982,Namakkal Kings(227262),Active,47,227262
Zone 5,2982,Salem Divine Hearts(227328),Active,10,227328
Zone 5,2982,Salem City(227402),Active,39,227402
Zone 5,2982,Salem Steel City(227589),Active,10,227589
Zone 5,2982,Salem Harmony(227590),Active,20,227590
Zone 5,2982,Salem Sigaram(227856),Active,35,227856
Zone 5,2982,Dharmapuri Phoenix(227924),Active,31,227924
Zone 5,2982,Salem Royal Crown(227955),Active,7,227955
Zone 5,2982,Krishnagiri(23416),Active,42,23416
Zone 5,2982,Sankarapuram(29651),Active,77,29651
Zone 5,2982,Attur(31334),Active,75,31334
Zone 5,2982,Salem East(31340),Active,28,31340
Zone 5,2982,Yercaud(31611),Active,30,31611
Zone 5,2982,Salem Cosmos(50763),Active,29,50763
Zone 5,2982,Chinna Salem(51056),Active,83,51056
Zone 5,2982,Gingee Fort(52229),Active,36,52229
Zone 5,2982,Dharmapuri Mid Town(57244),Active,56,57244
Zone 5,2982,Omalur(57867),Active,24,57867
Zone 5,2982,Salem Texcity(63034),Active,52,63034
Zone 5,2982,Sankagiri(64355),Active,34,64355
Zone 5,2982,Tiruchengode Redrock(72970),Active,38,72970
Zone 5,2982,Salem Sunstar(73402),Active,23,73402
Zone 5,2982,Maa-Nagar Krishnagiri(80154),Active,33,80154
Zone 5,2982,Hosur Grand(81156),Active,16,81156
Zone 5,2982,Salem Fort(82679),Active,42,82679
Zone 5,2982,Namakkal Transport City(82836),Active,77,82836
Zone 5,2982,Namakkal Elite(82879),Active,31,82879
Zone 5,2982,Hosur Rose City(83278),Active,23,83278
Zone 5,2982,Hosur Lake View(83284),Active,17,83284
Zone 5,2982,Mohanur(83285),Active,44,83285
Zone 5,2982,Rasipuram Educational City(83321),Active,15,83321
Zone 5,2982,Namakkal Educational City(83386),Active,35,83386
Zone 5,2982,Kaveripatnam(83660),Active,28,83660
Zone 5,2982,Sankari West(83803),Active,22,83803
Zone 5,2982,Salem Elite(86597),Active,57,86597
Zone 5,2982,Attur Midtown(86959),Active,47,86959
Zone 5,2982,Thalaivasal(86962),Active,52,86962
Zone 5,2982,Salem Hillcity(88115),Active,41,88115
Zone 5,2982,Salem Power Grand(88177),Active,11,88177
Zone 5,2982,Salem Evergreen(88871),Active,39,88871
Zone 5,2982,Rasipuram Royal(89524),Active,56,89524
Zone 5,2982,Salem Majestic(89917),Active,47,89917
Zone 5,2982,Hosur Angels(90842),Active,38,90842
Zone 5,2982,Namakkal Heritage(90910),Active,51,90910
Zone 5,2982,Salem Rupavati(90915),Active,25,90915
Zone 5,2982,Tiruchengode Sangamam(91235),Active,28,91235
Zone 5,3000,Ariyalur(15907),Active,79,15907
Zone 5,3000,Kattur(15919),Active,39,15919
Zone 5,3000,Madurai(15926),Active,51,15926
Zone 5,3000,Madurai South(15928),Active,38,15928
Zone 5,3000,Theni(15947),Active,33,15947
Zone 5,3000,Madurai Central(21076),Active,67,21076
Zone 5,3000,Thuraiyur(21317),Active,73,21317
Zone 5,3000,Madurai Presidency(221978),Active,15,221978
Zone 5,3000,Aranthai Friends(222294),Active,40,222294
Zone 5,3000,Tiruchy Stars(222423),Active,18,222423
Zone 5,3000,Theni Vaigai Star(223042),Active,19,223042
Zone 5,3000,Aranthai Aram(223098),Active,40,223098
Zone 5,3000,Perambalur Cotton City(223120),Active,17,223120
Zone 5,3000,Madurai Royal(223240),Active,29,223240
Zone 5,3000,Manaparai Stars(223248),Active,8,223248
Zone 5,3000,Madurai Sporting Amigos(224502),Active,39,224502
Zone 5,3000,Trichy Diamond City Elite(225006),Active,21,225006
Zone 5,3000,Trichy River Town(225527),Active,15,225527
Zone 5,3000,Madurai Jallikattu(225567),Active,34,225567
Zone 5,3000,Oddanchatram Elite(225607),Active,16,225607
Zone 5,3000,Madurai Paramount(225654),Active,16,225654
Zone 5,3000,Thirumayam Fort(225655),Active,31,225655
Zone 5,3000,Aravakkurichi(225734),Active,13,225734
Zone 5,3000,Chinnamanur(22580),Active,51,22580
Zone 5,3000,Pattiveeranpatti Pride(225811),Active,14,225811
Zone 5,3000,Tiruchirappalli Eye Donation(225912),Active,20,225912
Zone 5,3000,Madurai Classic(225918),Active,34,225918
Zone 5,3000,Dindigul Aram(225940),Active,12,225940
Zone 5,3000,Chinnamanur Central(226081),Active,19,226081
Zone 5,3000,Perambalur Aura(226145),Active,10,226145
Zone 5,3000,Madurai Phoenix(226159),Active,21,226159
Zone 5,3000,Trichy Thendral(226163),Active,14,226163
Zone 5,3000,Madurai Icons(226751),Active,46,226751
Zone 5,3000,Gandarvakottai Vaagai(226816),Active,9,226816
Zone 5,3000,Madurai Tamil Sangam(227005),Active,11,227005
Zone 5,3000,Thuraiyur Sri Tirumala(227093),Active,25,227093
Zone 5,3000,Bodi Western Ghats(227112),Active,25,227112
Zone 5,3000,Tiruchirapalli Cosmopolitan(227132),Active,24,227132
Zone 5,3000,Trichy Dreamers(227141),Active,59,227141
Zone 5,3000,Tiruchirappalli Winners(227156),Active,14,227156
Zone 5,3000,Dindigul Miracle(227187),Active,10,227187
Zone 5,3000,Trichy Delta(227190),Active,18,227190
Zone 5,3000,Theni Vaigai Siragugal(227207),Active,14,227207
Zone 5,3000,Chinnalapatti Dream(227214),Active,13,227214
Zone 5,3000,Madurai Royal Kings(227219),Active,11,227219
Zone 5,3000,Dindigul Dreams(227226),Active,16,227226
Zone 5,3000,Musiri Green City(227234),Active,12,227234
Zone 5,3000,Madurai Matrix(227235),Active,22,227235
Zone 5,3000,Manaparai Dreams(227240),Active,11,227240
Zone 5,3000,Pudukkottai Dreams Fort(227244),Active,25,227244
Zone 5,3000,Manapparai Next Gen(227263),Active,25,227263
Zone 5,3000,Sendurai(227291),Active,18,227291
Zone 5,3000,T. Palur(227311),Active,15,227311
Zone 5,3000,Trichy Majestic(227329),Active,45,227329
Zone 5,3000,Thuvarankurichi(227339),Active,26,227339
Zone 5,3000,Madurai Majesty(227419),Active,18,227419
Zone 5,3000,Thogaimalai(227456),Active,21,227456
Zone 5,3000,Trichy Legends(227480),Active,16,227480
Zone 5,3000,Karur Pugazhi(227557),Active,24,227557
Zone 5,3000,Pudukkottai Metro(227596),Active,34,227596
Zone 5,3000,Malaiyur(227607),Active,27,227607
Zone 5,3000,Tiruchy Sangamam(227609),Active,14,227609
Zone 5,3000,Annavasal Annapparavai(227615),Active,25,227615
Zone 5,3000,Bodi Western Ghats Feathers(227659),Active,25,227659
Zone 5,3000,Perambalur Sigaram(227825),Active,17,227825
Zone 5,3000,Pudugai Vetri(227937),Active,27,227937
Zone 5,3000,Pudukkottai Perarasu(227959),Active,471,227959
Zone 5,3000,Trichy River Town Gen Z(228078),Active,15,228078
Zone 5,3000,Viralimalai(228089),Active,15,228089
Zone 5,3000,Aranthai Royal(228093),Active,15,228093
Zone 5,3000,Melur(228094),Active,21,228094
Zone 5,3000,Lalgudi(228122),Active,17,228122
Zone 5,3000,Perambalur Achievers(228124),Active,17,228124
Zone 5,3000,Inamkulathur(228152),Active,15,228152
Zone 5,3000,Trichy Pioneers(228153),Active,15,228153
Zone 5,3000,Somarasampettai(228154),Active,15,228154
Zone 5,3000,Varadarajanpettai(228155),Active,15,228155
Zone 5,3000,Thiruvappur(228161),Active,25,228161
Zone 5,3000,Tharagampatty(228167),Active,20,228167
Zone 5,3000,Madurai Kadambavanam(228182),Active,63,228182
Zone 5,3000,Tiruchirapalli Rockcity(22856),Active,66,22856
Zone 5,3000,Madurai East(25562),Active,29,25562
Zone 5,3000,Cauvery Tiruchirapalli(27248),Active,14,27248
Zone 5,3000,Bodinayakkanur(27418),Active,16,27418
Zone 5,3000,Manapparai(28481),Active,56,28481
Zone 5,3000,Alangudi(30181),Active,39,30181
Zone 5,3000,Tiruchirapalli Diamond City(30771),Active,83,30771
Zone 5,3000,Pon. Puduppatti(31418),Active,29,31418
Zone 5,3000,Tiruchirapalli Metro(31727),Active,33,31727
Zone 5,3000,Pudukkottai Palace City(50212),Active,54,50212
Zone 5,3000,Pudukkottai Central(50480),Active,90,50480
Zone 5,3000,Dindigul Fort(51330),Active,53,51330
Zone 5,3000,Tiruverumpur Barath(53972),Active,18,53972
Zone 5,3000,Jambukeshwaram(59366),Active,21,59366
Zone 5,3000,Karambakkudi(59369),Active,49,59369
Zone 5,3000,Thuraiyur Golden City(59589),Active,38,59589
Zone 5,3000,Pallapatti Central(60973),Active,20,60973
Zone 5,3000,Dindigul Central(61066),Active,20,61066
Zone 5,3000,Tiruchy Central(61144),Active,35,61144
Zone 5,3000,New Majestic Pudukkottai(70896),Active,17,70896
Zone 5,3000,Alangudi Central(80712),Active,23,80712
Zone 5,3000,Cumbum Green Valley(80891),Active,60,80891
Zone 5,3000,Madurai Kings City(82063),Active,28,82063
Zone 5,3000,Madurai Malligai(82067),Active,27,82067
Zone 5,3000,Theni Sangamam(83519),Active,26,83519
Zone 5,3000,Manapparai West(84014),Active,8,84014
Zone 5,3000,Perambalur New Gen(84016),Active,25,84016
Zone 5,3000,Usilampatti(84532),Active,25,84532
Zone 5,3000,Trichirapalli North(84975),Active,18,84975
Zone 5,3000,Andipatti(85163),Active,35,85163
Zone 5,3000,Jayankondam(85307),Active,39,85307
Zone 5,3000,Madurai Sangamam(86014),Active,15,86014
Zone 5,3000,Trichirappalli Royal(86017),Active,15,86017
Zone 5,3000,Trichy City(86158),Active,22,86158
Zone 5,3000,Karur Amaravathi(86171),Active,23,86171
Zone 5,3000,Madurai Pandian(86952),Active,17,86952
Zone 5,3000,Karur Cheran(86977),Active,33,86977
Zone 5,3000,Karambakudi City(87906),Active,43,87906
Zone 5,3000,Manavai Kings(88219),Active,20,88219
Zone 5,3000,Manavai Queens(88224),Active,19,88224
Zone 5,3000,Gudalur Garden City(88574),Active,25,88574
Zone 5,3000,Chinnamanur Green City(88681),Active,23,88681
Zone 5,3000,Nilakottai Gems Golden City(88873),Active,10,88873
Zone 5,3000,Tiruchirapalli Metropolitan(88931),Active,49,88931
Zone 5,3000,Tiruchi Thamizhachi(89934),Active,4,89934
Zone 5,3000,Trichy DC Pride(89976),Active,45,89976
Zone 5,3000,Trichy Heritage(90423),Active,14,90423
Zone 5,3000,Perambalur Kings(90513),Active,21,90513
Zone 5,3000,Trichy Kings(90711),Active,8,90711
Zone 5,3000,Madurai Metropolis(90748),Active,43,90748
Zone 5,3000,Trichy Clouds(91252),Active,13,91252
Zone 5,3203,Avanashi(15829),Active,43,15829
Zone 5,3203,The Nilgiris(15875),Active,47,15875
Zone 5,3203,Tiruppur Dream City(221883),Active,16,221883
Zone 5,3203,Thekkalur(221939),Active,45,221939
Zone 5,3203,Tirupur Pioneers(222440),Active,56,222440
Zone 5,3203,Tirupur United(222835),Active,35,222835
Zone 5,3203,Mettupalayam Prime(223040),Active,32,223040
Zone 5,3203,Tirupur Bharati(223117),Active,33,223117
Zone 5,3203,Kunnathur(223121),Active,29,223121
Zone 5,3203,Sivagiri(223124),Active,29,223124
Zone 5,3203,Karumathampatti(223155),Active,12,223155
Zone 5,3203,Vellakoil(223174),Active,16,223174
Zone 5,3203,Avinashi Next Generation(223209),Active,20,223209
Zone 5,3203,Sirumugai(223219),Active,35,223219
Zone 5,3203,Ammapettai Cauvery(223239),Active,71,223239
Zone 5,3203,Gudalur Blue Mountain(223317),Active,17,223317
Zone 5,3203,Chithode(224386),Active,11,224386
Zone 5,3203,Thalavadi Hills(224407),Active,34,224407
Zone 5,3203,Nilgiris Richmount(224999),Active,9,224999
Zone 5,3203,Chengappalli(225369),Active,40,225369
Zone 5,3203,Karanampettai Rock City(225390),Active,25,225390
Zone 5,3203,Sathy Tigers(225715),Active,128,225715
Zone 5,3203,Anthiyur(22591),Active,29,22591
Zone 5,3203,Tirupur North(22614),Active,156,22614
Zone 5,3203,Somanur Tex City(226151),Active,71,226151
Zone 5,3203,Karuvalur(226652),Active,40,226652
Zone 5,3203,Erode Chakras(226654),Active,30,226654
Zone 5,3203,Palladam Imaigal(226737),Active,25,226737
Zone 5,3203,Gudalur(226950),Active,41,226950
Zone 5,3203,Udumalpet Next Generation(226994),Active,17,226994
Zone 5,3203,Periyanaickenpalayam(227264),Active,18,227264
Zone 5,3203,Doddampalayam(227517),Active,25,227517
Zone 5,3203,Mudumalai(227538),Active,16,227538
Zone 5,3203,Udumalpet Aura(227556),Active,16,227556
Zone 5,3203,Kolappalur(227588),Active,16,227588
Zone 5,3203,Kadambur Hills(227634),Active,21,227634
Zone 5,3203,Dharapuram Winners(227651),Active,18,227651
Zone 5,3203,Udumalpet Millennium(227666),Active,15,227666
Zone 5,3203,Periyanaickenpalayam North(227673),Active,25,227673
Zone 5,3203,D.G. Pudur(227718),Active,33,227718
Zone 5,3203,Vijayapuri(227750),Active,22,227750
Zone 5,3203,Tirupur Padmavathipuram(227861),Active,17,227861
Zone 5,3203,Kovilpalayam(228025),Active,24,228025
Zone 5,3203,Pongalur(228030),Active,27,228030
Zone 5,3203,Koduvai(228091),Active,44,228091
Zone 5,3203,Chennimalai Nex Gen(228148),Active,15,228148
Zone 5,3203,Erode Phoenix(228149),Active,15,228149
Zone 5,3203,Arasur(228150),Active,15,228150
Zone 5,3203,Ketti Valley(23635),Active,36,23635
Zone 5,3203,Palladam(27152),Active,46,27152
Zone 5,3203,Tirupur West(71662),Active,215,71662
Zone 5,3203,Tirupur Knit City(73622),Active,47,73622
Zone 5,3203,Sakthi Mahalingapuram(76580),Active,27,76580
Zone 5,3203,Tirupur East(79178),Active,54,79178
Zone 5,3203,Palladam Rainbow(79536),Active,40,79536
Zone 5,3203,Gudalur Valley(81867),Active,31,81867
Zone 5,3203,Bhavani Carpet City(82698),Active,63,82698
Zone 5,3203,Kotagiri(83039),Active,39,83039
Zone 5,3203,Erode Metro(85354),Active,72,85354
Zone 5,3203,Cheyur(85800),Active,34,85800
Zone 5,3203,Somanur(86220),Active,4,86220
Zone 5,3203,Tirupur Vision(86427),Active,106,86427
Zone 5,3203,Kundah(86721),Active,16,86721
Zone 5,3203,Vagarayampalayam(86803),Active,26,86803
Zone 5,3203,Boyampalayam(86942),Active,39,86942
Zone 5,3203,Udumalpet Star(87034),Active,33,87034
Zone 5,3203,Tirupur Pride(87621),Active,40,87621
Zone 5,3203,Tirupur Prime(88557),Active,16,88557
Zone 5,3203,Tirupur Smart City(88850),Active,86,88850
Zone 5,3203,Tirupur Lakshminagar(89576),Active,26,89576
Zone 5,3203,Tirupur Anandham(90389),Active,48,90389
Zone 5,3203,Kavindapadi(90925),Active,162,90925
Zone 5,3203,Udumalpet Galaxy(90939),Active,21,90939
Zone 5,3203,Nambiyur Uzhavan(91006),Active,25,91006
Zone 5,3203,Gobi Uzhavan(91011),Active,18,91011
Zone 5,3203,Annur Town(91014),Active,113,91014
Zone 5,3203,Tirupur Meridian(91046),Active,49,91046
Zone 5,3206,Chittur Palghat(21980),Active,8,21980
Zone 5,3206,Palakkad Green City(221999),Active,12,221999
Zone 5,3206,Metro Dynamix(222099),Active,33,222099
Zone 5,3206,Coimbatore Phoenix(222268),Active,14,222268
Zone 5,3206,Palakkad ACE(222291),Active,19,222291
Zone 5,3206,E-Club of Coimbatore Pride(223254),Active,34,223254
Zone 5,3206,Coimbatore Royals(224325),Active,24,224325
Zone 5,3206,Kovai(224981),Active,25,224981
Zone 5,3206,Palakkad Central(225653),Active,8,225653
Zone 5,3206,Coimbatore New Town(225886),Active,23,225886
Zone 5,3206,Coimbatore Aalam(226468),Active,25,226468
Zone 5,3206,Coimbatore Mitrutva(226711),Active,30,226711
Zone 5,3206,Coimbatore Blossom(226773),Active,23,226773
Zone 5,3206,Coimbatore United(226790),Active,28,226790
Zone 5,3206,Coimbatore Rise(227094),Active,34,227094
Zone 5,3206,Coimbatore Siruvani(227209),Active,24,227209
Zone 5,3206,Coimbatore Sangamam(227675),Active,33,227675
Zone 5,3206,Coimbatore Global(227751),Active,28,227751
Zone 5,3206,Coimbatore Urban(227909),Active,36,227909
Zone 5,3206,Coimbatore Swasthik(228023),Active,20,228023
Zone 5,3206,Mannarghat(27096),Active,41,27096
Zone 5,3206,Vadakkencherry Malabar(51218),Active,41,51218
Zone 5,3206,Koduvayur(53416),Active,20,53416
Zone 5,3206,Olavakkode(58686),Active,11,58686
Zone 5,3206,Nemmara(70037),Active,28,70037
Zone 5,3206,Coimbatore Legend(78752),Active,34,78752
Zone 5,3206,Coimbatore Cotton City(80414),Active,32,80414
Zone 5,3206,Coimbatore Wind City(82802),Active,41,82802
Zone 5,3206,Coimbatore Cyber City(84959),Active,40,84959
Zone 5,3206,Shoranur(85091),Active,53,85091
Zone 5,3206,Alathur Central(86363),Active,27,86363
Zone 5,3206,Sreekrishnapuram(86661),Active,27,86661
Zone 5,3206,Palakkad Fort(86666),Active,27,86666
Zone 5,3206,Coimbatore Industrial City(90545),Active,21,90545
Zone 5,3212,Ambasamudram(15905),Active,28,15905
Zone 5,3212,Courtallam Central(15912),Active,24,15912
Zone 5,3212,Sankarankovil(15942),Active,34,15942
Zone 5,3212,Srivilliputtur(15946),Active,27,15946
Zone 5,3212,Tirunelveli West(15952),Active,59,15952
Zone 5,3212,Tuticorin(15958),Active,53,15958
Zone 5,3212,Valliyoor(15960),Active,26,15960
Zone 5,3212,Kadayanallur(21060),Active,39,21060
Zone 5,3212,Thuckalay(21542),Active,21,21542
Zone 5,3212,Marthandam(21674),Active,56,21674
Zone 5,3212,Tirunelveli Town(21753),Active,34,21753
Zone 5,3212,Sivakasi Supreme(222221),Active,53,222221
Zone 5,3212,Nagercoil Evergreen(222223),Active,15,222223
Zone 5,3212,Malli(222271),Active,15,222271
Zone 5,3212,Tuticorin Trailblazers(222370),Active,28,222370
Zone 5,3212,Sengottai Galaxy(222391),Active,12,222391
Zone 5,3212,Thoothukudi Titans(222404),Active,34,222404
Zone 5,3212,Verkilambi Shuttlers(222419),Active,19,222419
Zone 5,3212,Srivilliputtur Friends(222500),Active,55,222500
Zone 5,3212,Tirunelveli Porunai(222586),Active,35,222586
Zone 5,3212,Nagercoil Thendral(222686),Active,11,222686
Zone 5,3212,Thisayanvilai Elite(222808),Active,24,222808
Zone 5,3212,Nagercoil Stars(223144),Active,10,223144
Zone 5,3212,Tirunelveli Avira(224933),Active,18,224933
Zone 5,3212,Alpha Sivakasi(225812),Active,37,225812
Zone 5,3212,Watrap(225851),Active,23,225851
Zone 5,3212,Pavoorchatram(226492),Active,20,226492
Zone 5,3212,Aruppukottai(226531),Active,23,226531
Zone 5,3212,Courtallam Sadhanaa(226543),Active,14,226543
Zone 5,3212,Marthandam Town(226880),Active,13,226880
Zone 5,3212,Devakottai Arch(226941),Active,37,226941
Zone 5,3212,Sankarankovil Temple City(226949),Active,25,226949
Zone 5,3212,Kanyakumari(22732),Active,41,22732
Zone 5,3212,Sayalgudi(227395),Active,33,227395
Zone 5,3212,Virudhunagar Trade City(227453),Active,34,227453
Zone 5,3212,Nagercoil Pearls(227478),Active,20,227478
Zone 5,3212,Srivilliputhur Star Friends(227524),Active,23,227524
Zone 5,3212,Srivilliputtur Elite Friends(228169),Active,23,228169
Zone 5,3212,Sivakasi Central(23751),Active,39,23751
Zone 5,3212,Tirunelveli North(23936),Active,14,23936
Zone 5,3212,Nagercoil Central(24035),Active,34,24035
Zone 5,3212,Nagercoil Suburban(26685),Active,62,26685
Zone 5,3212,Pearl City Tuticorin(30148),Active,61,30148
Zone 5,3212,Devakottai(50901),Active,83,50901
Zone 5,3212,Puliangudi(51289),Active,25,51289
Zone 5,3212,Seaside Tuticorin(51384),Active,42,51384
Zone 5,3212,Tamiraparani Tirunelveli(55323),Active,37,55323
Zone 5,3212,West Nagercoil(55484),Active,34,55484
Zone 5,3212,Courtallam Metro(55590),Active,15,55590
Zone 5,3212,Alangulam(57869),Active,29,57869
Zone 5,3212,Sivakasi Pyrocity(58537),Active,31,58537
Zone 5,3212,Tirunelveli Venuvanam(59224),Active,16,59224
Zone 5,3212,Courtallam Chaaral(60869),Active,46,60869
Zone 5,3212,Kadayanallur Central(61986),Active,51,61986
Zone 5,3212,Paramakudi(62619),Active,45,62619
Zone 5,3212,Yarn City Nagercoil(75782),Active,41,75782
Zone 5,3212,Green Land Bhuthapandy(77031),Active,25,77031
Zone 5,3212,Karaikudi Heritage(81254),Active,52,81254
Zone 5,3212,Dhalavaipuram(81402),Active,44,81402
Zone 5,3212,Rameswaram(82158),Active,32,82158
Zone 5,3212,Rajapalayam Central(82546),Active,20,82546
Zone 5,3212,Kalaiyarkoil Supreme(82838),Active,37,82838
Zone 5,3212,Sengottai(82889),Active,18,82889
Zone 5,3212,Srivilliputtur Town(83758),Active,31,83758
Zone 5,3212,Srivilliputtur Green City(84590),Active,31,84590
Zone 5,3212,Tiruthangal(84670),Active,23,84670
Zone 5,3212,Golden R.S. Mangalam(84858),Active,21,84858
Zone 5,3212,Golden Thondi(85094),Active,38,85094
Zone 5,3212,Golden City Nagercoil(85177),Active,21,85177
Zone 5,3212,Karaikudi Wonders(85724),Active,13,85724
Zone 5,3212,Nagercoil Queens(85728),Active,25,85728
Zone 5,3212,Chatrapatti Bandage City(85729),Active,19,85729
Zone 5,3212,Tirunelveli Star(86485),Active,26,86485
Zone 5,3212,Uchipuli(86752),Active,27,86752
Zone 5,3212,Greater Nagercoil(86855),Active,20,86855
Zone 5,3212,Courtallam Sakthi(87416),Active,18,87416
Zone 5,3212,Nagercoil Emerald(88023),Active,14,88023
Zone 5,3212,Karaikudi Pearl Sangamam(88416),Active,33,88416
Zone 5,3212,Courtallam Elite(88861),Active,38,88861
Zone 5,3212,Kuzhithurai Gems(89133),Active,19,89133
Zone 5,3212,Phoenix Nagercoil(89142),Active,22,89142
Zone 5,3212,Nagercoil Heritage(89395),Active,18,89395
Zone 5,3212,Nagercoil Royals(90248),Active,25,90248
Zone 5,3212,Palayamkottai(90593),Active,29,90593
Zone 5,3212,Nagercoil Supreme(90629),Active,38,90629
Zone 5,3212,Marthandam Honey City(90762),Active,100,90762
Zone 5,3212,Thisayanvilai(90954),Active,19,90954
Zone 5,3212,Palayamkottai Central(91168),Active,10,91168
Zone 5,3220,Batticaloa(15966),Active,36,15966
Zone 5,3220,Colombo Central(15968),Active,32,15968
Zone 5,3220,Jaela-Kandana(15973),Active,23,15973
Zone 5,3220,Nuwara Eliya(15981),Active,22,15981
Zone 5,3220,Batticaloa City(224294),Active,28,224294
Zone 5,3220,Negombo Next Gen(224671),Active,7,224671
Zone 5,3220,Vavuniya City(226579),Active,23,226579
Zone 5,3220,Kalpitiya Peninsula(226811),Active,8,226811
Zone 5,3220,Paddiruppu(226938),Active,23,226938
Zone 5,3220,Nova Ceylon(226945),Active,23,226945
Zone 5,3220,Ruwanpura Sapphire(227403),Active,22,227403
Zone 5,3220,Batticaloa Fort City(227539),Active,21,227539
Zone 5,3220,Pinnawala(228010),Active,18,228010
Zone 5,3220,Wattala(22859),Active,14,22859
Zone 5,3220,Nikaweratiya(24783),Active,32,24783
Zone 5,3220,Kegalle(26175),Active,18,26175
Zone 5,3220,Panduwasnuwara(26773),Active,16,26773
Zone 5,3220,Biyagama(53988),Active,11,53988
Zone 5,3220,Kalmunai(55074),Active,14,55074
Zone 5,3220,Polgahawela(61485),Active,13,61485
Zone 5,3220,Wariyapola(61974),Active,22,61974
Zone 5,3220,Dickoya(67076),Active,15,67076
Zone 5,3220,Kandy Heritage(80173),Active,17,80173
Zone 5,3220,Malé(84902),Active,46,84902
Zone 5,3220,Batticaloa Heritage(86295),Active,13,86295
Zone 5,3220,Chunnakam Heritage(86912),Active,11,86912
Zone 5,3220,Colombo City(88090),Active,14,88090
Zone 5,3220,Ampara(89690),Active,18,89690
Zone 5,3231,Ambur(15825),Active,67,15825
Zone 5,3231,Vellore Palar City(222344),Active,22,222344
Zone 5,3231,Pallavaram Central(222730),Active,11,222730
Zone 5,3231,Anaicut(222829),Active,22,222829
Zone 5,3231,Vellore Stars(222954),Active,17,222954
Zone 5,3231,Katpadi Mass(224428),Active,15,224428
Zone 5,3231,Kanchipuram Grand(224752),Active,16,224752
Zone 5,3231,Tiruvannamalai Elite(225029),Active,20,225029
Zone 5,3231,Vellore Achievers(225287),Active,26,225287
Zone 5,3231,Mamallapuram(225318),Active,22,225318
Zone 5,3231,Cheyyar Royals(225388),Active,12,225388
Zone 5,3231,Tiruttani Stars(225673),Active,15,225673
Zone 5,3231,Vellore Kings(225752),Active,35,225752
Zone 5,3231,Thandrampet(226386),Active,26,226386
Zone 5,3231,Arni Midtown(226962),Active,20,226962
Zone 5,3231,Arakkonam Mithra(226963),Active,13,226963
Zone 5,3231,Chengam(226973),Active,17,226973
Zone 5,3231,Kaveripakkam(227056),Active,28,227056
Zone 5,3231,Vellore Gandhinagar(227070),Active,14,227070
Zone 5,3231,Tiruvannamalai Galaxy(227290),Active,17,227290
Zone 5,3231,Tiruvannamalai Rainbow(227565),Active,15,227565
Zone 5,3231,Vellore Evergreen(227747),Active,19,227747
Zone 5,3231,Arcot Delhi Gate(227755),Active,19,227755
Zone 5,3231,Vellore Royals(228035),Active,26,228035
Zone 5,3231,Gudiyatham(23806),Active,136,23806
Zone 5,3231,Tirupattur(23937),Active,150,23937
Zone 5,3231,Sholinghur(24099),Active,58,24099
Zone 5,3231,Vellore East(24261),Active,16,24261
Zone 5,3231,Arcot(26588),Active,61,26588
Zone 5,3231,Vandavasi(26763),Active,48,26763
Zone 5,3231,Chetpet(27493),Active,29,27493
Zone 5,3231,Vellore Mid-Town(27506),Active,72,27506
Zone 5,3231,Pernambut(29650),Active,17,29650
Zone 5,3231,Tiruttani(50067),Active,31,50067
Zone 5,3231,Walajapet(50068),Active,52,50068
Zone 5,3231,Arcot East(51012),Active,23,51012
Zone 5,3231,Mamandur(51280),Active,44,51280
Zone 5,3231,Vellore Cosmos(51285),Active,29,51285
Zone 5,3231,Kalavai(56666),Active,14,56666
Zone 5,3231,Vellore Presidency(57805),Active,68,57805
Zone 5,3231,Eagle Town Thirukkazhukundram(58011),Active,38,58011
Zone 5,3231,Polur(60874),Active,21,60874
Zone 5,3231,Vaniyambadi Mid Town(74546),Active,21,74546
Zone 5,3231,Uthiramerur(78256),Active,57,78256
Zone 5,3231,Mahindra Industrial City(80934),Active,14,80934
Zone 5,3231,Tiruvallur(84154),Active,102,84154
Zone 5,3231,Acharapakkam(84218),Active,13,84218
Zone 5,3231,Pallikonda(84501),Active,32,84501
Zone 5,3231,Cheyyar Temple City(84981),Active,35,84981
Zone 5,3231,Vellore Gems(85059),Active,21,85059
Zone 5,3231,Pernamallur(85168),Active,21,85168
Zone 5,3231,Tiruvanamalai Vengikkal(86174),Active,38,86174
Zone 5,3231,Tiruvannamalai Vegan(86393),Active,54,86393
Zone 5,3231,Light City Tiruvannamalai(86462),Active,38,86462
Zone 5,3231,Sriperumbudur(86943),Active,10,86943
Zone 5,3231,Vandavasi Town(87215),Active,43,87215
Zone 5,3231,Tiruvannamalai Pride(87273),Active,26,87273
Zone 5,3231,Cheyyar Town(87736),Active,23,87736
Zone 5,3231,Tiruvannamalai Deepam(88692),Active,17,88692
Zone 5,3231,Tirupattur Town(88770),Active,33,88770
Zone 5,3231,Chengai Chennai Corridor(88802),Active,12,88802
Zone 5,3231,Gudiyatham Golden Galaxy(89208),Active,34,89208
Zone 5,3231,Kanchipuram Cosmic City(89321),Active,38,89321
Zone 5,3231,Thellar(89885),Active,25,89885
Zone 5,3231,Vellore Sathuvachari(90419),Active,14,90419
Zone 5,3231,Kanchi Infinity(90427),Active,29,90427
Zone 5,3231,Arcot Fort(90625),Active,24,90625
Zone 5,3231,Ranipet Palar(90781),Active,18,90781
Zone 5,3231,Tiruvallur Elite(90984),Active,23,90984
Zone 5,3233,Madras West(15866),Active,44,15866
Zone 5,3233,Chennai Akshaya(222065),Active,18,222065
Zone 5,3233,Chennai Lake City(222460),Active,34,222460
Zone 5,3233,Singara Chennai(222469),Active,8,222469
Zone 5,3233,Chennai Aram(222496),Active,24,222496
Zone 5,3233,Chennai Uptown(222514),Active,16,222514
Zone 5,3233,Chennai Saaral(222516),Active,20,222516
Zone 5,3233,Chennai Coral(222532),Active,16,222532
Zone 5,3233,Chennai Aristo(222550),Active,27,222550
Zone 5,3233,Chennai Crown(222555),Active,19,222555
Zone 5,3233,Tharamani(222588),Active,23,222588
Zone 5,3233,Agaram(222664),Active,19,222664
Zone 5,3233,Aura Chennai(224701),Active,14,224701
Zone 5,3233,Chennai Maithri(225042),Active,15,225042
Zone 5,3233,Chennai Medical Fraternity(225162),Active,48,225162
Zone 5,3233,Chennai Hindustan(225340),Active,12,225340
Zone 5,3233,Chennai Orchid(226321),Active,20,226321
Zone 5,3233,Chennai Urban Square(226540),Active,2,226540
Zone 5,3233,Chennai Icons(226554),Active,196,226554
Zone 5,3233,Chennai Valasai(226835),Active,18,226835
Zone 5,3233,Chennai Castle(226912),Active,31,226912
Zone 5,3233,Chennai Banyan Tree(226944),Active,22,226944
Zone 5,3233,Madras Vistara(226993),Active,22,226993
Zone 5,3233,Chennai Verve(227273),Active,7,227273
Zone 5,3233,Madras Miracles(227317),Active,34,227317
Zone 5,3233,Chennai Prince City(227743),Active,19,227743
Zone 5,3233,Chennai Vibrance(227905),Active,18,227905
Zone 5,3233,Chennai Amity(228146),Active,15,228146
Zone 5,3233,Madras Down Town(29249),Active,45,29249
Zone 5,3233,Nanganallur(30522),Active,51,30522
Zone 5,3233,Madras Vadapalani(31382),Active,39,31382
Zone 5,3233,Madras Golden City(55436),Active,33,55436
Zone 5,3233,Chennai Kodambakkam(78432),Active,55,78432
Zone 5,3233,Chennai IT City(84442),Active,41,84442
Zone 5,3233,Manali New Town(84646),Active,3,84646
Zone 5,3233,E-Club of Chennai(85282),Active,21,85282
Zone 5,3233,Annanagar West(86330),Active,18,86330
Zone 5,3233,United Chennai(86463),Active,30,86463
Zone 5,3233,Madras Bay City(87472),Active,11,87472
Zone 5,3233,Chennai Central Elite(87631),Active,42,87631
Zone 5,3233,Chennai Korattur(88181),Active,38,88181
Zone 5,3233,Chennai Posh(88629),Active,1,88629
Zone 5,3233,Chennai Accord(88849),Active,20,88849
Zone 5,3233,Chennai Kings(88977),Active,24,88977
Zone 5,3233,Chennai Rainbow(88983),Active,37,88983
Zone 5,3233,Madras Connemara(89530),Active,55,89530
Zone 5,3233,Chennai Utsav(89774),Active,29,89774
Zone 5,3233,Chennai Noble Hearts(90043),Active,38,90043
Zone 5,3233,Chennai Beehives(90682),Active,30,90682
Zone 5,3234,Chennai Triumph(223169),Active,20,223169
Zone 5,3234,Chennai Riviera(223187),Active,1,223187
Zone 5,3234,Chennai Nandavanam(223220),Active,27,223220
Zone 5,3234,Chennai Poes Garden(223294),Active,31,223294
Zone 5,3234,Chennai Millennium(223394),Active,17,223394
Zone 5,3234,Chennai Nadi(223398),Active,38,223398
Zone 5,3234,Chennai Titans(223412),Active,24,223412
Zone 5,3234,E-Club of Chennai Shakthi(223428),Active,40,223428
Zone 5,3234,Chennai Warriors(223439),Active,21,223439
Zone 5,3234,Chennai Vikas(223542),Active,12,223542
Zone 5,3234,Chennai Classic(224322),Active,14,224322
Zone 5,3234,Chennai Sarvam(225581),Active,31,225581
Zone 5,3234,Chennai Melody(225589),Active,22,225589
Zone 5,3234,Chennai Sapphires(225612),Active,11,225612
Zone 5,3234,Chennai Ashok Pillar(225707),Active,19,225707
Zone 5,3234,Centennial Madras(226370),Active,36,226370
Zone 5,3234,Chennai Anchorage(226581),Active,51,226581
Zone 5,3234,Global Nexus(226904),Active,23,226904
Zone 5,3234,Chennai Amigos(226911),Active,16,226911
Zone 5,3234,Chennai Visai(226948),Active,23,226948
Zone 5,3234,Chennai Trailblazers(227756),Active,27,227756
Zone 5,3234,Madras Gold Coast Animal Lovers(227829),Active,15,227829
Zone 5,3234,Madras Sunshine(227875),Active,41,227875
Zone 5,3234,Madras Ashoknagar(23214),Active,19,23214
Zone 5,3234,Madras Mylapore Uptown(25517),Active,20,25517
Zone 5,3234,Madras Marina(26736),Active,23,26736
Zone 5,3234,Madras Silver Beach(27905),Active,16,27905
Zone 5,3234,Madras Besant Nagar(50271),Active,27,50271
Zone 5,3234,Chennai Mid City(50341),Active,53,50341
Zone 5,3234,Chennai Kilpauk(51318),Active,39,51318
Zone 5,3234,Chennai Sun City(82876),Active,30,82876
Zone 5,3234,Chennai Port City(83508),Active,38,83508
Zone 5,3234,Madras Next Gen(85243),Active,77,85243
Zone 5,3234,Madras Magnum(85531),Active,43,85531
Zone 5,3234,Madras Traditional(88467),Active,21,88467
Zone 5,3234,Chennai Renaissance(88685),Active,32,88685
Zone 5,3234,Chennai Mugappair(88706),Active,28,88706
Zone 5,3234,Chennai Serenity(88708),Active,41,88708
Zone 5,3234,Chennai Prestige(89025),Active,26,89025
Zone 5,3234,Madras Heritage(89771),Active,25,89771
Zone 5,3234,Chennai Symphony(89888),Active,41,89888
Zone 5,3234,Chennai Evergreen(89911),Active,63,89911
Zone 5,3234,Chennai Legacy(90112),Active,21,90112
Zone 5,3234,Chennai Harmony(90244),Active,17,90244
Zone 5,3234,Chennai Metrozone(90250),Active,21,90250
Zone 5,3234,Chennai Kotturpuram(90319),Active,29,90319
Zone 6,3100,Amroha(15310),Active,14,15310
Zone 6,3100,Baraut(15312),Active,15,15312
Zone 6,3100,Bijnor(15313),Active,16,15313
Zone 6,3100,Bulandshahr(15314),Active,39,15314
Zone 6,3100,Chandausi Purvanchal(15316),Active,15,15316
Zone 6,3100,Haldaur(15335),Active,31,15335
Zone 6,3100,Hasanpur(15338),Active,11,15338
Zone 6,3100,Khatauli(15351),Active,13,15351
Zone 6,3100,Khurja(15352),Active,40,15352
Zone 6,3100,Kotdwara(15354),Active,38,15354
Zone 6,3100,Meerut(15358),Active,105,15358
Zone 6,3100,Meerut Central(15359),Active,6,15359
Zone 6,3100,Moradabad(15363),Active,9,15363
Zone 6,3100,Moradabad (East)(15364),Active,38,15364
Zone 6,3100,Muzaffarnagar(15368),Active,22,15368
Zone 6,3100,Najibabad(15372),Active,11,15372
Zone 6,3100,Moradabad South(222258),Active,11,222258
Zone 6,3100,Meerut Swabhimaan(222824),Active,5,222824
Zone 6,3100,Meerut Unite UP(222892),Active,8,222892
Zone 6,3100,Babrala Ganga(222959),Active,7,222959
Zone 6,3100,Meerut Sanskar(223305),Active,12,223305
Zone 6,3100,Moradabad Mavericks(223468),Active,8,223468
Zone 6,3100,Meerut Monarch's(223538),Active,5,223538
Zone 6,3100,Behjoi(224387),Active,10,224387
Zone 6,3100,Bulandshahr Sunshine(224917),Active,7,224917
Zone 6,3100,Bulandshahr New Heights(224928),Active,10,224928
Zone 6,3100,Khurja Pragati(224929),Active,6,224929
Zone 6,3100,Bulandshahr Royal(224979),Active,4,224979
Zone 6,3100,Muzaffarnagar Sakhi(225016),Active,6,225016
Zone 6,3100,Meerut Rudransh(225262),Active,6,225262
Zone 6,3100,Moradabad Essence(225267),Active,7,225267
Zone 6,3100,Bahjoi(225273),Active,7,225273
Zone 6,3100,Muzaffarnagar Param(225487),Active,5,225487
Zone 6,3100,Meerut Galaxy(225561),Active,5,225561
Zone 6,3100,Aggarwal Mandi Baghpat(225845),Active,12,225845
Zone 6,3100,Meerut Premium(226174),Active,8,226174
Zone 6,3100,Moradabad Axis(226310),Active,10,226310
Zone 6,3100,Hasanpur Aakershan(226367),Active,16,226367
Zone 6,3100,Bijnor Sarthi(226371),Active,11,226371
Zone 6,3100,Muzaffarnagar Achievers(226374),Active,8,226374
Zone 6,3100,Meerut Icon(227100),Active,15,227100
Zone 6,3100,Moradabad Elite(227110),Active,25,227110
Zone 6,3100,Muzaffarnagar Shakti(227196),Active,5,227196
Zone 6,3100,Moradabad Friends(227466),Active,10,227466
Zone 6,3100,Moradabad Navyam(227762),Active,7,227762
Zone 6,3100,Chandausi Friends(227824),Active,11,227824
Zone 6,3100,Chandausi Sunshine(227851),Active,6,227851
Zone 6,3100,Moradabad Medico(227864),Active,13,227864
Zone 6,3100,Moradabad Uday(227900),Active,6,227900
Zone 6,3100,Meerut Kings(227903),Active,5,227903
Zone 6,3100,Noorpur City(227969),Active,5,227969
Zone 6,3100,Moradabad Young Titans(227990),Active,6,227990
Zone 6,3100,Shamli Vidhya(227999),Active,5,227999
Zone 6,3100,Baghpat(228003),Active,15,228003
Zone 6,3100,Shamli Galaxy(228009),Active,4,228009
Zone 6,3100,Meerut New Saket(228026),Active,6,228026
Zone 6,3100,Muzaffarnagar Sankalp(228129),Active,15,228129
Zone 6,3100,Khurja Virat(228130),Active,15,228130
Zone 6,3100,Bhartia Gram(24059),Active,40,24059
Zone 6,3100,Meerut Virat(25090),Active,42,25090
Zone 6,3100,Seohara Sampuran(25234),Active,24,25234
Zone 6,3100,Meerut City(25275),Active,10,25275
Zone 6,3100,Moradabad North(26531),Active,14,26531
Zone 6,3100,Industrial Area Bijnor(29398),Active,18,29398
Zone 6,3100,Muzaffarnagar Vishal(30732),Active,38,30732
Zone 6,3100,Meerut Samrat(31509),Active,8,31509
Zone 6,3100,Saket-Meerut(31770),Active,66,31770
Zone 6,3100,Muzaffarnagar Chamber(50166),Active,17,50166
Zone 6,3100,Dhampur Industrial Area(50560),Active,14,50560
Zone 6,3100,Moradabad West Sonakpur(50630),Active,12,50630
Zone 6,3100,Muzaffarnagar Mid-Town(51450),Active,101,51450
Zone 6,3100,Srinagar (Garhwal)(52220),Active,21,52220
Zone 6,3100,Moradabad Civil Lines(56290),Active,12,56290
Zone 6,3100,Bijnor City(58009),Active,10,58009
Zone 6,3100,Moradabad Metro(67041),Active,8,67041
Zone 6,3100,Muzaffarnagar Galaxy(71814),Active,12,71814
Zone 6,3100,Hasanpur Aastha(72697),Active,20,72697
Zone 6,3100,Meerut Milestone(74141),Active,5,74141
Zone 6,3100,Muzaffarnagar Royal(74548),Active,6,74548
Zone 6,3100,Chandausi Bharat(75342),Active,12,75342
Zone 6,3100,Moradabad Great(78112),Active,11,78112
Zone 6,3100,Muzaffarnagar Sanskrati(79431),Active,9,79431
Zone 6,3100,Meerut Stars(81079),Active,7,81079
Zone 6,3100,Meerut Friends(81157),Active,8,81157
Zone 6,3100,Aryans Bijnor(82649),Active,9,82649
Zone 6,3100,Meerut Cosmos(82650),Active,11,82650
Zone 6,3100,Ganga Bijnor(83841),Active,11,83841
Zone 6,3100,Muzaffarnagar Samarpan(84347),Active,16,84347
Zone 6,3100,Chandausi City Star(85298),Active,13,85298
Zone 6,3100,Moradabad Bright(85302),Active,6,85302
Zone 6,3100,Dhampur Royal's(85458),Active,17,85458
Zone 6,3100,Moradabad Bharat(87014),Active,6,87014
Zone 6,3100,Meerut Prabhat(87259),Active,16,87259
Zone 6,3100,Sambhal City(88602),Active,18,88602
Zone 6,3100,Sanskriti Moradabad(88838),Active,17,88838
Zone 6,3100,Chandausi Aman(89052),Active,16,89052
Zone 6,3100,Moradabad Sanskar(89559),Active,15,89559
Zone 6,3100,Muzaffarnagar Kutumbh(89596),Active,16,89596
Zone 6,3100,Moradabad Royals(89629),Active,5,89629
Zone 6,3100,Bijnor New Central(89717),Active,50,89717
Zone 6,3100,Shamli Stars(90561),Active,20,90561
Zone 6,3100,Meerut Defence(90566),Active,11,90566
Zone 6,3100,Amroha Royal(90584),Active,17,90584
Zone 6,3100,Meerut Unique(90605),Active,6,90605
Zone 6,3100,Meerut Shivam(90606),Active,22,90606
Zone 6,3100,Muzaffarnagar Shikhar(90607),Active,6,90607
Zone 6,3100,Bulandshahr New Friends(90655),Active,7,90655
Zone 6,3100,Bulandshahr New Shine(90663),Active,6,90663
Zone 6,3100,Khurja Shakti(90665),Active,12,90665
Zone 6,3100,Chandausi Lakshya(90673),Active,6,90673
Zone 6,3100,Sikandrabad Royal(90675),Active,14,90675
Zone 6,3100,Bulandshahr Star(90679),Active,40,90679
Zone 6,3100,Muzaffarnagar Stars(90710),Active,14,90710
Zone 6,3100,Sambhal Midtown(90719),Active,9,90719
Zone 6,3100,Moradabad Brasscity Stars(90849),Active,11,90849
Zone 6,3110,Agra Mid Town(15401),Active,24,15401
Zone 6,3110,Agra North(15402),Active,27,15402
Zone 6,3110,Agra Northeast(15403),Active,5,15403
Zone 6,3110,Bareilly(15413),Active,113,15413
Zone 6,3110,Bareilly West(15414),Active,34,15414
Zone 6,3110,Firozabad(15425),Active,22,15425
Zone 6,3110,Haldwani(15431),Active,49,15431
Zone 6,3110,Hathras(15433),Active,14,15433
Zone 6,3110,Jhansi(15435),Active,24,15435
Zone 6,3110,Kanpur East(15438),Active,17,15438
Zone 6,3110,Kanpur South(15439),Active,88,15439
Zone 6,3110,Mathura(15449),Active,5,15449
Zone 6,3110,Nainital(15453),Active,34,15453
Zone 6,3110,Orai(15456),Active,13,15456
Zone 6,3110,Rampur(15464),Active,34,15464
Zone 6,3110,Shahjahanpur(15470),Active,13,15470
Zone 6,3110,Shikohabad(15471),Active,23,15471
Zone 6,3110,Unnao(15476),Active,11,15476
Zone 6,3110,Unnao City(222643),Active,27,222643
Zone 6,3110,Agra Neo(222676),Active,15,222676
Zone 6,3110,Agra Grace(222978),Active,34,222978
Zone 6,3110,Aligarh Friends(223075),Active,20,223075
Zone 6,3110,Kanpur Aryans(223419),Active,15,223419
Zone 6,3110,Kanpur Shakti(223423),Active,6,223423
Zone 6,3110,Kanpur Sunrise(223448),Active,5,223448
Zone 6,3110,Bareilly North(22417),Active,15,22417
Zone 6,3110,Aligarh Central(224627),Active,12,224627
Zone 6,3110,Aligarh Icon(224633),Active,6,224633
Zone 6,3110,Mathura Jasmine(224640),Active,58,224640
Zone 6,3110,Kanpur Eden(224651),Active,6,224651
Zone 6,3110,Badaun Greater(224655),Active,8,224655
Zone 6,3110,Kasganj Elites(224689),Active,8,224689
Zone 6,3110,Agra Royal(224713),Active,7,224713
Zone 6,3110,Mathura Rational(225125),Suspended,21,225125
Zone 6,3110,Kanpur Global(225507),Active,2,225507
Zone 6,3110,Kanpur Virat(225686),Active,17,225686
Zone 6,3110,Bisauli(22594),Active,13,22594
Zone 6,3110,Bareilly Grace(225974),Active,18,225974
Zone 6,3110,Vrindavan Dham(226358),Active,5,226358
Zone 6,3110,Mukteshwar(226364),Active,2,226364
Zone 6,3110,Aligarh Gold(226455),Active,13,226455
Zone 6,3110,Kanpur Galaxy(226463),Suspended,25,226463
Zone 6,3110,Mathura Fusion(226599),Active,2,226599
Zone 6,3110,Bareilly Mid-town(22690),Active,5,22690
Zone 6,3110,Unnao Royal(226956),Active,28,226956
Zone 6,3110,Kasganj Royals(227101),Active,13,227101
Zone 6,3110,Agra Divine(227107),Active,13,227107
Zone 6,3110,Kanpur Starz(227128),Active,15,227128
Zone 6,3110,Bareilly Fragrance(227142),Active,16,227142
Zone 6,3110,Jhansi Elite(227174),Active,37,227174
Zone 6,3110,Farrukhabad(227270),Active,16,227270
Zone 6,3110,Budaun Gold(227284),Active,9,227284
Zone 6,3110,Kanpur Platinum(227404),Active,29,227404
Zone 6,3110,Jhansi City(22909),Active,27,22909
Zone 6,3110,Bareilly South(22919),Active,113,22919
Zone 6,3110,Ganga Ghat(23912),Active,12,23912
Zone 6,3110,Agra West(26284),Active,22,26284
Zone 6,3110,Kashipur(26499),Active,133,26499
Zone 6,3110,Bareilly Central(27039),Active,16,27039
Zone 6,3110,Kanpur Central(27040),Active,44,27040
Zone 6,3110,Bareilly East(30105),Active,4,30105
Zone 6,3110,Budaun Central(31286),Active,11,31286
Zone 6,3110,Bareilly-City(31351),Active,3,31351
Zone 6,3110,Agra Tajcity(31391),Active,27,31391
Zone 6,3110,Kanpur Greater(31444),Active,86,31444
Zone 6,3110,Kanpur Industrial(31508),Active,137,31508
Zone 6,3110,New Bareilly(31839),Active,12,31839
Zone 6,3110,Kanpur Metro(50007),Active,42,50007
Zone 6,3110,Jhansi Fort(50025),Active,9,50025
Zone 6,3110,Bareilly Chamber(50939),Active,50,50939
Zone 6,3110,Mathura West(51055),Active,29,51055
Zone 6,3110,Izatnagar Bareilly(51396),Active,18,51396
Zone 6,3110,Aligarh City(52637),Active,51,52637
Zone 6,3110,Hathras City(52968),Suspended,6,52968
Zone 6,3110,Bareilly Metro(58636),Active,8,58636
Zone 6,3110,Hathras Heritage(58637),Active,28,58637
Zone 6,3110,Bareilly Magnet City(59385),Active,10,59385
Zone 6,3110,Aligarh Lock City(71956),Active,9,71956
Zone 6,3110,Hathras Gold(73145),Active,32,73145
Zone 6,3110,Bareilly Heritage(74147),Active,29,74147
Zone 6,3110,Agra Taj Mahal(76284),Active,8,76284
Zone 6,3110,Rohilkhand Bareilly(76415),Active,8,76415
Zone 6,3110,Ram Nagar Corbett City(77286),Active,14,77286
Zone 6,3110,Shahjahanpur City(79354),Active,4,79354
Zone 6,3110,Bareilly Eight PM(79535),Active,11,79535
Zone 6,3110,Kanpur Shikhar(82756),Active,5,82756
Zone 6,3110,Mathura Central(82785),Active,58,82785
Zone 6,3110,Kanpur Surya(82938),Active,55,82938
Zone 6,3110,Bareilly Shree(83412),Active,7,83412
Zone 6,3110,Kanpur Green(83413),Active,42,83413
Zone 6,3110,Bareilly Hi-Tech(84042),Active,8,84042
Zone 6,3110,Aligarh Pride(84073),Active,15,84073
Zone 6,3110,Agra Greater(84103),Active,23,84103
Zone 6,3110,Hathras Friends(84738),Active,35,84738
Zone 6,3110,Kanpur Elite(84782),Active,11,84782
Zone 6,3110,Kanpur Gaurav(84836),Active,24,84836
Zone 6,3110,Aligarh Royal(85200),Active,24,85200
Zone 6,3110,Aligarh Mansi(85246),Active,2,85246
Zone 6,3110,Aligarh Pearl(85372),Active,44,85372
Zone 6,3110,Kanpur Shaurya(87063),Active,54,87063
Zone 6,3110,Kanpur Vinayak Shree(87249),Active,24,87249
Zone 6,3110,Atulya Kanpur(88001),Active,33,88001
Zone 6,3110,Bareilly Heights(88152),Active,6,88152
Zone 6,3110,Kanpur Classic(88530),Active,85,88530
Zone 6,3110,Kanpur Trimurti(88813),Suspended,3,88813
Zone 6,3110,Aligarh Rudra(88913),Active,5,88913
Zone 6,3110,Pilibhit Matrshakti(89586),Active,12,89586
Zone 6,3110,Kashipur Industrial(90410),Active,9,90410
Zone 6,3110,Agra Sapphire(90418),Active,7,90418
Zone 6,3110,Aligarh Aura(90438),Active,5,90438
Zone 6,3110,Bareilly Sunrise(90528),Active,10,90528
Zone 6,3110,Bareilly Glory(90530),Active,4,90530
Zone 6,3110,Bareilly Galaxy(90964),Active,11,90964
Zone 6,3120,Allahabad(15405),Active,69,15405
Zone 6,3120,Allahabad East(15406),Active,43,15406
Zone 6,3120,Azamgarh(15409),Active,28,15409
Zone 6,3120,Bahraich(15410),Active,37,15410
Zone 6,3120,Ballia(15411),Active,23,15411
Zone 6,3120,Faizabad(15423),Active,76,15423
Zone 6,3120,Gonda(15428),Active,13,15428
Zone 6,3120,Lakhimpur (Kheri)(15443),Active,58,15443
Zone 6,3120,Lucknow Khaas(15445),Active,19,15445
Zone 6,3120,Lucknow West(15446),Active,34,15446
Zone 6,3120,Mau Nath Bhanjan(15450),Active,44,15450
Zone 6,3120,Mirzapur(15451),Active,78,15451
Zone 6,3120,Rae Bareli(15462),Active,44,15462
Zone 6,3120,Renukoot(15466),Active,40,15466
Zone 6,3120,Sitapur(15473),Active,37,15473
Zone 6,3120,Sultanpur(15474),Active,42,15474
Zone 6,3120,Varanasi Midtown(15477),Active,35,15477
Zone 6,3120,Nautanwa(21910),Active,11,21910
Zone 6,3120,Gorakhpur Euphoria(221980),Active,27,221980
Zone 6,3120,Varanasi Harmony(222969),Active,9,222969
Zone 6,3120,Varanasi Shivay(223067),Active,19,223067
Zone 6,3120,Elite Lucknow(223092),Active,16,223092
Zone 6,3120,Basti Central(224427),Active,27,224427
Zone 6,3120,Varanasi Royals(224774),Active,107,224774
Zone 6,3120,Banaras Shine   (225568),Active,124,225568
Zone 6,3120,Bhira(226327),Active,14,226327
Zone 6,3120,Pallia Kalan(22633),Active,23,22633
Zone 6,3120,Varanasi Rudraksha(227185),Active,26,227185
Zone 6,3120,Varanasi Sarthak(227186),Active,15,227186
Zone 6,3120,Blood & Organ Donors Varanasi(227198),Active,18,227198
Zone 6,3120,Mirzapur Royals(227225),Active,19,227225
Zone 6,3120,Gola Muskan(227326),Active,10,227326
Zone 6,3120,Lucknow Awadh Rajdhani(227401),Active,39,227401
Zone 6,3120,Lakhimpur Jyotsna(227409),Active,14,227409
Zone 6,3120,Varanasi Unity(227674),Active,29,227674
Zone 6,3120,Deoria Sadar(227802),Active,15,227802
Zone 6,3120,Chitrakoot Dham(227966),Active,15,227966
Zone 6,3120,Varanasi Trinity(228005),Active,16,228005
Zone 6,3120,Allahabad Arihant(228175),Active,29,228175
Zone 6,3120,Allahabad North(23666),Active,54,23666
Zone 6,3120,Nichlaul(26147),Active,11,26147
Zone 6,3120,Varanasi East(26797),Active,20,26797
Zone 6,3120,Varanasi Sarnath(27662),Active,12,27662
Zone 6,3120,Varanasi North(28258),Active,80,28258
Zone 6,3120,Basti Midtown(28332),Active,38,28332
Zone 6,3120,Lucknow Baradari(30278),Active,26,30278
Zone 6,3120,Varanasi Sunrise(30836),Active,44,30836
Zone 6,3120,Mailani(30987),Active,9,30987
Zone 6,3120,Sultanpur Transgomti(31112),Active,24,31112
Zone 6,3120,Greater Lucknow(31224),Active,43,31224
Zone 6,3120,Allahabad Elite(58340),Active,61,58340
Zone 6,3120,Gorakhpur Mid Town(60168),Active,95,60168
Zone 6,3120,Varanasi Greater(62374),Active,103,62374
Zone 6,3120,Varanasi Elite(63134),Active,33,63134
Zone 6,3120,Deoria(63515),Active,13,63515
Zone 6,3120,Lakhimpur Central(63857),Active,45,63857
Zone 6,3120,Varanasi Shiv Ganga(66235),Active,50,66235
Zone 6,3120,Varanasi Down Town(66236),Active,65,66236
Zone 6,3120,Gola Chhoti Kashi(74464),Active,5,74464
Zone 6,3120,Varanasi Vrinda(80791),Active,69,80791
Zone 6,3120,Chattarpur(86692),Active,16,86692
Zone 6,3120,Varanasi Ganga(87021),Active,71,87021
Zone 6,3120,Greater Faizabad(87028),Active,31,87028
Zone 6,3120,Pratapgarh Central(87300),Active,9,87300
Zone 6,3120,Kashi(88411),Active,39,88411
Zone 6,3120,Varanasi(88793),Active,17,88793
Zone 6,3120,Varanasi Varuna(88912),Active,6,88912
Zone 6,3120,Mirzapur Elite(89174),Active,43,89174
Zone 6,3120,Allahabad Grand(89736),Active,65,89736
Zone 6,3120,Allahabad Royals(90070),Active,73,90070
Zone 6,3120,Maharajganj(90072),Active,32,90072
Zone 6,3120,Prayagraj(90073),Active,49,90073
Zone 6,3120,Kushinagar(90435),Active,39,90435
Zone 6,3120,Basti Greater(90702),Active,8,90702
Zone 6,3120,Varanasi Kabir(90887),Active,5,90887
Zone 6,3240,Doom Dooma(16164),Active,20,16164
Zone 6,3240,Durgapur(16166),Active,39,16166
Zone 6,3240,Guwahati(16170),Active,55,16170
Zone 6,3240,Jalpaiguri(16176),Active,25,16176
Zone 6,3240,Jorhat(16179),Active,31,16179
Zone 6,3240,Mokokchung(16184),Active,20,16184
Zone 6,3240,Siliguri(16195),Active,51,16195
Zone 6,3240,Siliguri Uttorayon Believers(222256),Active,34,222256
Zone 6,3240,Unakoti(222416),Active,7,222416
Zone 6,3240,Darjeeling Himalayas(222428),Active,17,222428
Zone 6,3240,Cherry Blossom Shillong(222665),Active,14,222665
Zone 6,3240,Teliamura(222792),Active,6,222792
Zone 6,3240,Guwahati Icons(223551),Active,33,223551
Zone 6,3240,Silk City Malda(223582),Active,15,223582
Zone 6,3240,Barddhaman Diamond(224367),Active,45,224367
Zone 6,3240,Golaghat Elegance(225179),Active,26,225179
Zone 6,3240,Siliguri Umeed(226430),Active,14,226430
Zone 6,3240,Shillong Highlands(227412),Active,13,227412
Zone 6,3240,Alipurduar(228092),Active,15,228092
Zone 6,3240,Shree Bhumi Agartala(228136),Active,17,228136
Zone 6,3240,Malda(23460),Active,30,23460
Zone 6,3240,Duliajan(23952),Active,47,23952
Zone 6,3240,Siliguri Midtown(26869),Active,56,26869
Zone 6,3240,Aizawl(28959),Active,26,28959
Zone 6,3240,Kalimpong(29384),Active,38,29384
Zone 6,3240,Jowai(30548),Active,21,30548
Zone 6,3240,Sibsagar(31199),Active,35,31199
Zone 6,3240,Burdwan Greater(51219),Active,27,51219
Zone 6,3240,Burdwan South(51343),Active,46,51343
Zone 6,3240,Gangarampur(52182),Active,15,52182
Zone 6,3240,Kurseong(52282),Active,20,52282
Zone 6,3240,Gazole(53819),Active,25,53819
Zone 6,3240,Karimganj(55858),Active,27,55858
Zone 6,3240,Nagaon(58465),Active,43,58465
Zone 6,3240,Guskara(59627),Active,18,59627
Zone 6,3240,Raiganj(61981),Active,39,61981
Zone 6,3240,Chanchal(62007),Active,28,62007
Zone 6,3240,Orchid City Shillong(63156),Active,38,63156
Zone 6,3240,Kohima(63455),Active,27,63455
Zone 6,3240,Hailakandi(68058),Active,18,68058
Zone 6,3240,Bardhaman Heritage(72836),Active,20,72836
Zone 6,3240,Tagore Land(73400),Active,31,73400
Zone 6,3240,Mango City Malda(73486),Active,25,73486
Zone 6,3240,Balurghat(73618),Active,15,73618
Zone 6,3240,Polo City Imphal(82870),Active,44,82870
Zone 6,3240,Siliguri Green(83471),Active,49,83471
Zone 6,3240,Katwa(83477),Active,24,83477
Zone 6,3240,Gour Banga(84941),Active,20,84941
Zone 6,3240,Amenity Bardhaman(85765),Active,14,85765
Zone 6,3240,Bolpur Rangamati(86129),Active,19,86129
Zone 6,3240,Siliguri Uttorayon(86130),Active,66,86130
Zone 6,3240,Kulti(87415),Active,6,87415
Zone 6,3240,Borderland Karimganj(87417),Active,33,87417
Zone 6,3240,Siliguri Central(87487),Active,21,87487
Zone 6,3240,Guwahati Luit(87771),Active,50,87771
Zone 6,3240,Karala Valley Jalpaiguri(88120),Active,38,88120
Zone 6,3240,Asansol Green City(88268),Active,18,88268
Zone 6,3240,Balurghat Atreyee Greater(88836),Active,19,88836
Zone 6,3240,Guwahati Smart City(89500),Active,17,89500
Zone 6,3240,Siliguri Metropolitan(89723),Active,45,89723
Zone 6,3240,Shillong Heritage(90374),Active,33,90374
Zone 6,3240,Asansol Royal Bengal(90664),Active,14,90664
Zone 6,3240,Durgapur Elite(90855),Active,22,90855
Zone 6,3250,Arrah(15987),Active,35,15987
Zone 6,3250,Bhagalpur(16000),Active,77,16000
Zone 6,3250,Biharsharif(16004),Active,38,16004
Zone 6,3250,Bokaro Steel City(16006),Active,82,16006
Zone 6,3250,Chapra(16010),Active,14,16010
Zone 6,3250,Daltonganj(16014),Active,25,16014
Zone 6,3250,Darbhanga(16016),Active,45,16016
Zone 6,3250,Deoghar(16017),Active,39,16017
Zone 6,3250,Dhanbad South(16019),Active,21,16019
Zone 6,3250,Gaya(16021),Active,54,16021
Zone 6,3250,Gaya City(16022),Active,79,16022
Zone 6,3250,Motihari(16048),Active,56,16048
Zone 6,3250,Pataliputra(16051),Active,90,16051
Zone 6,3250,Patna(16052),Active,92,16052
Zone 6,3250,Patna South(16054),Active,35,16054
Zone 6,3250,Ramgarh(16062),Active,45,16062
Zone 6,3250,Ranchi South(16064),Active,17,16064
Zone 6,3250,Ranchi North(22079),Active,30,22079
Zone 6,3250,Hazaribagh Jagriti(221909),Active,24,221909
Zone 6,3250,Tathagat Biharsharif(222313),Active,63,222313
Zone 6,3250,Supaul(223059),Active,42,223059
Zone 6,3250,Gopalganj City(223147),Active,12,223147
Zone 6,3250,Garhwa Uday(223151),Active,13,223151
Zone 6,3250,Gardanibagh Patna(223175),Active,4,223175
Zone 6,3250,Siwan Deshratna(223282),Active,7,223282
Zone 6,3250,Sankalp Siwan(223297),Active,7,223297
Zone 6,3250,Chanakya Pride(224309),Active,44,224309
Zone 6,3250,Tirhut(224681),Active,12,224681
Zone 6,3250,Patna Airport(225522),Active,17,225522
Zone 6,3250,Vasundhara Patna(225523),Active,7,225523
Zone 6,3250,Narayana Jamuhar(225620),Active,21,225620
Zone 6,3250,Muzaffarpur Galaxy(225885),Active,11,225885
Zone 6,3250,Madhubani Millennium(226312),Active,18,226312
Zone 6,3250,Patliputra Advika(226357),Active,10,226357
Zone 6,3250,Jamshedpur Green(226359),Active,10,226359
Zone 6,3250,Jamshedpur NextGen(226487),Active,9,226487
Zone 6,3250,Ranchi Downtown(226529),Active,45,226529
Zone 6,3250,Ranchi West(226908),Active,19,226908
Zone 6,3250,Nawada Rajshree(227057),Active,18,227057
Zone 6,3250,Patna Netrava(227124),Active,26,227124
Zone 6,3250,Ranchi Nexgen(227169),Active,13,227169
Zone 6,3250,Patna Harmony(227269),Active,15,227269
Zone 6,3250,Giridih Nexgen(227351),Active,21,227351
Zone 6,3250,Darbhanga City(227410),Active,22,227410
Zone 6,3250,Sitamarhi Sitapuram(227963),Active,25,227963
Zone 6,3250,E-club of Nex Gen Global(227996),Active,15,227996
Zone 6,3250,Begusarai(23304),Active,71,23304
Zone 6,3250,Sheikhpura Central(50579),Active,38,50579
Zone 6,3250,Patna West(50615),Active,12,50615
Zone 6,3250,Damodar Valley(52371),Active,18,52371
Zone 6,3250,Magadh Gaya(53736),Active,7,53736
Zone 6,3250,Bodh Gaya(53740),Active,22,53740
Zone 6,3250,Sasaram(55032),Active,18,55032
Zone 6,3250,Nawada(55523),Active,47,55523
Zone 6,3250,Urevela(55875),Active,42,55875
Zone 6,3250,Patna Maurya(56033),Active,11,56033
Zone 6,3250,Bhurkunda(58456),Active,15,58456
Zone 6,3250,Madhupur(60045),Active,24,60045
Zone 6,3250,Chas(60875),Active,52,60875
Zone 6,3250,Giridih Greater(61425),Active,39,61425
Zone 6,3250,Motihari Lake Town(61980),Active,52,61980
Zone 6,3250,Mithila(63195),Active,9,63195
Zone 6,3250,Patna Mahanagar(70897),Active,5,70897
Zone 6,3250,Patna Shakti(71619),Active,15,71619
Zone 6,3250,Aurangabad(71755),Active,20,71755
Zone 6,3250,Rajgir(73403),Active,17,73403
Zone 6,3250,Licchavi Muzaffarpur(78036),Active,27,78036
Zone 6,3250,Chanakya(78492),Active,83,78492
Zone 6,3250,Purnea(79659),Active,23,79659
Zone 6,3250,Munger City(79704),Active,17,79704
Zone 6,3250,Lakhisarai(83152),Active,20,83152
Zone 6,3250,Patna City Samrat(83355),Active,77,83355
Zone 6,3250,Ramgarh Central(83684),Active,68,83684
Zone 6,3250,Gumla(84096),Active,24,84096
Zone 6,3250,Bettiah Central(84681),Active,57,84681
Zone 6,3250,Vikramshila(85211),Active,12,85211
Zone 6,3250,Patna Kankarbagh(85313),Active,35,85313
Zone 6,3250,Bokaro Midtown Couples(86086),Active,44,86086
Zone 6,3250,Dhanbad Central(86232),Active,84,86232
Zone 6,3250,Giridih Couple(86277),Active,48,86277
Zone 6,3250,Manpur(86306),Active,20,86306
Zone 6,3250,Muzaffarpur City(86314),Suspended,7,86314
Zone 6,3250,Chakia(86785),Active,17,86785
Zone 6,3250,Muzaffarpur Yugal(86974),Active,14,86974
Zone 6,3250,Samastipur City(87632),Active,18,87632
Zone 6,3250,Muzaffarpur Anjuman(88550),Active,12,88550
Zone 6,3250,Vikramshila Pink(88782),Active,20,88782
Zone 6,3250,Patna Aryans(88784),Active,17,88784
Zone 6,3250,Pataliputra Nextgen(89502),Active,80,89502
Zone 6,3250,Darbhanga Vidyapati(89528),Active,16,89528
Zone 6,3250,Ramgarh City(89578),Active,29,89578
Zone 6,3250,Dhanbad North(89600),Active,37,89600
Zone 6,3250,Madhepura(89894),Active,19,89894
Zone 6,3250,Bodhgaya Regency(90512),Active,15,90512
Zone 6,3250,Nalanda(90737),Active,38,90737
Zone 6,3261,Balangir(15989),Active,20,15989
Zone 6,3261,Bargarh(15992),Active,32,15992
Zone 6,3261,Burla(16008),Active,42,16008
Zone 6,3261,Jabalpur(16026),Active,63,16026
Zone 6,3261,Jagdalpur(16029),Active,85,16029
Zone 6,3261,Korba(16044),Active,68,16044
Zone 6,3261,Raipur(16059),Active,50,16059
Zone 6,3261,Raipur Mid Town(16060),Active,17,16060
Zone 6,3261,Titilagarh(16072),Active,13,16072
Zone 6,3261,Bhilai Genius(221880),Active,7,221880
Zone 6,3261,Rourkela Smart City(221893),Active,7,221893
Zone 6,3261,Jabalpur Premier(223004),Active,18,223004
Zone 6,3261,Wainganga Balaghat Divas(223073),Active,18,223073
Zone 6,3261,Virat Shahdol(223181),Active,12,223181
Zone 6,3261,Jabalpur Sunshine(223202),Active,8,223202
Zone 6,3261,Jharsuguda Green(223262),Active,43,223262
Zone 6,3261,Raipur Cosmo Divas(224601),Active,73,224601
Zone 6,3261,Jabalpur Star(224930),Active,7,224930
Zone 6,3261,Bhilai Central(225218),Active,5,225218
Zone 6,3261,Seoni Greater(225243),Active,3,225243
Zone 6,3261,Anuppur Greater(225250),Active,9,225250
Zone 6,3261,Durg(22526),Active,15,22526
Zone 6,3261,Rourkela Superstars(225306),Active,5,225306
Zone 6,3261,Bhilai Stars(225316),Active,10,225316
Zone 6,3261,Jabalpur Friends(225321),Active,6,225321
Zone 6,3261,Rourkela Urban(225882),Active,14,225882
Zone 6,3261,Raipur Elegance(226080),Active,103,226080
Zone 6,3261,Raipur West(22613),Active,37,22613
Zone 6,3261,Rourkela Marvels(226139),Active,26,226139
Zone 6,3261,Balaghat Royal(226217),Active,23,226217
Zone 6,3261,Raipur Wonders(226244),Active,3,226244
Zone 6,3261,Raipur Friends(226245),Active,4,226245
Zone 6,3261,Jharsuguda City(226333),Active,26,226333
Zone 6,3261,Rourkela Pride(226470),Active,30,226470
Zone 6,3261,Bilaspur Green(227334),Active,14,227334
Zone 6,3261,Raipur Supreme(227547),Active,17,227547
Zone 6,3261,Raipur Infinity(227593),Active,26,227593
Zone 6,3261,Sambalpur Royals(228125),Active,16,228125
Zone 6,3261,Raipur East(23298),Active,24,23298
Zone 6,3261,Dhamtari(23634),Active,38,23634
Zone 6,3261,Sambalpur Central(28963),Active,39,28963
Zone 6,3261,Raipur North(29470),Active,22,29470
Zone 6,3261,Raipur Greater(31295),Active,164,31295
Zone 6,3261,Jabalpur East(31380),Active,7,31380
Zone 6,3261,Rourkela Central(31412),Active,36,31412
Zone 6,3261,Raipur Cosmopolitan(31591),Active,100,31591
Zone 6,3261,Sambalpur West(50378),Active,44,50378
Zone 6,3261,Sundargarh Town(50379),Active,40,50379
Zone 6,3261,Jabalpur Greater(51262),Active,37,51262
Zone 6,3261,Bhilai Greater(52950),Active,120,52950
Zone 6,3261,Raipur Millennium(53209),Active,9,53209
Zone 6,3261,Raipur Capital(53974),Active,25,53974
Zone 6,3261,Jabalpur Sanskardhani(56273),Active,19,56273
Zone 6,3261,Bargarh Central(57054),Active,34,57054
Zone 6,3261,Damoh Greater(57057),Active,14,57057
Zone 6,3261,Jabalpur Excellence(63174),Active,13,63174
Zone 6,3261,Wainganga Balaghat(64354),Active,39,64354
Zone 6,3261,Raigarh Steel City(73878),Active,65,73878
Zone 6,3261,Raipur Heritage(77128),Active,10,77128
Zone 6,3261,Bhilai Steel City(79656),Active,11,79656
Zone 6,3261,Balangir Central(81321),Active,38,81321
Zone 6,3261,Jabalipuram Jabalpur(82359),Active,12,82359
Zone 6,3261,Gadarwara(82810),Active,24,82810
Zone 6,3261,Narsinghpur City(82821),Active,22,82821
Zone 6,3261,Mandla Maikal(82874),Active,14,82874
Zone 6,3261,Rourkela Royal(83745),Active,54,83745
Zone 6,3261,Raigarh Greater(84402),Active,15,84402
Zone 6,3261,Shahdol(84450),Active,39,84450
Zone 6,3261,Elite Balangir(84465),Active,36,84465
Zone 6,3261,Raipur Queens(85643),Active,197,85643
Zone 6,3261,Kharsia City(85762),Active,31,85762
Zone 6,3261,Nainpur Junction(86501),Active,11,86501
Zone 6,3261,Sambalpur City(86696),Active,16,86696
Zone 6,3261,Bilaspur Queens(89017),Active,27,89017
Zone 6,3261,Veerbhumi Sambalpur(89708),Active,7,89708
Zone 6,3261,Bhilai Pinnacle(90428),Active,158,90428
Zone 6,3261,Raigarh Royale(91050),Active,46,91050
Zone 6,3262,Angul(15986),Active,19,15986
Zone 6,3262,Berhampur Mid Town(15997),Active,6,15997
Zone 6,3262,Jeypore(16034),Active,33,16034
Zone 6,3262,Phulbani(16055),Active,49,16055
Zone 6,3262,Puri(16056),Active,55,16056
Zone 6,3262,Brahmapur Innovative(222237),Active,39,222237
Zone 6,3262,Bhubaneswar Amity(222281),Active,17,222281
Zone 6,3262,Basudevpur(222364),Active,6,222364
Zone 6,3262,Passport Club of District 3262(222568),Active,15,222568
Zone 6,3262,Bhubaneswar Galaxy(223018),Active,18,223018
Zone 6,3262,Bhubaneswar Angela(223166),Active,16,223166
Zone 6,3262,Smart City Bhubaneswar(223224),Active,6,223224
Zone 6,3262,Talcher(223268),Active,31,223268
Zone 6,3262,E-Club of Mahodadhi(223409),Active,29,223409
Zone 6,3262,Fellowship Bhubaneswar(224148),Active,40,224148
Zone 6,3262,Bhubaneswar Flamingo(224175),Active,21,224175
Zone 6,3262,Bhandaripokhari(224179),Active,4,224179
Zone 6,3262,Khandagiri(224218),Active,16,224218
Zone 6,3262,Puri Midtown(224886),Active,10,224886
Zone 6,3262,Bhubaneswar Sunrise(224893),Active,38,224893
Zone 6,3262,Bhubaneswar Temple City(225742),Active,17,225742
Zone 6,3262,Anandapur(225748),Active,18,225748
Zone 6,3262,Bhograi New Vision(225916),Active,10,225916
Zone 6,3262,Athagarh(225961),Active,17,225961
Zone 6,3262,Baripada Mayur(226387),Active,13,226387
Zone 6,3262,Bhubaneswar Phoenix(226469),Active,13,226469
Zone 6,3262,Nayagarh Excellency(226557),Active,20,226557
Zone 6,3262,Dhauli Bhubaneswar(226827),Active,7,226827
Zone 6,3262,Bhubaneswar Maitree(226914),Active,9,226914
Zone 6,3262,Balasore Unity(227252),Active,16,227252
Zone 6,3262,Brahmapur Creative(227340),Active,12,227340
Zone 6,3262,Cuttack Sunshine(227740),Active,16,227740
Zone 6,3262,Bhubaneswar Premium(228014),Active,15,228014
Zone 6,3262,Jagatsinghpur(25397),Active,12,25397
Zone 6,3262,Banpur-Balugaon(26039),Active,42,26039
Zone 6,3262,Jajpur(30113),Active,17,30113
Zone 6,3262,Rayagada(30685),Active,21,30685
Zone 6,3262,Berhampur Silk City(52971),Active,10,52971
Zone 6,3262,Paradip(53714),Active,27,53714
Zone 6,3262,Shri Jagannath Dham(55874),Active,67,55874
Zone 6,3262,Bhubaneswar Metro(56018),Active,57,56018
Zone 6,3262,Choudwar(56058),Active,25,56058
Zone 6,3262,Bhubaneswar Elite(58343),Active,37,58343
Zone 6,3262,Infocity Bhubaneswar(62772),Active,23,62772
Zone 6,3262,Bhubaneswar Centennial(67255),Active,41,67255
Zone 6,3262,Joda(67975),Active,40,67975
Zone 6,3262,Midtown Bhadrak(68915),Active,41,68915
Zone 6,3262,Bhubaneswar New Horizon(76786),Active,24,76786
Zone 6,3262,Cuttack Millennium(76968),Active,22,76968
Zone 6,3262,Cuttack Greenfield(77991),Active,26,77991
Zone 6,3262,Bhanjanagar(79658),Active,30,79658
Zone 6,3262,Chatrapur-Ganjam(79912),Active,17,79912
Zone 6,3262,Bhubaneswar Confluence(80091),Active,54,80091
Zone 6,3262,Bhubaneswar Kalinga(84140),Active,46,84140
Zone 6,3262,Jaraka(84819),Active,31,84819
Zone 6,3262,Srikshetra Puri(84844),Active,14,84844
Zone 6,3262,Gopalpur-On-Sea(86065),Active,10,86065
Zone 6,3262,Cuttack Mahanadi(86603),Active,19,86603
Zone 6,3262,Saswata Balasore(87039),Active,31,87039
Zone 6,3262,Malkangiri(87420),Active,17,87420
Zone 6,3262,Muniguda Royal(87880),Active,11,87880
Zone 6,3262,Barbil(88232),Active,41,88232
Zone 6,3262,Rairangpur Royal(88275),Active,13,88275
Zone 6,3262,Baripada Heritage(88326),Active,20,88326
Zone 6,3262,Baliapal(88493),Active,27,88493
Zone 6,3262,Baramunda(88586),Active,24,88586
Zone 6,3262,Kharabela-Kalinga Nagar(88645),Active,16,88645
Zone 6,3262,Kendujhar Green(88670),Active,10,88670
Zone 6,3262,Betnoti(88693),Active,14,88693
Zone 6,3262,Balasore Central(89040),Active,22,89040
Zone 6,3262,Udala(89699),Active,30,89699
Zone 6,3262,Subarnnarekha Raibania(90327),Active,11,90327
Zone 6,3262,Puri Sagar(90395),Active,20,90395
Zone 6,3262,Bhubaneswar Unique(90557),Active,39,90557
Zone 6,3262,Biraja Kshetra(91232),Active,21,91232
Unknown,3291,Ballygunge(16145),Active,28,16145
Unknown,3291,Barrackpore(16147),Active,23,16147
Unknown,3291,Behala(16149),Active,35,16149
Unknown,3291,Belur(16150),Active,84,16150
Unknown,3291,Budge Budge(16151),Active,21,16151
Unknown,3291,Calcutta(16153),Active,199,16153
Unknown,3291,Calcutta Down Town(16154),Active,5,16154
Unknown,3291,Calcutta Midtown(16155),Active,51,16155
Unknown,3291,Calcutta Mid West(16156),Active,12,16156
Unknown,3291,Calcutta Southeast(16157),Active,12,16157
Unknown,3291,Chandan Nagar(16158),Active,24,16158
Unknown,3291,Cossipore(16160),Active,17,16160
Unknown,3291,Dum Dum(16165),Active,39,16165
Unknown,3291,East Calcutta(16167),Active,34,16167
Unknown,3291,Garden Reach(16169),Active,36,16169
Unknown,3291,Hooghly(16172),Active,27,16172
Unknown,3291,Howrah(16173),Active,44,16173
Unknown,3291,Calcutta Jadavpur(16175),Active,36,16175
Unknown,3291,Joka(16178),Active,6,16178
Unknown,3291,Kamarhati(16180),Active,24,16180
Unknown,3291,Kharagpur(16181),Active,8,16181
Unknown,3291,Midnapore(16183),Active,24,16183
Unknown,3291,North Calcutta(16186),Active,19,16186
Unknown,3291,Port Blair(16188),Active,31,16188
Unknown,3291,Purulia(16189),Active,90,16189
Unknown,3291,"Salt Lake City, Calcutta(16191)",Active,45,16191
Unknown,3291,Serampore(16193),Active,27,16193
Unknown,3291,South Calcutta(16196),Active,23,16196
Unknown,3291,Calcutta South West(16197),Active,41,16197
Unknown,3291,Tollygunge(16200),Active,25,16200
Unknown,3291,Calcutta Mideast(21074),Active,14,21074
Unknown,3291,Central Calcutta(22067),Active,125,22067
Unknown,3291,Kolkata Urbana(222016),Active,24,222016
Unknown,3291,Calcutta Newbies(222210),Active,17,222210
Unknown,3291,Aabahamaan Kolkata(222228),Active,30,222228
Unknown,3291,Kolkata Galaxy(222302),Active,5,222302
Unknown,3291,Aarohee Calcutta(222305),Active,18,222305
Unknown,3291,Kolkata Benevolence(222538),Active,37,222538
Unknown,3291,Calcutta Elevates(222980),Active,9,222980
Unknown,3291,Calcutta Uniworld City(223145),Active,12,223145
Unknown,3291,Port Blair NextGen(223161),Active,28,223161
Unknown,3291,Calcutta Pointers(223406),Active,42,223406
Unknown,3291,Calcutta New Horizons(223497),Active,13,223497
Unknown,3291,Calcutta Amory(223498),Active,18,223498
Unknown,3291,Arunoday Howrah(223562),Active,14,223562
Unknown,3291,Kolkata Subhash Sarovar(224172),Active,18,224172
Unknown,3291,Aadhunik Kolkata(224463),Active,11,224463
Unknown,3291,Bengal Presidency(224598),Active,9,224598
Unknown,3291,Amelia Kolkata(224648),Active,18,224648
Unknown,3291,Calcutta Empathy(224859),Active,17,224859
Unknown,3291,Humanity Kolkata(225832),Active,16,225832
Unknown,3291,Ankuran Kolkata(225841),Active,11,225841
Unknown,3291,Kolkata Lakes(225875),Active,17,225875
Unknown,3291,Calcutta Sunderban(226375),Active,11,226375
Unknown,3291,Calcutta Elite(226389),Active,19,226389
Unknown,3291,Bengal Dreamers(227098),Active,19,227098
Unknown,3291,Krishnanagar Riddhi(227139),Active,16,227139
Unknown,3291,Manbhum(227232),Active,42,227232
Unknown,3291,Calcutta Changemakers(227528),Active,18,227528
Unknown,3291,Kalyani Spandan(227737),Active,9,227737
Unknown,3291,Calcutta Marvel(227917),Active,15,227917
Unknown,3291,Kolkata Synergy(228018),Active,17,228018
Unknown,3291,Calcutta Metropolitan Harmony(228121),Active,16,228121
Unknown,3291,Haldia(22851),Active,14,22851
Unknown,3291,Calcutta North-East(23802),Active,32,23802
Unknown,3291,Calcutta Metropolitan(23842),Active,26,23842
Unknown,3291,Salt Lake Down Town(23958),Active,24,23958
Unknown,3291,Salt Lake Mid Town(23959),Active,12,23959
Unknown,3291,Sonarpur(23960),Active,22,23960
Unknown,3291,Contai(24383),Active,40,24383
Unknown,3291,Calcutta Metropolitan East(25148),Active,29,25148
Unknown,3291,Calcutta Dhakuria(25561),Active,17,25561
Unknown,3291,Calcutta West Ridge(27153),Active,22,27153
Unknown,3291,Calcutta-Mahanagar(27735),Active,164,27735
Unknown,3291,Calcutta Metro South(28107),Active,16,28107
Unknown,3291,Calcutta-Inner City(28165),Active,54,28165
Unknown,3291,Calcutta Old City(28320),Active,27,28320
Unknown,3291,Calcutta New Alipore(28922),Active,15,28922
Unknown,3291,Calcutta North Suburban(29140),Active,31,29140
Unknown,3291,Calcutta Mid South(29325),Active,17,29325
Unknown,3291,Calcutta Victoria(29579),Active,42,29579
Unknown,3291,Rabindra Sarobar(29776),Active,21,29776
Unknown,3291,Calcutta South City(29914),Active,33,29914
Unknown,3291,Salt Lake Central(30032),Active,27,30032
Unknown,3291,Calcutta Lansdowne(30033),Active,12,30033
Unknown,3291,Jodhpur Gardens Calcutta(30122),Active,16,30122
Unknown,3291,Calcutta South Suburban(30169),Active,16,30169
Unknown,3291,Calcutta Metro City(30869),Active,22,30869
Unknown,3291,Kabitirtha-Calcutta(30920),Active,27,30920
Unknown,3291,Calcutta South Central(30921),Active,15,30921
Unknown,3291,Calcutta Park Point(31079),Active,26,31079
Unknown,3291,Calcutta East Central(31146),Active,16,31146
Unknown,3291,Belvedere Gardens Calcutta(31255),Active,14,31255
Unknown,3291,New Ballygunge(31767),Active,10,31767
Unknown,3291,Calcutta Chowrenghee(53323),Active,90,53323
Unknown,3291,Calcutta New Town(53568),Active,23,53568
Unknown,3291,Central Gardens Calcutta(53865),Active,13,53865
Unknown,3291,Dakshin Barasat(55938),Active,12,55938
Unknown,3291,Calcutta South Extension(55996),Active,14,55996
Unknown,3291,Ganga Heritage(56002),Active,10,56002
Unknown,3291,Jhargram Green(58342),Active,10,58342
Unknown,3291,Greater Calcutta(58471),Active,18,58471
Unknown,3291,Bidhannagar(60877),Active,29,60877
Unknown,3291,Calcutta Laketown(62884),Active,9,62884
Unknown,3291,Calcutta Mega City(63155),Active,30,63155
Unknown,3291,Calcutta Dalhousie(64914),Active,24,64914
Unknown,3291,Madhyamgram Metropolitan(70055),Active,33,70055
Unknown,3291,Calcutta Renaissance(72076),Active,20,72076
Unknown,3291,Calcutta Magnum(73242),Active,13,73242
Unknown,3291,Calcutta Sun City(73258),Active,58,73258
Unknown,3291,Calcutta Kankurgachi(76414),Active,23,76414
Unknown,3291,Howrah Gangadharpur(76581),Active,19,76581
Unknown,3291,Salt Lake Metropolitan Kolkata(78956),Active,31,78956
Unknown,3291,Calcutta Nabodiganta(80413),Active,10,80413
Unknown,3291,Domkal Murshidabad(81323),Active,20,81323
Unknown,3291,Calcutta Sutanuti(82577),Active,20,82577
Unknown,3291,Calcutta Charnock City(82823),Active,14,82823
Unknown,3291,Calcutta Laban Hrad(82911),Active,14,82911
Unknown,3291,Calcutta Yuvis(83002),Active,34,83002
Unknown,3291,Calcutta Mayfair(83842),Active,49,83842
Unknown,3291,Calcutta Majestic(84249),Active,33,84249
Unknown,3291,Calcutta Visionaries(85107),Active,92,85107
Unknown,3291,Calcutta South City Towers(85209),Active,32,85209
Unknown,3291,Calcutta Endeavour(85493),Active,31,85493
Unknown,3291,Kasba(85507),Active,7,85507
Unknown,3291,Calcutta Harmony(85514),Active,10,85514
Unknown,3291,Calcutta Samaritans(85847),Active,16,85847
Unknown,3291,Geetanjali Kolkata(86441),Active,12,86441
Unknown,3291,Ballygunge Uptown(86748),Active,14,86748
Unknown,3291,Calcutta Presidency(87026),Active,46,87026
Unknown,3291,Calcutta Millennium(87557),Active,16,87557
Unknown,3291,Calcutta Avyanna(88622),Active,50,88622
Unknown,3291,Ballygunge South(89334),Active,14,89334
Unknown,3291,Sonargaon Kolkata(89646),Active,11,89646
Unknown,3291,Calcutta Universe(89711),Active,18,89711
Unknown,3291,Kolkata Temple City(90396),Active,14,90396
Unknown,3291,Calcutta South Circle(90425),Active,11,90425
Unknown,3291,Salt Lake Silicon Valley(90507),Active,24,90507
Unknown,3291,Calcutta Acropolis(90657),Active,18,90657
Unknown,3291,Calcutta Camaraderie(90658),Active,5,90658
Unknown,3291,Calcutta Centenary(90740),Active,10,90740
Zone 6,3292,Nyatapola(221922),Active,24,221922
Zone 6,3292,Nawalparasi(221930),Active,23,221930
Zone 6,3292,Capital Butwal(221964),Active,27,221964
Zone 6,3292,E-Club of Medicofusion Hybrid Nepal(221981),Active,42,221981
Zone 6,3292,Dharan Foothills(221982),Active,24,221982
Zone 6,3292,Central Banke(222032),Active,26,222032
Zone 6,3292,Rampur(222151),Active,19,222151
Zone 6,3292,Patan East(222217),Active,20,222217
Zone 6,3292,Greenland Kathmandu(222560),Active,32,222560
Zone 6,3292,Purbi Chitwan(222611),Active,32,222611
Zone 6,3292,Kavre Valley(223019),Active,10,223019
Zone 6,3292,Central Kapilvastu(223422),Active,22,223422
Zone 6,3292,Itahari Yugal(223568),Active,19,223568
Zone 6,3292,Ilam(224522),Active,10,224522
Zone 6,3292,Solukhumbu(224543),Active,15,224543
Zone 6,3292,Pokhara Paradise(225032),Active,22,225032
Zone 6,3292,"Gandaki, Pokhara(225051)",Active,14,225051
Zone 6,3292,Lumbini(225133),Active,19,225133
Zone 6,3292,Rapti(225137),Active,25,225137
Zone 6,3292,Resunga Gulmi(225457),Active,19,225457
Zone 6,3292,Kathmandu Heritage(225897),Active,38,225897
Zone 6,3292,Dhulikhel Shikhalapur(226059),Active,14,226059
Zone 6,3292,Pokhara Capital(226212),Active,19,226212
Zone 6,3292,E-Club of Namobuddha(226271),Active,10,226271
Zone 6,3292,Pokhara Valley(226771),Active,38,226771
Zone 6,3292,Godawari(227168),Active,25,227168
Zone 6,3292,Samdrup Paro(227868),Active,16,227868
Zone 6,3292,Nepal Mandal Kathmandu(228139),Active,19,228139
Zone 6,3292,Mount Everest Lalitpur(53985),Active,34,53985
Zone 6,3292,Biratnagar Mid Town(56012),Active,36,56012
Zone 6,3292,Gorkha(60435),Active,32,60435
Zone 6,3292,Thimphu(84427),Active,21,84427
Zone 6,3292,Kapilvastu Mid Town(88040),Active,28,88040
Zone 6,3292,Kapan(88043),Active,19,88043
Zone 6,3292,Devdaha(88161),Active,25,88161
Zone 6,3292,Maharajgunj(89255),Active,35,89255
Zone 6,3292,Burtibang Dhorpatan(90184),Active,12,90184
Zone 6,3292,Boudha(90233),Active,18,90233
Zone 6,3292,Lahan(90894),Active,17,90894
Zone 7,3020,Amalapuram(15552),Active,18,15552
Zone 7,3020,Anakapalle(15553),Active,75,15553
Zone 7,3020,Bhimavaram(15556),Active,23,15556
Zone 7,3020,Eluru(15564),Active,37,15564
Zone 7,3020,Gudivada(15565),Active,106,15565
Zone 7,3020,Kothapeta(15579),Active,6,15579
Zone 7,3020,Machilipatnam(15583),Active,30,15583
Zone 7,3020,Peddapuram-Samalkot(15595),Active,35,15595
Zone 7,3020,Rajahmundry(15597),Active,29,15597
Zone 7,3020,Sompeta(15605),Active,39,15605
Zone 7,3020,Srikakulam(15606),Active,22,15606
Zone 7,3020,Tanuku(15608),Active,68,15608
Zone 7,3020,Vijayawada East(15613),Active,37,15613
Zone 7,3020,Vuyyuru(15616),Active,19,15616
Zone 7,3020,Jangareddigudem(21112),Active,24,21112
Zone 7,3020,Vizag Mid Town(21686),Active,11,21686
Zone 7,3020,Kakinada Sunrise(223375),Active,32,223375
Zone 7,3020,Vizianagaram Fort(223500),Active,10,223500
Zone 7,3020,Greater Visakha(223517),Active,44,223517
Zone 7,3020,Rajamahendravaram Icons(224663),Active,113,224663
Zone 7,3020,Vizag Destiny(224702),Active,4,224702
Zone 7,3020,Bezawada Stars(225041),Active,14,225041
Zone 7,3020,Nidadavole Mid Town(225176),Active,22,225176
Zone 7,3020,Palakol Sunrise(225917),Active,19,225917
Zone 7,3020,Vijayawada Diamonds(226062),Active,15,226062
Zone 7,3020,Vijayawada Icons(226108),Active,15,226108
Zone 7,3020,AMTZ Vizag(227218),Active,22,227218
Zone 7,3020,Greater Amaravathi(228070),Active,17,228070
Zone 7,3020,Visakhapatnam South(23310),Active,37,23310
Zone 7,3020,Razole(23705),Active,41,23705
Zone 7,3020,Kuchipudi(24281),Active,14,24281
Zone 7,3020,Ichchapuram(24299),Active,33,24299
Zone 7,3020,Visakhapatnam Central(26201),Active,23,26201
Zone 7,3020,Mummidivaram(26354),Active,18,26354
Zone 7,3020,Nidadavole(26355),Active,86,26355
Zone 7,3020,Malikipuram(26592),Active,21,26592
Zone 7,3020,Vizag Hill View(27708),Active,20,27708
Zone 7,3020,Visakha Pearl City(29996),Active,21,29996
Zone 7,3020,Visakha Port City(31018),Active,64,31018
Zone 7,3020,Koyyala Gudem(31840),Active,29,31840
Zone 7,3020,Gannavaram(50339),Active,25,50339
Zone 7,3020,Narasapur(50713),Active,31,50713
Zone 7,3020,Amudalavalasa Town(51612),Active,21,51612
Zone 7,3020,Palakol(51722),Active,63,51722
Zone 7,3020,Visakha Valley(52222),Active,46,52222
Zone 7,3020,Mandapeta(57484),Active,20,57484
Zone 7,3020,Nuzvid Mango Town(60814),Active,34,60814
Zone 7,3020,Vijayawada Sree Durga(62493),Active,33,62493
Zone 7,3020,Narsipatnam(65482),Active,30,65482
Zone 7,3020,Vizag Metro(74042),Active,33,74042
Zone 7,3020,Srikakulam Central(74962),Active,46,74962
Zone 7,3020,Rajam Town(79432),Active,15,79432
Zone 7,3020,Nidadavole Central(81174),Active,40,81174
Zone 7,3020,Gollapudi(86169),Active,30,86169
Zone 7,3020,Bobbili Tigers(86809),Active,20,86809
Zone 7,3020,Godavari Palakol(87044),Active,24,87044
Zone 7,3020,Kakinada Smart City(88443),Active,12,88443
Zone 7,3020,Visakha Centennial(90681),Active,22,90681
Zone 7,3020,Vishaka Smart City(90741),Active,16,90741
Zone 7,3150,Chilakaluripet(15561),Active,101,15561
Zone 7,3150,Chirala(15562),Active,65,15562
Zone 7,3150,Kamareddy(15576),Active,36,15576
Zone 7,3150,Khammam(15578),Active,49,15578
Zone 7,3150,Miryalguda(15585),Active,21,15585
Zone 7,3150,Nizamabad(15593),Active,105,15593
Zone 7,3150,Ponnur(15596),Active,60,15596
Zone 7,3150,Warangal(15618),Active,101,15618
Zone 7,3150,Hyderabad Mid-Town(21400),Active,15,21400
Zone 7,3150,Bapatla(22036),Active,26,22036
Zone 7,3150,Abhyuday Hyderabad(222293),Active,22,222293
Zone 7,3150,Krishi Rajendernagar(222755),Active,21,222755
Zone 7,3150,Tadepalli(222758),Active,56,222758
Zone 7,3150,Khammam Central(222839),Active,19,222839
Zone 7,3150,Bhadrachalam Riverside(222905),Active,12,222905
Zone 7,3150,Global Champions(223263),Active,43,223263
Zone 7,3150,Ankura Warangal(223279),Active,30,223279
Zone 7,3150,Greater Vinukonda(224246),Active,30,224246
Zone 7,3150,Guntur Achievers(224327),Active,33,224327
Zone 7,3150,Hyderabad Emerald(224518),Active,22,224518
Zone 7,3150,Hyderabad E'Woke(224577),Active,28,224577
Zone 7,3150,Bhuvanagiri Central(224650),Active,28,224650
Zone 7,3150,Guntur Prerana(224946),Active,29,224946
Zone 7,3150,Sadashivpet(226616),Active,21,226616
Zone 7,3150,General Datum(226673),Active,52,226673
Zone 7,3150,Rainbow Vistas(226798),Active,22,226798
Zone 7,3150,Amaravati Capital City(227017),Active,23,227017
Zone 7,3150,Aashray Warangal(227130),Active,25,227130
Zone 7,3150,Jagruti Hyderabad(227170),Active,16,227170
Zone 7,3150,Bharatiya Connect(227201),Active,16,227201
Zone 7,3150,Vijayapuri Nagarjuna Sagar(227237),Active,15,227237
Zone 7,3150,Andhra Paris Tenali(227266),Active,24,227266
Zone 7,3150,Ongole Bulls(227345),Active,20,227345
Zone 7,3150,LB Nagar Prerana(227586),Active,23,227586
Zone 7,3150,Bodhan(227600),Active,20,227600
Zone 7,3150,Guntur Mirchi(228039),Active,20,228039
Zone 7,3150,Hyderabad Ilaa(228048),Active,19,228048
Zone 7,3150,Iris Hyderabad(228049),Active,23,228049
Zone 7,3150,Manuguru Black Diamond(228111),Active,20,228111
Zone 7,3150,Karimnagar(23325),Active,25,23325
Zone 7,3150,Vetapalem(23462),Active,14,23462
Zone 7,3150,Kothagudem(24033),Active,25,24033
Zone 7,3150,Mancherial(24123),Active,11,24123
Zone 7,3150,Macherla(25133),Active,50,25133
Zone 7,3150,Armoor(26003),Active,42,26003
Zone 7,3150,Hyderabad Deccan(26091),Active,75,26091
Zone 7,3150,Zaheerabad(26237),Active,26,26237
Zone 7,3150,Bhadrachalam(26439),Active,58,26439
Zone 7,3150,Kompally Medchal(26684),Active,12,26684
Zone 7,3150,Warangal Central(26688),Active,43,26688
Zone 7,3150,Darsi(30866),Active,19,30866
Zone 7,3150,Jagtial Central(55325),Active,12,55325
Zone 7,3150,Ameerpet Hyderabad(56778),Active,31,56778
Zone 7,3150,Narsampet(57061),Active,23,57061
Zone 7,3150,Manjeera-Sangareddy(57136),Active,21,57136
Zone 7,3150,Guntur-Vikas(57137),Active,43,57137
Zone 7,3150,Bhuvanagiri(57409),Active,58,57409
Zone 7,3150,Chandanagar-R.C. Puram(57925),Active,27,57925
Zone 7,3150,Singarakonda(58461),Active,49,58461
Zone 7,3150,Inkollu Central(58533),Active,30,58533
Zone 7,3150,Piduguralla Lime City(58639),Active,47,58639
Zone 7,3150,Parchur Central(59130),Active,39,59130
Zone 7,3150,Hyderabad Centennial(68057),Active,33,68057
Zone 7,3150,Greater Hyderabad(79552),Active,31,79552
Zone 7,3150,Pedanandipadu(79554),Active,15,79554
Zone 7,3150,Tenali Vykuntapuram(79771),Active,70,79771
Zone 7,3150,Repalle Rural(82002),Active,18,82002
Zone 7,3150,Kshirapuri Chirala(82159),Active,22,82159
Zone 7,3150,Pangulur(82534),Active,17,82534
Zone 7,3150,Mahabubabad(82598),Active,25,82598
Zone 7,3150,Cyberabad(83078),Active,15,83078
Zone 7,3150,Gajwel(83362),Active,24,83362
Zone 7,3150,Chimakurthy(85290),Active,25,85290
Zone 7,3150,Saampradaya Hyderabad(87161),Active,45,87161
Zone 7,3150,Smart Hyderabad(87439),Active,24,87439
Zone 7,3150,Sainikpuri Secunderabad(88296),Active,39,88296
Zone 7,3150,Gems Nizamabad(89179),Active,51,89179
Zone 7,3150,Hyderabad Elite(90440),Active,23,90440
Zone 7,3150,Hyderabad Mavericks(91204),Active,40,91204
Zone 7,3160,Adoni(15621),Active,42,15621
Zone 7,3160,Bellary(15628),Active,21,15628
Zone 7,3160,Bidar(15629),Active,80,15629
Zone 7,3160,Gulbarga(15641),Active,74,15641
Zone 7,3160,Hospet(15645),Active,128,15645
Zone 7,3160,Koppal(15658),Active,14,15658
Zone 7,3160,Nandyal(15667),Active,46,15667
Zone 7,3160,Raichur(15677),Active,24,15677
Zone 7,3160,Sandur(15681),Active,39,15681
Zone 7,3160,Challakere(15708),Active,24,15708
Zone 7,3160,Davangere(15714),Active,40,15714
Zone 7,3160,Holalkere(15719),Active,30,15719
Zone 7,3160,Hindupur(15788),Active,47,15788
Zone 7,3160,Nellore(15807),Active,42,15807
Zone 7,3160,Hampi Pearls(223265),Active,51,223265
Zone 7,3160,Vijayanagar Heritage(223266),Active,18,223266
Zone 7,3160,Yemmiganur(225334),Active,12,225334
Zone 7,3160,Humnabad Elite(225426),Active,6,225426
Zone 7,3160,Gangavathi Rice Bowl(226162),Suspended,6,226162
Zone 7,3160,Kishkinda Gangavati(227612),Active,21,227612
Zone 7,3160,One World D3160(227803),Active,20,227803
Zone 7,3160,Hosadurga(228114),Active,27,228114
Zone 7,3160,Bidar Infinite Impact(228159),Active,15,228159
Zone 7,3160,Davangere Midtown(23125),Active,18,23125
Zone 7,3160,Basavakalyan(23324),Active,29,23324
Zone 7,3160,Jammalamadugu(25233),Suspended,28,25233
Zone 7,3160,Chickjajur(25334),Suspended,25,25334
Zone 7,3160,Sullurpet(28022),Active,28,28022
Zone 7,3160,Bellary Cantonment(29057),Active,32,29057
Zone 7,3160,Gulbarga North(29252),Active,45,29252
Zone 7,3160,Gudur West(29734),Active,37,29734
Zone 7,3160,Gulbarga Midtown(29951),Active,48,29951
Zone 7,3160,Chitradurga-Fort(30017),Active,47,30017
Zone 7,3160,Dharmavaram Mid Town(30388),Active,33,30388
Zone 7,3160,Proddatur Mid Town(31338),Active,13,31338
Zone 7,3160,Bidar Fort(51115),Active,29,51115
Zone 7,3160,Bethamcherla(53205),Active,31,53205
Zone 7,3160,Greater Karnul(53334),Active,11,53334
Zone 7,3160,Koilkuntla(54633),Active,15,54633
Zone 7,3160,Gangavathi Central(54908),Active,24,54908
Zone 7,3160,Dhone(56456),Active,22,56456
Zone 7,3160,Banaganapalli(62172),Suspended,9,62172
Zone 7,3160,Kurnool New City(62496),Active,14,62496
Zone 7,3160,Allagadda Sathabdhi(69722),Active,17,69722
Zone 7,3160,Bhalki Fort(82824),Active,38,82824
Zone 7,3160,Nandyal Mid Town(83875),Active,14,83875
Zone 7,3160,Bidar Queens(86045),Active,30,86045
Zone 7,3160,Shaktinagar(86589),Active,25,86589
Zone 7,3160,Sindhanur(86659),Active,13,86659
Zone 7,3160,Kadiri(88022),Active,11,88022
Zone 7,3160,Raichur East(88253),Active,38,88253
Zone 7,3160,Gulbarga South(88647),Active,25,88647
Zone 7,3160,Venkatagiri Town(88713),Active,8,88713
Zone 7,3160,Chinmuladri Chitradurga(89065),Active,16,89065
Zone 7,3160,Kota Town(89975),Active,11,89975
Zone 7,3160,Naidupet Town(89981),Active,22,89981
Zone 7,3160,Gulbarga Sakhi(90344),Active,21,90344
Zone 7,3160,Kadapa(91230),Active,14,91230
Zone 7,3170,Bagalkot(15625),Active,91,15625
Zone 7,3170,Belgaum Midtown(15627),Active,51,15627
Zone 7,3170,Cuncolim(15633),Active,16,15633
Zone 7,3170,Dandeli(15635),Active,50,15635
Zone 7,3170,Gadag-Betgeri(15639),Active,35,15639
Zone 7,3170,Ichalkaranji(15649),Active,71,15649
Zone 7,3170,Jamkhandi(15650),Active,85,15650
Zone 7,3170,Margao(15662),Active,73,15662
Zone 7,3170,Miraj(15663),Active,51,15663
Zone 7,3170,Mudhol(15664),Active,25,15664
Zone 7,3170,Nargund(15668),Active,22,15668
Zone 7,3170,Navanagar-Hubli(15670),Active,18,15670
Zone 7,3170,Ramadurg(15678),Active,21,15678
Zone 7,3170,Ranebennur(15679),Active,72,15679
Zone 7,3170,Ratnagiri(15680),Active,65,15680
Zone 7,3170,Shiroli (M.I.D.C.)(15688),Active,30,15688
Zone 7,3170,Kumta(15729),Active,74,15729
Zone 7,3170,Shirol Heritage City(222044),Active,19,222044
Zone 7,3170,Mango City Devgad(222264),Active,20,222264
Zone 7,3170,Kolhapur Royals(222549),Active,16,222549
Zone 7,3170,Hubli Heritage(222693),Active,15,222693
Zone 7,3170,Hubli Elite(223320),Active,38,223320
Zone 7,3170,Jaysingpur Trade City(224200),Active,48,224200
Zone 7,3170,Mhapsa Millenials(224326),Active,28,224326
Zone 7,3170,Rotary District 3170 Synergy Passport(224704),Active,27,224704
Zone 7,3170,Parvari Blaze(225284),Active,12,225284
Zone 7,3170,Mapusa Elegance(225840),Active,33,225840
Zone 7,3170,Kadamba(226352),Active,25,226352
Zone 7,3170,Belgaum Sunrise(226651),Active,18,226651
Zone 7,3170,Kharepatan(226739),Active,11,226739
Zone 7,3170,Hubli Phoenix(226797),Active,19,226797
Zone 7,3170,Belgaum Royals(227543),Active,19,227543
Zone 7,3170,Panaji Central(227610),Active,19,227610
Zone 7,3170,Mapusa Aura(227822),Active,24,227822
Zone 7,3170,Gadag Central(26422),Active,24,26422
Zone 7,3170,Hubli-North(26428),Active,69,26428
Zone 7,3170,Hubli South(27329),Active,29,27329
Zone 7,3170,Kolhapur City(27331),Active,30,27331
Zone 7,3170,Karveer-Kolhapur(27377),Active,43,27377
Zone 7,3170,Hubli Vidyanagar(28290),Active,47,28290
Zone 7,3170,Ankola(29912),Active,25,29912
Zone 7,3170,Kudal(29925),Active,45,29925
Zone 7,3170,Panaji Mid-Town(51217),Active,81,51217
Zone 7,3170,Kurundwad(51625),Active,20,51625
Zone 7,3170,Mapuca City(51941),Active,30,51941
Zone 7,3170,Ponda Hill Town(52028),Active,20,52028
Zone 7,3170,Shiroda(52187),Active,4,52187
Zone 7,3170,Malvan(52217),Active,33,52217
Zone 7,3170,Sangli City(52218),Active,13,52218
Zone 7,3170,Belur-Dharwad(55833),Active,35,55833
Zone 7,3170,Gajendragad(56005),Active,15,56005
Zone 7,3170,Belgaum North(57531),Active,28,57531
Zone 7,3170,Talikoti(58474),Active,15,58474
Zone 7,3170,Kolhapur Heritage(58510),Active,61,58510
Zone 7,3170,Vita City(65483),Active,17,65483
Zone 7,3170,Ilkal(73039),Active,27,73039
Zone 7,3170,Ichalkaranji Heritage(76285),Active,44,76285
Zone 7,3170,Dapoli(78719),Active,14,78719
Zone 7,3170,Horizon Kolhapur(79537),Active,52,79537
Zone 7,3170,Byadgi(81017),Active,38,81017
Zone 7,3170,Kankavali Central(81153),Active,44,81153
Zone 7,3170,Ankola Rural(81661),Active,13,81661
Zone 7,3170,Shirol(82240),Active,18,82240
Zone 7,3170,Mundgod Heritage(82245),Active,30,82245
Zone 7,3170,Kolhapur Spectrum(82515),Active,24,82515
Zone 7,3170,Green City Jaysingpur(82696),Active,45,82696
Zone 7,3170,Vengurla Midtown(82807),Active,32,82807
Zone 7,3170,Ichalkaranji Textile City(83398),Active,39,83398
Zone 7,3170,Ponda New Generation(83698),Active,44,83698
Zone 7,3170,Mhapsa Elite(87484),Active,41,87484
Zone 7,3170,Miramar(87640),Active,33,87640
Zone 7,3170,Margao Sunrise(87642),Active,34,87642
Zone 7,3170,Hatkanangle Central(87730),Active,15,87730
Zone 7,3170,Vasco Port Town(88636),Active,37,88636
Zone 7,3170,Bardez Coastal(89677),Active,30,89677
Zone 7,3170,Kolhapur Evolve(90174),Active,81,90174
Zone 7,3170,Atigre(91070),Active,36,91070
Zone 7,3170,Ichalkaranji Unito(91165),Active,38,91165
Zone 7,3181,Belthangady(15704),Active,72,15704
Zone 7,3181,Chamarajanagar(15709),Active,48,15709
Zone 7,3181,"Hunsur, Hunsur(15723)",Active,38,15723
Zone 7,3181,Kushalnagar(15731),Active,50,15731
Zone 7,3181,Madikeri(15733),Active,34,15733
Zone 7,3181,Mangalore Midtown(15735),Active,24,15735
Zone 7,3181,Mangalore Port Town(15737),Active,20,15737
Zone 7,3181,Mangalore South(15738),Active,56,15738
Zone 7,3181,Virajpet(15763),Active,25,15763
Zone 7,3181,Nanjangud(21578),Active,30,21578
Zone 7,3181,Mysore Shreegandha(222045),Active,20,222045
Zone 7,3181,Mysore Stars(222429),Active,9,222429
Zone 7,3181,Siddakatte Phalguni(222455),Active,39,222455
Zone 7,3181,Modankap(222594),Active,10,222594
Zone 7,3181,B C Road City(223058),Active,25,223058
Zone 7,3181,Yelanduru Greenway(223101),Active,14,223101
Zone 7,3181,Periyapatna Icons(224953),Active,42,224953
Zone 7,3181,Birumale Hills Puttur(225953),Active,13,225953
Zone 7,3181,Mysore Elite(226105),Active,34,226105
Zone 7,3181,Mangalore Coastal(226714),Active,17,226714
Zone 7,3181,Mysuru Diamond(226741),Active,20,226741
Zone 7,3181,Seva Mysore(227249),Active,18,227249
Zone 7,3181,Kinnigoli(24182),Active,39,24182
Zone 7,3181,Kollegal(25564),Active,44,25564
Zone 7,3181,Mangalore Hill-Side(27706),Active,43,27706
Zone 7,3181,Uppinangadi(28261),Active,40,28261
Zone 7,3181,Mangalore Sunrise(31296),Active,19,31296
Zone 7,3181,Central Mysore(31372),Active,60,31372
Zone 7,3181,Mangalore East(31383),Active,51,31383
Zone 7,3181,Periyapatna Mid Town(31892),Active,51,31892
Zone 7,3181,Mulky(50303),Active,28,50303
Zone 7,3181,Mysore Brindavan(51273),Active,31,51273
Zone 7,3181,Bannur(53757),Active,38,53757
Zone 7,3181,Mangalore Metro(55550),Active,41,55550
Zone 7,3181,Mysore Royal(62376),Active,28,62376
Zone 7,3181,Subramanya(63274),Active,32,63274
Zone 7,3181,Bajpe(64356),Active,24,64356
Zone 7,3181,Chamarajanagar Silk City(64777),Active,32,64777
Zone 7,3181,Kollegal Mid Town(64779),Active,24,64779
Zone 7,3181,Baikampady(65961),Active,55,65961
Zone 7,3181,Misty Hills Madikeri(69881),Active,66,69881
Zone 7,3181,H.D. Kote(72255),Active,23,72255
Zone 7,3181,Bellare Town(78755),Active,35,78755
Zone 7,3181,Deralakatte(79056),Active,18,79056
Zone 7,3181,Vijayanagar Mysore(82364),Active,22,82364
Zone 7,3181,Vittal(85190),Active,28,85190
Zone 7,3181,Moodbidri Mid Town(85626),Active,19,85626
Zone 7,3181,Moodbidri Temple Town(85674),Active,46,85674
Zone 7,3181,Puttur Swarna(86763),Active,17,86763
Zone 7,3181,Heritage Mysuru(87986),Active,62,87986
Zone 7,3181,Bantwal Town(88290),Active,28,88290
Zone 7,3181,Shanivarsanthe(88404),Active,24,88404
Zone 7,3181,Mangalore Seaside(89256),Active,20,89256
Zone 7,3181,Krishnaraja(89663),Active,19,89663
Zone 7,3181,Hemavathi Kodlipet(89720),Active,20,89720
Zone 7,3181,Mysore Ambari(89984),Active,15,89984
Zone 7,3181,Farangipete(90020),Active,16,90020
Zone 7,3181,Malleshwara Alur Siddapura(90115),Active,13,90115
Zone 7,3181,Puttur Elite(91047),Active,40,91047
Zone 7,3182,Arsikere(15701),Active,17,15701
Zone 7,3182,Belur(15705),Active,32,15705
Zone 7,3182,Bhadravati(15706),Active,44,15706
Zone 7,3182,Chickmagalur(15712),Active,77,15712
Zone 7,3182,Holenarasipur(15720),Active,17,15720
Zone 7,3182,Mudigere(15740),Active,49,15740
Zone 7,3182,Narasimharajapura(15746),Active,44,15746
Zone 7,3182,Sagar(15749),Active,49,15749
Zone 7,3182,Saklaspur(15750),Active,55,15750
Zone 7,3182,Shimoga East(15753),Active,67,15753
Zone 7,3182,Shirva(15754),Active,28,15754
Zone 7,3182,Tarikere(15758),Active,70,15758
Zone 7,3182,Tirthahalli(15760),Active,69,15760
Zone 7,3182,Koppa(21908),Active,19,21908
Zone 7,3182,Hassan Tiger(223238),Active,18,223238
Zone 7,3182,Shikaripura Kadamba(223510),Active,22,223510
Zone 7,3182,Kokkarne(224499),Active,22,224499
Zone 7,3182,Shivamoga Malenadu(224575),Active,30,224575
Zone 7,3182,Aisiri Parkala(224619),Active,31,224619
Zone 7,3182,Central Hassan(226618),Active,30,226618
Zone 7,3182,Avathi(226685),Active,30,226685
Zone 7,3182,Arehalli(22689),Active,42,22689
Zone 7,3182,Chikkamagaluru Ekatha(227542),Active,27,227542
Zone 7,3182,Shivamogga Sahyadri(227907),Active,20,227907
Zone 7,3182,Malpe Karavali(227925),Active,15,227925
Zone 7,3182,Kota Brigade(227945),Active,41,227945
Zone 7,3182,Kundapura South(23496),Active,60,23496
Zone 7,3182,Balehonnur(23543),Active,67,23543
Zone 7,3182,Hanubal(24324),Active,23,24324
Zone 7,3182,Shimoga Central(27880),Active,60,27880
Zone 7,3182,Siddapura-Hosangadi(31341),Active,39,31341
Zone 7,3182,Kundapura Mid Town(50260),Active,65,50260
Zone 7,3182,Gonibeedu(50729),Active,43,50729
Zone 7,3182,Hassan Sunrise(52638),Active,16,52638
Zone 7,3182,Kaup(54007),Active,14,54007
Zone 7,3182,Padubidri(54815),Active,40,54815
Zone 7,3182,Kalasa(55554),Active,43,55554
Zone 7,3182,Ambalpady(56003),Active,42,56003
Zone 7,3182,Barkur(56664),Active,52,56664
Zone 7,3182,Ampar(57100),Active,34,57100
Zone 7,3182,Hungarcutta-Sasthana(57533),Active,33,57533
Zone 7,3182,Shimoga Riverside(58454),Active,62,58454
Zone 7,3182,Shankernarayana(59129),Active,22,59129
Zone 7,3182,Koppa Malnad(62757),Active,21,62757
Zone 7,3182,Udupi-Udyavara(64701),Active,16,64701
Zone 7,3182,Kundapura Sunrise(65537),Active,34,65537
Zone 7,3182,Shimoga Jubilee(78952),Active,30,78952
Zone 7,3182,Thekkatte(82801),Active,36,82801
Zone 7,3182,Manipura(82921),Active,29,82921
Zone 7,3182,Arkalgud Mid-Town(83120),Active,21,83120
Zone 7,3182,Ripponpet(83949),Active,32,83949
Zone 7,3182,Belman(85223),Active,28,85223
Zone 7,3182,Kota City(85505),Active,47,85505
Zone 7,3182,Soraba(87207),Active,30,87207
Zone 7,3182,Hassan Hoysala(88250),Active,35,88250
Zone 7,3182,Royal Brahmavara(88904),Active,61,88904
Zone 7,3182,Kundapura Riverside(89571),Active,31,89571
Zone 7,3191,Channapatna(15778),Active,35,15778
Zone 7,3191,Kanakapura(15791),Active,44,15791
Zone 7,3191,Kolar(15794),Active,56,15794
Zone 7,3191,Srikalahasti(15816),Active,28,15816
Zone 7,3191,Bangarpet(222022),Active,15,222022
Zone 7,3191,Kolar Lakeside(222116),Active,13,222116
Zone 7,3191,Bengaluru Agara(224564),Active,2,224564
Zone 7,3191,Toys City Channapatna(224715),Active,15,224715
Zone 7,3191,Kanakapura Milk City(225520),Active,14,225520
Zone 7,3191,Mekedatu Sangama(225641),Active,27,225641
Zone 7,3191,Bangalore Girinagar(225702),Active,40,225702
Zone 7,3191,Bengaluru Aantarya(225808),Active,6,225808
Zone 7,3191,Kolar Collective Actions(226341),Active,14,226341
Zone 7,3191,Bangalore Visionaries(226406),Active,25,226406
Zone 7,3191,Bengaluru Bannerghatta Road(227078),Active,19,227078
Zone 7,3191,Bengaluru Upkar(227096),Active,40,227096
Zone 7,3191,Bengaluru Sarjapur Road(227140),Active,17,227140
Zone 7,3191,Bengaluru Banasiri(227236),Active,28,227236
Zone 7,3191,Bengaluru Jnanabharathi(227321),Active,24,227321
Zone 7,3191,Chittoor Elite(227341),Active,21,227341
Zone 7,3191,Diabetes Blue Hope(227354),Active,20,227354
Zone 7,3191,Bengaluru Naturalists(227454),Active,21,227454
Zone 7,3191,Ramgarh Rockers Ramanagara(227523),Active,30,227523
Zone 7,3191,Bengaluru Gandhadagudi(227582),Active,45,227582
Zone 7,3191,Bengaluru Kaggalipura(227598),Active,14,227598
Zone 7,3191,Passport Bengaluru(227667),Active,16,227667
Zone 7,3191,Tirupati Nextgen(227713),Active,11,227713
Zone 7,3191,Anekal(227770),Active,21,227770
Zone 7,3191,Bengaluru Samanvaya(227915),Active,23,227915
Zone 7,3191,Chandrappa Circle(227923),Active,15,227923
Zone 7,3191,Bengaluru Seva Jyothi(228017),Active,15,228017
Zone 7,3191,Bengaluru Centurions(228117),Active,15,228117
Zone 7,3191,Malur(228165),Active,15,228165
Zone 7,3191,Bengaluru Sankalp(228185),Active,17,228185
Zone 7,3191,Bangalore Garden City(27288),Active,8,27288
Zone 7,3191,Bangalore Down Town(27417),Active,37,27417
Zone 7,3191,Bangalore Metro(29350),Active,26,29350
Zone 7,3191,Bangalore Cubbon Park(31590),Active,71,31590
Zone 7,3191,Punganur Central(31629),Active,27,31629
Zone 7,3191,Bangalore City Centre(31703),Active,32,31703
Zone 7,3191,Kolar Central(52370),Active,18,52370
Zone 7,3191,Bangalore Raja Rajeshwari Nagar Centennial(68917),Active,36,68917
Zone 7,3191,Hoskote Central(69893),Active,27,69893
Zone 7,3191,Bugle Rock Bengaluru(74946),Active,21,74946
Zone 7,3191,Tirupati Greater City(81256),Active,15,81256
Zone 7,3191,Bangalore Nagarabhavi(83506),Active,28,83506
Zone 7,3191,Mulbagal Central(83546),Active,35,83546
Zone 7,3191,Bidadi Central(84879),Active,50,84879
Zone 7,3191,Bengaluru Jayanagar(87113),Active,10,87113
Zone 7,3191,E-Club of Bangalore Green City(87137),Active,19,87137
Zone 7,3191,Magadi Central(87260),Active,43,87260
Zone 7,3191,Attibele Sarjapura(87323),Active,31,87323
Zone 7,3191,Bengaluru Reach Out(87331),Active,19,87331
Zone 7,3191,Harohalli(87414),Active,33,87414
Zone 7,3191,Greater Jayanagar Bengaluru(87532),Active,36,87532
Zone 7,3191,Tirupati Peace Park(87672),Active,10,87672
Zone 7,3191,Bangalore Shankara Park(88201),Active,28,88201
Zone 7,3191,Bangalore Shantiniketan(89466),Active,13,89466
Zone 7,3191,Bengaluru Chandralayout(90531),Active,30,90531
Zone 7,3191,Kolar Nandini(91221),Active,19,91221
Zone 7,3191,KGF Prime(91227),Active,15,91227
Zone 7,3192,Nagamangala(15745),Active,26,15745
Zone 7,3192,Tiptur(15759),Active,50,15759
Zone 7,3192,Bangalore Peenya(15772),Active,56,15772
Zone 7,3192,Madhugiri(15800),Active,17,15800
Zone 7,3192,Mandya(15804),Active,33,15804
Zone 7,3192,Tumkur(15819),Active,71,15819
Zone 7,3192,Vijayapura(15822),Active,34,15822
Zone 7,3192,Bengaluru Abbigere(222234),Active,48,222234
Zone 7,3192,Narthanapuri Kunigal(223204),Active,19,223204
Zone 7,3192,Tumkur Prerna(223273),Active,42,223273
Zone 7,3192,Bengaluru Bluejay Karunadu(223436),Active,34,223436
Zone 7,3192,Bengaluru Kamadhenu(223584),Active,21,223584
Zone 7,3192,Anikethana Bengaluru(224891),Active,19,224891
Zone 7,3192,Bangalore PJC(225100),Active,26,225100
Zone 7,3192,Bangalore Engage India(225165),Active,8,225165
Zone 7,3192,Sompura(225497),Active,19,225497
Zone 7,3192,Tavarekere Prime(225501),Active,24,225501
Zone 7,3192,Bangalore Hessarghatta Road(225621),Active,31,225621
Zone 7,3192,Bangalore Aasare(225700),Active,19,225700
Zone 7,3192,Tarabanahalli(226233),Active,17,226233
Zone 7,3192,Koratagere(226236),Active,14,226236
Zone 7,3192,Bengaluru Zionhills(226388),Active,15,226388
Zone 7,3192,Bengaluru Samruddhi(226894),Active,10,226894
Zone 7,3192,Praani Mitra(226990),Active,13,226990
Zone 7,3192,Kaveri Siri(226996),Active,12,226996
Zone 7,3192,Bengaluru Namma Samskriti(227001),Active,14,227001
Zone 7,3192,Vijnatham South Campus(227162),Active,16,227162
Zone 7,3192,Bengaluru Arunodaya(227165),Active,35,227165
Zone 7,3192,B G Nagara Central(227176),Active,20,227176
Zone 7,3192,Chikbalapur Central(227295),Active,20,227295
Zone 7,3192,Siragate Yallapura Tumakuru(227299),Active,10,227299
Zone 7,3192,Mandavya(227383),Active,76,227383
Zone 7,3192,Bengaluru Racham Collective(227744),Active,22,227744
Zone 7,3192,Bangalore Mahanandi(228013),Active,15,228013
Zone 7,3192,Greater Vidyaranyapura(228068),Active,29,228068
Zone 7,3192,Bengaluru PJC Snehabandhu(228118),Active,15,228118
Zone 7,3192,Tumkur East(23299),Active,54,23299
Zone 7,3192,Bangalore Central(24067),Active,28,24067
Zone 7,3192,Bangalore Rajajinagar(62495),Active,19,62495
Zone 7,3192,Bharathinagar Central(76672),Active,27,76672
Zone 7,3192,Bangalore Sadashivanagar(80571),Active,20,80571
Zone 7,3192,Bangalore Gokul Vidya(84647),Active,22,84647
Zone 7,3192,Bangalore Malgudi(87009),Active,51,87009
Zone 7,3192,Turuvekere(87064),Active,50,87064
Zone 7,3192,Bengaluru Viswaneedam(87086),Active,53,87086
Zone 7,3192,Bengaluru Heritage North(87115),Active,34,87115
Zone 7,3192,Siddara Betta(87156),Active,23,87156
Zone 7,3192,Nittur(87210),Active,14,87210
Zone 7,3192,Bengaluru Lake World(91121),Active,10,91121
Zone 7,3192,Bangalore Jakkur(91136),Active,13,91136
Zone 7,3192,Bangalore Greenpark(91191),Active,14,91191
Zone 7,3192,Bangalore Global Yoga(91205),Active,18,91205
Zone 7,3204,Calicut(15831),Active,27,15831
Zone 7,3204,Calicut Midtown(15833),Active,58,15833
Zone 7,3204,Cannanore(15834),Active,53,15834
Zone 7,3204,Nileshwar(15874),Active,74,15874
Zone 7,3204,Orkkatteri Town(222418),Active,12,222418
Zone 7,3204,Odayanchal Downtown(223237),Active,20,223237
Zone 7,3204,Payyanur Central(223480),Active,22,223480
Zone 7,3204,Kottakkal(223586),Active,25,223586
Zone 7,3204,Calicut Hilite City(224199),Active,46,224199
Zone 7,3204,Edappal(224225),Active,20,224225
Zone 7,3204,Pepper Town Pulpally(224373),Active,35,224373
Zone 7,3204,Taliparamba Town(224481),Active,29,224481
Zone 7,3204,Sulthan Bathery Central(224526),Active,57,224526
Zone 7,3204,Tirur(22458),Active,21,22458
Zone 7,3204,Badagara(22462),Active,36,22462
Zone 7,3204,Parappa(224977),Active,30,224977
Zone 7,3204,Calicut Pride(225014),Active,9,225014
Zone 7,3204,Kannur Central(225117),Active,23,225117
Zone 7,3204,Edakkara(225276),Active,15,225276
Zone 7,3204,Kalpetta(22537),Active,42,22537
Zone 7,3204,Karivellur Midtown(225837),Active,27,225837
Zone 7,3204,Misty Meadows Thiruvambady(225850),Active,24,225850
Zone 7,3204,Pariyaram(225858),Active,30,225858
Zone 7,3204,Chemperi(225874),Active,20,225874
Zone 7,3204,Kanhangad(22600),Active,49,22600
Zone 7,3204,Calicut Newtown(226029),Active,25,226029
Zone 7,3204,Calicut Radiance(226234),Active,5,226234
Zone 7,3204,Areekode(226548),Suspended,22,226548
Zone 7,3204,Meenangadi(226573),Active,33,226573
Zone 7,3204,Mahe(226620),Active,11,226620
Zone 7,3204,Payyanur Elite(226713),Active,23,226713
Zone 7,3204,Heritage City Payyanur(226833),Active,17,226833
Zone 7,3204,Vengara(226888),Active,23,226888
Zone 7,3204,Vadakara Bizmasters(226943),Active,20,226943
Zone 7,3204,Kannur Midtown(226952),Active,21,226952
Zone 7,3204,Kodanchery(227023),Active,22,227023
Zone 7,3204,Koduvally(227024),Active,22,227024
Zone 7,3204,Quilandy Smart(227069),Active,21,227069
Zone 7,3204,Malappuram(227599),Active,25,227599
Zone 7,3204,Kalikavu(227647),Active,18,227647
Zone 7,3204,Nilambur Royals(227943),Active,15,227943
Zone 7,3204,Signature Quilandy(227952),Active,14,227952
Zone 7,3204,Avocado City Ambalavayal(228021),Active,20,228021
Zone 7,3204,Pookkottumpadam(228022),Active,17,228022
Zone 7,3204,Calicut Airport(228029),Active,15,228029
Zone 7,3204,Civil Station Wayanad(228043),Active,17,228043
Zone 7,3204,Iritty(228054),Active,18,228054
Zone 7,3204,Calicut Cultural City(228072),Active,14,228072
Zone 7,3204,Mulleria(228113),Active,16,228113
Zone 7,3204,Parappanangadi(228119),Active,15,228119
Zone 7,3204,Wandoor(228123),Active,15,228123
Zone 7,3204,Kuttikol(228131),Active,15,228131
Zone 7,3204,Perinthalmanna(25399),Active,34,25399
Zone 7,3204,Sulthan Bathery(25454),Active,57,25454
Zone 7,3204,Calicut South(27022),Active,27,27022
Zone 7,3204,Kuthuparamba(27121),Active,20,27121
Zone 7,3204,Cannanore Seaside(29123),Active,36,29123
Zone 7,3204,Calicut Beach(31374),Active,40,31374
Zone 7,3204,Quilandy(31513),Active,18,31513
Zone 7,3204,Calicut Metropolis(53483),Active,10,53483
Zone 7,3204,Perambra(53567),Active,36,53567
Zone 7,3204,Thiruvambady(55742),Active,21,55742
Zone 7,3204,Thamarassery(58644),Active,26,58644
Zone 7,3204,Cherupuzha(58691),Active,25,58691
Zone 7,3204,Calicut Port City(63855),Active,20,63855
Zone 7,3204,Kabani Valley-Mananthavady(70136),Active,47,70136
Zone 7,3204,Calicut Uptown(73279),Active,28,73279
Zone 7,3204,Calicut West(75724),Active,36,75724
Zone 7,3204,Kanhangad Mid Town(76312),Active,27,76312
Zone 7,3204,Cheruvathur(81324),Active,25,81324
Zone 7,3204,Balussery Dream City(81660),Active,22,81660
Zone 7,3204,Calicut Smart City(81702),Active,15,81702
Zone 7,3204,Karivellur(85675),Active,23,85675
Zone 7,3204,Kondotty(86157),Active,22,86157
Zone 7,3204,Kuttiady Mid Town(86360),Active,40,86360
Zone 7,3204,Kunhimangalam(86590),Active,13,86590
Zone 7,3204,Badagara Central(86928),Active,23,86928
Zone 7,3204,Tanur(86934),Active,10,86934
Zone 7,3204,Odayanchal(86990),Active,32,86990
Zone 7,3204,Calicut Green City(87606),Active,16,87606
Zone 7,3204,Calicut Sunrise(89414),Active,68,89414
Zone 7,3204,Sreekandapuram(89977),Active,14,89977
Zone 7,3204,Madayi(90851),Active,17,90851
Zone 7,3205,Alwaye(15823),Active,34,15823
Zone 7,3205,Angamally(15826),Active,56,15826
Zone 7,3205,Cochin West(15839),Active,36,15839
Zone 7,3205,Kodungallur(15856),Active,53,15856
Zone 7,3205,Kunnamkulam(15859),Active,38,15859
Zone 7,3205,Muvattupuzha(15871),Active,50,15871
Zone 7,3205,Parur(15878),Active,48,15878
Zone 7,3205,Fort Cochin(21307),Active,19,21307
Zone 7,3205,Cochin Midtown(21372),Active,33,21372
Zone 7,3205,Perumbavoor(22147),Active,63,22147
Zone 7,3205,Cochin Titans(222592),Active,52,222592
Zone 7,3205,Cochin Frontiers(223520),Active,5,223520
Zone 7,3205,Spice Valley Ezhukumvayil(224371),Active,14,224371
Zone 7,3205,Rajakkad(224460),Active,21,224460
Zone 7,3205,Cardamom City Nedumkandam(224479),Active,31,224479
Zone 7,3205,Kanjiramattom(224515),Active,20,224515
Zone 7,3205,Cochin Harbour(22452),Active,49,22452
Zone 7,3205,Greater Cochin(22453),Active,39,22453
Zone 7,3205,Anakkara Spice City(224542),Active,20,224542
Zone 7,3205,Anakkara(224693),Active,24,224693
Zone 7,3205,Kodakara(224851),Active,15,224851
Zone 7,3205,Royal Heritage Paravur(224948),Active,26,224948
Zone 7,3205,Cochin Royals(225368),Active,53,225368
Zone 7,3205,Kalamassery(22541),Active,35,22541
Zone 7,3205,Chalakudy Town(225854),Active,18,225854
Zone 7,3205,Kothamangalam(22602),Active,74,22602
Zone 7,3205,Green City Valiyathovala(226232),Active,13,226232
Zone 7,3205,Cochin Pioneers(227267),Active,25,227267
Zone 7,3205,Rivercity Thodupuzha(227520),Active,27,227520
Zone 7,3205,Irinjalakuda Royals(227650),Active,20,227650
Zone 7,3205,Thodupuzha(26504),Active,77,26504
Zone 7,3205,Cochin Central(26839),Active,60,26839
Zone 7,3205,Cochin South(26929),Active,54,26929
Zone 7,3205,Wadakanchery(50490),Active,36,50490
Zone 7,3205,Piravom(52269),Active,34,52269
Zone 7,3205,Koothattukulam(52699),Active,52,52699
Zone 7,3205,Adimaly(53351),Active,22,53351
Zone 7,3205,Tripunithura(53971),Active,25,53971
Zone 7,3205,Kalady(57099),Active,35,57099
Zone 7,3205,Cochin International(57526),Active,40,57526
Zone 7,3205,Kattappana Uptown(58086),Active,37,58086
Zone 7,3205,Thekkady(58250),Active,24,58250
Zone 7,3205,Kolenchery(58640),Active,17,58640
Zone 7,3205,East Hills Nedumkandam(58966),Active,47,58966
Zone 7,3205,Koothattukulam Central(59134),Active,6,59134
Zone 7,3205,Nedumkandam(60248),Active,13,60248
Zone 7,3205,Cochin Knights(60974),Active,68,60974
Zone 7,3205,Vazhakulam(64455),Active,12,64455
Zone 7,3205,Cochin Global(65758),Active,99,65758
Zone 7,3205,Cochin City(74143),Active,45,74143
Zone 7,3205,Tripunithura Royale(74823),Active,53,74823
Zone 7,3205,Kattappana Heritage(76530),Active,60,76530
Zone 7,3205,Angamally Heritage(77627),Active,37,77627
Zone 7,3205,Cochin Queen City(79181),Active,44,79181
Zone 7,3205,Cochin Smartcity(79292),Active,34,79292
Zone 7,3205,Chalakudy South(80892),Active,29,80892
Zone 7,3205,Perumbavoor Central(82020),Active,28,82020
Zone 7,3205,Palarivattom(82362),Active,39,82362
Zone 7,3205,Perinjanam(82584),Active,15,82584
Zone 7,3205,Trichur Metro(82909),Active,12,82909
Zone 7,3205,Kaloor(83195),Active,37,83195
Zone 7,3205,Cochin Uptown(83205),Active,30,83205
Zone 7,3205,Kizhakkambalam(83315),Active,29,83315
Zone 7,3205,Cochin Periyar(84803),Active,27,84803
Zone 7,3205,E-Club of One Sans Frontiers(85189),Active,7,85189
Zone 7,3205,Piravom River Valley(85676),Active,14,85676
Zone 7,3205,Angamaly Greater(86041),Active,44,86041
Zone 7,3205,Cochin Muziris City(86602),Active,29,86602
Zone 7,3205,Cochin Tricity(86807),Active,30,86807
Zone 7,3205,Muvattupuzha Heritage(87239),Active,33,87239
Zone 7,3205,Cochin Heritage(88211),Active,43,88211
Zone 7,3205,Cochin Cosmos(88291),Active,29,88291
Zone 7,3205,Murickassery(88558),Active,13,88558
Zone 7,3205,Kochi Mahanagar(89345),Active,16,89345
Zone 7,3205,Kattappana(89413),Active,37,89413
Zone 7,3205,Guruvayur Heritage(89950),Active,17,89950
Zone 7,3205,Cochin Lakeside(90322),Active,15,90322
Zone 7,3211,Adoor(15902),Active,35,15902
Zone 7,3211,Alleppey(15903),Active,69,15903
Zone 7,3211,Alleppey East(15904),Active,88,15904
Zone 7,3211,Changanacherry(15908),Active,21,15908
Zone 7,3211,Kanjirapally(15915),Active,47,15915
Zone 7,3211,Karunagappally(15917),Active,91,15917
Zone 7,3211,Kottayam(15921),Active,76,15921
Zone 7,3211,Kottayam North(15922),Active,55,15922
Zone 7,3211,Kozhencherry(15924),Active,51,15924
Zone 7,3211,Kundara(15925),Active,18,15925
Zone 7,3211,Mavelikara(15930),Active,43,15930
Zone 7,3211,Pathanamthitta(15934),Active,30,15934
Zone 7,3211,Punalur(15938),Active,36,15938
Zone 7,3211,Quilon(15939),Active,50,15939
Zone 7,3211,Quilon West(15940),Active,48,15940
Zone 7,3211,Sherthallai(15943),Active,47,15943
Zone 7,3211,Tiruvalla(15953),Active,64,15953
Zone 7,3211,Trivandrum(15954),Active,35,15954
Zone 7,3211,Trivandrum North(15955),Active,15,15955
Zone 7,3211,Trivandrum West(15957),Active,17,15957
Zone 7,3211,Vaikom(15959),Active,54,15959
Zone 7,3211,Varkala(15961),Active,29,15961
Zone 7,3211,Sasthamkottah(222075),Active,21,222075
Zone 7,3211,Vaikom Lake City(222084),Active,52,222084
Zone 7,3211,Kattanam(222775),Active,26,222775
Zone 7,3211,Trivandrum Empire(223025),Active,11,223025
Zone 7,3211,Changanacherry Town(223395),Active,36,223395
Zone 7,3211,Trivandrum Amity(223452),Active,31,223452
Zone 7,3211,Attingal Town(223467),Active,29,223467
Zone 7,3211,Kaduthuruthy Town(223486),Active,32,223486
Zone 7,3211,Kuzhimathicadu(223576),Active,33,223576
Zone 7,3211,Mallappally(22421),Active,30,22421
Zone 7,3211,Aranmula(224245),Active,34,224245
Zone 7,3211,Vembanad Pallipuram(224823),Active,28,224823
Zone 7,3211,Oachira(224825),Active,20,224825
Zone 7,3211,Karode(224845),Active,17,224845
Zone 7,3211,Anchalummood Central(224879),Active,10,224879
Zone 7,3211,Kayamkulam Palace(225466),Active,13,225466
Zone 7,3211,Oachira Heritage Town(225911),Active,14,225911
Zone 7,3211,Chathannoor(22595),Active,24,22595
Zone 7,3211,Varkala Town(226158),Active,16,226158
Zone 7,3211,Alleppey Town(226262),Active,15,226262
Zone 7,3211,Trivandrum Symphony(226324),Active,20,226324
Zone 7,3211,Trivandrum Regal(226899),Active,41,226899
Zone 7,3211,Kerala Horrizon(226946),Active,15,226946
Zone 7,3211,Punnamada Lake City(227363),Active,18,227363
Zone 7,3211,Vagamon(227384),Active,18,227384
Zone 7,3211,Kumarakom(227482),Active,22,227482
Zone 7,3211,Nallila Royals(227515),Active,25,227515
Zone 7,3211,Trivandrum Elites(227872),Active,35,227872
Zone 7,3211,Palai(22793),Active,157,22793
Zone 7,3211,Quilon North(23670),Active,19,23670
Zone 7,3211,Kilimanoor(23808),Active,28,23808
Zone 7,3211,Erumely(24060),Active,31,24060
Zone 7,3211,Kottarakkara(25356),Active,30,25356
Zone 7,3211,Kayamkulam(25476),Active,49,25476
Zone 7,3211,Haripad(26529),Active,48,26529
Zone 7,3211,Pathanapuram(26560),Active,32,26560
Zone 7,3211,Pandalam(26824),Active,13,26824
Zone 7,3211,Balaramapuram(26918),Active,17,26918
Zone 7,3211,Kazhakuttom(28135),Active,54,28135
Zone 7,3211,Trivandrum Kowdiar(28214),Active,46,28214
Zone 7,3211,Shertallay Town(28439),Active,79,28439
Zone 7,3211,Anchalummood(28825),Active,26,28825
Zone 7,3211,Kuravilangad(29438),Active,50,29438
Zone 7,3211,Trivandrum Fort(29679),Active,15,29679
Zone 7,3211,Kadakkal(29743),Active,31,29743
Zone 7,3211,Kattakada(30436),Active,5,30436
Zone 7,3211,Tiruvalla East(31254),Active,46,31254
Zone 7,3211,Trivandrum Cosmos(31676),Active,17,31676
Zone 7,3211,Quilon Central(50302),Active,23,50302
Zone 7,3211,Kallara(50337),Active,10,50337
Zone 7,3211,Punalur Mid Town(50855),Active,23,50855
Zone 7,3211,Trivandrum Sea Coast(51274),Active,18,51274
Zone 7,3211,Quilon Lake City(51377),Active,42,51377
Zone 7,3211,Chavara Mineral Coast(51688),Active,16,51688
Zone 7,3211,Ranni(51755),Active,38,51755
Zone 7,3211,Anchal(52284),Active,18,52284
Zone 7,3211,Neyyattinkara(52287),Active,14,52287
Zone 7,3211,Puthur(53715),Active,24,53715
Zone 7,3211,Ettumanoor(55196),Active,24,55196
Zone 7,3211,Aroor(55235),Active,35,55235
Zone 7,3211,Pathanamthitta Central(55477),Active,36,55477
Zone 7,3211,Punalur Riverside(55479),Active,20,55479
Zone 7,3211,Trivandrum Metro(55560),Active,20,55560
Zone 7,3211,Ashtamudy Lake Side(55573),Active,16,55573
Zone 7,3211,Ramapuram(55599),Active,41,55599
Zone 7,3211,Kollam Coast End(55601),Active,9,55601
Zone 7,3211,Greater Kollam(60611),Active,19,60611
Zone 7,3211,Pathanamthitta Metro(60612),Active,19,60612
Zone 7,3211,Tangasseri Quilon(60813),Active,29,60813
Zone 7,3211,Kollam Palace City(60870),Active,27,60870
Zone 7,3211,Erattupetta(60969),Active,44,60969
Zone 7,3211,Kundara Mid Town(61366),Active,18,61366
Zone 7,3211,Kollam Bypass City(61648),Active,15,61648
Zone 7,3211,Kundara Central(61799),Active,30,61799
Zone 7,3211,Kollam Residency(61800),Active,24,61800
Zone 7,3211,Nedumoncavu(61802),Active,24,61802
Zone 7,3211,Kollam Metro(61862),Active,65,61862
Zone 7,3211,Thalayolaparambu(61975),Active,31,61975
Zone 7,3211,Pandalam Town(61976),Active,12,61976
Zone 7,3211,Kottayam Gandhi Nagar(61978),Active,29,61978
Zone 7,3211,Chingavanam(61979),Active,16,61979
Zone 7,3211,Vaikom Town(62000),Active,29,62000
Zone 7,3211,Pathanamthitta South(62492),Active,13,62492
Zone 7,3211,Quilon West End(62620),Active,43,62620
Zone 7,3211,Alleppey Coir City(65314),Active,28,65314
Zone 7,3211,Ezhukone(65578),Active,14,65578
Zone 7,3211,Quilon Cashew City(65719),Active,17,65719
Zone 7,3211,Trivandrum Royal(65934),Active,6,65934
Zone 7,3211,Adoor Town(69723),Active,10,69723
Zone 7,3211,Alleppey North(69884),Active,23,69884
Zone 7,3211,Kottiyam(71834),Active,11,71834
Zone 7,3211,Trivandrum Galaxy(78172),Active,14,78172
Zone 7,3211,Marari(79176),Active,21,79176
Zone 7,3211,Kureepuzha(81018),Active,14,81018
Zone 7,3211,Kottayam Central(81938),Active,54,81938
Zone 7,3211,Trivandrum Capital(82901),Active,19,82901
Zone 7,3211,Quilon Lotus(83968),Active,31,83968
Zone 7,3211,Trivandrum Ananthapuri(84155),Active,13,84155
Zone 7,3211,Kollam Royal City(84191),Active,31,84191
Zone 7,3211,Aroor Satellite City(84502),Active,18,84502
Zone 7,3211,Alleppey Greater(85249),Active,43,85249
Zone 7,3211,Kollam Harbour City(85255),Active,10,85255
Zone 7,3211,Kozhuvanal(85508),Active,28,85508
Zone 7,3211,Travancore Trivandrum(85547),Active,43,85547
Zone 7,3211,Kulanada(85935),Active,21,85935
Zone 7,3211,Alleppy Central(86144),Active,27,86144
Zone 7,3211,Peruva(86720),Active,30,86720
Zone 7,3211,Krishnapuram Royals(86917),Active,17,86917
Zone 7,3211,Cherthala Green City(87141),Active,15,87141
Zone 7,3211,Parippally Town(88600),Active,7,88600
Zone 7,3211,E-Club of Kerala Global(88959),Active,25,88959
Zone 7,3211,Haripad Central(89243),Active,5,89243
Zone 7,3211,Mannarasala(89295),Active,32,89295
Zone 7,3211,Technopark Trivandrum(89409),Active,18,89409
Zone 7,3211,Desinganad Kollam(90041),Active,35,90041
Zone 7,3211,Trivandrum Metropolis(90092),Active,31,90092
Zone 7,3211,Kunnicode Royals(90202),Active,6,90202
Zone 7,3211,Haripad Greater(90653),Active,33,90653
Zone 7,3211,Muttom(90743),Active,24,90743
Zone 7,3211,Poovar(91081),Active,13,91081
Zone 8,3030,Achalpur(15479),Active,12,15479
Zone 8,3030,Akola(15481),Active,24,15481
Zone 8,3030,Akot(15482),Active,24,15482
Zone 8,3030,Amravati(15485),Active,33,15485
Zone 8,3030,Bhusaval(15491),Active,26,15491
Zone 8,3030,Chalisgaon(15504),Active,79,15504
Zone 8,3030,Chopda(15506),Active,52,15506
Zone 8,3030,Deolali(15508),Active,44,15508
Zone 8,3030,Jalgaon(15512),Active,113,15512
Zone 8,3030,Malegaon(15524),Active,44,15524
Zone 8,3030,Manmad(15526),Active,20,15526
Zone 8,3030,Nasik Janasthan(222402),Active,19,222402
Zone 8,3030,Jalgaon Royals(222632),Active,70,222632
Zone 8,3030,Nasik City(223036),Active,19,223036
Zone 8,3030,Rajura(223168),Active,30,223168
Zone 8,3030,Gadchiroli(224146),Active,21,224146
Zone 8,3030,Cotton City Arvi(224174),Active,20,224174
Zone 8,3030,Nagpur Horizon(225024),Active,63,225024
Zone 8,3030,Chalisgaon Royals(225240),Active,35,225240
Zone 8,3030,Amravati Ambika(225443),Active,38,225443
Zone 8,3030,Nagpur Golfers(225909),Active,21,225909
Zone 8,3030,Nashik Nexus(226441),Active,17,226441
Zone 8,3030,Manmad Magic(226451),Active,13,226451
Zone 8,3030,Akot Vision(226550),Active,38,226550
Zone 8,3030,Jalgaon North(226903),Active,29,226903
Zone 8,3030,Nasik Supreme(227144),Active,21,227144
Zone 8,3030,Malegaon City(227151),Active,38,227151
Zone 8,3030,Nagpur Friends(227163),Active,12,227163
Zone 8,3030,Igatpuri Green City(227171),Active,31,227171
Zone 8,3030,Nashik Udyami(227192),Active,21,227192
Zone 8,3030,Erandol(227202),Active,33,227202
Zone 8,3030,Digras Education City(227253),Active,20,227253
Zone 8,3030,Parola(227256),Active,38,227256
Zone 8,3030,Trimbak Sahyadri Hills(227281),Active,15,227281
Zone 8,3030,Dharangaon(227331),Active,35,227331
Zone 8,3030,Nagpur Udyami(227333),Active,44,227333
Zone 8,3030,Jalgaon Green City(227461),Active,46,227461
Zone 8,3030,Jalgaon Humanity(227490),Active,17,227490
Zone 8,3030,Nagpur Neo(227526),Active,20,227526
Zone 8,3030,Malegaon Happy Thoughts(227562),Active,17,227562
Zone 8,3030,Satpuda Valley(227643),Active,15,227643
Zone 8,3030,Washim Vatsagulma(227796),Active,13,227796
Zone 8,3030,Pimpalgaon Baswant(227904),Active,16,227904
Zone 8,3030,Umrane(228083),Active,15,228083
Zone 8,3030,Chandwad(228120),Active,15,228120
Zone 8,3030,Jalgaon Mid-Town(23583),Active,56,23583
Zone 8,3030,Akola East(23798),Active,52,23798
Zone 8,3030,Nasik Road(26244),Active,38,26244
Zone 8,3030,Pachora-Bhadgaon(27736),Active,44,27736
Zone 8,3030,Nagpur Central(29516),Active,23,29516
Zone 8,3030,Chanda Fort(29647),Active,29,29647
Zone 8,3030,Yavatmal(31000),Active,113,31000
Zone 8,3030,Nagpur Green City(31511),Active,43,31511
Zone 8,3030,Jalgaon East(50340),Active,88,50340
Zone 8,3030,Nashik East(50925),Active,23,50925
Zone 8,3030,Jalgaon Gold City(52843),Active,88,52843
Zone 8,3030,Umarkhed(53743),Active,47,53743
Zone 8,3030,Nasik Canada Corner(53869),Active,37,53869
Zone 8,3030,Pusad(54010),Active,40,54010
Zone 8,3030,Bhusaval Rail City(55173),Active,70,55173
Zone 8,3030,Nasik Riverside(55327),Active,27,55327
Zone 8,3030,Amravati Indrapuri(55485),Active,38,55485
Zone 8,3030,Kalwan(55537),Active,20,55537
Zone 8,3030,Deola Town(55538),Active,38,55538
Zone 8,3030,Malegaon Midtown(55738),Active,64,55738
Zone 8,3030,Amravati Ambanagari(56000),Active,88,56000
Zone 8,3030,Milk City Sangam Chalisgaon(60425),Active,36,60425
Zone 8,3030,Sinnar(73404),Active,23,73404
Zone 8,3030,Akola Central(73603),Active,14,73603
Zone 8,3030,Jalgaon Central(76282),Active,100,76282
Zone 8,3030,Yavatmal Midtown(79719),Active,55,79719
Zone 8,3030,Akola North(79896),Active,45,79896
Zone 8,3030,Nagpur Metro(83300),Active,36,83300
Zone 8,3030,Bhusawal Tapti Valley(83767),Active,9,83767
Zone 8,3030,Nashik Vision Nxt(85344),Active,22,85344
Zone 8,3030,Black Diamond City Wani(85384),Active,53,85384
Zone 8,3030,Nagpur Black Gold(85991),Active,14,85991
Zone 8,3030,Satana Devmamaledar(86124),Active,19,86124
Zone 8,3030,Bhadrawati(87085),Active,28,87085
Zone 8,3030,Shegaon(87696),Active,39,87696
Zone 8,3030,Malegaon Fort(88004),Active,15,88004
Zone 8,3030,Satana Midtown(88108),Active,19,88108
Zone 8,3030,Akola Agrocity(88460),Active,27,88460
Zone 8,3030,Gondeshwar Sinnar(88934),Active,44,88934
Zone 8,3030,Smart City Chandrapur(89735),Active,11,89735
Zone 8,3030,Jalgaon Stars(90030),Active,52,90030
Zone 8,3030,Chimur(90785),Active,22,90785
Zone 8,3030,Nasik Godavari(91065),Active,53,91065
Zone 8,3040,Mandsaur(15114),Active,88,15114
Zone 8,3040,Neemuch(15121),Active,99,15121
Zone 8,3040,Barwani(15150),Active,7,15150
Zone 8,3040,Bhopal(15153),Active,25,15153
Zone 8,3040,Derol Station(15162),Active,13,15162
Zone 8,3040,Dewas(15164),Active,11,15164
Zone 8,3040,Godhra(15170),Active,31,15170
Zone 8,3040,Indore(15172),Active,12,15172
Zone 8,3040,Indore Central(15173),Active,31,15173
Zone 8,3040,Jhabua(15177),Active,14,15177
Zone 8,3040,Sagar(15192),Active,65,15192
Zone 8,3040,Sehore(15193),Active,29,15193
Zone 8,3040,Sonkutch(15199),Active,39,15199
Zone 8,3040,Khandwa(15518),Active,39,15518
Zone 8,3040,Itarsi(15572),Active,23,15572
Zone 8,3040,Ratlam Platinum(222254),Active,8,222254
Zone 8,3040,Halol(222946),Active,15,222946
Zone 8,3040,Indore Ahilya(222989),Active,7,222989
Zone 8,3040,Indore Valley(223561),Active,4,223561
Zone 8,3040,Harda(223563),Active,6,223563
Zone 8,3040,Mhow Cantt(224159),Active,13,224159
Zone 8,3040,New Bhopal(224504),Active,5,224504
Zone 8,3040,Khurai(224850),Active,5,224850
Zone 8,3040,Sagar Sukun(224890),Active,13,224890
Zone 8,3040,City Bhopal(225002),Active,8,225002
Zone 8,3040,Bhoj Bhopal(225007),Active,15,225007
Zone 8,3040,Bhelsha Vidisha(225583),Active,9,225583
Zone 8,3040,Smart City Dahod(225671),Active,8,225671
Zone 8,3040,Narmadapuram Royal(226409),Active,9,226409
Zone 8,3040,Bhopal Shaurya(226511),Active,25,226511
Zone 8,3040,Khandwa Nimar(226516),Active,19,226516
Zone 8,3040,Indore Challengers(226905),Active,7,226905
Zone 8,3040,Belle Hills(227082),Active,8,227082
Zone 8,3040,Indore Nextgen(227485),Active,9,227485
Zone 8,3040,Sonkatch Navoday(227649),Active,9,227649
Zone 8,3040,Sagar Nexus(227855),Active,15,227855
Zone 8,3040,Bhopal Sewa Sankalp(227862),Active,12,227862
Zone 8,3040,Burhanpur Prime(227979),Active,17,227979
Zone 8,3040,Sagar Central(23047),Active,42,23047
Zone 8,3040,Indore Greater(24061),Active,19,24061
Zone 8,3040,Ratlam Central(24691),Active,43,24691
Zone 8,3040,Burhanpur(24935),Active,95,24935
Zone 8,3040,Bhopal South(27944),Active,6,27944
Zone 8,3040,Greater Bhopal(29124),Active,12,29124
Zone 8,3040,Indore Malvika(29517),Active,8,29517
Zone 8,3040,Dahod(30904),Active,4,30904
Zone 8,3040,Narmadapuram(31408),Active,12,31408
Zone 8,3040,Bhopal Mid Town(31442),Active,38,31442
Zone 8,3040,Vidisha(31447),Active,31,31447
Zone 8,3040,Indore Holkar(50628),Active,9,50628
Zone 8,3040,Manasa(52063),Active,19,52063
Zone 8,3040,Khargone(52312),Active,25,52312
Zone 8,3040,Indore Navlakha(53979),Active,6,53979
Zone 8,3040,Bhopal Capital(58509),Active,8,58509
Zone 8,3040,Bhorasa(58545),Active,5,58545
Zone 8,3040,Neemuch Cantt.(60810),Active,13,60810
Zone 8,3040,Greater Vidisha(63697),Active,8,63697
Zone 8,3040,Ujjain Holy City(69887),Active,6,69887
Zone 8,3040,Indore Grande(73158),Active,21,73158
Zone 8,3040,Rajgarh(76670),Active,5,76670
Zone 8,3040,Sendhwa(82472),Active,11,82472
Zone 8,3040,Indore Annapurna(82540),Active,7,82540
Zone 8,3040,Hatpipliya(83511),Active,7,83511
Zone 8,3040,Bhopal North(84181),Active,7,84181
Zone 8,3040,Sagar Phoenix(84247),Active,19,84247
Zone 8,3040,Ratlam Prime(85319),Active,39,85319
Zone 8,3040,Dhamnod Active(85329),Active,8,85329
Zone 8,3040,Azad Jhabua(85529),Active,13,85529
Zone 8,3040,Sagar Grande(85783),Active,8,85783
Zone 8,3040,Barwani City(86029),Active,9,86029
Zone 8,3040,Indore Galaxy(86052),Active,9,86052
Zone 8,3040,Dhar Central(86075),Active,12,86075
Zone 8,3040,Neemuch Diamond(86123),Active,13,86123
Zone 8,3040,Apna Meghnagar(86840),Active,11,86840
Zone 8,3040,Diamond Dahod(87649),Active,5,87649
Zone 8,3040,Bhopal Smart City(88566),Active,38,88566
Zone 8,3040,Indore Corporate(88567),Active,6,88567
Zone 8,3040,New Petlawad(88812),Active,18,88812
Zone 8,3040,Dhar Galaxy(89033),Active,7,89033
Zone 8,3040,Indore Choithram(89110),Active,16,89110
Zone 8,3040,Indore Marshals(89261),Active,19,89261
Zone 8,3040,Dhar Diomand(89297),Active,6,89297
Zone 8,3040,Indore Vinayakam(90437),Active,12,90437
Zone 8,3040,Khargone City(90770),Active,10,90770
Zone 8,3040,Pandhurna(91254),Active,6,91254
Zone 8,3060,Dhrangadhra(15091),Active,15,15091
Zone 8,3060,Morvi(15119),Active,24,15119
Zone 8,3060,Anand(15146),Active,19,15146
Zone 8,3060,Billimora(15155),Active,21,15155
Zone 8,3060,Cambay(15160),Active,23,15160
Zone 8,3060,Dondaicha(15169),Active,39,15169
Zone 8,3060,Baroda Jawaharnagar(15175),Active,61,15175
Zone 8,3060,Jetpur(15176),Active,49,15176
Zone 8,3060,Nadiad(15184),Active,8,15184
Zone 8,3060,Nandurbar(15185),Active,16,15185
Zone 8,3060,Porbandar(15189),Active,53,15189
Zone 8,3060,Surat Roundtown(15202),Active,54,15202
Zone 8,3060,Udhna(15204),Active,71,15204
Zone 8,3060,Umreth(15208),Active,5,15208
Zone 8,3060,Vallabh Vidyanagar(15209),Active,8,15209
Zone 8,3060,Veraval(15211),Active,30,15211
Zone 8,3060,Vyara(15212),Active,22,15212
Zone 8,3060,Sojitra(222001),Active,35,222001
Zone 8,3060,Tapi Surat(222159),Active,34,222159
Zone 8,3060,Petlad Round Town(222587),Active,72,222587
Zone 8,3060,Vadodara Banyan City(225155),Active,28,225155
Zone 8,3060,Bhavnagar Vibrant(225198),Active,47,225198
Zone 8,3060,Kamrej(225432),Active,21,225432
Zone 8,3060,Valsad Rangers(225468),Active,27,225468
Zone 8,3060,Bharuch Heritage(226277),Active,15,226277
Zone 8,3060,Morbi Elite(226968),Active,8,226968
Zone 8,3060,Dahej Sea Face(227145),Active,24,227145
Zone 8,3060,Sojitra Health Equity(227161),Active,57,227161
Zone 8,3060,Bhavnagar Round Town(22728),Active,40,22728
Zone 8,3060,Silvassa(227438),Active,20,227438
Zone 8,3060,Vadodara Aarambh(227498),Active,21,227498
Zone 8,3060,Mahuva(227521),Active,20,227521
Zone 8,3060,Rajkot Royals(227792),Active,21,227792
Zone 8,3060,Una(228002),Active,16,228002
Zone 8,3060,Dhule Connect(228007),Active,91,228007
Zone 8,3060,Surat Udaan(228027),Active,16,228027
Zone 8,3060,Rajkot Nyari Dam(228033),Active,15,228033
Zone 8,3060,Kheda(228063),Active,15,228063
Zone 8,3060,Baroda Metro(23843),Active,52,23843
Zone 8,3060,Tarapur(24744),Active,23,24744
Zone 8,3060,Rajkot Greater(24912),Active,150,24912
Zone 8,3060,Gondal(24982),Active,36,24982
Zone 8,3060,Sachin(28659),Active,26,28659
Zone 8,3060,Surat Sea Face(28709),Active,91,28709
Zone 8,3060,Sarigam(30837),Active,59,30837
Zone 8,3060,Surat West(31549),Active,38,31549
Zone 8,3060,Surat Riverside(31734),Active,52,31734
Zone 8,3060,Baroda Cosmopolitan(51327),Active,62,51327
Zone 8,3060,Gandevi(52967),Active,52,52967
Zone 8,3060,Borsad Suncity(54809),Active,10,54809
Zone 8,3060,Rajkot Metro(58524),Active,20,58524
Zone 8,3060,Kadodara(59170),Active,47,59170
Zone 8,3060,Baroda Sunrise(64778),Active,20,64778
Zone 8,3060,Keshod(69886),Active,24,69886
Zone 8,3060,Vapi West(82676),Active,39,82676
Zone 8,3060,Dadra & Nagar Haveli(85099),Active,38,85099
Zone 8,3060,Senoras Jamnagar(85585),Active,14,85585
Zone 8,3060,Baroda Kalanagari(86080),Active,28,86080
Zone 8,3060,Dahej(86313),Active,33,86313
Zone 8,3060,Dondaicha Seniors(86859),Active,49,86859
Zone 8,3060,Imagica Jamnagar(88002),Active,34,88002
Zone 8,3060,Anand Milkcity(88991),Active,12,88991
Zone 8,3060,Chhoti Kashi Jamnagar (89227),Active,67,89227
Zone 8,3060,Bharuch Femina(89259),Active,24,89259
Zone 8,3060,Chikhli River Front(89348),Active,74,89348
Zone 8,3060,Nadiad Green City(91020),Active,103,91020
Zone 8,3060,Baroda Greens(91053),Active,14,91053
Zone 8,3060,Vadodara One(91189),Active,33,91189
Zone 8,3131,Narayangaon(15515),Active,30,15515
Zone 8,3131,Lonavla(15522),Active,22,15522
Zone 8,3131,Dynamic Bhosari(223119),Active,20,223119
Zone 8,3131,Alephata Central(223252),Active,41,223252
Zone 8,3131,Supa Pargana(223477),Active,16,223477
Zone 8,3131,Raigad Fort(224171),Active,26,224171
Zone 8,3131,Mansarovar Business Emeralds(224290),Active,8,224290
Zone 8,3131,Panvel City(224636),Active,12,224636
Zone 8,3131,Thergaon(224643),Active,28,224643
Zone 8,3131,Belmondo Gahunje(224649),Active,10,224649
Zone 8,3131,Pune Professionals(225170),Active,16,225170
Zone 8,3131,Pune Kharadi(225547),Active,18,225547
Zone 8,3131,Pimple Saudagar Central(226016),Active,11,226016
Zone 8,3131,Indapur Central(226153),Active,19,226153
Zone 8,3131,Pune Elegant(226338),Active,26,226338
Zone 8,3131,Pune Sanskruti(227316),Active,28,227316
Zone 8,3131,Pune Airwings(227537),Active,21,227537
Zone 8,3131,Chakan(23747),Active,51,23747
Zone 8,3131,Pune Tilak Road(26158),Active,66,26158
Zone 8,3131,Pune-Kothrud(26272),Active,54,26272
Zone 8,3131,Pune Riverside(26502),Active,41,26502
Zone 8,3131,Pune Karvenagar(27270),Active,15,27270
Zone 8,3131,Mahad(28706),Active,53,28706
Zone 8,3131,Talegaon Dabhade(29617),Active,81,29617
Zone 8,3131,Pune Far East(30952),Active,55,30952
Zone 8,3131,Bhor Rajgad(50614),Active,20,50614
Zone 8,3131,Pune Hadapsar(51498),Active,40,51498
Zone 8,3131,Pune Westend(52038),Active,36,52038
Zone 8,3131,Kalamboli(53737),Active,24,53737
Zone 8,3131,Pune Pashan(55414),Active,47,55414
Zone 8,3131,Pune Lokmanyanagar(56935),Active,41,56935
Zone 8,3131,Goregaon(57245),Active,33,57245
Zone 8,3131,Rajgurunagar(57284),Active,42,57284
Zone 8,3131,Junnar Shivneri(57365),Active,36,57365
Zone 8,3131,Manchar(60872),Active,34,60872
Zone 8,3131,Pune Deccan Gymkhana(63454),Active,37,63454
Zone 8,3131,Chakan Airport(64314),Active,17,64314
Zone 8,3131,Pen Orion(70636),Active,14,70636
Zone 8,3131,Alephata Main(71660),Active,11,71660
Zone 8,3131,Panvel Midtown(71661),Active,4,71661
Zone 8,3131,Kharghar Midtown(73362),Active,57,73362
Zone 8,3131,Talegaon MIDC(81698),Active,44,81698
Zone 8,3131,Pune Sahawas(83055),Active,38,83055
Zone 8,3131,Pune Baner (84138),Active,51,84138
Zone 8,3131,Bhigwan(85263),Active,26,85263
Zone 8,3131,Panvel Sunrise(85306),Active,13,85306
Zone 8,3131,Pune Haveli East(85532),Active,30,85532
Zone 8,3131,Shikrapur(85534),Active,11,85534
Zone 8,3131,Purandar(85705),Active,25,85705
Zone 8,3131,Pune Bavdhan Elite(86020),Active,41,86020
Zone 8,3131,Pune Cosmopolitan(86146),Active,43,86146
Zone 8,3131,E-Club of Pune Diamond(86175),Active,17,86175
Zone 8,3131,Pune Royal(86181),Active,16,86181
Zone 8,3131,Kurkumbh MIDC(86377),Active,35,86377
Zone 8,3131,Roha(86435),Active,38,86435
Zone 8,3131,Pune Magarpatta Elite(86614),Active,13,86614
Zone 8,3131,Talegaon Dabhade City(87887),Active,53,87887
Zone 8,3131,Narayangaon Highway(88081),Active,20,88081
Zone 8,3131,Pune Yuva(88417),Active,32,88417
Zone 8,3131,Walhekarwadi(88449),Active,22,88449
Zone 8,3131,Panvel Mahanagar(88533),Active,12,88533
Zone 8,3131,Roha Central(89568),Active,13,89568
Zone 8,3131,Sarati Delight(90061),Active,19,90061
Zone 8,3131,Kharghar Executive(90830),Active,7,90830
Zone 8,3131,Maval(91187),Active,13,91187
Zone 8,3132,Latur(15520),Active,77,15520
Zone 8,3132,Lonand(15521),Active,19,15521
Zone 8,3132,Mahableshwar(15523),Active,20,15523
Zone 8,3132,Nanded(15528),Active,67,15528
Zone 8,3132,Paithan(15532),Active,17,15532
Zone 8,3132,Shrirampur(15543),Active,30,15543
Zone 8,3132,Koregaon(15659),Active,11,15659
Zone 8,3132,Satara(15684),Active,76,15684
Zone 8,3132,Satara Camp(15685),Active,60,15685
Zone 8,3132,Sangamner(21947),Active,69,21947
Zone 8,3132,Aurangabad Midtown(222047),Active,14,222047
Zone 8,3132,Akole Central(223068),Active,29,223068
Zone 8,3132,Jalna Elite(223179),Active,27,223179
Zone 8,3132,Solapur Pride(224445),Active,15,224445
Zone 8,3132,Shirwal-Khandala(22457),Active,20,22457
Zone 8,3132,E-Club of Empowering Youth(224642),Active,8,224642
Zone 8,3132,Mukhed City(224756),Active,28,224756
Zone 8,3132,Ahmednagar Dignity(225490),Active,23,225490
Zone 8,3132,Solapur Harmony(225575),Active,16,225575
Zone 8,3132,Vasmat(225628),Active,11,225628
Zone 8,3132,Mangalwedha City(225665),Active,21,225665
Zone 8,3132,Chhatrapati Sambhajinagar New Town(225795),Active,11,225795
Zone 8,3132,Murum City(225892),Active,17,225892
Zone 8,3132,Solapur Yuj(225944),Active,8,225944
Zone 8,3132,Shri Chhatrapati Sambhajinagar Rainbow(226144),Suspended,12,226144
Zone 8,3132,Killari(226160),Active,18,226160
Zone 8,3132,Rahuri Central(226304),Suspended,25,226304
Zone 8,3132,Wadgaon Gupta(226574),Active,13,226574
Zone 8,3132,Gevrai(226831),Active,34,226831
Zone 8,3132,Kedgaon Town(226910),Active,12,226910
Zone 8,3132,Waluj Mahanagar(226913),Active,5,226913
Zone 8,3132,Jamkhed City(227002),Active,15,227002
Zone 8,3132,Supa(227007),Active,7,227007
Zone 8,3132,Phaltan Taluka(227030),Active,32,227030
Zone 8,3132,Manohar Ambajogai(227265),Active,20,227265
Zone 8,3132,Degloor Town(227527),Active,22,227527
Zone 8,3132,Dakshin Mand Karad(227536),Active,18,227536
Zone 8,3132,Beed(23044),Active,56,23044
Zone 8,3132,Tuljapur(23723),Active,56,23723
Zone 8,3132,Solapur East(25401),Active,21,25401
Zone 8,3132,Ahmedpur(26139),Active,59,26139
Zone 8,3132,Ahilyanagar Central(26235),Active,52,26235
Zone 8,3132,Dharashiv(26501),Active,87,26501
Zone 8,3132,Shirdi Saibaba(26625),Active,29,26625
Zone 8,3132,Aurangabad Metro(52027),Active,23,52027
Zone 8,3132,Latur Metro(56878),Active,32,56878
Zone 8,3132,Sangola(56934),Active,69,56934
Zone 8,3132,Ahmednagar Priyadarshini(58525),Active,40,58525
Zone 8,3132,Solapur North East(62736),Active,18,62736
Zone 8,3132,Akkalkot(67474),Active,44,67474
Zone 8,3132,Kaij(71597),Active,18,71597
Zone 8,3132,Solapur Metro(73401),Active,6,73401
Zone 8,3132,Kurduwadi(74762),Active,25,74762
Zone 8,3132,Latur Horizon(77032),Active,21,77032
Zone 8,3132,Chakur(78756),Active,21,78756
Zone 8,3132,Aurangabad West(80072),Active,27,80072
Zone 8,3132,Majalgaon City(81155),Active,32,81155
Zone 8,3132,Solapur-MIDC(82386),Active,41,82386
Zone 8,3132,Kalamb City(82717),Active,57,82717
Zone 8,3132,Aurangabad Cantonment(82848),Active,20,82848
Zone 8,3132,Modnimb(84030),Active,14,84030
Zone 8,3132,Chhatrapati Sambhajinagar Elite(84691),Active,40,84691
Zone 8,3132,Madha(84741),Active,10,84741
Zone 8,3132,Jule Solapur(85079),Active,50,85079
Zone 8,3132,Nandigram Nanded(86857),Active,23,86857
Zone 8,3132,Karkamb(86932),Active,17,86932
Zone 8,3132,Shevgaon City(87029),Active,21,87029
Zone 8,3132,E-Club of Solapur Elite(87083),Active,62,87083
Zone 8,3132,Karjat City(87339),Active,20,87339
Zone 8,3132,Jalna Midtown(87340),Active,143,87340
Zone 8,3132,Majalgaon Central(87975),Active,24,87975
Zone 8,3132,Wadvani(88372),Active,20,88372
Zone 8,3132,Latur Shreyas(88502),Active,39,88502
Zone 8,3132,Ahmednagar Integrity(90228),Active,12,90228
Zone 8,3141,Mumbai Sion(15499),Active,53,15499
Zone 8,3141,Chembur (Mumbai)(15505),Active,17,15505
Zone 8,3141,Dahanu(15507),Active,40,15507
Zone 8,3141,Mulund(15527),Active,55,15527
Zone 8,3141,Mumbai Mid-West(21597),Active,20,21597
Zone 8,3141,Bombay Harbour(22141),Active,33,22141
Zone 8,3141,Mumbai Elite(221907),Active,16,221907
Zone 8,3141,Manor Highway(221966),Active,11,221966
Zone 8,3141,Mumbai Inspire(222081),Active,23,222081
Zone 8,3141,Upper Kandivali(222164),Active,11,222164
Zone 8,3141,Dahanu Sea Coast(222342),Active,19,222342
Zone 8,3141,Garden City Mumbai(222715),Active,12,222715
Zone 8,3141,Addiction Prevention 3141(222830),Active,17,222830
Zone 8,3141,Borivali Wonders(223158),Active,21,223158
Zone 8,3141,Marine Drive Mumbai(224516),Active,32,224516
Zone 8,3141,Mumbai National Park(224777),Active,33,224777
Zone 8,3141,Mumbai Makabo(224985),Active,17,224985
Zone 8,3141,Mumbai Juhu Elite(225560),Active,14,225560
Zone 8,3141,Mumbai City(225600),Active,18,225600
Zone 8,3141,Organ Donation International(225646),Active,88,225646
Zone 8,3141,Mumbai 25(226063),Active,21,226063
Zone 8,3141,Ghodbunder Mumbai(226243),Active,28,226243
Zone 8,3141,Bombay Cosmopolis(226353),Active,37,226353
Zone 8,3141,Mumbai Elegant Plus(226411),Active,49,226411
Zone 8,3141,Umroli(226446),Active,34,226446
Zone 8,3141,Mumbai Island City(226493),Active,37,226493
Zone 8,3141,SkyCity Borivali(226547),Active,58,226547
Zone 8,3141,Mumbai Pioneers(226551),Active,8,226551
Zone 8,3141,Mumbai World Towers(226895),Active,94,226895
Zone 8,3141,Mumbai North End(22781),Active,91,22781
Zone 8,3141,Mulund Oberoi Towers(227912),Active,34,227912
Zone 8,3141,Mumbai Glocal(227914),Active,37,227914
Zone 8,3141,Mumbai Crown(228016),Active,37,228016
Zone 8,3141,Bombay Mid-City(23437),Active,29,23437
Zone 8,3141,Mumbai Mulund East(23463),Active,34,23463
Zone 8,3141,Bombay Metropolitan(23800),Active,38,23800
Zone 8,3141,Bombay Peninsula(27983),Active,67,27983
Zone 8,3141,Mumbai Andheri(28164),Active,16,28164
Zone 8,3141,Mumbai Khar(28211),Active,24,28211
Zone 8,3141,Boisar-Tarapur(30218),Active,58,30218
Zone 8,3141,Mumbai Goregaon West(30863),Active,25,30863
Zone 8,3141,Mumbai Malabar Hill(53820),Active,62,53820
Zone 8,3141,Mumbai Green City(57527),Active,5,57527
Zone 8,3141,Bombay Bay View(58247),Active,151,58247
Zone 8,3141,Lokhandwala Kandivali(79454),Active,18,79454
Zone 8,3141,Mumbai Rising Stars(88033),Active,47,88033
Zone 8,3141,Mumbai Coastline(88143),Active,62,88143
Zone 8,3141,Mumbai GenX(88412),Active,35,88412
Zone 8,3141,Wada(89753),Active,28,89753
Zone 8,3141,Mumbai 101(89987),Active,22,89987
Zone 8,3141,Mumbai Lower Parel(90095),Active,5,90095
Zone 8,3141,Mumbai West End(90214),Active,53,90214
Zone 8,3141,Mumbai Bravehearts(91206),Active,31,91206
Zone 8,3142,Bhiwandi(15490),Active,31,15490
Zone 8,3142,Thana West(15544),Active,51,15544
Zone 8,3142,Navi Mumbai Central(221976),Active,11,221976
Zone 8,3142,Thane Connoisseurs(222229),Active,16,222229
Zone 8,3142,Dombivli Winners(222248),Active,37,222248
Zone 8,3142,Navi Mumbai Valley Golfers(222475),Active,20,222475
Zone 8,3142,Sindhunagar (Ulhasnagar)(222949),Active,10,222949
Zone 8,3142,Thane Orion(222950),Active,10,222950
Zone 8,3142,Navi Mumbai Flamingo City(224356),Active,14,224356
Zone 8,3142,Thane Amigos(224887),Active,20,224887
Zone 8,3142,Thane River Side(224900),Active,20,224900
Zone 8,3142,Thane City(225292),Active,16,225292
Zone 8,3142,Ambarnath Industrial Area(225502),Active,21,225502
Zone 8,3142,Dombivli Phoenix(225528),Active,19,225528
Zone 8,3142,Navi Mumbai Paradise(225902),Active,29,225902
Zone 8,3142,Navi Mumbai Joy of Giving(226076),Active,15,226076
Zone 8,3142,Navi Mumbai Airport City(226106),Active,18,226106
Zone 8,3142,Thane Vartak Nagar(226152),Active,19,226152
Zone 8,3142,Hiranandani Ivan(226307),Active,41,226307
Zone 8,3142,New Regency Estate(226313),Active,10,226313
Zone 8,3142,Namastu Navi Mumbai(226355),Active,15,226355
Zone 8,3142,Thane Pride(226368),Active,10,226368
Zone 8,3142,Thane Stars(226689),Active,12,226689
Zone 8,3142,Ulhasnagar City(226868),Active,10,226868
Zone 8,3142,Ambarnath Heritage(227638),Active,38,227638
Zone 8,3142,Thane Mid Town(26976),Active,32,26976
Zone 8,3142,Ulhasnagar East(27147),Active,16,27147
Zone 8,3142,Dombivli West(27251),Active,11,27251
Zone 8,3142,Dombivli Industrial Area(27385),Active,18,27385
Zone 8,3142,Bhiwandi South(27509),Active,13,27509
Zone 8,3142,Thane Central(29903),Active,38,29903
Zone 8,3142,Thane Lake City(30186),Active,34,30186
Zone 8,3142,Dombivli Up Town(30547),Active,32,30547
Zone 8,3142,Bhiwandi Central(30868),Active,27,30868
Zone 8,3142,Navi Mumbai Bayside(52345),Active,36,52345
Zone 8,3142,Badlapur Industrial Area(53964),Active,54,53964
Zone 8,3142,Dombivli City(53966),Active,49,53966
Zone 8,3142,Navi Mumbai Link Town Airoli(55775),Active,28,55775
Zone 8,3142,Vithalwadi(55856),Active,29,55856
Zone 8,3142,Dombivli North(79352),Active,17,79352
Zone 8,3142,Thane Green City(79433),Active,63,79433
Zone 8,3142,Kalyan Riverside(81013),Active,29,81013
Zone 8,3142,Thane Skyline(82471),Active,34,82471
Zone 8,3142,Thane Garden City(82480),Active,33,82480
Zone 8,3142,Navi Mumbai-Palm Beach(84127),Active,39,84127
Zone 8,3142,Dombivli Saudamini(85002),Active,31,85002
Zone 8,3142,Thane Urbania(85221),Active,37,85221
Zone 8,3142,Kalyan Diamonds(86087),Active,28,86087
Zone 8,3142,Thane Premium(86092),Active,52,86092
Zone 8,3142,Bhiwandi Rural(86152),Active,52,86152
Zone 8,3142,Kalyan Tigers(86298),Active,23,86298
Zone 8,3142,Bhiwandi Ambadi Area(86863),Active,16,86863
Zone 8,3142,Ambarnath West(87293),Active,20,87293
Zone 8,3142,Badlapur(87504),Active,18,87504
Zone 8,3142,Ambarnath North(87604),Active,17,87604
Zone 8,3142,Diva Thane(88576),Active,23,88576
Zone 8,3142,Titwala(88860),Active,27,88860
Zone 8,3142,Bhiwandi BKC(88900),Active,35,88900
Zone 8,3142,Palava(88910),Active,20,88910
Zone 8,3142,Thane Horizon(89508),Active,11,89508
Zone 8,3142,Navi Mumbai Jewels(89775),Active,18,89775
Zone 8,3142,Thane Aces(90117),Active,38,90117
Zone 8,3142,Dombivli Diamonds(90258),Active,26,90258