RI Zone,District,Club Name,Club Status,Current Member Count,Club ID,Total Rotaract Sponsored,Total Interact Sponsored
Zone 5,2981,Aduthurai,Active,41,26974,0,0
Zone 5,2981,Ayakkaranpulam,Active,21,224858,0,0
Zone 5,2981,Ayyampettai Delta,Active,51,222431,0,0
Zone 5,2981,Chidambaram Temple Town,Active,31,82647,0,0
Zone 5,2981,Chola Tiruvarur,Active,42,82661,0,0
Zone 5,2981,Cuddalore,Active,56,15846,1,0
Zone 5,2981,Cuddalore Central,Active,15,53872,1,0
Zone 5,2981,Cuddalore Coastal City,Active,84,85842,1,0
Zone 5,2981,Cuddalore Mid-Town,Active,60,31123,0,0
Zone 5,2981,Cuddalore Sangamam,Active,36,58449,0,0
Zone 5,2981,Delta Pattukkottai,Active,52,228176,0,0
Zone 5,2981,Idumbavanam,Active,16,227960,0,0
Zone 5,2981,Karaikal,Active,60,15855,2,0
Zone 5,2981,Karaikal Centennial,Active,30,65094,1,0
Zone 5,2981,Karaikal French City,Active,42,82693,0,0
Zone 5,2981,Kariyapattinam,Active,12,227420,0,0
Zone 5,2981,Kattumannarkoil,Active,32,67020,0,0
Zone 5,2981,Katturmannarkoil Galaxy,Active,26,86391,1,0
Zone 5,2981,Kilvelur,Active,21,222559,0,0
Zone 5,2981,Kollidam,Active,49,82699,0,0
Zone 5,2981,Koothapakkam,Active,26,83088,0,0
Zone 5,2981,Kottai Pattukkottai,Active,93,58338,0,0
Zone 5,2981,Kottur,Active,13,227288,0,0
Zone 5,2981,Kumbakonam Central,Active,88,51497,0,0
Zone 5,2981,Kumbakonam East,Active,73,31185,0,0
Zone 5,2981,Kumbakonam Grand,Active,46,85651,0,0
Zone 5,2981,Kumbakonam Green City,Active,51,85720,0,0
Zone 5,2981,Kumbakonam Heritage City,Active,51,85610,0,0
Zone 5,2981,Kumbakonam Holy Town,Active,71,76535,0,0
Zone 5,2981,Kumbakonam Kings,Active,23,89392,0,0
Zone 5,2981,Kumbakonam Maanagar,Active,41,224422,0,0
Zone 5,2981,Kumbakonam Midtown,Active,67,15858,2,0
Zone 5,2981,Kumbakonam Queens,Active,11,86520,0,0
Zone 5,2981,Kumbakonam Temple City,Active,64,22852,0,0
Zone 5,2981,Kumbakonam Tradition Land,Active,21,223365,0,0
Zone 5,2981,Kumbakonam Universe,Active,18,227998,0,0
Zone 5,2981,Kumbakonam Wisdom,Active,16,227123,0,0
Zone 5,2981,Kuttalam,Active,56,78635,0,0
Zone 5,2981,Madukkur,Active,26,83354,0,0
Zone 5,2981,Mannai Green City,Active,21,86008,0,0
Zone 5,2981,Mannargudi,Active,91,22652,1,0
Zone 5,2981,Mannargudi Pride,Active,15,228020,0,0
Zone 5,2981,Manora Pattukkottai,Active,64,31480,0,0
Zone 5,2981,Marudur,Active,43,84887,0,0
Zone 5,2981,Mayiladuthurai,Active,60,86109,1,0
Zone 5,2981,Mayiladuthurai Delta,Active,49,87718,0,0
Zone 5,2981,Mayiladuthurai Kings,Active,76,82694,1,0
Zone 5,2981,Mayiladuthurai Mid-Town,Active,40,30758,0,0
Zone 5,2981,Mayiladuthurai Pride,Active,40,90610,0,0
Zone 5,2981,Mayiladuthurai Sakthi,Active,29,226777,0,0
Zone 5,2981,Mayuram Delta,Active,19,223228,0,0
Zone 5,2981,Muthupet Lagoon,Active,29,227564,0,0
Zone 5,2981,Muthupettai,Active,70,52274,0,0
Zone 5,2981,Nagapattinam,Active,103,15872,2,0
Zone 5,2981,Nagapattinam Holytown,Active,80,53968,2,0
Zone 5,2981,Nagapattinam Mid Town,Active,27,82837,0,0
Zone 5,2981,Nagapattinam Queens,Active,20,228221,0,0
Zone 5,2981,Nagapattinam Sanghamam,Active,24,222276,0,0
Zone 5,2981,Nagapattinam Waves,Active,22,225546,0,0
Zone 5,2981,Nagapattinam Wings,Active,43,88451,0,0
Zone 5,2981,Nagore,Active,34,78754,0,0
Zone 5,2981,Nannilam,Active,20,86331,0,0
Zone 5,2981,Natchiarkoil Lamp City,Active,27,82878,0,0
Zone 5,2981,Neyveli,Active,25,23514,0,0
Zone 5,2981,Neyveli Arch Gate,Active,31,91001,0,0
Zone 5,2981,Neyveli Power City,Active,54,58341,0,0
Zone 5,2981,Panruti,Active,115,31414,0,0
Zone 5,2981,Papanasam River City,Active,11,83319,0,0
Zone 5,2981,Pattukkottai Kings,Active,59,91202,0,0
Zone 5,2981,Pattukottai Mid Town,Active,34,82863,0,0
Zone 5,2981,Pennadam,Active,39,15879,0,0
Zone 5,2981,Peravurani,Active,27,83208,0,0
Zone 5,2981,Pondicherry,Active,36,15880,1,0
Zone 5,2981,Pondicherry Agni Siragugal,Active,29,227672,0,0
Zone 5,2981,Pondicherry Arikamedu Port,Active,16,226650,0,0
Zone 5,2981,Pondicherry Beach Town,Active,33,57405,5,0
Zone 5,2981,Pondicherry Central,Active,76,26623,1,0
Zone 5,2981,Pondicherry Champions,Active,24,228181,0,0
Zone 5,2981,Pondicherry-Cosmos,Active,53,30272,1,0
Zone 5,2981,Pondicherry Divine City,Active,29,223102,1,0
Zone 5,2981,Pondicherry Elites,Active,32,83779,0,0
Zone 5,2981,Pondicherry French City,Active,18,64814,0,0
Zone 5,2981,Pondicherry Friends City,Active,38,225274,0,0
Zone 5,2981,Pondicherry Glowing Stars,Active,100,227553,0,0
Zone 5,2981,Pondicherry Grande,Active,25,83947,0,0
Zone 5,2981,Pondicherry Heritage,Active,22,87539,1,0
Zone 5,2981,Pondicherry Legacy,Active,23,224440,0,0
Zone 5,2981,Pondicherry Mid-Town,Active,52,22670,0,0
Zone 5,2981,Pondicherry Nebula,Active,15,227719,0,0
Zone 5,2981,Pondicherry Nexus,Active,23,226727,0,0
Zone 5,2981,Pondicherry Phoenix,Active,38,225743,0,0
Zone 5,2981,Pondicherry Port,Active,41,31589,0,0
Zone 5,2981,Pondicherry Pothigai,Active,21,228213,0,0
Zone 5,2981,Pondicherry Pride,Active,80,223432,0,0
Zone 5,2981,Pondicherry Regal,Active,15,227122,0,0
Zone 5,2981,Pondicherry Shine,Active,13,227160,1,0
Zone 5,2981,Puducherry City,Active,36,225695,1,0
Zone 5,2981,Royal Pattukkottai,Active,42,226340,0,0
Zone 5,2981,Sirkali,Active,63,51009,5,0
Zone 5,2981,Sirkali Temple Town,Active,55,83199,0,0
Zone 5,2981,Srimushnam,Active,16,90962,1,0
Zone 5,2981,Tankcity Tiruvarur,Active,25,65756,0,0
Zone 5,2981,Thanjavur,Active,73,15890,0,0
Zone 5,2981,Thanjavur Big Temple,Active,52,83401,0,0
Zone 5,2981,Thanjavur Cauvery,Active,71,52268,0,0
Zone 5,2981,Thanjavur Cosmos,Active,21,86709,2,0
Zone 5,2981,Thanjavur Delta,Active,45,70635,0,0
Zone 5,2981,Thanjavur East,Active,21,222297,0,0
Zone 5,2981,Thanjavur Emperors,Active,34,87965,0,0
Zone 5,2981,Thanjavur Galaxy,Active,29,223453,0,0
Zone 5,2981,Thanjavur Granary,Active,76,84062,2,0
Zone 5,2981,Thanjavur Heritage,Active,25,223225,1,0
Zone 5,2981,Thanjavur Kings,Active,53,70038,1,0
Zone 5,2981,Thanjavur Kundhavai,Active,19,224186,0,0
Zone 5,2981,Thanjavur Majestic City,Active,35,227138,0,0
Zone 5,2981,Thanjavur Mid-Town,Active,50,21423,1,0
Zone 5,2981,Thanjavur Newtown,Active,25,30693,0,0
Zone 5,2981,Thanjavur Warriors,Active,47,227180,0,0
Zone 5,2981,Thirumullaivasal,Active,20,86514,0,0
Zone 5,2981,Thiruvaiyaru,Active,32,52062,1,0
Zone 5,2981,Thiruvarur Mid Town,Active,4,89623,0,0
Zone 5,2981,Thiruvonam,Active,20,228204,0,0
Zone 5,2981,Tiruthuraipoondi Delta,Active,53,83301,0,0
Zone 5,2981,Tiruturaipoondi,Active,61,22737,0,0
Zone 5,2981,Tiruvarur,Active,100,15895,0,0
Zone 5,2981,Ullikkottai,Active,15,227823,0,0
Zone 5,2981,Vadalur,Active,30,90930,1,0
Zone 5,2981,Vadalur Central,Active,21,223112,1,0
Zone 5,2981,Vailankanni,Active,78,78717,0,0
Zone 5,2981,Valangaiman,Active,26,67017,0,0
Zone 5,2981,Vedaraniam,Active,45,28304,0,0
Zone 5,2981,Veeranam Lake City,Active,28,222261,0,0
Zone 5,2981,Velankanni Green City,Active,75,226965,0,0
Zone 5,2981,Veppur,Active,38,89389,0,0
Zone 5,2981,Vijayapuram,Active,39,223393,0,0
Zone 5,2981,Virudhachalam Elite,Active,30,87693,0,0
Zone 5,2981,Vridhachalam,Active,70,30619,1,0
Zone 5,2982,Attur Central,Active,17,225895,0,0
Zone 5,2982,Dharmapuri,Active,64,15847,0,0
Zone 5,2982,Dharmapuri Elite,Active,48,89172,1,0
Zone 5,2982,Dharmapuri Mid Town,Active,56,57244,0,0
Zone 5,2982,Dharmapuri Phoenix,Active,31,227924,0,0
Zone 5,2982,Elampillai,Active,45,224714,0,0
Zone 5,2982,Gingee Fort,Active,39,52229,0,0
Zone 5,2982,Harur,Active,24,225921,0,0
Zone 5,2982,Hosur Lake View,Active,17,83284,0,0
Zone 5,2982,Hosur Royals,Active,16,226202,0,0
Zone 5,2982,Hosur Sipcot,Active,64,81300,1,0
Zone 5,2982,Jalakandapuram,Active,48,83106,3,0
Zone 5,2982,Kaveripatnam,Active,28,83660,0,0
Zone 5,2982,Maa-Nagar Krishnagiri,Active,39,80154,0,0
Zone 5,2982,Mettur Grand,Active,32,226322,1,0
Zone 5,2982,Mohanur,Active,44,83285,0,0
Zone 5,2982,Namakkal Educational City,Active,33,83386,0,0
Zone 5,2982,Namakkal Elite,Active,31,82879,0,0
Zone 5,2982,Namakkal Evergreen City,Active,47,87629,1,0
Zone 5,2982,Namakkal Heritage,Active,51,90910,0,0
Zone 5,2982,Namakkal Kings,Active,47,227262,0,0
Zone 5,2982,Namakkal (Salem),Active,93,15873,0,0
Zone 5,2982,Namakkal Transport City,Active,77,82836,0,0
Zone 5,2982,Rasipuram Royal,Active,56,89524,0,0
Zone 5,2982,Salem City,Active,39,227402,1,0
Zone 5,2982,Salem Divine Hearts,Active,10,227328,0,0
Zone 5,2982,Salem East,Active,28,31340,0,0
Zone 5,2982,Salem Elite,Active,57,86597,0,0
Zone 5,2982,Salem Evergreen,Active,39,88871,0,0
Zone 5,2982,Salem Fort,Active,42,82679,0,0
Zone 5,2982,Salem Happy,Active,46,226427,1,0
Zone 5,2982,Salem Harmony,Active,32,227590,0,0
Zone 5,2982,Salem Hillcity,Active,41,88115,0,0
Zone 5,2982,Salem Majestic,Active,37,89917,0,0
Zone 5,2982,Salem North,Active,38,15886,0,0
Zone 5,2982,Salem Power Grand,Active,11,88177,0,0
Zone 5,2982,Salem Royal Crown,Active,7,227955,0,0
Zone 5,2982,Salem Rupavati,Active,25,90915,0,0
Zone 5,2982,Salem Sigaram,Active,35,227856,1,0
Zone 5,2982,Salem Steel City,Active,11,227589,0,0
Zone 5,2982,Salem Success,Active,18,226403,0,0
Zone 5,2982,Salem Sunrise,Active,17,226405,0,0
Zone 5,2982,Salem Sunstar,Active,23,73402,0,0
Zone 5,2982,Salem Texcity,Active,56,63034,0,0
Zone 5,2982,Salem Wonderful,Active,28,227061,0,0
Zone 5,2982,Salem Young Town,Active,9,85551,1,0
Zone 5,2982,Sankarapuram,Active,77,29651,0,0
Zone 5,2982,Thalaivasal,Active,56,86962,0,0
Zone 5,2982,Thiyagadurgam,Active,31,224937,0,0
Zone 5,2982,Tindivanam Elite,Active,18,227121,0,0
Zone 5,2982,Tiruchengode,Active,68,15892,0,0
Zone 5,2982,Tiruchengode Redrock,Active,38,72970,0,0
Zone 5,2982,Tiruchengode Sangamam,Active,28,91235,0,0
Zone 5,2982,Tiruchengodu Hi-Tech,Active,26,82822,5,0
Zone 5,2982,Tirukkoyilur Temple City,Active,49,224847,0,0
Zone 5,3000,Alangudi,Active,39,30181,0,0
Zone 5,3000,Alangudi Central,Active,23,80712,0,0
Zone 5,3000,Andipatti,Active,45,85163,0,0
Zone 5,3000,Annavasal Annapparavai,Active,25,227615,0,0
Zone 5,3000,Arantangi The Fort City,Active,20,87720,1,0
Zone 5,3000,Aranthai Friends,Active,40,222294,0,0
Zone 5,3000,Aranthai Royal,Active,15,228093,0,0
Zone 5,3000,Aravakkurichi,Active,13,225734,0,0
Zone 5,3000,Ariyalur,Active,101,15907,0,0
Zone 5,3000,Batlagundu New Generation,Active,55,82250,1,0
Zone 5,3000,Bodinayakkanur,Active,16,27418,0,0
Zone 5,3000,Bodi Western Ghats,Active,25,227112,0,0
Zone 5,3000,Bodi Western Ghats Feathers,Active,25,227659,0,0
Zone 5,3000,Cauvery Tiruchirapalli,Active,14,27248,0,0
Zone 5,3000,Chinnalapatti Dream,Active,13,227214,0,0
Zone 5,3000,Chinnamanur Central,Active,19,226081,0,0
Zone 5,3000,Chinnamanur Green City,Active,23,88681,0,0
Zone 5,3000,Cumbum Green Valley,Active,60,80891,0,0
Zone 5,3000,Dindigul Aram,Active,12,225940,0,0
Zone 5,3000,Dindigul Central,Active,26,61066,0,0
Zone 5,3000,Dindigul Dreams,Active,16,227226,0,0
Zone 5,3000,Dindigul Miracle,Active,10,227187,0,0
Zone 5,3000,Gandarvakottai Vaagai,Active,9,226816,0,0
Zone 5,3000,Gandharvakottai Bharath,Active,32,83322,1,0
Zone 5,3000,Inamkulathur,Active,15,228152,0,0
Zone 5,3000,Jayakondam Best,Active,15,228236,0,0
Zone 5,3000,Karur Amaravathi,Active,23,86171,0,0
Zone 5,3000,Karur Central,Active,26,59133,1,0
Zone 5,3000,Karur Cheran,Active,33,86977,0,0
Zone 5,3000,Karur Pugazhi,Active,24,227557,0,0
Zone 5,3000,Karur Texcity,Active,160,31479,2,0
Zone 5,3000,Kattur,Active,52,15919,0,0
Zone 5,3000,Lalgudi,Active,17,228122,0,0
Zone 5,3000,Lalgudi Stars,Active,16,228230,0,0
Zone 5,3000,Madurai,Active,51,15926,0,0
Zone 5,3000,Madurai Classic,Active,34,225918,0,0
Zone 5,3000,Madurai Innovators,Active,63,87882,1,0
Zone 5,3000,Madurai Jallikattu,Active,34,225567,0,0
Zone 5,3000,Madurai Kadambavanam,Active,63,228182,0,0
Zone 5,3000,Madurai Kings City,Active,32,82063,0,0
Zone 5,3000,Madurai Majesty,Active,26,227419,0,0
Zone 5,3000,Madurai Matrix,Active,50,227235,0,0
Zone 5,3000,Madurai Next Gen,Active,59,85234,1,0
Zone 5,3000,Madurai North,Active,74,50621,7,0
Zone 5,3000,Madurai Pandian,Active,17,86952,0,0
Zone 5,3000,Madurai Paramount,Active,20,225654,0,0
Zone 5,3000,Madurai Royal,Active,29,223240,0,0
Zone 5,3000,Madurai Royal Kings,Active,11,227219,0,0
Zone 5,3000,Madurai Sporting Amigos,Active,40,224502,0,0
Zone 5,3000,Madurai Star,Active,35,85951,1,0
Zone 5,3000,Madurai Tamil Sangam,Active,11,227005,0,0
Zone 5,3000,Malaiyur,Active,27,227607,0,0
Zone 5,3000,Manaparai Dreams,Active,11,227240,0,0
Zone 5,3000,Manapparai,Active,56,28481,0,0
Zone 5,3000,Manapparai Next Gen,Active,25,227263,0,0
Zone 5,3000,Manapparai West,Active,8,84014,0,0
Zone 5,3000,Manavai Kings,Active,21,88219,0,0
Zone 5,3000,Melur,Active,21,228094,0,0
Zone 5,3000,Musiri Green City,Active,12,227234,0,0
Zone 5,3000,Musiri Stars,Active,20,228234,0,0
Zone 5,3000,New Majestic Pudukkottai,Active,17,70896,0,0
Zone 5,3000,Nilakottai Gems Golden City,Active,10,88873,0,0
Zone 5,3000,Oddanchatram Elite,Active,16,225607,0,0
Zone 5,3000,Pallapatti Central,Active,20,60973,0,0
Zone 5,3000,Pattiveeranpatti Pride,Active,14,225811,0,0
Zone 5,3000,Perambalur Achievers,Active,17,228124,0,0
Zone 5,3000,Perambalur Cotton City,Active,17,223120,0,0
Zone 5,3000,Perambalur New Gen,Active,25,84016,0,0
Zone 5,3000,Perambalur Pillars,Active,18,228229,0,0
Zone 5,3000,Perambalur Sigaram,Active,17,227825,0,0
Zone 5,3000,Pudugai Vetri,Active,27,227937,0,0
Zone 5,3000,Pudukkottai Dreams Fort,Active,25,227244,0,0
Zone 5,3000,Pudukkottai Metro,Active,34,227596,0,0
Zone 5,3000,Pudukkottai Midtown,Active,14,57062,1,0
Zone 5,3000,Pudukkottai Palace City,Active,54,50212,0,0
Zone 5,3000,Pudukkottai Perarasu,Active,471,227959,0,0
Zone 5,3000,Sendurai,Active,22,227291,0,0
Zone 5,3000,Somarasampettai,Active,15,228154,0,0
Zone 5,3000,Tharagampatty,Active,20,228167,0,0
Zone 5,3000,Theni Sangamam,Active,26,83519,0,0
Zone 5,3000,Theni Thozha,Active,20,228250,0,0
Zone 5,3000,Theni United Inspirers,Active,14,227335,1,0
Zone 5,3000,Theni Vaigai Siragugal,Active,14,227207,0,0
Zone 5,3000,Thirumayam Fort,Active,31,225655,0,0
Zone 5,3000,Thiruvappur,Active,25,228161,0,0
Zone 5,3000,Thogaimalai,Active,21,227456,0,0
Zone 5,3000,Thuraiyur,Active,73,21317,0,0
Zone 5,3000,Thuraiyur Sri Tirumala,Active,25,227093,0,0
Zone 5,3000,Thuvarankurichi,Active,26,227339,0,0
Zone 5,3000,Tiruchirapalli Fort,Active,100,15950,5,0
Zone 5,3000,Tiruchirapalli Greater,Active,3,223131,1,0
Zone 5,3000,Tiruchirapalli Metro,Active,33,31727,0,0
Zone 5,3000,Tiruchirapalli Metropolitan,Active,10,88931,0,0
Zone 5,3000,Tiruchirappalli Eye Donation,Active,20,225912,0,0
Zone 5,3000,Tiruchirappalli Visionaries,Active,26,228218,0,0
Zone 5,3000,Tiruchi Thamizhachi,Active,10,89934,0,0
Zone 5,3000,Tiruchy Central,Active,38,61144,0,0
Zone 5,3000,Tiruchy Sangamam,Active,14,227609,0,0
Zone 5,3000,Tirumangalam,Active,23,86664,1,0
Zone 5,3000,Tiruverumpur Barath,Active,18,53972,0,0
Zone 5,3000,T. Palur,Active,15,227311,0,0
Zone 5,3000,Trichirapalli North,Active,18,84975,0,0
Zone 5,3000,Trichy Clouds,Active,13,91252,0,0
Zone 5,3000,Trichy Delta,Active,18,227190,0,0
Zone 5,3000,Trichy Dreamers,Active,80,227141,0,0
Zone 5,3000,Trichy Kings,Active,8,90711,0,0
Zone 5,3000,Trichy Legends,Active,20,227480,0,0
Zone 5,3000,Trichy Majestic,Active,42,227329,0,0
Zone 5,3000,Trichy Nexus,Active,25,228249,0,0
Zone 5,3000,Trichy One Health,Active,39,227754,4,0
Zone 5,3000,Trichy Pioneers,Active,15,228153,0,0
Zone 5,3000,Trichy Rainbow,Active,26,228198,0,0
Zone 5,3000,Trichy River Town,Active,15,225527,0,0
Zone 5,3000,Trichy River Town Gen Z,Active,15,228078,0,0
Zone 5,3000,Trichy Royal Kings,Active,25,228216,0,0
Zone 5,3000,Trichy Thalir Thalaimurai,Active,15,228241,0,0
Zone 5,3000,Trichy Thendral,Active,15,226163,0,0
Zone 5,3000,Trichy Titans,Active,29,228203,0,0
Zone 5,3000,Trichy Tolgate Central,Active,25,228253,0,0
Zone 5,3000,Trichy Wings,Active,25,228246,0,0
Zone 5,3000,Trichy Zhagaram,Active,31,228240,0,0
Zone 5,3000,Usilampatti,Active,25,84532,0,0
Zone 5,3000,Varadarajanpettai,Active,15,228155,0,0
Zone 5,3000,Vathalagundu,Active,13,223034,1,0
Zone 5,3000,Viralimalai,Active,15,228089,0,0
Zone 4,3011,Activa Delhi,Active,18,225327,1,0
Zone 4,3011,Central Youth Shakti (Faridabad),Active,5,223054,0,0
Zone 4,3011,Delhi Adiva,Active,39,225488,0,0
Zone 4,3011,Delhi Aura,Active,12,226157,0,0
Zone 4,3011,Delhi Cama Place,Active,21,25232,0,0
Zone 4,3011,Delhi Compassion and Hope,Active,32,225825,1,0
Zone 4,3011,Delhi Divine Aces,Active,25,228222,0,0
Zone 4,3011,Delhi Dynamic,Active,23,225449,0,0
Zone 4,3011,Delhi Euphoria,Active,22,225642,0,0
Zone 4,3011,Delhi Femina,Active,75,87625,0,0
Zone 4,3011,Delhi Genesis,Active,14,225504,1,0
Zone 4,3011,Delhi Golfers,Active,15,227167,0,0
Zone 4,3011,Delhi Imperia,Active,14,227818,1,0
Zone 4,3011,Delhiites,Active,72,89492,0,0
Zone 4,3011,Delhi Madhyam,Active,14,91111,0,0
Zone 4,3011,Delhi Nexus,Active,19,227223,0,0
Zone 4,3011,Delhi Orchids,Active,16,226288,0,0
Zone 4,3011,Delhi Platinum,Active,26,227134,0,0
Zone 4,3011,Delhi Purple,Active,15,227164,0,0
Zone 4,3011,Delhi Regency,Active,45,30966,2,0
Zone 4,3011,Delhi Rendezvous GenNext,Active,28,228032,0,0
Zone 4,3011,Delhi Sainik Farms,Active,26,26072,1,0
Zone 4,3011,Delhi Select,Active,18,227460,0,0
Zone 4,3011,Delhi South Central,Active,80,23232,1,0
Zone 4,3011,Delhi South Central Next,Active,25,89026,0,0
Zone 4,3011,Delhi Southend Evolve,Active,22,226155,0,0
Zone 4,3011,Delhi Stellar,Active,34,89564,0,0
Zone 4,3011,Delhi Sunrise,Active,15,227918,0,0
Zone 4,3011,Delhi Vasant Vihar,Active,28,89332,0,0
Zone 4,3011,Delhi Westend,Active,10,23188,1,0
Zone 4,3011,E-Club of E.A.R.T.H,Active,24,226230,0,0
Zone 4,3011,Faridabad Amrita,Active,18,225904,0,0
Zone 4,3011,Faridabad Central,Active,37,15244,0,0
Zone 4,3011,Faridabad City,Active,29,221969,0,0
Zone 4,3011,Faridabad Cosmopolitan,Active,19,86177,0,0
Zone 4,3011,Faridabad Diamond,Active,15,227997,0,0
Zone 4,3011,Faridabad Elite,Active,16,88334,0,0
Zone 4,3011,Faridabad Excellence,Active,47,226334,0,0
Zone 4,3011,Faridabad Greater,Active,47,83865,0,0
Zone 4,3011,Faridabad Happiness,Active,20,224149,0,0
Zone 4,3011,Faridabad IMT Next,Active,12,225511,0,0
Zone 4,3011,Faridabad Industrial Town,Active,17,27006,0,0
Zone 4,3011,Faridabad Josh,Active,19,225261,0,0
Zone 4,3011,Faridabad Lifeline,Active,4,224189,0,0
Zone 4,3011,Faridabad Mid Town,Active,66,79173,0,0
Zone 4,3011,Faridabad Midtown Next,Active,36,91224,1,0
Zone 4,3011,Faridabad NIT Next,Active,16,91237,0,0
Zone 4,3011,Faridabad Prerna,Active,4,225319,0,0
Zone 4,3011,Faridabad Professionals,Active,10,91226,0,0
Zone 4,3011,Gurgaon Civil Lines,Active,32,91215,0,0
Zone 4,3011,Gurgaon Spundan,Active,17,228226,0,0
Zone 4,3011,Narnaul Royals,Active,8,227325,0,0
Zone 4,3011,Narnaul Unity,Active,10,225802,0,0
Zone 4,3011,National Capital Region Golfers,Active,23,222646,0,0
Zone 4,3011,Palwal City,Active,21,84173,0,0
Zone 4,3011,Palwal Parivar,Active,21,225645,0,0
Zone 4,3011,Palwal Sanskar,Active,24,90420,0,0
Zone 4,3011,Rewari City,Active,36,84178,0,0
Zone 4,3011,Rewari Royals,Active,30,222796,0,0
Zone 4,3011,Rohtak Central,Active,11,227159,0,0
Zone 4,3011,Rohtak City,Active,66,83840,0,0
Zone 4,3011,Rohtak Heritage,Active,22,225503,0,0
Zone 4,3011,Rohtak Royal,Active,7,88901,0,0
Zone 4,3011,Rohtak Sapphire,Active,87,223180,0,0
Zone 4,3011,Rohtak Scholars,Active,336,87891,0,0
Zone 4,3011,South Gurugram,Active,20,227294,0,0
Zone 4,3012,Capital City New Delhi,Active,39,85210,2,0
Zone 4,3012,Dadri,Active,54,15317,0,0
Zone 4,3012,Dankaur,Active,6,223028,0,0
Zone 4,3012,Delhi Aagaz,Active,2,222780,0,0
Zone 4,3012,Delhi Accord,Active,12,223485,0,0
Zone 4,3012,Delhi Achievers,Active,38,82610,1,0
Zone 4,3012,Delhi Akshar,Active,164,227592,0,0
Zone 4,3012,Delhi Ananta,Active,57,90654,1,0
Zone 4,3012,Delhi Ashoka,Active,60,54625,1,0
Zone 4,3012,Delhi Aspire,Active,13,87624,0,0
Zone 4,3012,Delhi Bridge,Active,7,224721,0,0
Zone 4,3012,Delhi Capitol,Active,32,51496,1,0
Zone 4,3012,Delhi Civil Lines,Active,20,30018,0,0
Zone 4,3012,Delhi East End,Active,24,58246,1,0
Zone 4,3012,Delhi Ekta,Active,17,228064,0,0
Zone 4,3012,Delhi Karma,Active,23,88277,0,0
Zone 4,3012,Delhi Magnificent,Active,3,222627,0,0
Zone 4,3012,Delhi Marvel,Active,3,222637,0,0
Zone 4,3012,Delhi Mystics,Active,13,224744,0,0
Zone 4,3012,Delhi NCR Vibrant,Active,6,91066,0,0
Zone 4,3012,Delhi Regals,Active,29,90575,1,0
Zone 4,3012,Delhi Riverside,Active,38,69616,0,0
Zone 4,3012,Delhi Royal East,Active,17,225809,0,0
Zone 4,3012,Delhi Royals,Active,34,84572,1,0
Zone 4,3012,Delhi Superstars,Active,7,223404,0,0
Zone 4,3012,Delhi Victory,Active,7,90949,0,0
Zone 4,3012,Delhi Vinod Nagar,Active,6,223287,0,0
Zone 4,3012,Ghaziabad Anant,Active,89,90616,0,0
Zone 4,3012,Ghaziabad Ashoka,Active,6,223397,0,0
Zone 4,3012,Ghaziabad Astha,Active,6,223369,0,0
Zone 4,3012,Ghaziabad Central,Active,76,28109,0,0
Zone 4,3012,Ghaziabad Centurion,Active,12,222987,0,0
Zone 4,3012,Ghaziabad Century,Active,11,90952,0,0
Zone 4,3012,Ghaziabad Chiranjeev Vihar,Active,9,56315,1,0
Zone 4,3012,Ghaziabad Diamond,Active,7,223392,0,0
Zone 4,3012,Ghaziabad Divine,Active,3,222787,0,0
Zone 4,3012,Ghaziabad Elite,Active,33,91223,0,0
Zone 4,3012,Ghaziabad Excellence,Active,6,76413,0,0
Zone 4,3012,Ghaziabad Gold,Active,38,225763,0,0
Zone 4,3012,Ghaziabad Golf Links,Active,38,221923,1,0
Zone 4,3012,Ghaziabad Grace,Active,6,223213,0,0
Zone 4,3012,Ghaziabad Greater,Active,39,30004,1,0
Zone 4,3012,Ghaziabad Green Smart City,Active,8,225769,0,0
Zone 4,3012,Ghaziabad Gulmohar,Active,6,223366,0,0
Zone 4,3012,Ghaziabad Gyankhand,Active,7,223284,0,0
Zone 4,3012,Ghaziabad Harmony,Active,7,222633,0,0
Zone 4,3012,Ghaziabad Heritage,Active,53,65725,0,0
Zone 4,3012,Ghaziabad Hindon,Active,12,90599,0,0
Zone 4,3012,Ghaziabad Ideal,Active,73,68341,1,0
Zone 4,3012,Ghaziabad Industrial Town,Active,39,31791,0,0
Zone 4,3012,Ghaziabad Lakshay,Active,38,225767,0,0
Zone 4,3012,Ghaziabad Lotus,Active,7,223396,0,0
Zone 4,3012,Ghaziabad Mavericks,Active,38,89906,0,0
Zone 4,3012,Ghaziabad Metro,Active,12,83993,1,0
Zone 4,3012,Ghaziabad Mid Town,Active,28,73109,0,0
Zone 4,3012,Ghaziabad Millenials,Active,4,223035,0,0
Zone 4,3012,Ghaziabad Navodaya,Active,7,78594,0,0
Zone 4,3012,Ghaziabad New Shatabdi,Active,3,223547,0,0
Zone 4,3012,Ghaziabad Nihar,Active,11,225818,0,0
Zone 4,3012,Ghaziabad Nikunj,Active,6,88149,0,0
Zone 4,3012,Ghaziabad North Central,Active,7,223387,0,0
Zone 4,3012,Ghaziabad Paradise,Active,32,223016,0,0
Zone 4,3012,Ghaziabad Pratap Vihar,Active,7,223296,0,0
Zone 4,3012,Ghaziabad Pride,Active,6,90343,0,0
Zone 4,3012,Ghaziabad Rajdhani,Active,6,88792,0,0
Zone 4,3012,Ghaziabad Raj Nagar,Active,6,223293,0,0
Zone 4,3012,Ghaziabad Regency,Active,9,81399,0,0
Zone 4,3012,Ghaziabad Rhythm,Active,6,223217,0,0
Zone 4,3012,Ghaziabad Shaurya,Active,11,225803,0,0
Zone 4,3012,Ghaziabad South End,Active,42,50787,0,0
Zone 4,3012,Ghaziabad Sunrays,Active,8,223352,0,0
Zone 4,3012,Ghaziabad Vijay Nagar,Active,7,223295,0,0
Zone 4,3012,Ghaziabad Vision,Active,10,225783,0,0
Zone 4,3012,Ghaziabad Vista,Active,6,223216,0,0
Zone 4,3012,Hapur,Active,18,15336,0,0
Zone 4,3012,Hapur Central,Active,37,23793,0,0
Zone 4,3012,Hapur Diamond,Active,7,88171,0,0
Zone 4,3012,Hapur Elite,Active,6,223435,0,0
Zone 4,3012,Hapur Greater,Active,5,59706,0,0
Zone 4,3012,Hapur Main,Active,22,225619,0,0
Zone 4,3012,Hapur Platinum,Active,8,90598,0,0
Zone 4,3012,Indirapuram,Active,16,83144,0,0
Zone 4,3012,Jindal Nagar,Active,24,15344,0,0
Zone 4,3012,Kundli,Active,22,85921,2,0
Zone 4,3012,Modinagar,Active,18,15362,0,0
Zone 4,3012,NCR Galaxy,Active,10,88155,0,0
Zone 4,3012,Noida Elegance,Active,21,221959,0,0
Zone 4,3012,Noida Extension,Active,9,223391,0,0
Zone 4,3012,Noida Iconic,Active,42,221877,0,0
Zone 4,3012,Noida Indraprastha,Active,10,227382,0,0
Zone 4,3012,Pilkhuwa,Active,18,15381,0,0
Zone 4,3012,Pilkhuwa City,Active,43,89053,0,0
Zone 4,3012,Shipra Sun City,Active,8,89651,0,0
Zone 4,3012,Sonepat City,Active,17,80573,0,0
Zone 4,3012,Sonepat Education City,Active,9,88169,0,0
Zone 4,3012,Sonepat Excellence,Active,11,88173,0,0
Zone 4,3012,Sonepat Rising Star,Active,10,91013,0,0
Zone 4,3012,Sonepat Uptown,Active,7,26063,0,0
Zone 7,3020,Amalapuram,Active,18,15552,0,0
Zone 7,3020,Amaravathi,Active,22,222753,1,0
Zone 7,3020,AMTZ Vizag,Active,22,227218,0,0
Zone 7,3020,Amudalavalasa Town,Active,21,51612,0,0
Zone 7,3020,Bezawada Stars,Active,14,225041,0,0
Zone 7,3020,Bhimavaram,Active,23,15556,0,0
Zone 7,3020,Bobbili Tigers,Active,20,86809,0,0
Zone 7,3020,Eluru,Active,37,15564,0,0
Zone 7,3020,Gannavaram,Active,25,50339,0,0
Zone 7,3020,Godavari Palakol,Active,24,87044,0,0
Zone 7,3020,Gollapudi,Active,30,86169,0,0
Zone 7,3020,Greater Amaravathi,Active,17,228070,0,0
Zone 7,3020,Greater Visakha,Active,52,223517,0,0
Zone 7,3020,Gudivada,Active,109,15565,0,0
Zone 7,3020,Ichchapuram,Active,33,24299,0,0
Zone 7,3020,Jangareddigudem,Active,24,21112,0,0
Zone 7,3020,Kakinada Central,Active,89,15575,1,0
Zone 7,3020,Kakinada Elite,Active,22,87999,1,0
Zone 7,3020,Kakinada Green City,Active,15,86528,2,0
Zone 7,3020,Kakinada Smart City,Active,12,88443,0,0
Zone 7,3020,Kakinada Sunrise,Active,32,223375,0,0
Zone 7,3020,Kothapeta,Active,6,15579,0,0
Zone 7,3020,Koyyala Gudem,Active,29,31840,0,0
Zone 7,3020,Kuchipudi,Active,14,24281,0,0
Zone 7,3020,Machilipatnam,Active,30,15583,0,0
Zone 7,3020,Malikipuram,Active,21,26592,0,0
Zone 7,3020,Mandapeta,Active,20,57484,0,0
Zone 7,3020,Mummidivaram,Active,18,26354,0,0
Zone 7,3020,Narasapur,Active,28,50713,0,0
Zone 7,3020,Narsipatnam,Active,30,65482,0,0
Zone 7,3020,Nidadavole Central,Active,43,81174,0,0
Zone 7,3020,Nidadavole Mid Town,Active,22,225176,0,0
Zone 7,3020,Nuzvid Mango Town,Active,34,60814,0,0
Zone 7,3020,Palakol,Active,63,51722,0,0
Zone 7,3020,Palakol Sunrise,Active,19,225917,0,0
Zone 7,3020,Peddapuram-Samalkot,Active,35,15595,0,0
Zone 7,3020,Rajahmundry,Active,29,15597,0,0
Zone 7,3020,Rajamahendravaram Icons,Active,109,224663,0,0
Zone 7,3020,Rajam Town,Active,15,79432,0,0
Zone 7,3020,Razole,Active,41,23705,0,0
Zone 7,3020,Sompeta,Active,39,15605,0,0
Zone 7,3020,Srikakulam,Active,23,15606,0,0
Zone 7,3020,Srikakulam Central,Active,47,74962,0,0
Zone 7,3020,Tanuku,Active,68,15608,0,0
Zone 7,3020,Tuni,Active,61,15611,4,0
Zone 7,3020,Vijayawada Central,Active,33,60667,1,0
Zone 7,3020,Vijayawada Diamonds,Active,15,226062,0,0
Zone 7,3020,Vijayawada Icons,Active,15,226108,0,0
Zone 7,3020,Vijayawada Sree Durga,Active,34,62493,0,0
Zone 7,3020,Visakhapatnam South,Active,38,23310,0,0
Zone 7,3020,Visakha Pearl City,Active,21,29996,0,0
Zone 7,3020,Visakha Valley,Active,46,52222,0,0
Zone 7,3020,Vishaka Smart City,Active,16,90741,0,0
Zone 7,3020,Vizag Couples,Active,81,64156,1,0
Zone 7,3020,Vizag Destiny,Active,4,224702,0,0
Zone 7,3020,Vizag Diamonds,Active,73,224361,2,0
Zone 7,3020,Vizag Elite,Active,38,81014,1,0
Zone 7,3020,Vizag Hill View,Active,20,27708,0,0
Zone 7,3020,Vizag Mid Town,Active,11,21686,0,0
Zone 7,3020,Vizianagaram Fort,Active,10,223500,0,0
Zone 7,3020,Vuyyuru,Active,19,15616,0,0
Zone 6,3030,Akola Agrocity,Active,27,88460,0,0
Zone 6,3030,Akola Central,Active,14,73603,0,0
Zone 6,3030,Akola Rajeshwar City,Active,15,228220,0,0
Zone 6,3030,Akot,Active,24,15482,0,0
Zone 6,3030,Akot Vision,Active,38,226550,0,0
Zone 6,3030,Amravati Indrapuri,Active,38,55485,0,0
Zone 6,3030,Amravati Midtown,Active,114,15486,1,0
Zone 6,3030,Bhadrawati,Active,29,87085,0,0
Zone 6,3030,Bhusaval,Active,26,15491,0,0
Zone 6,3030,Black Diamond City Wani,Active,53,85384,0,0
Zone 6,3030,Chanda Fort,Active,29,29647,0,0
Zone 6,3030,Chandwad,Active,15,228120,0,0
Zone 6,3030,Chimur,Active,22,90785,0,0
Zone 6,3030,Chopda,Active,52,15506,0,0
Zone 6,3030,Cotton City Arvi,Active,20,224174,0,0
Zone 6,3030,Deola Town,Active,38,55538,0,0
Zone 6,3030,Dharangaon,Active,35,227331,0,0
Zone 6,3030,Digras Education City,Active,20,227253,0,0
Zone 6,3030,Erandol,Active,33,227202,0,0
Zone 6,3030,Gadchiroli,Active,21,224146,0,0
Zone 6,3030,Igatpuri Green City,Active,31,227171,0,0
Zone 6,3030,Jalgaon Connect,Active,49,228225,0,0
Zone 6,3030,Jalgaon Green City,Active,45,227461,0,0
Zone 6,3030,Jalgaon Humanity,Active,17,227490,0,0
Zone 6,3030,Jalgaon North,Active,29,226903,0,0
Zone 6,3030,Jalgaon Royals,Active,70,222632,0,0
Zone 6,3030,Jalgaon Stars,Active,52,90030,0,0
Zone 6,3030,Malegaon City,Active,38,227151,0,0
Zone 6,3030,Malegaon Happy Thoughts,Active,17,227562,0,0
Zone 6,3030,Malegaon Vision,Active,28,225745,1,0
Zone 6,3030,Manmad,Active,20,15526,0,0
Zone 6,3030,Manmad Magic,Active,13,226451,0,0
Zone 6,3030,Nagpur Black Gold,Active,14,85991,0,0
Zone 6,3030,Nagpur Central,Active,28,29516,0,0
Zone 6,3030,Nagpur Friends,Active,12,227163,1,0
Zone 6,3030,Nagpur Golfers,Active,21,225909,0,0
Zone 6,3030,Nagpur Metro,Active,36,83300,0,0
Zone 6,3030,Nagpur Mihan Town,Active,53,83238,5,0
Zone 6,3030,Nagpur Neo,Active,20,227526,0,0
Zone 6,3030,Nagpur South,Active,56,15589,2,0
Zone 6,3030,Nagpur Udyami,Active,44,227333,0,0
Zone 6,3030,Nashik Nexus,Active,17,226441,0,0
Zone 6,3030,Nashik Udyami,Active,21,227192,0,0
Zone 6,3030,Nashik Vision Nxt,Active,22,85344,0,0
Zone 6,3030,Nasik Canada Corner,Active,37,53869,0,0
Zone 6,3030,Nasik Supreme,Active,18,227144,0,0
Zone 6,3030,Parola,Active,38,227256,0,0
Zone 6,3030,Pimpalgaon Baswant,Active,16,227904,0,0
Zone 6,3030,Rajura,Active,30,223168,0,0
Zone 6,3030,Satana Devmamaledar,Active,19,86124,0,0
Zone 6,3030,Satana Midtown,Active,19,88108,0,0
Zone 6,3030,Satpuda Valley,Active,15,227643,0,0
Zone 6,3030,Shegaon,Active,39,87696,0,0
Zone 6,3030,Trimbak Sahyadri Hills,Active,15,227281,0,0
Zone 6,3030,Umarkhed,Active,47,53743,0,0
Zone 6,3030,Umrane,Active,15,228083,0,0
Zone 6,3030,Warora,Active,34,28450,1,0
Zone 6,3030,Washim Vatsagulma,Active,13,227796,0,0
Zone 6,3030,Yavatmal,Active,113,31000,0,0
Zone 6,3030,Yavatmal Midtown,Active,54,79719,0,0
Zone 4,3040,Apna Meghnagar,Active,11,86840,0,0
Zone 4,3040,Azad Jhabua,Active,14,85529,0,0
Zone 4,3040,Barwani,Active,7,15150,0,0
Zone 4,3040,Barwani City,Active,9,86029,0,0
Zone 4,3040,Belle Hills,Active,8,227082,0,0
Zone 4,3040,Bhelsha Vidisha,Active,9,225583,0,0
Zone 4,3040,Bhopal,Active,29,15153,0,0
Zone 4,3040,Bhopal Capital,Active,8,58509,0,0
Zone 4,3040,Bhopal North,Active,7,84181,0,0
Zone 4,3040,Bhopal Sewa Sankalp,Active,16,227862,0,0
Zone 4,3040,Bhopal Shahpura,Active,21,84266,1,0
Zone 4,3040,Bhopal Shaurya,Active,25,226511,0,0
Zone 4,3040,Bhopal Smart City,Active,38,88566,0,0
Zone 4,3040,Bhopal South,Active,6,27944,0,0
Zone 4,3040,Bhorasa,Active,5,58545,0,0
Zone 4,3040,Burhanpur Prime,Active,17,227979,0,0
Zone 4,3040,City Bhopal,Active,8,225002,0,0
Zone 4,3040,Dahod,Active,5,30904,0,0
Zone 4,3040,Derol Station,Active,13,15162,0,0
Zone 4,3040,Dhamnod Active,Active,8,85329,0,0
Zone 4,3040,Dhar Central,Active,12,86075,0,0
Zone 4,3040,Dhar Diomand,Active,6,89297,0,0
Zone 4,3040,Dhar Galaxy,Active,7,89033,0,0
Zone 4,3040,Diamond Dahod,Active,6,87649,0,0
Zone 4,3040,East Bhopal,Active,26,15154,1,0
Zone 4,3040,Godhra,Active,31,15170,0,0
Zone 4,3040,Greater Bhopal,Active,12,29124,0,0
Zone 4,3040,Greater Vidisha,Active,10,63697,0,0
Zone 4,3040,Halol,Active,15,222946,0,0
Zone 4,3040,Harda,Active,6,223563,0,0
Zone 4,3040,Hatpipliya,Active,7,83511,0,0
Zone 4,3040,Indore,Active,15,15172,0,0
Zone 4,3040,Indore Ahilya,Active,9,222989,0,0
Zone 4,3040,Indore Annapurna,Active,7,82540,0,0
Zone 4,3040,Indore Challengers,Active,7,226905,0,0
Zone 4,3040,Indore Choithram,Active,29,89110,0,0
Zone 4,3040,Indore City,Active,13,59169,1,0
Zone 4,3040,Indore Corporate,Active,6,88567,0,0
Zone 4,3040,Indore Dynamic,Active,13,84251,1,0
Zone 4,3040,Indore Galaxy,Active,9,86052,0,0
Zone 4,3040,Indore Greater,Active,20,24061,0,0
Zone 4,3040,Indore Holkar,Active,9,50628,0,0
Zone 4,3040,Indore Marshals,Active,19,89261,0,0
Zone 4,3040,Indore Navlakha,Active,6,53979,0,0
Zone 4,3040,Indore Nextgen,Active,9,227485,0,0
Zone 4,3040,Indore North,Active,21,52955,1,0
Zone 4,3040,Indore Valley,Active,6,223561,0,0
Zone 4,3040,Khandwa Nimar,Active,20,226516,0,0
Zone 4,3040,Khargone,Active,25,52312,0,0
Zone 4,3040,Khargone City,Active,10,90770,0,0
Zone 4,3040,Khurai,Active,5,224850,0,0
Zone 4,3040,Lakes Bhopal,Active,30,69892,1,0
Zone 4,3040,Manasa,Active,19,52063,0,0
Zone 4,3040,Mandsaur,Active,89,15114,0,0
Zone 4,3040,Mhow,Active,34,15183,2,0
Zone 4,3040,Mhow Cantt,Active,14,224159,0,0
Zone 4,3040,Narmadapuram,Active,12,31408,0,0
Zone 4,3040,Narmadapuram Royal,Active,9,226409,0,0
Zone 4,3040,Neemuch,Active,99,15121,0,0
Zone 4,3040,Neemuch Cantt.,Active,13,60810,0,0
Zone 4,3040,Neemuch Diamond,Active,13,86123,0,0
Zone 4,3040,New Bhopal,Active,5,224504,0,0
Zone 4,3040,New Petlawad,Active,18,88812,0,0
Zone 4,3040,Pandhurna,Active,6,91254,0,0
Zone 4,3040,Rajgarh,Active,6,76670,0,0
Zone 4,3040,Ratlam,Active,98,15128,1,0
Zone 4,3040,Ratlam Central,Active,43,24691,0,0
Zone 4,3040,Ratlam Platinum,Active,11,222254,0,0
Zone 4,3040,Ratlam Prime,Active,43,85319,0,0
Zone 4,3040,Sagar,Active,73,15192,0,0
Zone 4,3040,Sagar Central,Active,42,23047,0,0
Zone 4,3040,Sagar Grande,Active,8,85783,0,0
Zone 4,3040,Sagar Nexus,Active,16,227855,0,0
Zone 4,3040,Sagar Phoenix,Active,19,84247,0,0
Zone 4,3040,Sagar Sukun,Active,13,224890,0,0
Zone 4,3040,Sehore,Active,29,15193,0,0
Zone 4,3040,Sendhwa,Active,11,82472,0,0
Zone 4,3040,Smart City Dahod,Active,11,225671,0,0
Zone 4,3040,Sonkatch Navoday,Active,9,227649,0,0
Zone 4,3040,Ujjain Greater,Active,25,29607,1,0
Zone 4,3040,Ujjain Holy City,Active,6,69887,0,0
Zone 4,3040,Vidisha,Active,31,31447,0,0
Zone 4,3053,Ajmer Midtown,Active,73,15079,0,0
Zone 4,3053,Ajmer Sanyogita,Active,15,227391,0,0
Zone 4,3053,Alwar,Active,205,15080,1,0
Zone 4,3053,Alwar Aabha,Active,15,228006,0,0
Zone 4,3053,Alwar Central,Active,13,90721,0,0
Zone 4,3053,Alwar Fort,Active,53,74363,0,0
Zone 4,3053,Alwar Greater,Active,75,84203,0,0
Zone 4,3053,Alwar Sariska,Active,38,90554,0,0
Zone 4,3053,Alwar Shalimar,Active,5,226530,0,0
Zone 4,3053,Alwar Shourya,Active,44,88019,0,0
Zone 4,3053,Baran,Active,15,27887,0,0
Zone 4,3053,Beawar,Active,11,15084,0,0
Zone 4,3053,Bhind,Active,30,15085,0,0
Zone 4,3053,Bhiwadi Achievers,Active,26,226928,0,0
Zone 4,3053,Bhiwadi Tapukara,Active,5,88360,0,0
Zone 4,3053,Bikaner Aadhya,Active,49,89237,0,0
Zone 4,3053,Bikaner City,Active,6,224983,0,0
Zone 4,3053,Bikaner Marudhara,Active,49,85058,1,0
Zone 4,3053,Bikaner Midtown,Active,61,85528,0,0
Zone 4,3053,Bikaner Supreme,Active,7,225159,0,0
Zone 4,3053,Chambal Morena,Active,26,89167,0,0
Zone 4,3053,Dabra Sanjivni,Active,20,227191,0,0
Zone 4,3053,Dabra Sugar City,Active,46,57529,0,0
Zone 4,3053,Datia Midtown,Active,3,89886,1,0
Zone 4,3053,Dholpur City,Active,19,66735,0,0
Zone 4,3053,E-Club of Bhiwadi,Active,7,88358,0,0
Zone 4,3053,Guna,Active,54,15093,0,0
Zone 4,3053,Guna Royal,Active,35,83013,0,0
Zone 4,3053,Gwalior,Active,111,15094,4,0
Zone 4,3053,Gwalior Central,Active,68,27382,0,0
Zone 4,3053,Gwalior Fort,Active,28,226023,0,0
Zone 4,3053,Gwalior Imperial,Active,80,84047,0,0
Zone 4,3053,Gwalior Jagrati,Active,22,226344,0,0
Zone 4,3053,Gwalior Laurels,Active,104,85360,0,0
Zone 4,3053,Gwalior Mid-Town,Active,26,23785,0,0
Zone 4,3053,Gwalior Tansen,Active,38,77628,0,0
Zone 4,3053,Gwalior Tejas,Active,20,87976,0,0
Zone 4,3053,Gwalior Veerangana,Active,25,67016,0,0
Zone 4,3053,Jodhpur Aarya,Active,40,226335,0,0
Zone 4,3053,Jodhpur Bluecity,Active,49,89527,0,0
Zone 4,3053,Jodhpur Infinity,Active,21,87977,0,0
Zone 4,3053,Jodhpur Meridian,Active,28,226537,0,0
Zone 4,3053,Jodhpur Midtown,Active,142,51242,0,0
Zone 4,3053,Jodhpur Prerna,Active,33,226443,0,0
Zone 4,3053,Jodhpur Roundtown,Active,57,87109,0,0
Zone 4,3053,Kishangarh,Active,29,15109,0,0
Zone 4,3053,Kolayat,Active,6,225119,0,0
Zone 4,3053,Makrana,Active,28,76583,0,0
Zone 4,3053,Merta Meera,Active,9,90167,0,0
Zone 4,3053,Morena Maitri,Active,15,228227,0,0
Zone 4,3053,Morena Royals,Active,19,227227,0,0
Zone 4,3053,Nagaur,Active,11,50165,0,0
Zone 4,3053,Nasirabad,Active,47,15120,0,0
Zone 4,3053,Nokha,Active,13,79534,0,0
Zone 4,3053,Sardarshahr,Active,53,15132,0,0
Zone 4,3053,Shivpuri,Active,40,51268,0,0
Zone 4,3053,Shivpuri Crest,Active,15,227525,0,0
Zone 4,3053,Uprise Bikaner,Active,35,225509,0,0
Zone 4,3055,Adipur Kutch,Active,20,68355,0,0
Zone 4,3055,Adipur Samarth,Active,11,226932,0,0
Zone 4,3055,Ahmedabad,Active,28,15075,0,0
Zone 4,3055,Ahmedabad Atulya,Active,17,228012,0,0
Zone 4,3055,Ahmedabad Biker's Paradise,Active,22,228061,0,0
Zone 4,3055,Ahmedabad Chandkheda,Active,7,226129,0,0
Zone 4,3055,Ahmedabad Elite,Active,11,82942,0,0
Zone 4,3055,Ahmedabad Imperial,Active,7,227199,0,0
Zone 4,3055,Ahmedabad Mahanagar,Active,29,55197,0,0
Zone 4,3055,Ahmedabad Mid Town,Active,20,52185,1,0
Zone 4,3055,Ahmedabad Narol,Active,13,85424,0,0
Zone 4,3055,Ahmedabad Nexus,Active,22,226362,0,0
Zone 4,3055,Ahmedabad River Front,Active,10,88852,0,0
Zone 4,3055,Ahmedabad Science City,Active,10,227197,0,0
Zone 4,3055,Ahmedabad Sindhu Bhavan,Active,15,227624,0,0
Zone 4,3055,Ahmedabad Skyline Capitals,Active,7,227830,0,0
Zone 4,3055,Ahmedabad Solitaire,Active,1,226154,0,0
Zone 4,3055,Ahmedabad South,Active,10,15077,0,0
Zone 4,3055,Ahmedabad Synergy,Active,7,227200,0,0
Zone 4,3055,Ahmedabad West,Active,38,24368,1,0
Zone 4,3055,Ahore,Active,7,222732,0,0
Zone 4,3055,Ambaji,Active,21,15081,0,0
Zone 4,3055,Anjar,Active,63,22143,1,0
Zone 4,3055,Balotra Rani sa,Active,15,227621,0,0
Zone 4,3055,Barmer,Active,7,222185,1,0
Zone 4,3055,Becharaji,Active,7,227194,0,0
Zone 4,3055,Bhinmal,Active,7,222251,0,0
Zone 4,3055,Bhuj Capital,Active,19,82390,0,0
Zone 4,3055,Capital Gandhinagar,Active,20,69275,0,0
Zone 4,3055,Cosmopolitan Ahmedabad,Active,29,85320,1,0
Zone 4,3055,Deodar,Active,4,226038,0,0
Zone 4,3055,Gandhinagar,Active,42,23786,1,0
Zone 4,3055,Himatnagar Heritage,Active,17,228183,0,0
Zone 4,3055,Jaisalmer Goldencity,Active,5,89598,0,0
Zone 4,3055,Jaisalmer Swarn Nagari,Active,24,63500,0,0
Zone 4,3055,Kalol City,Active,20,67134,0,0
Zone 4,3055,Madhapar,Active,9,226439,0,0
Zone 4,3055,Mount Abu,Active,6,22528,0,0
Zone 4,3055,Mount Abu Arbudanchal,Active,28,226784,0,0
Zone 4,3055,Nakhatrana,Active,5,226883,0,0
Zone 4,3055,Patan City,Active,5,30988,0,0
Zone 4,3055,Radhanpur,Active,25,83056,0,0
Zone 4,3055,Raniwara,Active,8,222684,0,0
Zone 4,3055,Sabarmati (Ahmedabad),Active,48,15129,1,0
Zone 4,3055,Sanchore,Active,7,222322,0,0
Zone 4,3055,Sayla,Active,7,226763,0,0
Zone 4,3055,Sheoganj Sumerpur,Active,8,226265,0,0
Zone 4,3055,Sirohi,Active,9,226437,0,0
Zone 4,3056,Banswara,Active,29,22635,0,0
Zone 4,3056,Bhilwara,Active,38,21764,1,0
Zone 4,3056,Brij Nagar Jhalawar,Active,34,29830,1,0
Zone 4,3056,Bundi,Active,55,26905,1,0
Zone 4,3056,Dudu,Active,26,54812,1,0
Zone 4,3056,Dungarpur,Active,12,23380,0,0
Zone 4,3056,Jaipur Citizen,Active,332,88795,1,0
Zone 4,3056,Jaipur City,Active,10,84735,0,0
Zone 4,3056,Jaipur Crown,Active,39,90540,0,0
Zone 4,3056,Jaipur Dignity,Active,67,87005,0,0
Zone 4,3056,Jaipur Diya,Active,7,224731,0,0
Zone 4,3056,Jaipur East,Active,11,15100,0,0
Zone 4,3056,Jaipur Elite,Active,4,222982,1,0
Zone 4,3056,Jaipur Emerald,Active,19,88957,0,0
Zone 4,3056,Jaipur Gem City,Active,9,91160,0,0
Zone 4,3056,Jaipur Global,Active,6,222706,0,0
Zone 4,3056,Jaipur Golfers,Active,9,227181,0,0
Zone 4,3056,Jaipur Greater,Active,4,222266,0,0
Zone 4,3056,Jaipur Gurukul,Active,39,88164,0,0
Zone 4,3056,Jaipur Heights,Active,7,222947,0,0
Zone 4,3056,Jaipur Heritage,Active,11,226866,0,0
Zone 4,3056,Jaipur Kings City,Active,7,91238,0,0
Zone 4,3056,Jaipur Kohinoor,Active,32,83459,1,0
Zone 4,3056,Jaipur Magic,Active,12,226376,0,0
Zone 4,3056,Jaipur Mahanagar,Active,8,83682,0,0
Zone 4,3056,Jaipur Management,Active,10,224734,0,0
Zone 4,3056,Jaipur Mansarovar,Active,24,53208,0,0
Zone 4,3056,Jaipur Marudhara,Active,8,91086,0,0
Zone 4,3056,Jaipur Marugandha,Active,38,51263,0,0
Zone 4,3056,Jaipur Metro,Active,24,64654,0,0
Zone 4,3056,Jaipur Mid Town,Active,117,22024,0,0
Zone 4,3056,Jaipur North,Active,24,82643,0,0
Zone 4,3056,Jaipur Organ Donation,Active,16,224624,0,0
Zone 4,3056,Jaipur Pearl,Active,20,222743,0,0
Zone 4,3056,Jaipur Pink City,Active,36,53335,0,0
Zone 4,3056,Jaipur Pride,Active,18,73240,0,0
Zone 4,3056,Jaipur Researchers,Active,6,224732,0,0
Zone 4,3056,Jaipur Sankalp,Active,15,90667,0,0
Zone 4,3056,Jaipur Sanskar,Active,9,89515,0,0
Zone 4,3056,Jaipur South,Active,56,24846,0,0
Zone 4,3056,Jaipur Sparkle,Active,32,227662,0,0
Zone 4,3056,Jaipur Udaan,Active,15,90773,0,0
Zone 4,3056,Jaipur United,Active,13,227037,0,0
Zone 4,3056,Jaipur Youth Connect,Active,16,228235,0,0
Zone 4,3056,Kota Divine,Active,40,90414,0,0
Zone 4,3056,Kota South,Active,22,89776,0,0
Zone 4,3056,Kushalgarh,Active,24,222494,0,0
Zone 4,3056,Malpura City,Active,18,73982,0,0
Zone 4,3056,Malpura Green,Active,20,82913,0,0
Zone 4,3056,Padmini Kota,Active,65,69377,0,0
Zone 4,3056,Ringas,Active,9,86051,0,0
Zone 4,3056,Sagwara,Active,6,222662,0,0
Zone 4,3056,Sawai Madhopur City,Active,6,90701,0,0
Zone 4,3056,Shri Madhopur Sunrise,Active,14,84045,0,0
Zone 4,3056,Sikar,Active,51,27459,0,0
Zone 4,3056,Tonk,Active,6,51243,0,0
Zone 4,3056,Tonk Banas,Active,13,222265,0,0
Zone 4,3056,Udaipur Elite,Active,32,75928,0,0
Zone 4,3056,Udaipur Pannadhai,Active,16,227203,0,0
Zone 4,3056,Udaipur Udai,Active,21,85346,0,0
Zone 4,3060,Anand,Active,19,15146,0,0
Zone 4,3060,Anand Milkcity,Active,13,88991,0,0
Zone 4,3060,Ankleshwar,Active,116,15147,1,0
Zone 4,3060,Baroda Jawaharnagar,Active,63,15175,0,0
Zone 4,3060,Bharuch Heritage,Active,15,226277,0,0
Zone 4,3060,Billimora,Active,21,15155,0,0
Zone 4,3060,Borsad Suncity,Active,10,54809,0,0
Zone 4,3060,Cambay,Active,23,15160,0,0
Zone 4,3060,Chhoti Kashi Jamnagar,Active,69,89227,0,0
Zone 4,3060,Chikhli River Front,Active,74,89348,0,0
Zone 4,3060,Dadra & Nagar Haveli,Active,38,85099,0,0
Zone 4,3060,Dahej,Active,33,86313,0,0
Zone 4,3060,Dahej Sea Face,Active,24,227145,0,0
Zone 4,3060,Daman,Active,35,222649,1,0
Zone 4,3060,Dhrangadhra,Active,15,15091,0,0
Zone 4,3060,Dhule Connect,Active,91,228007,0,0
Zone 4,3060,Dhule Cross Road,Active,20,54849,1,0
Zone 4,3060,Dondaicha,Active,39,15169,0,0
Zone 4,3060,Dondaicha Seniors,Active,52,86859,0,0
Zone 4,3060,Gandevi,Active,52,52967,0,0
Zone 4,3060,Gondal,Active,36,24982,0,0
Zone 4,3060,Imagica Jamnagar,Active,34,88002,0,0
Zone 4,3060,Jetpur,Active,51,15176,0,0
Zone 4,3060,Junagadh,Active,89,15179,1,0
Zone 4,3060,Kamrej,Active,21,225432,0,0
Zone 4,3060,Keshod,Active,24,69886,0,0
Zone 4,3060,Kheda,Active,15,228063,0,0
Zone 4,3060,Mahuva,Active,20,227521,0,0
Zone 4,3060,Morbi Elite,Active,8,226968,0,0
Zone 4,3060,Nadiad,Active,8,15184,0,0
Zone 4,3060,Nadiad Green City,Active,103,91020,0,0
Zone 4,3060,Nandurbar,Active,16,15185,0,0
Zone 4,3060,Petlad Round Town,Active,72,222587,0,0
Zone 4,3060,Porbandar,Active,53,15189,0,0
Zone 4,3060,Rajkot Metro,Active,25,58524,0,0
Zone 4,3060,Rajkot Nyari Dam,Active,15,228033,0,0
Zone 4,3060,Rajkot Royals,Active,22,227792,0,0
Zone 4,3060,Sachin,Active,26,28659,0,0
Zone 4,3060,Sarigam,Active,59,30837,0,0
Zone 4,3060,Senoras Jamnagar,Active,16,85585,0,0
Zone 4,3060,Shindakheda,Active,32,83575,1,0
Zone 4,3060,Silvassa,Active,20,227438,0,0
Zone 4,3060,Sojitra,Active,35,222001,0,0
Zone 4,3060,Sojitra Health Equity,Active,57,227161,0,0
Zone 4,3060,Surat East,Active,208,52203,1,0
Zone 4,3060,Surat Metro,Active,47,222253,1,0
Zone 4,3060,Surat Sea Face,Active,91,28709,0,0
Zone 4,3060,Surat Udaan,Active,16,228027,0,0
Zone 4,3060,Surat West,Active,39,31549,0,0
Zone 4,3060,Tarapur,Active,23,24744,0,0
Zone 4,3060,Umreth,Active,5,15208,0,0
Zone 4,3060,Una,Active,16,228002,0,0
Zone 4,3060,Vadodara Aarambh,Active,21,227498,0,0
Zone 4,3060,Vadodara Banyan City,Active,28,225155,0,0
Zone 4,3060,Vadodara Heritage,Active,17,222060,1,0
Zone 4,3060,Vallabh Vidyanagar,Active,8,15209,0,0
Zone 4,3060,Veraval,Active,40,15211,0,0
Zone 4,3070,Akhnoor,Active,31,29205,1,0
Zone 4,3070,Akhnoor Chenab,Active,9,226939,0,0
Zone 4,3070,Amritsar,Active,27,15216,1,0
Zone 4,3070,Amritsar Cantt,Active,21,22789,1,0
Zone 4,3070,Amritsar Central,Active,19,30380,1,0
Zone 4,3070,Amritsar East,Active,20,73300,0,0
Zone 4,3070,Amritsar Eco,Active,15,222282,0,0
Zone 4,3070,Amritsar North East,Active,30,78477,0,0
Zone 4,3070,Amritsar-South,Active,16,15218,0,0
Zone 4,3070,Amritsar South East,Active,14,73299,0,0
Zone 4,3070,Banga,Active,23,23841,0,0
Zone 4,3070,Banga Green,Active,17,225571,0,0
Zone 4,3070,Batala,Active,40,15221,0,0
Zone 4,3070,Batala Midtown,Active,15,76326,0,0
Zone 4,3070,Begowal,Active,20,53823,0,0
Zone 4,3070,Begowal Greater,Active,16,223245,0,0
Zone 4,3070,Dasuya Greater,Active,30,91194,0,0
Zone 4,3070,Dharamsala Central,Active,19,70315,1,0
Zone 4,3070,Dharamshala City,Active,15,90442,0,0
Zone 4,3070,Dharamshala - McLeod Ganj,Active,20,227279,0,0
Zone 4,3070,Dharmthal,Active,18,221898,0,0
Zone 4,3070,Dinanagar Mid Town,Active,9,78474,0,0
Zone 4,3070,Garh Shankar,Active,17,25099,0,0
Zone 4,3070,Ghumarwin,Active,12,221961,0,0
Zone 4,3070,Goraya,Active,20,15249,0,0
Zone 4,3070,Goraya Midtown,Active,21,53981,0,0
Zone 4,3070,Hoshiarpur,Active,20,15255,0,0
Zone 4,3070,Hoshiarpur Central,Active,8,27268,0,0
Zone 4,3070,Jalandhar City,Active,32,59764,0,0
Zone 4,3070,Jalandhar Civil Lines,Active,30,50810,0,0
Zone 4,3070,Jalandhar East,Active,25,26840,0,0
Zone 4,3070,Jalandhar Eco,Active,15,91197,0,0
Zone 4,3070,Jalandhar Greater,Active,13,63275,0,0
Zone 4,3070,Jalandhar Helping Hands,Active,22,224695,0,0
Zone 4,3070,Jalandhar Midtown,Active,23,56355,0,0
Zone 4,3070,Jammu Aastha,Active,13,83862,0,0
Zone 4,3070,Jammu City,Active,23,79293,1,0
Zone 4,3070,Jammu Mid Town,Active,13,65864,0,0
Zone 4,3070,Jammu Stars,Active,14,223509,0,0
Zone 4,3070,Jammu Tawi,Active,40,15258,0,0
Zone 4,3070,Jammu Trikuta,Active,7,90201,0,0
Zone 4,3070,Jogindernagar,Active,37,86866,0,0
Zone 4,3070,Kangra,Active,19,15262,0,0
Zone 4,3070,Kapurthala,Active,12,15263,0,0
Zone 4,3070,Kapurthala Downtown,Active,15,83637,0,0
Zone 4,3070,Kapurthala Elite,Active,29,77448,0,0
Zone 4,3070,Kashmir,Active,35,90151,0,0
Zone 4,3070,Kathua,Active,12,222048,0,0
Zone 4,3070,Katra,Active,7,85635,0,0
Zone 4,3070,Khanna,Active,65,15265,0,0
Zone 4,3070,Kullu,Active,67,24980,0,0
Zone 4,3070,Leh Ladakh,Active,21,228177,0,0
Zone 4,3070,Lohian Khas,Active,10,31228,0,0
Zone 4,3070,Ludhiana Central,Active,18,28961,0,0
Zone 4,3070,Ludhiana City,Active,22,85077,0,0
Zone 4,3070,Manali,Active,30,25622,0,0
Zone 4,3070,Mandi,Active,30,50900,2,0
Zone 4,3070,Nakodar East,Active,10,26562,0,0
Zone 4,3070,Ner Chowk,Active,26,89724,0,0
Zone 4,3070,New Amritsar,Active,11,224848,0,0
Zone 4,3070,Palampur,Active,101,15283,2,0
Zone 4,3070,Pathankot,Active,72,15285,1,0
Zone 4,3070,Pathankot Greater,Active,17,78974,0,0
Zone 4,3070,Pathankot Royal,Active,17,228196,0,0
Zone 4,3070,Phagwara,Active,9,15288,0,0
Zone 4,3070,Phagwara Central,Active,12,25134,0,0
Zone 4,3070,Phagwara Gems,Active,28,224652,0,0
Zone 4,3070,Phagwara South East,Active,21,22734,0,0
Zone 4,3070,Rajouri,Active,16,80832,0,0
Zone 4,3070,Rajouri Grand,Active,21,91209,0,0
Zone 4,3070,Samba Central,Active,9,75243,0,0
Zone 4,3070,Shahpur,Active,36,83469,1,0
Zone 4,3070,Srinagar City,Active,4,91236,0,0
Zone 4,3070,Suket,Active,24,224728,0,0
Zone 4,3070,Sultanpur Lodhi,Active,15,29652,0,0
Zone 4,3070,Sultanpur Lodhi Eco,Active,13,222951,0,0
Zone 4,3070,Sultanpur Lodhi Gold,Active,21,84640,0,0
Zone 4,3070,Sundar Nagar,Active,88,77025,2,0
Zone 4,3070,Tanda Urmar,Active,4,55857,0,0
Zone 4,3070,Udhampur,Active,34,29503,0,0
Zone 4,3070,Una,Active,29,15305,0,0
Zone 4,3070,Una Greater,Active,21,85400,0,0
Zone 4,3080,Ambala Midtown,Active,17,222777,0,0
Zone 4,3080,Ambala Platinum,Active,15,228223,0,0
Zone 4,3080,Ambala Royal,Active,8,226984,0,0
Zone 4,3080,Bhakra Nangal,Active,26,26917,1,0
Zone 4,3080,Chandigarh Ajnali,Active,6,228001,0,0
Zone 4,3080,Chandigarh City Beautiful,Active,14,83084,1,0
Zone 4,3080,Chandigarh Eyecare,Active,8,226176,0,0
Zone 4,3080,Chandigarh Hopesville,Active,6,228037,0,0
Zone 4,3080,Chandigarh Mountview,Active,18,227551,0,0
Zone 4,3080,Chandigarh Periphery Zirakpur,Active,7,224153,0,0
Zone 4,3080,Chandigarh Royale,Active,7,226759,0,0
Zone 4,3080,Cheeka,Active,51,225651,0,0
Zone 4,3080,Cheeka Royals,Active,15,228224,0,0
Zone 4,3080,Classic Yamunanagar,Active,9,223519,0,0
Zone 4,3080,Dehradun Royal,Active,8,226909,0,0
Zone 4,3080,Deoband,Active,17,15328,0,0
Zone 4,3080,Dera Bassi Town,Active,16,222387,0,0
Zone 4,3080,Doon Ganga Chidderwala,Active,20,224346,1,0
Zone 4,3080,Doon Shivalik Hills,Active,48,58460,2,0
Zone 4,3080,Doon Vikas,Active,25,50572,0,0
Zone 4,3080,E-Club of Doon District 3080,Active,31,84793,0,0
Zone 4,3080,Gharaunda,Active,14,21720,0,0
Zone 4,3080,Haridwar Central,Active,17,89563,0,0
Zone 4,3080,Haridwar Royals,Active,38,227222,0,0
Zone 4,3080,Himalayan Ranges-Mansa Devi,Active,12,53866,1,0
Zone 4,3080,Jagadhri Crown,Active,16,227989,0,0
Zone 4,3080,Jagadhri North,Active,33,15341,1,0
Zone 4,3080,Jind Midtown,Active,53,60868,1,0
Zone 4,3080,Kaithal,Active,65,15347,0,0
Zone 4,3080,Kaithal Elite,Active,7,227971,0,0
Zone 4,3080,Kaithal Shining Star,Active,20,225537,0,0
Zone 4,3080,Kankhal,Active,16,30729,0,0
Zone 4,3080,Kasauli,Active,18,15350,0,0
Zone 4,3080,Kharar,Active,38,28437,3,0
Zone 4,3080,Kurukshetra,Active,89,15355,1,0
Zone 4,3080,Kurukshetra Elite,Active,7,228090,0,0
Zone 4,3080,Ladwa,Active,38,15356,3,0
Zone 4,3080,Mohali,Active,20,21627,0,0
Zone 4,3080,Mohali Greater,Active,12,227355,0,0
Zone 4,3080,Morinda,Active,21,27190,0,0
Zone 4,3080,Nahan,Active,46,15371,0,0
Zone 4,3080,Nahan Sangini,Active,21,223558,0,0
Zone 4,3080,Nalagarh Midtown,Active,6,226935,0,0
Zone 4,3080,Nangal Central,Active,25,64960,0,0
Zone 4,3080,Nangal Hills,Active,9,228065,0,0
Zone 4,3080,Narwana,Active,34,15373,0,0
Zone 4,3080,Panchkula Midtown,Active,30,85413,1,0
Zone 4,3080,Panipat,Active,15,15378,0,0
Zone 4,3080,Panipat Central,Active,96,50571,1,0
Zone 4,3080,Panipat Continental,Active,1,88805,0,0
Zone 4,3080,Panipat Crown,Active,18,226907,0,0
Zone 4,3080,Panipat Mid Town,Active,163,25125,0,0
Zone 4,3080,Panipat Royale,Active,38,89925,0,0
Zone 4,3080,Panipat Solitaire,Active,11,226902,0,0
Zone 4,3080,Panipat South,Active,193,56279,0,0
Zone 4,3080,Paonta Sakhi,Active,15,223024,0,0
Zone 4,3080,Parwanoo,Active,27,27928,0,0
Zone 4,3080,Pehowa,Active,12,90567,1,0
Zone 4,3080,Pehowa Elite,Active,15,228004,0,0
Zone 4,3080,Ranipur,Active,39,24305,0,0
Zone 4,3080,Rishikesh Central,Active,8,90013,2,0
Zone 4,3080,Rishikesh Classic,Active,9,227724,0,0
Zone 4,3080,Rishikesh Royal,Active,40,224509,1,0
Zone 4,3080,Roorkee,Active,26,15383,0,0
Zone 4,3080,Roorkee Central,Active,15,88038,0,0
Zone 4,3080,Roorkee Elite,Active,11,226768,0,0
Zone 4,3080,Roorkee Greater,Active,13,223513,0,0
Zone 4,3080,Roorkee Upper Ganges,Active,38,223030,1,0
Zone 4,3080,Royal Shahabad Markanda,Active,8,226933,0,0
Zone 4,3080,Royal Solan,Active,31,226400,0,0
Zone 4,3080,Saharanpur,Active,38,15384,0,0
Zone 4,3080,Saharanpur Central,Active,31,30283,0,0
Zone 4,3080,Saharanpur Classic,Active,28,84109,0,0
Zone 4,3080,Saharanpur Continental,Active,10,57149,0,0
Zone 4,3080,Saharanpur Greater,Active,4,82759,0,0
Zone 4,3080,Saharanpur Harmony,Active,24,225026,0,0
Zone 4,3080,Saharanpur Midtown,Active,4,15385,0,0
Zone 4,3080,Shri Anandpur Sahib,Active,18,89277,0,0
Zone 4,3080,Silvercity Mohali,Active,23,88495,0,0
Zone 4,3080,Solan Midtown,Active,20,57804,0,0
Zone 4,3080,Thanesar,Active,5,226132,0,0
Zone 4,3080,Theog Hills,Active,19,85208,0,0
Zone 4,3080,Tricity Panchkula,Active,9,226762,0,0
Zone 4,3080,Yamunanagar Elite,Active,7,227972,0,0
Zone 4,3080,Yamuna Nagar Novel,Active,16,226706,0,0
Zone 4,3080,Yamunanagar Riverside,Active,6,228067,0,0
Zone 4,3090,Adampur Super Champions,Active,6,227834,0,0
Zone 4,3090,Aherwan,Active,6,88826,0,0
Zone 4,3090,Ahlisadar Fatehabad,Active,6,76529,0,0
Zone 4,3090,Ahmedgarh,Active,40,63755,0,0
Zone 4,3090,Ahmedgarh Champions,Active,40,227738,0,0
Zone 4,3090,Anoopgarh,Active,31,51317,0,0
Zone 4,3090,Bagha Purana,Active,22,30625,0,0
Zone 4,3090,Barwala,Active,17,25617,0,0
Zone 4,3090,Bathinda,Active,6,224773,0,0
Zone 4,3090,Bathinda Cantt.,Active,19,53967,0,0
Zone 4,3090,Bawani Khera,Active,6,84997,0,0
Zone 4,3090,Bhattu Kalan,Active,6,224682,0,0
Zone 4,3090,Bhawanigarh City,Active,16,64656,0,0
Zone 4,3090,Bhiwani Champions,Active,10,227500,0,0
Zone 4,3090,Bhiwani Downtown,Active,43,90155,0,0
Zone 4,3090,Bhuna Champions,Active,5,227832,0,0
Zone 4,3090,Bhuna Town,Active,6,87246,0,0
Zone 4,3090,Charkhi Dadri Champions,Active,5,227481,0,0
Zone 4,3090,Dirba Dynamic,Active,4,225675,0,0
Zone 4,3090,Faridkot Bargari,Active,11,227728,0,0
Zone 4,3090,Faridkot Champions,Active,6,227386,0,0
Zone 4,3090,Faridkot Sadiq,Active,4,227467,0,0
Zone 4,3090,Fatehabad,Active,6,228062,0,0
Zone 4,3090,Fatehabad Champions,Active,7,227298,0,0
Zone 4,3090,Fatehabad City,Active,6,89003,0,0
Zone 4,3090,Fatehabad Dynamic,Active,5,226216,0,0
Zone 4,3090,Fatehabad Elite Champions,Active,8,227853,0,0
Zone 4,3090,Fatehabad Gold,Active,6,88606,0,0
Zone 4,3090,Fatehabad Super Champions,Active,10,227503,0,0
Zone 4,3090,Fatehabad Town,Active,38,70094,0,0
Zone 4,3090,Fazilka,Active,9,21907,0,0
Zone 4,3090,Fazilka Champions,Active,5,227477,0,0
Zone 4,3090,Ferozepur Diamond,Active,3,224369,0,0
Zone 4,3090,Ferozepur Royal,Active,10,222482,0,0
Zone 4,3090,Ferozpur Mudki,Active,6,227483,0,0
Zone 4,3090,Firozpur City,Active,13,226812,0,0
Zone 4,3090,Giddarbaha,Active,6,225499,0,0
Zone 4,3090,Goniana,Active,13,29397,0,0
Zone 4,3090,Goniana Midtown,Active,26,74425,0,0
Zone 4,3090,Greater Rajpura,Active,19,70397,1,0
Zone 4,3090,Guru Har Sahai,Active,3,224399,0,0
Zone 4,3090,Hansi Super Champion,Active,6,227502,0,0
Zone 4,3090,Hanumangarh Vision,Active,17,226600,1,0
Zone 4,3090,Hisar Central Dynamic,Active,10,226170,0,0
Zone 4,3090,Hisar Elite,Active,5,227729,0,0
Zone 4,3090,Hisar Super Champion,Active,6,227727,0,0
Zone 4,3090,Hissar,Active,52,15253,0,0
Zone 4,3090,Jaitu,Active,14,30999,0,0
Zone 4,3090,Jalalabad (West),Active,6,224828,0,0
Zone 4,3090,Kalanwali Champions,Active,9,227479,0,0
Zone 4,3090,Kotkapura Royal,Active,14,88879,0,0
Zone 4,3090,Maler Kotla,Active,57,15271,0,0
Zone 4,3090,Malerkotla Dynamic,Active,4,225706,0,0
Zone 4,3090,Malerkotla Midtown,Active,18,75043,0,0
Zone 4,3090,Malout Champions,Active,20,227484,0,0
Zone 4,3090,Mandi Adampur Champions,Active,5,227118,0,0
Zone 4,3090,Mandi Dabwali,Active,8,223100,0,0
Zone 4,3090,Mandi Gobindgarh,Active,15,228028,0,0
Zone 4,3090,Mandi Gobindgarh Gold,Active,5,222495,0,0
Zone 4,3090,Mansa Champions,Active,7,228038,0,0
Zone 4,3090,Mansa Diamond,Active,7,228034,0,0
Zone 4,3090,Mansa Royal,Active,30,87213,1,0
Zone 4,3090,Mansa Star,Active,9,226328,1,0
Zone 4,3090,Maur Mandi Dynamic,Active,4,225674,0,0
Zone 4,3090,Moga City,Active,17,56659,1,0
Zone 4,3090,Moga Greater,Active,12,74664,0,0
Zone 4,3090,Moga Royal,Active,38,77630,0,0
Zone 4,3090,Moga Stars Champions,Active,5,227734,0,0
Zone 4,3090,Moga Super Champions,Active,3,227487,0,0
Zone 4,3090,Moonak Dynamic,Active,4,225672,0,0
Zone 4,3090,Muktsar,Active,6,227493,0,0
Zone 4,3090,Nabha Central,Active,4,76048,0,0
Zone 4,3090,Nagpur Fatehabad Dynamic,Active,5,226115,0,0
Zone 4,3090,Patiala Central,Active,5,55854,0,0
Zone 4,3090,Patiala Champions,Active,6,227486,0,0
Zone 4,3090,Patiala Greater,Active,16,30569,0,0
Zone 4,3090,Patiala Kauli,Active,5,227572,0,0
Zone 4,3090,Patran,Active,11,22612,0,0
Zone 4,3090,Patran Midtown,Active,14,84361,0,0
Zone 4,3090,Rajpura Champions,Active,8,227833,0,0
Zone 4,3090,Ratia Dynamic,Active,7,225777,0,0
Zone 4,3090,Ratia Town,Active,11,81542,0,0
Zone 4,3090,Samana Central,Active,8,225778,0,0
Zone 4,3090,Samana City,Active,9,225780,0,0
Zone 4,3090,Samana Dynamic,Active,25,225705,0,0
Zone 4,3090,Samana Harmony,Active,15,228184,0,0
Zone 4,3090,Samana Samarth,Active,15,228228,0,0
Zone 4,3090,Samana Titan,Active,15,228178,0,0
Zone 4,3090,Sangrur,Active,3,223546,0,0
Zone 4,3090,Sangrur Dynamic,Active,4,225591,0,0
Zone 4,3090,Sardulgarh Royal,Active,8,222027,0,0
Zone 4,3090,Sherpur Dynamic,Active,4,225669,0,0
Zone 4,3090,Sirhind,Active,39,15299,0,0
Zone 4,3090,Sirsa,Active,14,15300,0,0
Zone 4,3090,Sirsa Champions,Active,8,227115,0,0
Zone 4,3090,Sirsa Divine,Active,8,227258,0,0
Zone 4,3090,Sirsa Grace,Active,6,227119,0,0
Zone 4,3090,Sirsa Midcity,Active,9,70134,0,0
Zone 4,3090,Sirsa New Gen,Active,18,227188,0,0
Zone 4,3090,Sirsa Paradise,Active,5,84824,0,0
Zone 4,3090,Sri Ganganagar,Active,65,15135,0,0
Zone 4,3090,Sri Ganganagar Aastha,Active,4,225386,0,0
Zone 4,3090,Sri Ganganagar Central,Active,4,225496,0,0
Zone 4,3090,Sriganganagar Champions,Active,6,227297,0,0
Zone 4,3090,Sri Ganganagar City,Active,71,53333,1,0
Zone 4,3090,Sri Ganganagar Classic,Active,10,225489,0,0
Zone 4,3090,Sri Ganganagar Diamond,Active,5,225160,0,0
Zone 4,3090,Sri Ganganagar Elite,Active,3,227568,0,0
Zone 4,3090,Sri Ganganagar Rishabh,Active,4,226457,0,0
Zone 4,3090,Sri Ganganagar Seniors,Active,4,225764,0,0
Zone 4,3090,Sri Ganganagar Stars,Active,3,223223,0,0
Zone 4,3090,Sri Ganganagar Udaan,Active,5,227574,0,0
Zone 4,3090,Sri Ganganagar Vibrant,Active,6,227870,0,0
Zone 4,3090,Sunam City,Active,7,85009,0,0
Zone 4,3090,Sunam Dynamic,Active,4,225573,0,0
Zone 4,3090,Sunam Green,Active,4,225647,0,0
Zone 4,3090,Sunam Mivaan,Active,4,226207,0,0
Zone 4,3090,Sunam NexGen,Active,6,228019,0,0
Zone 4,3090,Sunam Star,Active,10,222319,0,0
Zone 4,3090,Suratgarh,Active,17,22634,0,0
Zone 4,3090,The Ganganagar,Active,4,224411,0,0
Zone 4,3090,Tibbi,Active,4,223549,1,0
Zone 4,3090,Tohana Champions,Active,15,227489,0,0
Zone 4,3090,Tohana Town,Active,6,222288,0,0
Zone 4,3090,Zira,Active,11,89887,0,0
Zone 6,3100,Aggarwal Mandi Baghpat,Active,12,225845,0,0
Zone 6,3100,Amroha Royal,Active,17,90584,0,0
Zone 6,3100,Aryans Bijnor,Active,9,82649,0,0
Zone 6,3100,Babrala Ganga,Active,7,222959,0,0
Zone 6,3100,Baghpat,Active,15,228003,0,0
Zone 6,3100,Bahjoi,Active,7,225273,0,0
Zone 6,3100,Baraut,Active,15,15312,0,0
Zone 6,3100,Behjoi,Active,10,224387,0,0
Zone 6,3100,Bhartia Gram,Active,40,24059,0,0
Zone 6,3100,Bijnor,Active,16,15313,0,0
Zone 6,3100,Bijnor City,Active,10,58009,0,0
Zone 6,3100,Bijnor New Central,Active,6,89717,0,0
Zone 6,3100,Bijnor Sarthi,Active,11,226371,0,0
Zone 6,3100,Bulandshahr,Active,40,15314,0,0
Zone 6,3100,Bulandshahr City,Active,11,67854,2,0
Zone 6,3100,Bulandshahr Friends,Active,13,82847,2,0
Zone 6,3100,Bulandshahr New Friends,Active,7,90655,0,0
Zone 6,3100,Bulandshahr New Heights,Active,10,224928,0,0
Zone 6,3100,Bulandshahr New Shine,Active,6,90663,0,0
Zone 6,3100,Bulandshahr Royal,Active,4,224979,0,0
Zone 6,3100,Bulandshahr Star,Active,7,90679,0,0
Zone 6,3100,Bulandshahr Sunshine,Active,7,224917,0,0
Zone 6,3100,Chandausi Aman,Active,17,89052,0,0
Zone 6,3100,Chandausi Bharat,Active,16,75342,0,0
Zone 6,3100,Chandausi Friends,Active,11,227824,0,0
Zone 6,3100,Chandausi Purvanchal,Active,16,15316,0,0
Zone 6,3100,Chandausi Sunshine,Active,6,227851,0,0
Zone 6,3100,Dhampur Industrial Area,Active,14,50560,0,0
Zone 6,3100,Dhampur Royal's,Active,17,85458,0,0
Zone 6,3100,Ganga Bijnor,Active,11,83841,0,0
Zone 6,3100,Hasanpur,Active,11,15338,0,0
Zone 6,3100,Hasanpur Aakershan,Active,16,226367,0,0
Zone 6,3100,Hasanpur Aastha,Active,20,72697,0,0
Zone 6,3100,Industrial Area Bijnor,Active,18,29398,0,0
Zone 6,3100,Khatauli,Active,14,15351,0,0
Zone 6,3100,Khurja Pragati,Active,7,224929,0,0
Zone 6,3100,Khurja Shakti,Active,12,90665,0,0
Zone 6,3100,Khurja Virat,Active,15,228130,0,0
Zone 6,3100,Meerut Central,Active,7,15359,0,0
Zone 6,3100,Meerut City,Active,10,25275,0,0
Zone 6,3100,Meerut Defence,Active,11,90566,0,0
Zone 6,3100,Meerut Galaxy,Active,5,225561,0,0
Zone 6,3100,Meerut Icon,Active,15,227100,0,0
Zone 6,3100,Meerut Kings,Active,5,227903,0,0
Zone 6,3100,Meerut Milestone,Active,5,74141,0,0
Zone 6,3100,Meerut Monarch's,Active,5,223538,0,0
Zone 6,3100,Meerut New Saket,Active,6,228026,0,0
Zone 6,3100,Meerut Rudransh,Active,6,225262,0,0
Zone 6,3100,Meerut Sanskar,Active,12,223305,0,0
Zone 6,3100,Meerut Stars,Active,7,81079,0,0
Zone 6,3100,Meerut Swabhimaan,Active,5,222824,0,0
Zone 6,3100,Meerut Unique,Active,6,90605,0,0
Zone 6,3100,Meerut Unite UP,Active,8,222892,0,0
Zone 6,3100,Meerut Virat,Active,42,25090,0,0
Zone 6,3100,Moradabad Axis,Active,10,226310,0,0
Zone 6,3100,Moradabad Essence,Active,7,225267,0,0
Zone 6,3100,Moradabad Friends,Active,10,227466,0,0
Zone 6,3100,Moradabad Medico,Active,13,227864,0,0
Zone 6,3100,Moradabad Metro,Active,8,67041,0,0
Zone 6,3100,Moradabad Navyam,Active,7,227762,0,0
Zone 6,3100,Moradabad Royals,Active,5,89629,0,0
Zone 6,3100,Moradabad Uday,Active,6,227900,0,0
Zone 6,3100,Moradabad West Sonakpur,Active,12,50630,0,0
Zone 6,3100,Moradabad Young Titans,Active,6,227990,0,0
Zone 6,3100,Muzaffarnagar Achievers,Active,9,226374,0,0
Zone 6,3100,Muzaffarnagar Chamber,Active,17,50166,0,0
Zone 6,3100,Muzaffarnagar Kutumbh,Active,16,89596,0,0
Zone 6,3100,Muzaffarnagar Param,Active,7,225487,0,0
Zone 6,3100,Muzaffarnagar Royal,Active,6,74548,0,0
Zone 6,3100,Muzaffarnagar Sankalp,Active,15,228129,0,0
Zone 6,3100,Muzaffarnagar Sanskrati,Active,10,79431,0,0
Zone 6,3100,Muzaffarnagar Sayam,Active,10,87989,1,0
Zone 6,3100,Muzaffarnagar Shakti,Active,6,227196,0,0
Zone 6,3100,Muzaffarnagar Shikhar,Active,6,90607,0,0
Zone 6,3100,Muzaffarnagar Vishal,Active,38,30732,0,0
Zone 6,3100,Najibabad,Active,11,15372,0,0
Zone 6,3100,Noorpur City,Active,5,227969,0,0
Zone 6,3100,Sambhal City,Active,18,88602,0,0
Zone 6,3100,Sambhal Midtown,Active,9,90719,0,0
Zone 6,3100,Sanskriti Moradabad,Active,17,88838,0,0
Zone 6,3100,Shamli Galaxy,Active,4,228009,0,0
Zone 6,3100,Shamli Midtown,Active,4,31446,1,0
Zone 6,3100,Shamli Vidhya,Active,5,227999,0,0
Zone 6,3100,Sikandrabad Royal,Active,16,90675,0,0
Zone 6,3110,Agra Divine,Active,13,227107,0,0
Zone 6,3110,Agra Greater,Active,23,84103,0,0
Zone 6,3110,Agra Mid Town,Active,24,15401,0,0
Zone 6,3110,Agra North,Active,27,15402,0,0
Zone 6,3110,Agra Northeast,Active,5,15403,0,0
Zone 6,3110,Agra Royal,Active,9,224713,0,0
Zone 6,3110,Agra Sapphire,Active,7,90418,0,0
Zone 6,3110,Agra Tajcity,Active,27,31391,0,0
Zone 6,3110,Agra Taj Mahal,Active,8,76284,0,0
Zone 6,3110,Agra West,Active,20,26284,0,0
Zone 6,3110,Aligarh Aura,Active,5,90438,0,0
Zone 6,3110,Aligarh City,Active,51,52637,0,0
Zone 6,3110,Aligarh Gold,Active,13,226455,0,0
Zone 6,3110,Aligarh Icon,Active,6,224633,0,0
Zone 6,3110,Aligarh Lock City,Active,9,71956,0,0
Zone 6,3110,Aligarh Mansi,Active,2,85246,0,0
Zone 6,3110,Aligarh Pearl,Active,49,85372,0,0
Zone 6,3110,Aligarh Pride,Active,15,84073,0,0
Zone 6,3110,Aligarh Smart City,Active,47,88808,1,0
Zone 6,3110,Atulya Kanpur,Active,33,88001,0,0
Zone 6,3110,Badaun Greater,Active,8,224655,0,0
Zone 6,3110,Bareilly Central,Active,16,27039,0,0
Zone 6,3110,Bareilly Chamber,Active,51,50939,0,0
Zone 6,3110,Bareilly-City,Active,3,31351,0,0
Zone 6,3110,Bareilly East,Active,4,30105,0,0
Zone 6,3110,Bareilly Eight PM,Active,11,79535,0,0
Zone 6,3110,Bareilly Fragrance,Active,16,227142,0,0
Zone 6,3110,Bareilly Galaxy,Active,11,90964,0,0
Zone 6,3110,Bareilly Glory,Active,4,90530,0,0
Zone 6,3110,Bareilly Grace,Active,20,225974,0,0
Zone 6,3110,Bareilly Heights,Active,6,88152,0,0
Zone 6,3110,Bareilly Heritage,Active,29,74147,0,0
Zone 6,3110,Bareilly Hi-Tech,Active,8,84042,0,0
Zone 6,3110,Bareilly Magnet City,Active,10,59385,0,0
Zone 6,3110,Bareilly Metro,Active,8,58636,0,0
Zone 6,3110,Bareilly Mid-town,Active,5,22690,0,0
Zone 6,3110,Bareilly North,Active,15,22417,0,0
Zone 6,3110,Bareilly Shree,Active,7,83412,0,0
Zone 6,3110,Bareilly Sunrise,Active,10,90528,0,0
Zone 6,3110,Bareilly West,Active,34,15414,0,0
Zone 6,3110,Bisauli,Active,13,22594,0,0
Zone 6,3110,Brahmavarta Kanpur,Active,44,15417,1,0
Zone 6,3110,Budaun Central,Active,11,31286,0,0
Zone 6,3110,Budaun Gold,Active,9,227284,0,0
Zone 6,3110,Farrukhabad,Active,23,227270,0,0
Zone 6,3110,Firozabad,Active,22,15425,0,0
Zone 6,3110,Ganga Ghat,Active,12,23912,0,0
Zone 6,3110,Hathras,Active,14,15433,0,0
Zone 6,3110,Hathras City,Active,6,52968,0,0
Zone 6,3110,Hathras Friends,Active,35,84738,0,0
Zone 6,3110,Hathras Gold,Active,32,73145,0,0
Zone 6,3110,Hathras Heritage,Active,28,58637,0,0
Zone 6,3110,Jhansi City,Active,27,22909,0,0
Zone 6,3110,Jhansi Elite,Active,35,227174,0,0
Zone 6,3110,Jhansi Fort,Active,9,50025,0,0
Zone 6,3110,Kanpur Aryans,Active,15,223419,0,0
Zone 6,3110,Kanpur Classic,Active,85,88530,0,0
Zone 6,3110,Kanpur East,Active,17,15438,0,0
Zone 6,3110,Kanpur Eden,Active,6,224651,0,0
Zone 6,3110,Kanpur Galaxy,Active,25,226463,0,0
Zone 6,3110,Kanpur Global,Active,2,225507,0,0
Zone 6,3110,Kanpur Greater,Active,86,31444,0,0
Zone 6,3110,Kanpur Green,Active,15,83413,0,0
Zone 6,3110,Kanpur Industrial,Active,137,31508,0,0
Zone 6,3110,Kanpur Platinum,Active,29,227404,0,0
Zone 6,3110,Kanpur Shakti,Active,6,223423,0,0
Zone 6,3110,Kanpur Shaurya,Active,54,87063,0,0
Zone 6,3110,Kanpur Shikhar,Active,6,82756,0,0
Zone 6,3110,Kanpur South,Active,88,15439,0,0
Zone 6,3110,Kanpur Starz,Active,15,227128,0,0
Zone 6,3110,Kanpur Sunrise,Active,5,223448,0,0
Zone 6,3110,Kanpur Surya,Active,55,82938,0,0
Zone 6,3110,Kanpur Trimurti,Active,3,88813,0,0
Zone 6,3110,Kanpur Virat,Active,17,225686,0,0
Zone 6,3110,Kasganj Elites,Active,8,224689,0,0
Zone 6,3110,Kasganj Royals,Active,13,227101,0,0
Zone 6,3110,Kashipur Industrial,Active,7,90410,0,0
Zone 6,3110,Mathura,Active,5,15449,0,0
Zone 6,3110,Mathura Fusion,Active,2,226599,0,0
Zone 6,3110,Mathura Jasmine,Active,58,224640,0,0
Zone 6,3110,Mathura Rational,Active,21,225125,0,0
Zone 6,3110,Mathura West,Active,29,51055,0,0
Zone 6,3110,Mukteshwar,Active,2,226364,0,0
Zone 6,3110,New Bareilly,Active,12,31839,0,0
Zone 6,3110,Orai,Active,13,15456,0,0
Zone 6,3110,Pilibhit,Active,49,15460,1,0
Zone 6,3110,Pilibhit Matrshakti,Active,15,89586,0,0
Zone 6,3110,Puranpur Green,Active,10,77029,1,0
Zone 6,3110,Ram Nagar Corbett City,Active,14,77286,0,0
Zone 6,3110,Rampur,Active,35,15464,0,0
Zone 6,3110,Shahjahanpur,Active,13,15470,0,0
Zone 6,3110,Shahjahanpur City,Active,4,79354,0,0
Zone 6,3110,Shikohabad,Active,23,15471,0,0
Zone 6,3110,Unnao,Active,11,15476,0,0
Zone 6,3110,Unnao Central,Active,6,80153,1,0
Zone 6,3110,Unnao City,Active,25,222643,0,0
Zone 6,3110,Unnao Royal,Active,28,226956,0,0
Zone 6,3110,Vrindavan Dham,Active,5,226358,0,0
Zone 6,3120,Allahabad Arihant,Active,29,228175,0,0
Zone 6,3120,Allahabad East,Active,43,15406,0,0
Zone 6,3120,Allahabad Grand,Active,79,89736,0,0
Zone 6,3120,Allahabad North,Active,54,23666,0,0
Zone 6,3120,Azamgarh,Active,28,15409,0,0
Zone 6,3120,Bahraich,Active,37,15410,0,0
Zone 6,3120,Ballia,Active,23,15411,0,0
Zone 6,3120,Balrampur,Active,15,21700,1,0
Zone 6,3120,Banaras,Active,79,15412,1,0
Zone 6,3120,Banaras Shine,Active,129,225568,0,0
Zone 6,3120,Basti Central,Active,27,224427,0,0
Zone 6,3120,Basti Midtown,Active,38,28332,0,0
Zone 6,3120,Bhadohi,Active,17,228209,0,0
Zone 6,3120,Bhira,Active,14,226327,0,0
Zone 6,3120,Chattarpur,Active,20,86692,0,0
Zone 6,3120,Chitrakoot Dham,Active,15,227966,0,0
Zone 6,3120,Deoria,Active,13,63515,0,0
Zone 6,3120,Deoria Sadar,Active,15,227802,0,0
Zone 6,3120,Elite Lucknow,Active,16,223092,0,0
Zone 6,3120,Faizabad,Active,76,15423,0,0
Zone 6,3120,Ghazipur,Active,29,23474,1,0
Zone 6,3120,Gola Central,Active,18,82740,2,0
Zone 6,3120,Gola Chhoti Kashi,Active,5,74464,0,0
Zone 6,3120,Gola Muskan,Active,10,227326,0,0
Zone 6,3120,Gonda,Active,13,15428,0,0
Zone 6,3120,Gonda Green,Active,17,87884,1,0
Zone 6,3120,Gorakhpur,Active,175,15429,3,0
Zone 6,3120,Gorakhpur Mid Town,Active,101,60168,0,0
Zone 6,3120,Gorakhpur Yugal,Active,25,87978,2,0
Zone 6,3120,Greater Faizabad,Active,31,87028,0,0
Zone 6,3120,Jaunpur,Active,38,15434,1,0
Zone 6,3120,Kashi,Active,39,88411,0,0
Zone 6,3120,Kushinagar,Active,11,90435,0,0
Zone 6,3120,Lucknow Awadh Rajdhani,Active,39,227401,0,0
Zone 6,3120,Lucknow Elegance,Active,17,228200,0,0
Zone 6,3120,Maharajganj,Active,32,90072,0,0
Zone 6,3120,Mailani,Active,9,30987,0,0
Zone 6,3120,Mau Nath Bhanjan,Active,44,15450,0,0
Zone 6,3120,Mirzapur Elite,Active,49,89174,0,0
Zone 6,3120,Mirzapur Gaurav,Active,51,84063,1,0
Zone 6,3120,Mirzapur Royals,Active,27,227225,0,0
Zone 6,3120,Nautanwa,Active,11,21910,0,0
Zone 6,3120,Nichlaul,Active,11,26147,0,0
Zone 6,3120,Pallia Kalan,Active,23,22633,0,0
Zone 6,3120,Pratapgarh Central,Active,9,87300,0,0
Zone 6,3120,Prayagraj,Active,49,90073,0,0
Zone 6,3120,Prayagraj Platinum,Active,128,223074,1,0
Zone 6,3120,Pride Mau,Active,44,223164,1,0
Zone 6,3120,Rae Bareli,Active,44,15462,0,0
Zone 6,3120,Renukoot,Active,40,15466,0,0
Zone 6,3120,Sant Kabir Nagar,Active,26,82344,1,0
Zone 6,3120,Sitapur,Active,37,15473,0,0
Zone 6,3120,Sultanpur,Active,42,15474,0,0
Zone 6,3120,Sultanpur Transgomti,Active,24,31112,0,0
Zone 6,3120,Varanasi,Active,17,88793,0,0
Zone 6,3120,Varanasi Down Town,Active,64,66236,0,0
Zone 6,3120,Varanasi East,Active,20,26797,0,0
Zone 6,3120,Varanasi Elite,Active,33,63134,0,0
Zone 6,3120,Varanasi Ganga,Active,71,87021,0,0
Zone 6,3120,Varanasi Greater,Active,103,62374,0,0
Zone 6,3120,Varanasi Harmony,Active,9,222969,0,0
Zone 6,3120,Varanasi Kabir,Active,5,90887,0,0
Zone 6,3120,Varanasi Midtown,Active,37,15477,0,0
Zone 6,3120,Varanasi North,Active,81,28258,0,0
Zone 6,3120,Varanasi Royals,Active,107,224774,0,0
Zone 6,3120,Varanasi Rudraksha,Active,26,227185,0,0
Zone 6,3120,Varanasi Sarnath,Active,12,27662,0,0
Zone 6,3120,Varanasi Sarthak,Active,15,227186,0,0
Zone 6,3120,Varanasi Shivay,Active,19,223067,0,0
Zone 6,3120,Varanasi Shiv Ganga,Active,50,66235,0,0
Zone 6,3120,Varanasi Sunrise,Active,44,30836,0,0
Zone 6,3120,Varanasi Trinity,Active,16,228005,0,0
Zone 6,3120,Varanasi Uday,Active,8,89892,11,0
Zone 6,3120,Varanasi Unity,Active,22,227674,0,0
Zone 6,3120,Varanasi Varuna,Active,6,88912,0,0
Zone 6,3120,Varanasi Vrinda,Active,69,80791,0,0
Zone 7,3131,Belmondo Gahunje,Active,10,224649,0,0
Zone 7,3131,Dynamic Bhosari,Active,24,223119,0,0
Zone 7,3131,Golden Talegaon Dabhade,Active,23,226900,1,0
Zone 7,3131,Indapur,Active,35,84083,1,0
Zone 7,3131,Indapur Central,Active,20,226153,0,0
Zone 7,3131,Kalamboli,Active,24,53737,0,0
Zone 7,3131,Kharghar Executive,Active,7,90830,0,0
Zone 7,3131,Mansarovar Business Emeralds,Active,8,224290,0,0
Zone 7,3131,Narayangaon,Active,30,15515,0,0
Zone 7,3131,Narayangaon Highway,Active,25,88081,0,0
Zone 7,3131,Panvel City,Active,12,224636,0,0
Zone 7,3131,Panvel Midtown,Active,4,71661,0,0
Zone 7,3131,Pen Orion,Active,14,70636,0,0
Zone 7,3131,Pimple Saudagar Central,Active,13,226016,0,0
Zone 7,3131,Poona North,Active,55,15538,1,0
Zone 7,3131,Pune Airwings,Active,24,227537,0,0
Zone 7,3131,Pune Baner,Active,54,84138,0,0
Zone 7,3131,Pune Cosmopolitan,Active,46,86146,0,0
Zone 7,3131,Pune Far East,Active,55,30952,0,0
Zone 7,3131,Pune Kalyani Nagar,Active,26,58695,2,0
Zone 7,3131,Pune Karvenagar,Active,15,27270,0,0
Zone 7,3131,Pune Magarpatta Elite,Active,13,86614,0,0
Zone 7,3131,Pune Mid-East,Active,15,28449,1,0
Zone 7,3131,Pune Nanded City,Active,36,223566,1,0
Zone 7,3131,Pune Sanskruti,Active,28,227316,0,0
Zone 7,3131,Pune Shaniwarwada,Active,24,28213,2,0
Zone 7,3131,Pune Warje,Active,32,84825,1,0
Zone 7,3131,Pune Westend,Active,36,52038,0,0
Zone 7,3131,Rajgurunagar,Active,42,57284,0,0
Zone 7,3131,Roha,Active,38,86435,0,0
Zone 7,3131,Sarati Delight,Active,19,90061,0,0
Zone 7,3131,Scon Pro,Active,49,223454,1,0
Zone 7,3132,Ahmedpur,Active,59,26139,0,0
Zone 7,3132,Aurangabad Cantonment,Active,20,82848,0,0
Zone 7,3132,Aurangabad Central,Active,25,28061,1,0
Zone 7,3132,Aurangabad Metro,Active,23,52027,0,0
Zone 7,3132,Beed,Active,56,23044,0,0
Zone 7,3132,Chhatrapati Sambhajinagar New Town,Active,11,225795,0,0
Zone 7,3132,Dakshin Mand Karad,Active,18,227536,0,0
Zone 7,3132,Degloor Town,Active,22,227527,0,0
Zone 7,3132,Gevrai,Active,34,226831,0,0
Zone 7,3132,Jamkhed City,Active,15,227002,0,0
Zone 7,3132,Kaij,Active,18,71597,0,0
Zone 7,3132,Kalamb City,Active,57,82717,0,0
Zone 7,3132,Karjat City,Active,20,87339,0,0
Zone 7,3132,Kedgaon Town,Active,12,226910,0,0
Zone 7,3132,Kopargaon Central,Active,20,90810,1,0
Zone 7,3132,Koregaon,Active,11,15659,0,0
Zone 7,3132,Madha,Active,10,84741,0,0
Zone 7,3132,Mahableshwar,Active,20,15523,0,0
Zone 7,3132,Majalgaon Central,Active,24,87975,0,0
Zone 7,3132,Majalgaon City,Active,32,81155,0,0
Zone 7,3132,Manohar Ambajogai,Active,20,227265,0,0
Zone 7,3132,Modnimb,Active,14,84030,0,0
Zone 7,3132,Mukhed City,Active,28,224756,0,0
Zone 7,3132,Paithan,Active,17,15532,0,0
Zone 7,3132,Phaltan Taluka,Active,32,227030,0,0
Zone 7,3132,Rahuri Central,Active,25,226304,0,0
Zone 7,3132,Shirwal-Khandala,Active,20,22457,0,0
Zone 7,3132,Shri Chhatrapati Sambhajinagar Rainbow,Active,12,226144,0,0
Zone 7,3132,Solapur East,Active,21,25401,0,0
Zone 7,3132,Solapur Harmony,Active,16,225575,0,0
Zone 7,3132,Solapur Yuj,Active,8,225944,0,0
Zone 7,3132,Supa,Active,7,227007,0,0
Zone 7,3132,Tembhurni,Active,39,81078,1,0
Zone 7,3132,Tuljapur,Active,58,23723,0,0
Zone 7,3132,Vasmat,Active,11,225628,0,0
Zone 7,3132,Wadgaon Gupta,Active,13,226574,0,0
Zone 7,3132,Wadvani,Active,20,88372,0,0
Zone 7,3132,Waluj Mahanagar,Active,5,226913,0,0
Zone 4,3141,Addiction Prevention 3141,Active,21,222830,1,0
Zone 4,3141,Bombay Bandra,Active,23,27004,1,0
Zone 4,3141,Bombay East,Active,52,15495,1,0
Zone 4,3141,Bombay Hanging Garden,Active,81,23702,1,0
Zone 4,3141,Bombay Hills South,Active,29,28004,1,0
Zone 4,3141,Bombay Mulund Valley,Active,24,29248,3,0
Zone 4,3141,Bombay Peninsula,Active,83,27983,0,0
Zone 4,3141,Bombay Sea Face,Active,82,23801,1,0
Zone 4,3141,Borivali Wonders,Active,19,223158,0,0
Zone 4,3141,Chandivali Mumbai,Active,28,88452,1,0
Zone 4,3141,Chembur (Mumbai),Active,17,15505,0,0
Zone 4,3141,Dahanu,Active,40,15507,0,0
Zone 4,3141,Ghodbunder Mumbai,Active,28,226243,0,0
Zone 4,3141,JVPD Mumbai,Active,85,86176,1,0
Zone 4,3141,Lokhandwala Kandivali,Active,18,79454,0,0
Zone 4,3141,Mulund Hills,Active,45,24847,1,0
Zone 4,3141,Mulund Oberoi Towers,Active,35,227912,0,0
Zone 4,3141,Mumbai 101,Active,30,89987,0,0
Zone 4,3141,Mumbai 25,Active,21,226063,0,0
Zone 4,3141,Mumbai Bandra Kurla Complex,Active,13,28631,1,0
Zone 4,3141,Mumbai City,Active,18,225600,0,0
Zone 4,3141,Mumbai Coastline,Active,63,88143,0,0
Zone 4,3141,Mumbai Crown,Active,39,228016,0,0
Zone 4,3141,Mumbai Divas,Active,118,87951,1,0
Zone 4,3141,Mumbai Elegant Plus,Active,49,226411,0,0
Zone 4,3141,Mumbai Elite,Active,16,221907,0,0
Zone 4,3141,Mumbai Ghatkopar,Active,59,22445,4,0
Zone 4,3141,Mumbai Glocal,Active,40,227914,0,0
Zone 4,3141,Mumbai Green City,Active,5,57527,0,0
Zone 4,3141,Mumbai Horizons,Active,53,225168,1,0
Zone 4,3141,Mumbai Inspire,Active,21,222081,0,0
Zone 4,3141,Mumbai Jewels,Active,21,89574,1,0
Zone 4,3141,Mumbai Juhu Elite,Active,21,225560,0,0
Zone 4,3141,Mumbai Khar,Active,25,28211,0,0
Zone 4,3141,Mumbai Lower Parel,Active,5,90095,0,0
Zone 4,3141,Mumbai Makabo,Active,17,224985,0,0
Zone 4,3141,Mumbai Marvels,Active,16,89635,1,0
Zone 4,3141,Mumbai Mid-West,Active,20,21597,0,0
Zone 4,3141,Mumbai Mulund East,Active,34,23463,1,0
Zone 4,3141,Mumbai Mulund South,Active,66,28045,1,0
Zone 4,3141,Mumbai National Park,Active,48,224777,0,0
Zone 4,3141,Mumbai North End,Active,105,22781,0,0
Zone 4,3141,Mumbai Pioneers,Active,10,226551,0,0
Zone 4,3141,Mumbai Rising Stars,Active,47,88033,0,0
Zone 4,3141,Mumbai Sion,Active,53,15499,0,0
Zone 4,3141,Mumbai Versova,Active,68,27247,1,0
Zone 4,3141,Mumbai Wadala East,Active,31,90208,1,0
Zone 4,3141,Mumbai West End,Active,53,90214,0,0
Zone 4,3141,Mumbai World Towers,Active,94,226895,0,0
Zone 4,3141,SkyCity Borivali,Active,70,226547,0,0
Zone 4,3141,Umroli,Active,34,226446,0,0
Zone 4,3141,Vasai,Active,42,90145,1,0
Zone 4,3141,Wada,Active,28,89753,0,0
Zone 4,3142,Ambarnath East,Active,54,30279,1,0
Zone 4,3142,Ambarnath Heritage,Active,38,227638,0,0
Zone 4,3142,Ambarnath Industrial Area,Active,21,225502,0,0
Zone 4,3142,Ambarnath West,Active,21,87293,0,0
Zone 4,3142,Bhiwandi,Active,31,15490,0,0
Zone 4,3142,Bhiwandi Ambadi Area,Active,17,86863,0,0
Zone 4,3142,Bhiwandi BKC,Active,17,88900,0,0
Zone 4,3142,Bhiwandi Central,Active,27,30868,0,0
Zone 4,3142,Bhiwandi Rural,Active,56,86152,0,0
Zone 4,3142,Bhiwandi South,Active,13,27509,0,0
Zone 4,3142,Central Kalyan,Active,22,223135,1,0
Zone 4,3142,Dombivli Industrial Area,Active,18,27385,0,0
Zone 4,3142,Dombivli North,Active,17,79352,0,0
Zone 4,3142,Dombivli Phoenix,Active,19,225528,0,0
Zone 4,3142,Dombivli Up Town,Active,32,30547,0,0
Zone 4,3142,Dombivli Winners,Active,38,222248,0,0
Zone 4,3142,Kalyan Diamonds,Active,28,86087,0,0
Zone 4,3142,Namastu Navi Mumbai,Active,18,226355,0,0
Zone 4,3142,Navi Mumbai Central,Active,11,221976,0,0
Zone 4,3142,Navi Mumbai Flamingo City,Active,14,224356,0,0
Zone 4,3142,Navi Mumbai Hill Side,Active,44,27191,2,0
Zone 4,3142,Navi Mumbai Industrial Area,Active,37,30238,3,0
Zone 4,3142,Navi Mumbai Jewels,Active,18,89775,0,0
Zone 4,3142,Navi Mumbai Paradise,Active,29,225902,0,0
Zone 4,3142,Navi Mumbai Valley Golfers,Active,22,222475,0,0
Zone 4,3142,New Dombivli,Active,36,225492,1,0
Zone 4,3142,New Kalyan,Active,63,90509,2,0
Zone 4,3142,New Regency Estate,Active,10,226313,0,0
Zone 4,3142,Sindhunagar (Ulhasnagar),Active,10,222949,0,0
Zone 4,3142,Thane Central,Active,39,29903,0,0
Zone 4,3142,Thane City,Active,16,225292,0,0
Zone 4,3142,Thane Creekside,Active,38,89459,1,0
Zone 4,3142,Thane Downtown,Active,50,79059,1,0
Zone 4,3142,Thane Ghodbunder Road,Active,12,224780,1,0
Zone 4,3142,Thane Lake City,Active,35,30186,0,0
Zone 4,3142,Thane Northend,Active,52,28708,2,0
Zone 4,3142,Thane Orion,Active,10,222950,0,0
Zone 4,3142,Thane Pride,Active,11,226368,0,0
Zone 4,3142,Thane River Side,Active,20,224900,0,0
Zone 4,3142,Thane Stars,Active,12,226689,0,0
Zone 4,3142,Thane Titans,Active,17,224209,1,0
Zone 4,3142,Thane Vartak Nagar,Active,22,226152,0,0
Zone 4,3142,Ulhasnagar City,Active,10,226868,0,0
Zone 4,3142,Ulhasnagar East,Active,16,27147,0,0
Zone 4,3142,Ulhasnagar Sapna Garden,Active,21,79357,1,0
Zone 7,3150,Aashray Warangal,Active,35,227130,0,0
Zone 7,3150,Amaravati Capital City,Active,23,227017,0,0
Zone 7,3150,Ameerpet Hyderabad,Active,31,56778,0,0
Zone 7,3150,Andhra Paris Tenali,Active,29,227266,0,0
Zone 7,3150,Ankura Warangal,Active,30,223279,0,0
Zone 7,3150,Armoor,Active,43,26003,0,0
Zone 7,3150,Bapatla,Active,26,22036,0,0
Zone 7,3150,Bhadrachalam Riverside,Active,13,222905,0,0
Zone 7,3150,Bharatiya Connect,Active,16,227201,0,0
Zone 7,3150,Bhuvanagiri,Active,58,57409,0,0
Zone 7,3150,Bhuvanagiri Central,Active,33,224650,0,0
Zone 7,3150,Bodhan,Active,20,227600,0,0
Zone 7,3150,Chilakaluripet,Active,101,15561,0,0
Zone 7,3150,Chimakurthy,Active,25,85290,0,0
Zone 7,3150,Chirala,Active,73,15562,0,0
Zone 7,3150,Cyberabad,Active,21,83078,0,0
Zone 7,3150,Darsi,Active,20,30866,0,0
Zone 7,3150,Gems Nizamabad,Active,51,89179,0,0
Zone 7,3150,General Datum,Active,55,226673,0,0
Zone 7,3150,Greater Vinukonda,Active,41,224246,0,0
Zone 7,3150,Guntur Achievers,Active,33,224327,0,0
Zone 7,3150,Guntur Mirchi,Active,27,228039,0,0
Zone 7,3150,Guntur Prerana,Active,29,224946,0,0
Zone 7,3150,Hyderabad Elite,Active,23,90440,0,0
Zone 7,3150,Hyderabad E'Woke,Active,28,224577,0,0
Zone 7,3150,Hyderabad Himayat Nagar,Active,14,82612,1,0
Zone 7,3150,Hyderabad Ilaa,Active,19,228048,0,0
Zone 7,3150,Inkollu Central,Active,30,58533,0,0
Zone 7,3150,Iris Hyderabad,Active,23,228049,0,0
Zone 7,3150,Jagruti Hyderabad,Active,17,227170,0,0
Zone 7,3150,Jagtial Central,Active,12,55325,0,0
Zone 7,3150,Karimnagar,Active,25,23325,0,0
Zone 7,3150,Khammam,Active,50,15578,0,0
Zone 7,3150,Khammam Central,Active,18,222839,0,0
Zone 7,3150,Krishi Rajendernagar,Active,25,222755,0,0
Zone 7,3150,Kshirapuri Chirala,Active,22,82159,0,0
Zone 7,3150,LB Nagar Prerana,Active,23,227586,0,0
Zone 7,3150,Macherla,Active,50,25133,0,0
Zone 7,3150,Mahabubabad,Active,27,82598,0,0
Zone 7,3150,Mancherial,Active,11,24123,0,0
Zone 7,3150,Manjeera-Sangareddy,Active,21,57136,0,0
Zone 7,3150,Manuguru Black Diamond,Active,20,228111,0,0
Zone 7,3150,Miryalguda,Active,21,15585,0,0
Zone 7,3150,Narasaraopet,Active,47,15591,2,0
Zone 7,3150,Narsampet,Active,22,57061,0,0
Zone 7,3150,Ongole Bulls,Active,20,227345,0,0
Zone 7,3150,Pangulur,Active,17,82534,0,0
Zone 7,3150,Pedanandipadu,Active,15,79554,0,0
Zone 7,3150,Ponnur,Active,60,15596,0,0
Zone 7,3150,Rainbow Vistas,Active,19,226798,0,0
Zone 7,3150,Saampradaya Hyderabad,Active,45,87161,0,0
Zone 7,3150,Sadashivpet,Active,21,226616,0,0
Zone 7,3150,Secunderabad Sunrise,Active,51,57064,2,0
Zone 7,3150,Vetapalem,Active,14,23462,0,0
Zone 7,3150,Vijayapuri Nagarjuna Sagar,Active,17,227237,0,0
Zone 7,3150,Warangal Central,Active,47,26688,0,0
Zone 7,3150,Zaheerabad,Active,26,26237,0,0
Zone 7,3160,Adoni,Active,40,15621,0,0
Zone 7,3160,Allagadda Sathabdhi,Active,18,69722,0,0
Zone 7,3160,Anantapur,Active,27,15624,1,0
Zone 7,3160,Anantapur Central,Active,25,55480,2,0
Zone 7,3160,Banaganapalli,Active,11,62172,0,0
Zone 7,3160,Basavakalyan,Active,29,23324,0,0
Zone 7,3160,Bellary,Active,17,15628,0,0
Zone 7,3160,Bellary Cantonment,Active,32,29057,0,0
Zone 7,3160,Bethamcherla,Active,31,53205,0,0
Zone 7,3160,Bhalki Fort,Active,39,82824,0,0
Zone 7,3160,Bidar,Active,82,15629,0,0
Zone 7,3160,Bidar Fort,Active,29,51115,0,0
Zone 7,3160,Bidar Infinite Impact,Active,15,228159,0,0
Zone 7,3160,Bidar Queens,Active,26,86045,0,0
Zone 7,3160,Challakere,Active,24,15708,0,0
Zone 7,3160,Chickjajur,Active,25,25334,0,0
Zone 7,3160,Cotton City Raichur,Active,3,70775,6,0
Zone 7,3160,Davangere,Active,40,15714,0,0
Zone 7,3160,Davangere Midtown,Active,17,23125,0,0
Zone 7,3160,Davangere South,Active,34,29967,1,0
Zone 7,3160,Dhone,Active,22,56456,0,0
Zone 7,3160,Gangavathi Rice Bowl,Active,6,226162,0,0
Zone 7,3160,Greater Karnul,Active,11,53334,0,0
Zone 7,3160,Gudur,Active,88,15787,1,0
Zone 7,3160,Gudur West,Active,37,29734,0,0
Zone 7,3160,Gulbarga Midtown,Active,48,29951,0,0
Zone 7,3160,Gulbarga North,Active,45,29252,0,0
Zone 7,3160,Gulbarga Sakhi,Active,13,90344,0,0
Zone 7,3160,Gulbarga South,Active,25,88647,0,0
Zone 7,3160,Gulbarga Suncity,Active,34,85105,1,0
Zone 7,3160,Hampi Pearls,Active,51,223265,0,0
Zone 7,3160,Hindupur,Active,47,15788,0,0
Zone 7,3160,Holalkere,Active,30,15719,0,0
Zone 7,3160,Hosadurga,Active,27,228114,0,0
Zone 7,3160,Hospet,Active,128,15645,0,0
Zone 7,3160,Humnabad Elite,Active,6,225426,0,0
Zone 7,3160,Jammalamadugu,Active,28,25233,0,0
Zone 7,3160,Kadapa,Active,14,91230,0,0
Zone 7,3160,Kadiri,Active,11,88022,0,0
Zone 7,3160,Kishkinda Gangavati,Active,21,227612,0,0
Zone 7,3160,Koilkuntla,Active,15,54633,0,0
Zone 7,3160,Koppal,Active,14,15658,0,0
Zone 7,3160,Kota Town,Active,11,89975,0,0
Zone 7,3160,Kurnool New City,Active,14,62496,0,0
Zone 7,3160,Naidupet Town,Active,22,89981,0,0
Zone 7,3160,Nellore Shakthi,Active,10,222274,2,0
Zone 7,3160,Nellore South,Active,11,30300,1,0
Zone 7,3160,One World D3160,Active,20,227803,0,0
Zone 7,3160,Proddatur,Active,38,15675,1,0
Zone 7,3160,Proddatur Mid Town,Active,13,31338,0,0
Zone 7,3160,Raichur,Active,24,15677,0,0
Zone 7,3160,Raichur Central,Active,18,54627,5,0
Zone 7,3160,Raichur East,Active,18,88253,0,0
Zone 7,3160,Raichur Krishna Tunge,Active,18,90920,5,0
Zone 7,3160,Rayachoti,Active,12,55483,1,0
Zone 7,3160,Sandur,Active,41,15681,0,0
Zone 7,3160,Shaktinagar,Active,25,86589,0,0
Zone 7,3160,Sindhanur,Active,13,86659,0,0
Zone 7,3160,Venkatagiri Town,Active,9,88713,0,0
Zone 7,3160,Vijayanagar Heritage,Active,18,223266,0,0
Zone 7,3160,Yemmiganur,Active,16,225334,0,0
Zone 7,3170,Ankola,Active,25,29912,0,0
Zone 7,3170,Ankola Rural,Active,13,81661,0,0
Zone 7,3170,Bailhongal,Active,37,58642,1,0
Zone 7,3170,Banda,Active,33,224197,1,0
Zone 7,3170,Belgaum,Active,97,15626,2,0
Zone 7,3170,Belgaum Elite,Active,44,224870,1,0
Zone 7,3170,Belgaum North,Active,28,57531,0,0
Zone 7,3170,Belgaum Royals,Active,19,227543,0,0
Zone 7,3170,Belgaum Sunrise,Active,17,226651,0,0
Zone 7,3170,Belur-Dharwad,Active,40,55833,0,0
Zone 7,3170,Bhatkal,Active,22,26498,2,0
Zone 7,3170,Bijapur North,Active,51,28647,2,0
Zone 7,3170,Byadgi,Active,38,81017,0,0
Zone 7,3170,Chikodi,Active,51,15631,3,0
Zone 7,3170,Chiplun,Active,77,15632,1,0
Zone 7,3170,Cuncolim,Active,16,15633,0,0
Zone 7,3170,Dapoli,Active,14,78719,0,0
Zone 7,3170,Gadag-Betgeri,Active,36,15639,0,0
Zone 7,3170,Gadag Central,Active,24,26422,0,0
Zone 7,3170,Gajendragad,Active,15,56005,0,0
Zone 7,3170,Green City Jaysingpur,Active,45,82696,0,0
Zone 7,3170,Hatkanangle Central,Active,15,87730,0,0
Zone 7,3170,Hubli Elite,Active,38,223320,1,0
Zone 7,3170,Hubli Phoenix,Active,21,226797,0,0
Zone 7,3170,Ichalkaranji Unito,Active,38,91165,0,0
Zone 7,3170,Jamkhandi,Active,85,15650,0,0
Zone 7,3170,Jaysingpur,Active,45,15651,1,0
Zone 7,3170,Jaysingpur Trade City,Active,48,224200,0,0
Zone 7,3170,Kadamba,Active,25,226352,0,0
Zone 7,3170,Kankavali Central,Active,44,81153,1,0
Zone 7,3170,Karwar Paschim,Active,43,90114,1,0
Zone 7,3170,Kharepatan,Active,11,226739,1,0
Zone 7,3170,Khed,Active,33,55999,1,0
Zone 7,3170,Kolhapur Evolve,Active,81,90174,0,0
Zone 7,3170,Kolhapur Spectrum,Active,24,82515,0,0
Zone 7,3170,Krishna Valley M.I.D.C. - Sangli,Active,18,30280,1,0
Zone 7,3170,Kurundwad,Active,20,51625,0,0
Zone 7,3170,Lote,Active,20,26996,2,0
Zone 7,3170,Malvan,Active,33,52217,0,0
Zone 7,3170,Mango City Devgad,Active,20,222264,0,0
Zone 7,3170,Mapuca City,Active,30,51941,0,0
Zone 7,3170,Mapusa Aura,Active,24,227822,0,0
Zone 7,3170,Mapusa Elegance,Active,33,225840,1,0
Zone 7,3170,Margao Sunrise,Active,35,87642,0,0
Zone 7,3170,Mhapsa Elite,Active,42,87484,0,0
Zone 7,3170,Mudhol,Active,25,15664,0,0
Zone 7,3170,Mundgod Heritage,Active,30,82245,0,0
Zone 7,3170,Nargund,Active,22,15668,0,0
Zone 7,3170,Panaji Central,Active,20,227610,0,0
Zone 7,3170,Parvari Blaze,Active,12,225284,0,0
Zone 7,3170,Ponda,Active,60,15674,1,0
Zone 7,3170,Ramadurg,Active,21,15678,0,0
Zone 7,3170,Sangli,Active,162,15682,3,0
Zone 7,3170,Savantwadi,Active,62,15687,1,0
Zone 7,3170,Shiroda,Active,4,52187,0,0
Zone 7,3170,Shiroli (M.I.D.C.),Active,30,15688,0,0
Zone 7,3170,Smart City Kolhapur,Active,28,87898,4,0
Zone 7,3170,Talikoti,Active,15,58474,0,0
Zone 7,3170,Tasgaon,Active,44,52039,1,0
Zone 7,3170,Vaibhavwadi,Active,15,223455,2,0
Zone 7,3170,Vasco Port Town,Active,37,88636,0,0
Zone 7,3170,Vita City,Active,17,65483,0,0
Zone 7,3181,Bajpe,Active,24,64356,0,0
Zone 7,3181,Bantwal Town,Active,28,88290,0,0
Zone 7,3181,Birumale Hills Puttur,Active,13,225953,0,0
Zone 7,3181,Central Mysore,Active,60,31372,0,0
Zone 7,3181,Chamarajanagar,Active,48,15709,0,0
Zone 7,3181,Farangipete,Active,16,90020,0,0
Zone 7,3181,H.D. Kote,Active,23,72255,0,0
Zone 7,3181,Hemavathi Kodlipet,Active,20,89720,0,0
Zone 7,3181,Kinnigoli,Active,39,24182,0,0
Zone 7,3181,Kollegal,Active,44,25564,0,0
Zone 7,3181,Kollegal Mid Town,Active,24,64779,0,0
Zone 7,3181,Krishnaraja,Active,19,89663,0,0
Zone 7,3181,Madanthyar,Active,33,89824,1,0
Zone 7,3181,Madikeri Woods,Active,33,224385,1,0
Zone 7,3181,Malleshwara Alur Siddapura,Active,13,90115,0,0
Zone 7,3181,Mangalore City,Active,32,89257,1,0
Zone 7,3181,Mangalore Down Town,Active,31,51077,1,0
Zone 7,3181,Mangalore Port Town,Active,20,15737,0,0
Zone 7,3181,Mangalore Sunrise,Active,19,31296,0,0
Zone 7,3181,Moodbidri Temple Town,Active,46,85674,0,0
Zone 7,3181,Mysore Brindavan,Active,31,51273,0,0
Zone 7,3181,Mysore Jayaprakash Nagar,Active,26,85222,1,0
Zone 7,3181,Mysore Royal,Active,28,62376,0,0
Zone 7,3181,Mysore Shreegandha,Active,20,222045,0,0
Zone 7,3181,Mysore Stars,Active,11,222429,0,0
Zone 7,3181,Mysuru Diamond,Active,20,226741,0,0
Zone 7,3181,Nanjangud,Active,30,21578,0,0
Zone 7,3181,Periyapatna Icons,Active,42,224953,0,0
Zone 7,3181,Puttur Central,Active,34,89859,1,0
Zone 7,3181,Seva Mysore,Active,21,227249,0,0
Zone 7,3181,Shanivarsanthe,Active,24,88404,0,0
Zone 7,3181,Silk City Chamarajanagar,Active,32,64777,0,0
Zone 7,3181,Somwarpet Hills,Active,44,51344,3,0
Zone 7,3181,Subramanya,Active,32,63274,0,0
Zone 7,3181,Sullia City,Active,46,87370,1,0
Zone 7,3181,Uppinangadi,Active,40,28261,0,0
Zone 7,3181,Vijayanagar Mysore,Active,28,82364,0,0
Zone 7,3181,Virajpet,Active,25,15763,0,0
Zone 7,3182,Ambalpady,Active,45,56003,0,0
Zone 7,3182,Ampar,Active,34,57100,0,0
Zone 7,3182,Arehalli,Active,42,22689,0,0
Zone 7,3182,Arkalgud Mid-Town,Active,22,83120,0,0
Zone 7,3182,Arsikere,Active,17,15701,0,0
Zone 7,3182,Avathi,Active,30,226685,0,0
Zone 7,3182,Balehonnur,Active,67,23543,0,0
Zone 7,3182,Bhadravati,Active,44,15706,0,0
Zone 7,3182,Byndoor,Active,52,21639,1,0
Zone 7,3182,Central Hassan,Active,30,226618,0,0
Zone 7,3182,Chikkamagaluru Ekatha,Active,27,227542,0,0
Zone 7,3182,Ganguli,Active,32,23275,1,0
Zone 7,3182,Gonibeedu,Active,43,50729,0,0
Zone 7,3182,Hanubal,Active,23,24324,0,0
Zone 7,3182,Hassan,Active,72,15716,4,0
Zone 7,3182,Hassan Royal,Active,27,86697,1,0
Zone 7,3182,Hassan Sunrise,Active,18,52638,0,0
Zone 7,3182,Hassan Tiger,Active,18,223238,0,0
Zone 7,3182,Holenarasipur,Active,17,15720,0,0
Zone 7,3182,Jayapura,Active,36,61982,1,0
Zone 7,3182,Karkala Rock City,Active,33,89021,2,0
Zone 7,3182,Kaup,Active,14,54007,0,0
Zone 7,3182,Kokkarne,Active,22,224499,0,0
Zone 7,3182,Koppa,Active,24,21908,0,0
Zone 7,3182,Kota Brigade,Active,41,227945,0,0
Zone 7,3182,Kundapura,Active,86,15730,1,0
Zone 7,3182,Kundapura Mid Town,Active,65,50260,0,0
Zone 7,3182,Kundapura Riverside,Active,30,89571,0,0
Zone 7,3182,Kundapura South,Active,60,23496,0,0
Zone 7,3182,Kundapura Sunrise,Active,34,65537,0,0
Zone 7,3182,Malpe Karavali,Active,15,227925,0,0
Zone 7,3182,Manipura,Active,29,82921,0,0
Zone 7,3182,Mudigere,Active,57,15740,0,0
Zone 7,3182,Narasimharajapura,Active,44,15746,0,0
Zone 7,3182,Ripponpet,Active,32,83949,0,0
Zone 7,3182,Royal Brahmavara,Active,61,88904,0,0
Zone 7,3182,Sagar,Active,49,15749,0,0
Zone 7,3182,Shankernarayana,Active,31,59129,0,0
Zone 7,3182,Shimoga East,Active,67,15753,0,0
Zone 7,3182,Shimoga Jubilee,Active,30,78952,0,0
Zone 7,3182,Shimoga Riverside,Active,62,58454,0,0
Zone 7,3182,Shivamogga Sahyadri,Active,20,227907,0,0
Zone 7,3182,Siddapura-Hosangadi,Active,38,31341,0,0
Zone 7,3182,Soraba,Active,30,87207,0,0
Zone 7,3182,Tarikere,Active,70,15758,0,0
Zone 7,3182,Tirthahalli,Active,69,15760,0,0
Zone 7,3182,Udupi-Udyavara,Active,19,64701,0,0
Zone 7,3191,Anekal,Active,21,227770,0,0
Zone 7,3191,Bangalore Banashankari,Active,24,53566,5,0
Zone 7,3191,Bangalore City Centre,Active,34,31703,0,0
Zone 7,3191,Bangalore East,Active,25,15767,2,0
Zone 7,3191,Bangalore Garden City,Active,8,27288,0,0
Zone 7,3191,Bangalore Midtown,Active,150,15770,2,0
Zone 7,3191,Bangalore Shantiniketan,Active,13,89466,0,0
Zone 7,3191,Bangalore Vidyapeeta,Active,25,79533,1,0
Zone 7,3191,Bangalore Visionaries,Active,25,226406,0,0
Zone 7,3191,Bangarpet,Active,15,222022,0,0
Zone 7,3191,Bengaluru Aantarya,Active,6,225808,0,0
Zone 7,3191,Bengaluru Banasiri,Active,25,227236,0,0
Zone 7,3191,Bengaluru Centurions,Active,15,228117,0,0
Zone 7,3191,Bengaluru Gandhadagudi,Active,45,227582,0,0
Zone 7,3191,Bengaluru Jayanagar,Active,11,87113,0,0
Zone 7,3191,Bengaluru Jnanabharathi,Active,24,227321,0,0
Zone 7,3191,Bengaluru Kaggalipura,Active,15,227598,0,0
Zone 7,3191,Bengaluru Naturalists,Active,19,227454,0,0
Zone 7,3191,Bengaluru Samanvaya,Active,26,227915,0,0
Zone 7,3191,Bengaluru Sankalp,Active,17,228185,0,0
Zone 7,3191,Bengaluru Sarjapur Road,Active,19,227140,0,0
Zone 7,3191,Bengaluru Seva Jyothi,Active,15,228017,0,0
Zone 7,3191,Bengaluru Sports Catalyst,Active,25,228212,0,0
Zone 7,3191,Bugle Rock Bengaluru,Active,21,74946,0,0
Zone 7,3191,Chandrappa Circle,Active,34,227923,0,0
Zone 7,3191,Channapatna,Active,35,15778,0,0
Zone 7,3191,Chittoor Elite,Active,21,227341,0,0
Zone 7,3191,Diabetes Blue Hope,Active,20,227354,0,0
Zone 7,3191,Harohalli,Active,33,87414,0,0
Zone 7,3191,Kanakapura Milk City,Active,13,225520,0,0
Zone 7,3191,Kolar Central,Active,20,52370,0,0
Zone 7,3191,Kolar Collective Actions,Active,20,226341,0,0
Zone 7,3191,Kolar Gold Fields,Active,31,15795,2,0
Zone 7,3191,Kolar Lakeside,Active,15,222116,0,0
Zone 7,3191,Kolar Nandini,Active,28,91221,0,0
Zone 7,3191,Magadi Central,Active,44,87260,0,0
Zone 7,3191,Malur,Active,15,228165,0,0
Zone 7,3191,Mekedatu Sangama,Active,27,225641,0,0
Zone 7,3191,Mulbagal Central,Active,45,83546,0,0
Zone 7,3191,Passport Bengaluru,Active,16,227667,0,0
Zone 7,3191,Punganur Central,Active,27,31629,0,0
Zone 7,3191,Ramgarh Rockers Ramanagara,Active,26,227523,0,0
Zone 7,3191,Srikalahasti,Active,28,15816,0,0
Zone 7,3191,Tirupati,Active,102,15818,1,0
Zone 7,3191,Tirupati Greater City,Active,15,81256,0,0
Zone 7,3191,Tirupati Nextgen,Active,13,227713,0,0
Zone 7,3191,Tirupati Peace Park,Active,10,87672,0,0
Zone 7,3191,Toys City Channapatna,Active,14,224715,0,0
Zone 7,3192,Anikethana Bengaluru,Active,20,224891,0,0
Zone 7,3192,Bangalore Aasare,Active,19,225700,0,0
Zone 7,3192,Bangalore Central,Active,29,24067,0,0
Zone 7,3192,Bangalore Engage India,Active,8,225165,0,0
Zone 7,3192,Bangalore Global Yoga,Active,24,91205,0,0
Zone 7,3192,Bangalore Mahanandi,Active,15,228013,0,0
Zone 7,3192,Bangalore Ramamurthy Nagar,Active,12,79294,1,0
Zone 7,3192,Bangalore Sadashivanagar,Active,20,80571,0,0
Zone 7,3192,Bangalore Sadgamaya,Active,21,224686,1,0
Zone 7,3192,Bangalore Sahakaranagar,Active,38,76592,1,0
Zone 7,3192,Bengaluru Arunodaya,Active,45,227165,0,0
Zone 7,3192,Bengaluru Chimney Hill,Active,27,86540,1,0
Zone 7,3192,Bengaluru Kamadhenu,Active,21,223584,0,0
Zone 7,3192,Bengaluru Namma Samskriti,Active,14,227001,0,0
Zone 7,3192,Bengaluru Orion Gateway,Active,29,87655,1,0
Zone 7,3192,Bengaluru PJC Snehabandhu,Active,20,228118,0,0
Zone 7,3192,Bengaluru Racham Collective,Active,22,227744,0,0
Zone 7,3192,Bengaluru Samruddhi,Active,10,226894,0,0
Zone 7,3192,Bengaluru Spectrum,Active,14,226896,1,0
Zone 7,3192,Bengaluru Zionhills,Active,15,226388,0,0
Zone 7,3192,B G Nagara Central,Active,20,227176,0,0
Zone 7,3192,Chikbalapur Central,Active,20,227295,0,0
Zone 7,3192,Greater Vidyaranyapura,Active,32,228068,0,0
Zone 7,3192,Kaveri Siri,Active,12,226996,0,0
Zone 7,3192,Koratagere,Active,19,226236,0,0
Zone 7,3192,Mandavya,Active,76,227383,0,0
Zone 7,3192,Mandya,Active,33,15804,0,0
Zone 7,3192,Nagamangala,Active,26,15745,0,0
Zone 7,3192,Narthanapuri Kunigal,Active,19,223204,0,0
Zone 7,3192,Nittur,Active,14,87210,0,0
Zone 7,3192,Praani Mitra,Active,11,226990,0,0
Zone 7,3192,Siragate Yallapura Tumakuru,Active,10,227299,0,0
Zone 7,3192,Sompura,Active,28,225497,0,0
Zone 7,3192,Tavarekere Prime,Active,24,225501,0,0
Zone 7,3192,Tiptur,Active,50,15759,0,0
Zone 7,3192,Vijnatham South Campus,Active,16,227162,0,0
Zone 5,3203,Annur Town,Active,113,91014,0,0
Zone 5,3203,Anthiyur,Active,29,22591,0,0
Zone 5,3203,Arasur,Active,15,228150,0,0
Zone 5,3203,Avinashi East,Active,38,86588,1,0
Zone 5,3203,Bhavani Carpet City,Active,66,82698,0,0
Zone 5,3203,Boyampalayam,Active,39,86942,0,0
Zone 5,3203,Chengappalli,Active,40,225369,0,0
Zone 5,3203,Chennimalai Nex Gen,Active,15,228148,0,0
Zone 5,3203,Cheyur,Active,34,85800,0,0
Zone 5,3203,Chithode,Active,11,224386,0,0
Zone 5,3203,D.G. Pudur,Active,33,227718,0,0
Zone 5,3203,Dharapuram Winners,Active,18,227651,0,0
Zone 5,3203,Doddampalayam,Active,25,227517,0,0
Zone 5,3203,Erode Chakras,Active,30,226654,0,0
Zone 5,3203,Erode Focus,Active,34,224366,1,0
Zone 5,3203,Erode Phoenix,Active,15,228149,0,0
Zone 5,3203,Gudalur Blue Mountain,Active,17,223317,0,0
Zone 5,3203,Kadambur Hills,Active,17,227634,0,0
Zone 5,3203,Karanampettai Rock City,Active,25,225390,0,0
Zone 5,3203,Karumathampatti,Active,18,223155,0,0
Zone 5,3203,Karuvalur,Active,50,226652,0,0
Zone 5,3203,Koduvai,Active,44,228091,0,0
Zone 5,3203,Kolappalur,Active,16,227588,0,0
Zone 5,3203,Kovilpalayam,Active,24,228025,0,0
Zone 5,3203,Kundah,Active,15,86721,0,0
Zone 5,3203,Mettupalayam Prime,Active,32,223040,0,0
Zone 5,3203,Mudumalai,Active,16,227538,0,0
Zone 5,3203,Nambiyur Uzhavan,Active,25,91006,0,0
Zone 5,3203,Nilgiris Richmount,Active,9,224999,0,0
Zone 5,3203,Ooty Town,Active,9,82393,1,0
Zone 5,3203,Palladam,Active,46,27152,0,0
Zone 5,3203,Palladam Imaigal,Active,25,226737,0,0
Zone 5,3203,Palladam Rainbow,Active,40,79536,0,0
Zone 5,3203,Periyanaickenpalayam North,Active,18,227673,0,0
Zone 5,3203,Perundurai,Active,83,65721,1,0
Zone 5,3203,Pollachi Royalz,Active,67,84192,1,0
Zone 5,3203,Pongalur,Active,28,228030,0,0
Zone 5,3203,Poondurai Yermunai,Active,46,222280,1,0
Zone 5,3203,Sakthi Mahalingapuram,Active,27,76580,0,0
Zone 5,3203,Sakthinagar,Active,22,15882,1,0
Zone 5,3203,Sathy Tigers,Active,133,225715,0,0
Zone 5,3203,Sivagiri,Active,29,223124,0,0
Zone 5,3203,Somanur Tex City,Active,74,226151,0,0
Zone 5,3203,Tiruppur Dream City,Active,16,221883,0,0
Zone 5,3203,Tirupur Anandham,Active,48,90389,0,0
Zone 5,3203,Tirupur East,Active,56,79178,0,0
Zone 5,3203,Tirupur Kings,Active,25,228211,0,0
Zone 5,3203,Tirupur Knit City,Active,47,73622,0,0
Zone 5,3203,Tirupur Lakshminagar,Active,33,89576,0,0
Zone 5,3203,Tirupur Meridian,Active,59,91046,0,0
Zone 5,3203,Tirupur Next Generation,Active,39,85087,1,0
Zone 5,3203,Tirupur Padmavathipuram,Active,17,227861,0,0
Zone 5,3203,Tirupur Pioneers,Active,56,222440,0,0
Zone 5,3203,Tirupur Smart City,Active,86,88850,2,0
Zone 5,3203,Tirupur United,Active,35,222835,0,0
Zone 5,3203,Tirupur Vanjipalayam,Active,60,222082,1,0
Zone 5,3203,Tirupur Vision,Active,106,86427,0,0
Zone 5,3203,Tirupur West,Active,215,71662,0,0
Zone 5,3203,Udumalpet Aura,Active,16,227556,0,0
Zone 5,3203,Udumalpet Central,Active,6,90926,1,0
Zone 5,3203,Udumalpet Galaxy,Active,21,90939,0,0
Zone 5,3203,Udumalpet Millennium,Active,15,227666,0,0
Zone 5,3203,Udumalpet Next Generation,Active,14,226994,0,0
Zone 5,3203,Udumalpet Star,Active,33,87034,0,0
Zone 5,3203,Uthukuli,Active,31,86897,1,0
Zone 5,3203,Vagarayampalayam,Active,26,86803,0,0
Zone 5,3203,Vellakoil,Active,16,223174,0,0
Zone 5,3203,Vijayapuri,Active,22,227750,0,0
Zone 5,3204,Areekode,Active,22,226548,0,0
Zone 5,3204,Avocado City Ambalavayal,Active,20,228021,0,0
Zone 5,3204,Badagara,Active,36,22462,0,0
Zone 5,3204,Badagara Town,Active,28,75849,1,0
Zone 5,3204,Calicut,Active,27,15831,0,0
Zone 5,3204,Calicut Airport,Active,15,228029,0,0
Zone 5,3204,Calicut Beach,Active,40,31374,0,0
Zone 5,3204,Calicut Central,Active,93,22707,2,0
Zone 5,3204,Calicut City,Active,25,86936,1,0
Zone 5,3204,Calicut Cultural City,Active,14,228072,0,0
Zone 5,3204,Calicut Hilite City,Active,46,224199,0,0
Zone 5,3204,Calicut Metropolis,Active,10,53483,0,0
Zone 5,3204,Calicut Midtown,Active,58,15833,0,0
Zone 5,3204,Calicut Newtown,Active,30,226029,0,0
Zone 5,3204,Calicut North,Active,20,226931,0,0
Zone 5,3204,Calicut Port City,Active,20,63855,0,0
Zone 5,3204,Calicut Pride,Active,9,225014,0,0
Zone 5,3204,Calicut Radiance,Active,20,226234,0,0
Zone 5,3204,Calicut Smart City,Active,25,81702,0,0
Zone 5,3204,Calicut South,Active,27,27022,0,0
Zone 5,3204,Calicut Uptown,Active,28,73279,0,0
Zone 5,3204,Calicut West,Active,36,75724,0,0
Zone 5,3204,Cannanore,Active,53,15834,0,0
Zone 5,3204,Cannanore Seaside,Active,31,29123,0,0
Zone 5,3204,Chemperi,Active,20,225874,0,0
Zone 5,3204,Cherupuzha,Active,25,58691,0,0
Zone 5,3204,Cheruvathur,Active,25,81324,0,0
Zone 5,3204,Civil Station Wayanad,Active,17,228043,0,0
Zone 5,3204,Edakkara,Active,15,225276,0,0
Zone 5,3204,Edappal,Active,20,224225,0,0
Zone 5,3204,Heritage City Payyanur,Active,17,226833,0,0
Zone 5,3204,Iritty,Active,18,228054,0,0
Zone 5,3204,Kabani Valley-Mananthavady,Active,47,70136,0,0
Zone 5,3204,Kalikavu,Active,18,227647,0,0
Zone 5,3204,Kalpetta,Active,47,22537,0,0
Zone 5,3204,Kanhangad Mid Town,Active,27,76312,0,0
Zone 5,3204,Kannur Central,Active,24,225117,0,0
Zone 5,3204,Kannur Midtown,Active,27,226952,0,0
Zone 5,3204,Karivellur,Active,23,85675,0,0
Zone 5,3204,Kodanchery,Active,22,227023,0,0
Zone 5,3204,Koduvally,Active,22,227024,0,0
Zone 5,3204,Kondotty,Active,22,86157,0,0
Zone 5,3204,Kottakkal,Active,25,223586,0,0
Zone 5,3204,Kunhimangalam,Active,13,86590,0,0
Zone 5,3204,Kuthuparamba,Active,20,27121,0,0
Zone 5,3204,Kuttiady Mid Town,Active,40,86360,0,0
Zone 5,3204,Kuttikol,Active,15,228131,0,0
Zone 5,3204,Madayi,Active,17,90851,0,0
Zone 5,3204,Mahe,Active,11,226620,0,0
Zone 5,3204,Malappuram,Active,25,227599,0,0
Zone 5,3204,Manjeri,Active,33,22607,1,0
Zone 5,3204,Meenangadi,Active,33,226573,0,0
Zone 5,3204,Mulleria,Active,16,228113,0,0
Zone 5,3204,Nilambur Royals,Active,15,227943,0,0
Zone 5,3204,Odayanchal,Active,32,86990,0,0
Zone 5,3204,Odayanchal Downtown,Active,20,223237,0,0
Zone 5,3204,Orkkatteri Town,Active,12,222418,0,0
Zone 5,3204,Parappanangadi,Active,15,228119,0,0
Zone 5,3204,Pariyaram,Active,30,225858,0,0
Zone 5,3204,Payangadi,Active,32,83040,2,0
Zone 5,3204,Payyanur Central,Active,27,223480,0,0
Zone 5,3204,Payyanur Elite,Active,23,226713,0,0
Zone 5,3204,Pepper Town Pulpally,Active,48,224373,0,0
Zone 5,3204,Perambra,Active,37,53567,0,0
Zone 5,3204,Perinthalmanna,Active,34,25399,0,0
Zone 5,3204,Pookkottumpadam,Active,17,228022,0,0
Zone 5,3204,Quilandy,Active,18,31513,0,0
Zone 5,3204,Quilandy Smart,Active,21,227069,0,0
Zone 5,3204,Signature Quilandy,Active,14,227952,0,0
Zone 5,3204,Sreekandapuram,Active,14,89977,0,0
Zone 5,3204,Taliparamba Town,Active,29,224481,0,0
Zone 5,3204,Tanur,Active,10,86934,0,0
Zone 5,3204,Thamarassery,Active,24,58644,0,0
Zone 5,3204,Thiruvambady,Active,23,55742,0,0
Zone 5,3204,Tirur,Active,21,22458,0,0
Zone 5,3204,Trikarpur,Active,49,52368,1,0
Zone 5,3204,Vadakara Bizmasters,Active,20,226943,0,0
Zone 5,3204,Vengara,Active,23,226888,0,0
Zone 5,3204,Wandoor,Active,15,228123,0,0
Zone 5,3205,Adimaly,Active,22,53351,0,0
Zone 5,3205,Alwaye,Active,34,15823,0,0
Zone 5,3205,Anakkara,Active,24,224693,0,0
Zone 5,3205,Anakkara Spice City,Active,20,224542,0,0
Zone 5,3205,Angamally Heritage,Active,37,77627,0,0
Zone 5,3205,Athirappilly,Active,17,224936,1,0
Zone 5,3205,Cardamom City Nedumkandam,Active,31,224479,0,0
Zone 5,3205,Chalakudy Central,Active,44,82949,1,0
Zone 5,3205,Chalakudy South,Active,29,80892,0,0
Zone 5,3205,Chalakudy Town,Active,18,225854,0,0
Zone 5,3205,Cochin Airport,Active,50,74584,1,0
Zone 5,3205,Cochin Frontiers,Active,5,223520,0,0
Zone 5,3205,Cochin Global,Active,99,65758,0,0
Zone 5,3205,Cochin Heritage,Active,43,88211,0,0
Zone 5,3205,Cochin Knights,Active,68,60974,0,0
Zone 5,3205,Cochin Lakeside,Active,18,90322,0,0
Zone 5,3205,Cochin Lands End,Active,13,83708,1,0
Zone 5,3205,Cochin Periyar,Active,27,84803,0,0
Zone 5,3205,Cochin Pioneers,Active,27,227267,0,0
Zone 5,3205,Cochin Smartcity,Active,34,79292,0,0
Zone 5,3205,Cochin South,Active,54,26929,0,0
Zone 5,3205,Cochin Suburbs,Active,22,82247,1,0
Zone 5,3205,Cochin Tricity,Active,30,86807,0,0
Zone 5,3205,Cochin Uptown,Active,30,83205,0,0
Zone 5,3205,Cochin-Vypin Island,Active,32,77953,1,0
Zone 5,3205,East Hills Nedumkandam,Active,47,58966,0,0
Zone 5,3205,E-Club of One Sans Frontiers,Active,7,85189,0,0
Zone 5,3205,Fort Cochin,Active,19,21307,0,0
Zone 5,3205,Greater Cochin,Active,39,22453,0,0
Zone 5,3205,Green City Valiyathovala,Active,13,226232,0,0
Zone 5,3205,Irinjalakuda,Active,29,15853,2,0
Zone 5,3205,Irinjalakuda Central,Active,22,53353,1,0
Zone 5,3205,Irinjalakuda Royals,Active,20,227650,0,0
Zone 5,3205,Kalady,Active,35,57099,0,0
Zone 5,3205,Kalamassery,Active,35,22541,0,0
Zone 5,3205,Kaloor,Active,37,83195,0,0
Zone 5,3205,Kanjiramattom,Active,20,224515,0,0
Zone 5,3205,Kattappana,Active,39,89413,0,0
Zone 5,3205,Kattappana Heritage,Active,60,76530,0,0
Zone 5,3205,Kattappana Uptown,Active,37,58086,0,0
Zone 5,3205,Kizhakkambalam,Active,29,83315,0,0
Zone 5,3205,Kodakara,Active,15,224851,0,0
Zone 5,3205,Kodungallur,Active,53,15856,0,0
Zone 5,3205,Kolenchery,Active,17,58640,0,0
Zone 5,3205,Kunnamkulam,Active,38,15859,0,0
Zone 5,3205,Mala,Active,27,76593,1,0
Zone 5,3205,Murickassery,Active,13,88558,0,0
Zone 5,3205,Muvattupuzha Heritage,Active,33,87239,0,0
Zone 5,3205,Nedumkandam,Active,13,60248,0,0
Zone 5,3205,Palarivattom,Active,39,82362,0,0
Zone 5,3205,Parur,Active,52,15878,0,0
Zone 5,3205,Perinjanam,Active,15,82584,0,0
Zone 5,3205,Perumbavoor,Active,63,22147,0,0
Zone 5,3205,Perumbavoor Central,Active,31,82020,0,0
Zone 5,3205,Perumbavoor Heritage,Active,35,226522,1,0
Zone 5,3205,Piravom River Valley,Active,14,85676,0,0
Zone 5,3205,Rajakkad,Active,21,224460,0,0
Zone 5,3205,Rivercity Thodupuzha,Active,27,227520,0,0
Zone 5,3205,Royal Heritage Paravur,Active,26,224948,0,0
Zone 5,3205,Spice Valley Ezhukumvayil,Active,14,224371,0,0
Zone 5,3205,Thekkady,Active,24,58250,0,0
Zone 5,3205,Thodupuzha,Active,77,26504,0,0
Zone 5,3205,Trichur Central,Active,61,52782,1,0
Zone 5,3205,Trichur City,Active,38,75783,1,0
Zone 5,3205,Trichur Cultural City,Active,33,222476,1,0
Zone 5,3205,Trichur Elite,Active,27,225824,2,0
Zone 5,3205,Trichur Metro,Active,13,82909,0,0
Zone 5,3205,Trichur West,Active,29,15897,1,0
Zone 5,3206,Alathur Central,Active,27,86363,0,0
Zone 5,3206,Chittur Palghat,Active,8,21980,0,0
Zone 5,3206,Coimbatore,Active,83,15840,7,0
Zone 5,3206,Coimbatore Aalam,Active,25,226468,0,0
Zone 5,3206,Coimbatore Aram,Active,53,225278,1,0
Zone 5,3206,Coimbatore Blossom,Active,23,226773,0,0
Zone 5,3206,Coimbatore Centennial,Active,39,72374,1,0
Zone 5,3206,Coimbatore Cosmopolitan,Active,28,85427,2,0
Zone 5,3206,Coimbatore Cotton City,Active,32,80414,0,0
Zone 5,3206,Coimbatore Gaalaxy,Active,60,78191,5,0
Zone 5,3206,Coimbatore Gem,Active,22,228237,0,0
Zone 5,3206,Coimbatore Global,Active,29,227751,0,0
Zone 5,3206,Coimbatore Green City,Active,40,79174,2,0
Zone 5,3206,Coimbatore Legend,Active,34,78752,0,0
Zone 5,3206,Coimbatore Meridian,Active,34,90075,1,0
Zone 5,3206,Coimbatore Mitrutva,Active,30,226711,0,0
Zone 5,3206,Coimbatore New Town,Active,23,225886,0,0
Zone 5,3206,Coimbatore Phoenix,Active,14,222268,0,0
Zone 5,3206,Coimbatore Rise,Active,34,227094,0,0
Zone 5,3206,Coimbatore Sangamam,Active,34,227675,0,0
Zone 5,3206,Coimbatore Satellite,Active,55,26919,1,0
Zone 5,3206,Coimbatore Siruvani,Active,24,227209,0,0
Zone 5,3206,Coimbatore Swasthik,Active,20,228023,0,0
Zone 5,3206,Coimbatore United,Active,28,226790,0,0
Zone 5,3206,Coimbatore Urban,Active,37,227909,0,0
Zone 5,3206,Coimbatore Wind City,Active,41,82802,0,0
Zone 5,3206,E-Club of Coimbatore Pride,Active,34,223254,0,0
Zone 5,3206,Kalladikode,Active,17,84763,1,0
Zone 5,3206,Koduvayur,Active,20,53416,0,0
Zone 5,3206,Kovai,Active,25,224981,0,0
Zone 5,3206,Mannarghat,Active,41,27096,0,0
Zone 5,3206,Metro Dynamix,Active,33,222099,0,0
Zone 5,3206,Nemmara,Active,28,70037,0,0
Zone 5,3206,Olavakkode,Active,11,58686,0,0
Zone 5,3206,Palakkad ACE,Active,19,222291,0,0
Zone 5,3206,Palakkad Central,Active,8,225653,0,0
Zone 5,3206,Palakkad Fort,Active,27,86666,0,0
Zone 5,3206,Palakkad Green City,Active,12,221999,0,0
Zone 5,3206,Palghat East,Active,52,22459,1,0
Zone 5,3206,Shoranur,Active,53,85091,0,0
Zone 5,3206,Sreekrishnapuram,Active,27,86661,0,0
Zone 5,3206,Vadakkencherry,Active,34,86487,1,0
Zone 5,3206,Vadakkencherry Malabar,Active,41,51218,0,0
Zone 5,3211,Adoor,Active,35,15902,0,0
Zone 5,3211,Adoor Town,Active,10,69723,0,0
Zone 5,3211,Alleppey Coir City,Active,28,65314,0,0
Zone 5,3211,Alleppey East,Active,88,15904,0,0
Zone 5,3211,Alleppey Greater,Active,44,85249,0,0
Zone 5,3211,Alleppey North,Active,23,69884,0,0
Zone 5,3211,Alleppey Town,Active,20,226262,0,0
Zone 5,3211,Alleppy Central,Active,38,86144,0,0
Zone 5,3211,Anchal,Active,18,52284,0,0
Zone 5,3211,Anchalummood,Active,29,28825,0,0
Zone 5,3211,Anchalummood Central,Active,10,224879,0,0
Zone 5,3211,Aranmula,Active,34,224245,0,0
Zone 5,3211,Aroor,Active,35,55235,0,0
Zone 5,3211,Aroor Satellite City,Active,18,84502,0,0
Zone 5,3211,Ashtamudy Lake Side,Active,24,55573,0,0
Zone 5,3211,Attingal Town,Active,29,223467,0,0
Zone 5,3211,Balaramapuram,Active,17,26918,0,0
Zone 5,3211,Changanacherry,Active,21,15908,0,0
Zone 5,3211,Changanacherry Town,Active,34,223395,0,0
Zone 5,3211,Chavara Mineral Coast,Active,16,51688,0,0
Zone 5,3211,Cherthala Green City,Active,15,87141,0,0
Zone 5,3211,Desinganad Kollam,Active,41,90041,0,0
Zone 5,3211,E-Club of Kerala Global,Active,25,88959,0,0
Zone 5,3211,Erattupetta,Active,44,60969,0,0
Zone 5,3211,Erumely,Active,31,24060,0,0
Zone 5,3211,Ettumanoor,Active,24,55196,0,0
Zone 5,3211,Ezhukone,Active,14,65578,0,0
Zone 5,3211,Greater Kollam,Active,19,60611,0,0
Zone 5,3211,Haripad,Active,52,26529,0,0
Zone 5,3211,Haripad Central,Active,5,89243,0,0
Zone 5,3211,Haripad Greater,Active,33,90653,0,0
Zone 5,3211,Kadakkal,Active,31,29743,0,0
Zone 5,3211,Kaduthuruthy Town,Active,36,223486,0,0
Zone 5,3211,Kallara,Active,10,50337,0,0
Zone 5,3211,Karode,Active,17,224845,0,0
Zone 5,3211,Karunagappally,Active,92,15917,0,0
Zone 5,3211,Kattakada,Active,5,30436,0,0
Zone 5,3211,Kattanam,Active,26,222775,0,0
Zone 5,3211,Kayamkulam,Active,49,25476,0,0
Zone 5,3211,Kayamkulam Palace,Active,13,225466,0,0
Zone 5,3211,Kazhakuttom,Active,57,28135,0,0
Zone 5,3211,Kerala Horrizon,Active,14,226946,0,0
Zone 5,3211,Kilimanoor,Active,34,23808,0,0
Zone 5,3211,Kollam Bypass City,Active,18,61648,0,0
Zone 5,3211,Kollam Coast End,Active,9,55601,0,0
Zone 5,3211,Kollam Harbour City,Active,10,85255,0,0
Zone 5,3211,Kollam Palace City,Active,32,60870,0,0
Zone 5,3211,Kollam Royal City,Active,31,84191,0,0
Zone 5,3211,Kottarakkara,Active,30,25356,0,0
Zone 5,3211,Kottayam,Active,76,15921,0,0
Zone 5,3211,Kottayam Central,Active,55,81938,0,0
Zone 5,3211,Kottayam Gandhi Nagar,Active,28,61978,0,0
Zone 5,3211,Kottayam Southern,Active,42,81939,1,0
Zone 5,3211,Kottiyam,Active,11,71834,0,0
Zone 5,3211,Kovalam,Active,17,88400,1,0
Zone 5,3211,Kozhencherry,Active,51,15924,0,0
Zone 5,3211,Kozhuvanal,Active,28,85508,0,0
Zone 5,3211,Krishnapuram Royals,Active,17,86917,0,0
Zone 5,3211,Kulanada,Active,21,85935,0,0
Zone 5,3211,Kumarakom,Active,22,227482,0,0
Zone 5,3211,Kundara,Active,18,15925,0,0
Zone 5,3211,Kunnicode Royals,Active,6,90202,0,0
Zone 5,3211,Kuravilangad,Active,50,29438,0,0
Zone 5,3211,Kureepuzha,Active,15,81018,0,0
Zone 5,3211,Mallappally,Active,30,22421,0,0
Zone 5,3211,Manarcad,Active,52,223321,1,0
Zone 5,3211,Mannarasala,Active,32,89295,0,0
Zone 5,3211,Marari,Active,21,79176,0,0
Zone 5,3211,Mavelikara,Active,43,15930,0,0
Zone 5,3211,Muttom,Active,24,90743,0,0
Zone 5,3211,Nallila Royals,Active,25,227515,0,0
Zone 5,3211,Nedumoncavu,Active,24,61802,0,0
Zone 5,3211,Neyyattinkara,Active,16,52287,0,0
Zone 5,3211,Oachira,Active,20,224825,0,0
Zone 5,3211,Oachira Heritage Town,Active,16,225911,0,0
Zone 5,3211,Palai,Active,158,22793,0,0
Zone 5,3211,Pandalam,Active,13,26824,0,0
Zone 5,3211,Pandalam Town,Active,12,61976,0,0
Zone 5,3211,Parippally Town,Active,5,88600,0,0
Zone 5,3211,Pathanamthitta,Active,30,15934,0,0
Zone 5,3211,Pathanamthitta Central,Active,36,55477,0,0
Zone 5,3211,Pathanamthitta Metro,Active,19,60612,0,0
Zone 5,3211,Pathanamthitta South,Active,13,62492,0,0
Zone 5,3211,Peruva,Active,30,86720,0,0
Zone 5,3211,Poovar,Active,13,91081,0,0
Zone 5,3211,Punalur,Active,36,15938,0,0
Zone 5,3211,Punalur Mid Town,Active,23,50855,0,0
Zone 5,3211,Punalur Riverside,Active,20,55479,0,0
Zone 5,3211,Punnamada Lake City,Active,19,227363,0,0
Zone 5,3211,Puthupally,Active,62,80592,3,0
Zone 5,3211,Puthur,Active,28,53715,0,0
Zone 5,3211,Quilon,Active,50,15939,0,0
Zone 5,3211,Quilon Cashew City,Active,17,65719,0,0
Zone 5,3211,Quilon Central,Active,23,50302,0,0
Zone 5,3211,Quilon Lake City,Active,42,51377,0,0
Zone 5,3211,Quilon Lotus,Active,32,83968,0,0
Zone 5,3211,Quilon North,Active,19,23670,0,0
Zone 5,3211,Quilon West,Active,48,15940,0,0
Zone 5,3211,Quilon West End,Active,43,62620,0,0
Zone 5,3211,Ramapuram,Active,41,55599,0,0
Zone 5,3211,Ranni,Active,38,51755,0,0
Zone 5,3211,Sasthamkottah,Active,21,222075,0,0
Zone 5,3211,Shertallay Town,Active,79,28439,0,0
Zone 5,3211,Sherthallai,Active,47,15943,0,0
Zone 5,3211,Tangasseri Quilon,Active,29,60813,0,0
Zone 5,3211,Technopark Trivandrum,Active,19,89409,0,0
Zone 5,3211,Thalayolaparambu,Active,35,61975,0,0
Zone 5,3211,Thiruvananthapuram Midcity,Active,13,27271,7,0
Zone 5,3211,Tiruvalla,Active,64,15953,0,0
Zone 5,3211,Tiruvalla East,Active,48,31254,0,0
Zone 5,3211,Trivandrum,Active,35,15954,0,0
Zone 5,3211,Trivandrum Amity,Active,31,223452,0,0
Zone 5,3211,Trivandrum Ananthapuri,Active,14,84155,0,0
Zone 5,3211,Trivandrum Capital,Active,19,82901,0,0
Zone 5,3211,Trivandrum Cosmos,Active,17,31676,0,0
Zone 5,3211,Trivandrum Elites,Active,35,227872,0,0
Zone 5,3211,Trivandrum Empire,Active,11,223025,0,0
Zone 5,3211,Trivandrum Fort,Active,18,29679,0,0
Zone 5,3211,Trivandrum Galaxy,Active,15,78172,0,0
Zone 5,3211,Trivandrum Kowdiar,Active,46,28214,0,0
Zone 5,3211,Trivandrum Metro,Active,20,55560,0,0
Zone 5,3211,Trivandrum Metropolis,Active,32,90092,0,0
Zone 5,3211,Trivandrum North,Active,15,15955,0,0
Zone 5,3211,Trivandrum Regal,Active,41,226899,0,0
Zone 5,3211,Trivandrum Residency,Active,65,80594,1,0
Zone 5,3211,Trivandrum Royal,Active,6,65934,0,0
Zone 5,3211,Trivandrum Sea Coast,Active,18,51274,0,0
Zone 5,3211,Trivandrum West,Active,19,15957,0,0
Zone 5,3211,Udiyankulangara,Active,12,59765,1,0
Zone 5,3211,Vagamon,Active,18,227384,0,0
Zone 5,3211,Vaikom,Active,54,15959,0,0
Zone 5,3211,Vaikom Lake City,Active,52,222084,0,0
Zone 5,3211,Vaikom Town,Active,30,62000,0,0
Zone 5,3211,Varkala,Active,29,15961,0,0
Zone 5,3211,Vembanad Pallipuram,Active,28,224823,0,0
Zone 5,3211,Venjaramoodu,Active,32,27378,1,0
Zone 5,3212,Alangulam,Active,30,57869,0,0
Zone 5,3212,Ambasamudram,Active,28,15905,0,0
Zone 5,3212,Aruppukottai,Active,23,226531,0,0
Zone 5,3212,Chatrapatti Bandage City,Active,19,85729,0,0
Zone 5,3212,Courtallam Central,Active,24,15912,0,0
Zone 5,3212,Courtallam Chaaral,Active,48,60869,0,0
Zone 5,3212,Courtallam Elite,Active,38,88861,0,0
Zone 5,3212,Courtallam Metro,Active,15,55590,0,0
Zone 5,3212,Courtallam Sadhanaa,Active,15,226543,0,0
Zone 5,3212,Devakottai Arch,Active,37,226941,0,0
Zone 5,3212,Dhalavaipuram,Active,46,81402,0,0
Zone 5,3212,Golden R.S. Mangalam,Active,21,84858,0,0
Zone 5,3212,Greater Nagercoil,Active,20,86855,0,0
Zone 5,3212,Green Land Bhuthapandy,Active,25,77031,0,0
Zone 5,3212,Kadayanallur,Active,40,21060,0,0
Zone 5,3212,Kalaiyarkoil Supreme,Active,37,82838,0,0
Zone 5,3212,Kanyakumari,Active,42,22732,0,0
Zone 5,3212,Karaikudi Pearl Sangamam,Active,33,88416,0,0
Zone 5,3212,Kovilpatti,Active,92,15923,1,0
Zone 5,3212,Marthandam Honey City,Active,100,90762,0,0
Zone 5,3212,Marthandam Town,Active,13,226880,0,0
Zone 5,3212,Nagercoil Central,Active,34,24035,0,0
Zone 5,3212,Nagercoil Emerald,Active,14,88023,0,0
Zone 5,3212,Nagercoil Heritage,Active,18,89395,0,0
Zone 5,3212,Nagercoil Royals,Active,28,90248,0,0
Zone 5,3212,Nagercoil Stars,Active,10,223144,0,0
Zone 5,3212,Nagercoil Suburban,Active,62,26685,0,0
Zone 5,3212,Nagercoil Supreme,Active,39,90629,0,0
Zone 5,3212,Nagercoil Thendral,Active,11,222686,0,0
Zone 5,3212,Nellai Elite,Active,18,228247,0,0
Zone 5,3212,Palayamkottai Central,Active,12,91168,0,0
Zone 5,3212,Pavoorchatram,Active,20,226492,0,0
Zone 5,3212,Phoenix Nagercoil,Active,20,89142,0,0
Zone 5,3212,Puduvayal,Active,31,83043,1,0
Zone 5,3212,Rajapalayam Central,Active,20,82546,0,0
Zone 5,3212,Rameswaram,Active,36,82158,0,0
Zone 5,3212,Ramnad Royals,Active,38,85098,3,0
Zone 5,3212,Ramnagar Parks,Active,40,86655,1,0
Zone 5,3212,Sankarankovil,Active,49,15942,0,0
Zone 5,3212,Sattur,Active,19,58445,1,0
Zone 5,3212,Sayalgudi,Active,43,227395,0,0
Zone 5,3212,Seaside Tuticorin,Active,42,51384,0,0
Zone 5,3212,Sengottai Galaxy,Active,14,222391,0,0
Zone 5,3212,Sivakasi Greens,Active,21,84566,1,0
Zone 5,3212,Sivakasi Pyrocity,Active,31,58537,0,0
Zone 5,3212,Sivakasi Town,Active,28,78957,1,0
Zone 5,3212,Srivilliputhur Star Friends,Active,23,227524,0,0
Zone 5,3212,Srivilliputtur Elite Friends,Active,23,228169,0,0
Zone 5,3212,Srivilliputtur Green City,Active,31,84590,0,0
Zone 5,3212,Tamiraparani Tirunelveli,Active,40,55323,0,0
Zone 5,3212,Thisayanvilai,Active,19,90954,0,0
Zone 5,3212,Thisayanvilai Elite,Active,24,222808,0,0
Zone 5,3212,Thoothukudi Titans,Active,34,222404,0,0
Zone 5,3212,Thuckalay,Active,21,21542,0,0
Zone 5,3212,Tirunelveli North,Active,14,23936,0,0
Zone 5,3212,Tirunelveli Star,Active,26,86485,0,0
Zone 5,3212,Tirunelveli Town,Active,34,21753,0,0
Zone 5,3212,Tirunelveli West,Active,59,15952,0,0
Zone 5,3212,Tiruthangal,Active,23,84670,0,0
Zone 5,3212,Tuticorin,Active,58,15958,0,0
Zone 5,3212,Uchipuli,Active,27,86752,0,0
Zone 5,3212,Valliyoor,Active,27,15960,0,0
Zone 5,3212,Verkilambi Shuttlers,Active,19,222419,0,0
Zone 5,3212,Virudhunagar Trade City,Active,34,227453,0,0
Zone 5,3212,Watrap,Active,23,225851,0,0
Zone 5,3212,West Nagercoil,Active,35,55484,0,0
Zone 5,3212,Yarn City Nagercoil,Active,41,75782,0,0
Zone 5,3220,Malé,Active,46,84902,0,0
Zone 5,3220,Batticaloa City,Active,28,224294,0,0
Zone 5,3220,Batticaloa Fort City,Active,21,227539,0,0
Zone 5,3220,Batticaloa Heritage,Active,13,86295,0,0
Zone 5,3220,Biyagama,Active,11,53988,0,0
Zone 5,3220,Colombo City,Active,14,88090,0,0
Zone 5,3220,Colombo Regency,Active,34,58689,2,0
Zone 5,3220,Colombo Uptown,Active,32,22857,3,0
Zone 5,3220,Dickoya,Active,15,67076,0,0
Zone 5,3220,Jaffna Peninsula,Active,15,226623,2,0
Zone 5,3220,Kalmunai,Active,14,55074,0,0
Zone 5,3220,Kalpitiya Peninsula,Active,9,226811,0,0
Zone 5,3220,Kandy Hill Capital,Active,29,86173,1,0
Zone 5,3220,Kilinochchi Town,Active,40,86203,1,0
Zone 5,3220,Matale,Active,22,15978,1,0
Zone 5,3220,Nikaweratiya,Active,32,24783,0,0
Zone 5,3220,Nova Ceylon,Active,26,226945,0,0
Zone 5,3220,Nuwara Eliya,Active,22,15981,0,0
Zone 5,3220,Paddiruppu,Active,23,226938,0,0
Zone 5,3220,Pamunugama,Active,58,22696,1,0
Zone 5,3220,PanColombo,Active,11,82140,3,0
Zone 5,3220,Panduwasnuwara,Active,16,26773,0,0
Zone 5,3220,Pinnawala,Active,18,228010,0,0
Zone 5,3220,Polgahawela,Active,13,61485,0,0
Zone 5,3220,Ruwanpura Sapphire,Active,22,227403,0,0
Zone 5,3220,Vavuniya City,Active,23,226579,0,0
Zone 5,3220,Wariyapola,Active,22,61974,0,0
Zone 5,3220,Wattala,Active,14,22859,0,0
Zone 5,3231,Acharapakkam,Active,13,84218,0,0
Zone 5,3231,Arakkonam Mithra,Active,17,226963,0,0
Zone 5,3231,Arcot,Active,61,26588,0,0
Zone 5,3231,Arcot Delhi Gate,Active,20,227755,0,0
Zone 5,3231,Arcot East,Active,25,51012,0,0
Zone 5,3231,Arcot Fort,Active,24,90625,0,0
Zone 5,3231,Chengam,Active,17,226973,0,0
Zone 5,3231,Chetpet,Active,40,27493,0,0
Zone 5,3231,Cheyyar,Active,54,24215,1,0
Zone 5,3231,Cheyyar Royals,Active,16,225388,0,0
Zone 5,3231,Cheyyar Temple City,Active,36,84981,0,0
Zone 5,3231,Cheyyar Town,Active,22,87736,0,0
Zone 5,3231,Eagle Town Thirukkazhukundram,Active,39,58011,0,0
Zone 5,3231,Gudiyatham Golden Galaxy,Active,33,89208,0,0
Zone 5,3231,Kalavai,Active,16,56666,0,0
Zone 5,3231,Kancheepuram,Active,96,15854,1,0
Zone 5,3231,Kancheepuram East,Active,40,26143,1,0
Zone 5,3231,Kanchipuram Grand,Active,16,224752,0,0
Zone 5,3231,Kaveripakkam,Active,31,227056,0,0
Zone 5,3231,Light City Tiruvannamalai,Active,38,86462,0,0
Zone 5,3231,Mahindra Industrial City,Active,15,80934,0,0
Zone 5,3231,Mamallapuram,Active,22,225318,0,0
Zone 5,3231,Mamandur,Active,48,51280,0,0
Zone 5,3231,Maraimalai Nagar Industrial City,Active,19,66478,1,0
Zone 5,3231,Pallavaram Central,Active,11,222730,0,0
Zone 5,3231,Pernamallur,Active,22,85168,0,0
Zone 5,3231,Pernambut,Active,18,29650,0,0
Zone 5,3231,Polur,Active,21,60874,0,0
Zone 5,3231,Ranipet Palar,Active,19,90781,0,0
Zone 5,3231,Ranipet Sipcot,Active,41,51316,1,0
Zone 5,3231,Sholinghur,Active,58,24099,0,0
Zone 5,3231,Sholinghur Temple City,Active,32,88946,1,0
Zone 5,3231,Sriperumbudur,Active,10,86943,0,0
Zone 5,3231,Thandrampet,Active,26,226386,0,0
Zone 5,3231,Thellar,Active,25,89885,0,0
Zone 5,3231,Tirupattur,Active,151,23937,0,0
Zone 5,3231,Tirupattur Town,Active,33,88770,0,0
Zone 5,3231,Tiruttani,Active,31,50067,0,0
Zone 5,3231,Tiruttani Stars,Active,17,225673,0,0
Zone 5,3231,Tiruvallur Elite,Active,19,90984,0,0
Zone 5,3231,Tiruvannamalai Elite,Active,20,225029,0,0
Zone 5,3231,Tiruvannamalai Pride,Active,26,87273,0,0
Zone 5,3231,Tiruvannamalai Rainbow,Active,15,227565,0,0
Zone 5,3231,Tiruvannamalai Vegan,Active,54,86393,0,0
Zone 5,3231,Uthiramerur,Active,57,78256,0,0
Zone 5,3231,Vandavasi Town,Active,43,87215,0,0
Zone 5,3231,Vaniyambadi,Active,26,15899,1,0
Zone 5,3231,Vaniyambadi Mid Town,Active,21,74546,0,0
Zone 5,3231,Vellore,Active,33,15900,1,0
Zone 5,3231,Vellore Evergreen,Active,19,227747,0,0
Zone 5,3231,Vellore Gandhinagar,Active,14,227070,0,0
Zone 5,3231,Vellore Gems,Active,21,85059,0,0
Zone 5,3231,Vellore Golden City,Active,40,84267,2,0
Zone 5,3231,Vellore Palar City,Active,22,222344,0,0
Zone 5,3231,Vellore Presidency,Active,69,57805,0,0
Zone 5,3231,Vellore Royals,Active,26,228035,0,0
Zone 5,3231,Vellore Sathuvachari,Active,14,90419,0,0
Zone 5,3231,Walajapet,Active,55,50068,0,0
Zone 5,3233,Annanagar West,Active,19,86330,0,0
Zone 5,3233,Chennai Accord,Active,24,88849,0,0
Zone 5,3233,Chennai Amity,Active,15,228146,0,0
Zone 5,3233,Chennai Aram,Active,24,222496,0,0
Zone 5,3233,Chennai Aristo,Active,30,222550,0,0
Zone 5,3233,Chennai Banyan Tree,Active,22,226944,0,0
Zone 5,3233,Chennai Beehives,Active,40,90682,0,0
Zone 5,3233,Chennai Castle,Active,35,226912,0,0
Zone 5,3233,Chennai Celebrities,Active,58,222682,1,0
Zone 5,3233,Chennai Central Elite,Active,47,87631,0,0
Zone 5,3233,Chennai Coral,Active,16,222532,0,0
Zone 5,3233,Chennai Gateway,Active,20,84054,1,0
Zone 5,3233,Chennai Golden Galaxy,Active,15,222535,2,0
Zone 5,3233,Chennai Hindustan,Active,12,225340,0,0
Zone 5,3233,Chennai Icons,Active,196,226554,0,0
Zone 5,3233,Chennai Kings,Active,24,88977,0,0
Zone 5,3233,Chennai K.K. Nagar,Active,32,61737,1,0
Zone 5,3233,Chennai Kodambakkam,Active,39,78432,0,0
Zone 5,3233,Chennai Maithri,Active,26,225042,0,0
Zone 5,3233,Chennai Metropolis,Active,26,88627,2,0
Zone 5,3233,Chennai Neithal,Active,26,88800,1,0
Zone 5,3233,Chennai Octave,Active,28,224669,1,0
Zone 5,3233,Chennai Orchid,Active,20,226321,0,0
Zone 5,3233,Chennai Posh,Active,1,88629,0,0
Zone 5,3233,Chennai Presidency,Active,23,50380,1,0
Zone 5,3233,Chennai Prince City,Active,19,227743,0,0
Zone 5,3233,Chennai Radiance,Active,75,89516,1,0
Zone 5,3233,Chennai Saaral,Active,20,222516,0,0
Zone 5,3233,Chennai Sneham,Active,8,225356,1,0
Zone 5,3233,Chennai Uptown,Active,16,222514,0,0
Zone 5,3233,Chennai Urban Square,Active,2,226540,0,0
Zone 5,3233,Chennai Utsav,Active,38,89774,0,0
Zone 5,3233,Chennai Valasai,Active,20,226835,0,0
Zone 5,3233,Chennai Verve,Active,10,227273,0,0
Zone 5,3233,Chennai Vibrance,Active,18,227905,0,0
Zone 5,3233,E-Club of Chennai,Active,21,85282,0,0
Zone 5,3233,Madras Bay City,Active,11,87472,0,0
Zone 5,3233,Madras Esplanade,Active,55,26823,2,0
Zone 5,3233,Madras Miracles,Active,35,227317,0,0
Zone 5,3233,Madras Porur,Active,19,30485,1,0
Zone 5,3233,Madras Temple City,Active,42,26692,1,0
Zone 5,3233,Madras Vadapalani,Active,39,31382,0,0
Zone 5,3233,Madras West,Active,44,15866,0,0
Zone 5,3233,Manali New Town,Active,3,84646,0,0
Zone 5,3233,Singara Chennai,Active,13,222469,0,0
Zone 5,3233,Tharamani,Active,23,222588,0,0
Zone 5,3233,United Chennai,Active,30,86463,0,0
Zone 5,3234,Chennai Amigos,Active,21,226911,0,0
Zone 5,3234,Chennai Ashok Pillar,Active,20,225707,0,0
Zone 5,3234,Chennai Bullionaires,Active,38,227555,1,0
Zone 5,3234,Chennai Classic,Active,14,224322,0,0
Zone 5,3234,Chennai Coastal,Active,46,74665,1,0
Zone 5,3234,Chennai Evergreen,Active,63,89911,0,0
Zone 5,3234,Chennai Galaxy,Active,60,61151,2,0
Zone 5,3234,Chennai Hallmark,Active,38,89797,1,0
Zone 5,3234,Chennai Kotturpuram,Active,37,90319,0,0
Zone 5,3234,Chennai Legacy,Active,31,90112,0,0
Zone 5,3234,Chennai Legends,Active,58,90506,3,0
Zone 5,3234,Chennai Melody,Active,27,225589,0,0
Zone 5,3234,Chennai Mid City,Active,54,50341,0,0
Zone 5,3234,Chennai Millennium,Active,17,223394,0,0
Zone 5,3234,Chennai Nandavanam,Active,27,223220,0,0
Zone 5,3234,Chennai Poes Garden,Active,31,223294,0,0
Zone 5,3234,Chennai Premier,Active,122,225847,3,0
Zone 5,3234,Chennai Sapphires,Active,16,225612,0,0
Zone 5,3234,Chennai Sea View,Active,11,223373,1,0
Zone 5,3234,Chennai Serenity,Active,41,88708,0,0
Zone 5,3234,Chennai Sun City,Active,30,82876,0,0
Zone 5,3234,Chennai Symphony,Active,41,89888,0,0
Zone 5,3234,Chennai Trailblazers,Active,27,227756,0,0
Zone 5,3234,Chennai Triumph,Active,26,223169,0,0
Zone 5,3234,Chennai Vikas,Active,12,223542,0,0
Zone 5,3234,Chennai Visai,Active,23,226948,0,0
Zone 5,3234,Global Nexus,Active,25,226904,0,0
Zone 5,3234,Gummidipoondi Industrial City,Active,50,76044,1,0
Zone 5,3234,Madras Besant Nagar,Active,27,50271,0,0
Zone 5,3234,Madras Gold Coast Animal Lovers,Active,15,227829,0,0
Zone 5,3234,Madras Magnum,Active,43,85531,0,0
Zone 5,3234,Madras Mylapore Uptown,Active,20,25517,0,0
Zone 5,3234,Madras Nungambakkam,Active,22,31325,1,0
Zone 5,3234,Madras Sunshine,Active,53,227875,0,0
Zone 5,3234,Madras Traditional,Active,21,88467,0,0
Zone 6,3240,Aizawl,Active,32,28959,0,0
Zone 6,3240,Alipurduar,Active,15,228092,0,0
Zone 6,3240,Asansol,Active,47,16143,1,0
Zone 6,3240,Asansol Green City,Active,18,88268,0,0
Zone 6,3240,Asansol Royal Bengal,Active,14,90664,0,0
Zone 6,3240,Aspiring Agartala,Active,32,226494,1,0
Zone 6,3240,Balurghat Atreyee Greater,Active,20,88836,0,0
Zone 6,3240,Borderland Karimganj,Active,33,87417,0,0
Zone 6,3240,Cherry Blossom Shillong,Active,14,222665,0,0
Zone 6,3240,Dharmanagar,Active,29,68640,1,0
Zone 6,3240,Dibrugarh,Active,45,16162,1,0
Zone 6,3240,Doom Dooma,Active,20,16164,0,0
Zone 6,3240,Gangarampur,Active,15,52182,0,0
Zone 6,3240,Gangtok,Active,38,16168,1,0
Zone 6,3240,Gauhati West,Active,43,21410,1,0
Zone 6,3240,Gazole,Active,25,53819,0,0
Zone 6,3240,Golaghat Elegance,Active,26,225179,0,0
Zone 6,3240,Gour Banga,Active,23,84941,0,0
Zone 6,3240,Green Land Silchar,Active,51,86489,3,0
Zone 6,3240,Guskara,Active,18,59627,0,0
Zone 6,3240,Guwahati,Active,55,16170,0,0
Zone 6,3240,Guwahati Icons,Active,38,223551,0,0
Zone 6,3240,Guwahati Metro,Active,41,87225,1,0
Zone 6,3240,Guwahati Smart City,Active,10,89500,0,0
Zone 6,3240,Hailakandi,Active,18,68058,0,0
Zone 6,3240,Imphal,Active,113,16174,1,0
Zone 6,3240,Jalpaiguri,Active,25,16176,0,0
Zone 6,3240,Jowai,Active,21,30548,0,0
Zone 6,3240,Karala Valley Jalpaiguri,Active,38,88120,0,0
Zone 6,3240,Karimganj,Active,29,55858,0,0
Zone 6,3240,Kohima,Active,27,63455,0,0
Zone 6,3240,Kulti,Active,6,87415,0,0
Zone 6,3240,Kurseong,Active,16,52282,0,0
Zone 6,3240,Malda,Active,30,23460,0,0
Zone 6,3240,Mango City Malda,Active,25,73486,0,0
Zone 6,3240,Mokokchung,Active,20,16184,0,0
Zone 6,3240,Nagaon,Active,52,58465,0,0
Zone 6,3240,Northeast Catalyst,Active,17,227869,1,0
Zone 6,3240,Raiganj,Active,39,61981,0,0
Zone 6,3240,Raniganj,Active,46,16190,1,0
Zone 6,3240,Shillong Highlands,Active,13,227412,0,0
Zone 6,3240,Shree Bhumi Agartala,Active,17,228136,0,0
Zone 6,3240,Sibsagar,Active,35,31199,0,0
Zone 6,3240,Silchar,Active,89,30865,6,0
Zone 6,3240,Siliguri Central,Active,21,87487,0,0
Zone 6,3240,Siliguri Metropolitan,Active,45,89723,0,0
Zone 6,3240,Siliguri Umeed,Active,14,226430,0,0
Zone 6,3240,Siliguri Uttorayon,Active,66,86130,0,0
Zone 6,3240,Siliguri Uttorayon Believers,Active,34,222256,0,0
Zone 6,3240,Tagore Land,Active,31,73400,0,0
Zone 6,3240,Teliamura,Active,6,222792,0,0
Zone 6,3240,Unakoti,Active,10,222416,0,0
Zone 6,3250,Amrapali Muzaffarpur,Active,50,82720,1,0
Zone 6,3250,Arrah,Active,35,15987,0,0
Zone 6,3250,Aurangabad,Active,20,71755,0,0
Zone 6,3250,Begusarai,Active,71,23304,0,0
Zone 6,3250,Bhagalpur,Active,77,16000,0,0
Zone 6,3250,Bhurkunda,Active,17,58456,0,0
Zone 6,3250,Biharsharif,Active,41,16004,0,0
Zone 6,3250,Bodh Gaya,Active,22,53740,0,0
Zone 6,3250,Bodhgaya Regency,Active,15,90512,0,0
Zone 6,3250,Bokaro Midtown Couples,Active,44,86086,0,0
Zone 6,3250,Chaibassa,Active,61,16009,1,0
Zone 6,3250,Chakia,Active,17,86785,0,0
Zone 6,3250,Chanakya Pride,Active,44,224309,0,0
Zone 6,3250,Chapra,Active,14,16010,0,0
Zone 6,3250,Daltonganj,Active,25,16014,0,0
Zone 6,3250,Damodar Valley,Active,18,52371,0,0
Zone 6,3250,Darbhanga,Active,45,16016,0,0
Zone 6,3250,Darbhanga City,Active,22,227410,0,0
Zone 6,3250,Darbhanga Mid Town,Active,34,87455,1,0
Zone 6,3250,Darbhanga Vidyapati,Active,16,89528,0,0
Zone 6,3250,Deoghar,Active,39,16017,0,0
Zone 6,3250,Dhanbad,Active,103,16018,1,0
Zone 6,3250,Dhanbad Central,Active,111,86232,0,0
Zone 6,3250,Dhanbad Midtown,Active,20,86337,1,0
Zone 6,3250,Dhanbad North,Active,17,89600,0,0
Zone 6,3250,Dhanbad South,Active,21,16019,0,0
Zone 6,3250,E-club of Nex Gen Global,Active,15,227996,0,0
Zone 6,3250,Gardanibagh Patna,Active,4,223175,0,0
Zone 6,3250,Garhwa Uday,Active,13,223151,0,0
Zone 6,3250,Gaya,Active,53,16021,0,0
Zone 6,3250,Giridih,Active,78,16023,1,0
Zone 6,3250,Giridih Couple,Active,48,86277,0,0
Zone 6,3250,Giridih Greater,Active,39,61425,0,0
Zone 6,3250,Giridih Nexgen,Active,21,227351,0,0
Zone 6,3250,Gopalganj City,Active,15,223147,0,0
Zone 6,3250,Gumla,Active,24,84096,0,0
Zone 6,3250,Jamshedpur NextGen,Active,9,226487,0,0
Zone 6,3250,Lakhisarai,Active,25,83152,0,0
Zone 6,3250,Licchavi Muzaffarpur,Active,26,78036,0,0
Zone 6,3250,Madhepura,Active,19,89894,0,0
Zone 6,3250,Madhubani Millennium,Active,20,226312,0,0
Zone 6,3250,Madhupur,Active,24,60045,0,0
Zone 6,3250,Magadh Gaya,Active,8,53736,0,0
Zone 6,3250,Manpur,Active,20,86306,0,0
Zone 6,3250,Mithila,Active,9,63195,0,0
Zone 6,3250,Motihari Lake Town,Active,52,61980,0,0
Zone 6,3250,Munger City,Active,17,79704,0,0
Zone 6,3250,Muzaffarpur Anjuman,Active,12,88550,0,0
Zone 6,3250,Muzaffarpur City,Active,7,86314,0,0
Zone 6,3250,Muzaffarpur Galaxy,Active,11,225885,0,0
Zone 6,3250,Muzaffarpur Yugal,Active,14,86974,0,0
Zone 6,3250,Narayana Jamuhar,Active,21,225620,0,0
Zone 6,3250,Narkatiyaganj,Active,14,87371,1,0
Zone 6,3250,Nawada,Active,51,55523,0,0
Zone 6,3250,Nawada Rajshree,Active,18,227057,0,0
Zone 6,3250,Pataliputra,Active,90,16051,0,0
Zone 6,3250,Patliputra Advika,Active,10,226357,0,0
Zone 6,3250,Patna Airport,Active,17,225522,0,0
Zone 6,3250,Patna City Samrat,Active,77,83355,0,0
Zone 6,3250,Patna Harmony,Active,15,227269,0,0
Zone 6,3250,Patna Mahanagar,Active,5,70897,0,0
Zone 6,3250,Patna Maurya,Active,11,56033,0,0
Zone 6,3250,Patna Mid-Town,Active,63,16053,2,0
Zone 6,3250,Patna Netrava,Active,26,227124,0,0
Zone 6,3250,Patna South,Active,35,16054,0,0
Zone 6,3250,Patna Vibrant,Active,20,228194,0,0
Zone 6,3250,Patna West,Active,13,50615,0,0
Zone 6,3250,Purnea,Active,23,79659,0,0
Zone 6,3250,Ramgarh,Active,45,16062,0,0
Zone 6,3250,Ramgarh Central,Active,68,83684,0,0
Zone 6,3250,Ranchi Mid Town,Active,24,61857,1,0
Zone 6,3250,Ranchi Nexgen,Active,13,227169,0,0
Zone 6,3250,Ranchi North,Active,30,22079,0,0
Zone 6,3250,Ranchi West,Active,19,226908,0,0
Zone 6,3250,Samastipur City,Active,18,87632,0,0
Zone 6,3250,Sankalp Siwan,Active,7,223297,0,0
Zone 6,3250,Saran,Active,26,67494,1,0
Zone 6,3250,Sasaram,Active,18,55032,0,0
Zone 6,3250,Sitamarhi Sitapuram,Active,25,227963,0,0
Zone 6,3250,Siwan Deshratna,Active,7,223282,0,0
Zone 6,3250,Supaul,Active,42,223059,0,0
Zone 6,3250,Tirhut,Active,12,224681,0,0
Zone 6,3250,Urevela,Active,48,55875,0,0
Zone 6,3250,Vasundhara Patna,Active,7,225523,0,0
Zone 6,3250,Vikramshila,Active,12,85211,0,0
Zone 6,3250,Vikramshila Pink,Active,21,88782,0,0
Zone 6,3261,Anuppur Greater,Active,9,225250,0,0
Zone 6,3261,Balaghat Royal,Active,23,226217,0,0
Zone 6,3261,Balaghat Tigers,Active,42,88716,1,0
Zone 6,3261,Balangir,Active,19,15989,0,0
Zone 6,3261,Balangir Central,Active,38,81321,0,0
Zone 6,3261,Bhilai Central,Active,5,225218,0,0
Zone 6,3261,Bhilai Genius,Active,7,221880,0,0
Zone 6,3261,Bhilai Pinnacle,Active,158,90428,0,0
Zone 6,3261,Bhilai Stars,Active,10,225316,0,0
Zone 6,3261,Bhilai Steel City,Active,11,79656,0,0
Zone 6,3261,Bilaspur Green,Active,14,227334,0,0
Zone 6,3261,Bilaspur Mid-Town,Active,69,29995,1,0
Zone 6,3261,Damoh Greater,Active,14,57057,0,0
Zone 6,3261,Dhamtari,Active,38,23634,0,0
Zone 6,3261,Durg,Active,15,22526,0,0
Zone 6,3261,E-club of Bilaspur United,Active,36,89254,1,0
Zone 6,3261,Elite Balangir,Active,36,84465,0,0
Zone 6,3261,Gadarwara,Active,24,82810,0,0
Zone 6,3261,Jabalipuram Jabalpur,Active,13,82359,0,0
Zone 6,3261,Jabalpur,Active,63,16026,0,0
Zone 6,3261,Jabalpur East,Active,7,31380,0,0
Zone 6,3261,Jabalpur Excellence,Active,13,63174,0,0
Zone 6,3261,Jabalpur Friends,Active,6,225321,0,0
Zone 6,3261,Jabalpur Greater,Active,37,51262,0,0
Zone 6,3261,Jabalpur Jalsa,Active,15,228232,0,0
Zone 6,3261,Jabalpur Premier,Active,18,223004,0,0
Zone 6,3261,Jabalpur Sanskardhani,Active,19,56273,0,0
Zone 6,3261,Jabalpur South,Active,88,28260,3,0
Zone 6,3261,Jabalpur Star,Active,7,224930,0,0
Zone 6,3261,Jabalpur Sunshine,Active,8,223202,0,0
Zone 6,3261,Jabalpur West,Active,15,16028,2,0
Zone 6,3261,Jharsuguda City,Active,26,226333,0,0
Zone 6,3261,Jharsuguda Green,Active,43,223262,0,0
Zone 6,3261,Kharsia City,Active,31,85762,0,0
Zone 6,3261,Korba,Active,68,16044,0,0
Zone 6,3261,Mandla Maikal,Active,14,82874,0,0
Zone 6,3261,Nainpur Junction,Active,11,86501,0,0
Zone 6,3261,Narsinghpur City,Active,22,82821,0,0
Zone 6,3261,Raigarh Greater,Active,15,84402,0,0
Zone 6,3261,Raigarh Royale,Active,53,91050,0,0
Zone 6,3261,Raigarh Steel City,Active,65,73878,0,0
Zone 6,3261,Raipur Capital,Active,25,53974,0,0
Zone 6,3261,Raipur Cosmo Divas,Active,72,224601,0,0
Zone 6,3261,Raipur Cosmopolitan,Active,100,31591,0,0
Zone 6,3261,Raipur East,Active,23,23298,0,0
Zone 6,3261,Raipur Excellence,Active,15,228208,0,0
Zone 6,3261,Raipur Friends,Active,4,226245,0,0
Zone 6,3261,Raipur Heritage,Active,10,77128,0,0
Zone 6,3261,Raipur Infinity,Active,26,227593,0,0
Zone 6,3261,Raipur Mid Town,Active,17,16060,0,0
Zone 6,3261,Raipur Millennium,Active,9,53209,0,0
Zone 6,3261,Raipur North,Active,22,29470,0,0
Zone 6,3261,Raipur Supreme,Active,17,227547,0,0
Zone 6,3261,Raipur West,Active,37,22613,0,0
Zone 6,3261,Raipur Wonders,Active,3,226244,0,0
Zone 6,3261,Rourkela Marvels,Active,26,226139,0,0
Zone 6,3261,Rourkela Mid-Town,Active,43,16066,1,0
Zone 6,3261,Rourkela Royal,Active,54,83745,0,0
Zone 6,3261,Rourkela Smart City,Active,7,221893,0,0
Zone 6,3261,Rourkela Superstars,Active,8,225306,0,0
Zone 6,3261,Rourkela Vibrant,Active,25,225035,1,0
Zone 6,3261,Sambalpur Central,Active,39,28963,0,0
Zone 6,3261,Sambalpur City,Active,16,86696,0,0
Zone 6,3261,Sambalpur Royals,Active,16,228125,0,0
Zone 6,3261,Sambalpur West,Active,44,50378,0,0
Zone 6,3261,Seoni Greater,Active,3,225243,0,0
Zone 6,3261,Shahdol,Active,39,84450,0,0
Zone 6,3261,Sundargarh Town,Active,40,50379,0,0
Zone 6,3261,Titilagarh,Active,13,16072,0,0
Zone 6,3261,Veerbhumi Sambalpur,Active,7,89708,0,0
Zone 6,3261,Wainganga Balaghat,Active,39,64354,0,0
Zone 6,3261,Wainganga Balaghat Divas,Active,18,223073,0,0
Zone 6,3262,Anandapur,Active,19,225748,0,0
Zone 6,3262,Angul Royal,Active,42,89343,1,0
Zone 6,3262,Athagarh,Active,17,225961,0,0
Zone 6,3262,Balasore Central,Active,22,89040,0,0
Zone 6,3262,Balasore-On-Sea,Active,45,74144,1,0
Zone 6,3262,Balasore Unity,Active,16,227252,0,0
Zone 6,3262,Baliapal,Active,27,88493,0,0
Zone 6,3262,Banpur-Balugaon,Active,42,26039,0,0
Zone 6,3262,Barbil,Active,41,88232,0,0
Zone 6,3262,Baripada Mayur,Active,13,226387,0,0
Zone 6,3262,Basudevpur,Active,6,222364,0,0
Zone 6,3262,Berhampur Central,Active,64,57868,2,0
Zone 6,3262,Berhampur Silk City,Active,10,52971,0,0
Zone 6,3262,Betnoti,Active,14,88693,0,0
Zone 6,3262,Bhandaripokhari,Active,4,224179,0,0
Zone 6,3262,Bhograi New Vision,Active,10,225916,0,0
Zone 6,3262,Bhubaneswar Amity,Active,17,222281,0,0
Zone 6,3262,Bhubaneswar Angela,Active,16,223166,0,0
Zone 6,3262,Bhubaneswar Centennial,Active,42,67255,0,0
Zone 6,3262,Bhubaneswar Confluence,Active,56,80091,0,0
Zone 6,3262,Bhubaneswar Eco,Active,31,222468,1,0
Zone 6,3262,Bhubaneswar Elite,Active,39,58343,0,0
Zone 6,3262,Bhubaneswar Excellence,Active,39,85377,1,0
Zone 6,3262,Bhubaneswar Friends,Active,15,84183,1,0
Zone 6,3262,Bhubaneswar Galaxy,Active,18,223018,0,0
Zone 6,3262,Bhubaneswar Harmony,Active,20,223039,1,0
Zone 6,3262,Bhubaneswar Kalinga,Active,35,84140,0,0
Zone 6,3262,Bhubaneswar Maitree,Active,9,226914,0,0
Zone 6,3262,Bhubaneswar North,Active,35,27452,2,0
Zone 6,3262,Bhubaneswar Phoenix,Active,13,226469,0,0
Zone 6,3262,Bhubaneswar Premium,Active,15,228014,0,0
Zone 6,3262,Bhubaneswar Sunrise,Active,38,224893,0,0
Zone 6,3262,Bhubaneswar Unique,Active,40,90557,0,0
Zone 6,3262,Bhubaneswar Utkal,Active,6,90630,3,0
Zone 6,3262,Biraja Kshetra,Active,22,91232,0,0
Zone 6,3262,Brahmapur Creative,Active,12,227340,0,0
Zone 6,3262,Brahmapur Innovative,Active,39,222237,1,0
Zone 6,3262,Chatrapur-Ganjam,Active,17,79912,0,0
Zone 6,3262,Chilika-Balugaon,Active,21,87757,1,0
Zone 6,3262,Choudwar,Active,25,56058,0,0
Zone 6,3262,Cuttack,Active,115,16012,2,0
Zone 6,3262,Cuttack Abhinav,Active,23,88013,1,0
Zone 6,3262,Cuttack Barabati,Active,36,71957,1,0
Zone 6,3262,Cuttack Greenfield,Active,26,77991,0,0
Zone 6,3262,Cuttack Mahanadi,Active,19,86603,0,0
Zone 6,3262,Cuttack Mahanagar,Active,34,89351,1,0
Zone 6,3262,Cuttack Sunshine,Active,16,227740,0,0
Zone 6,3262,Dhenkanal,Active,40,16020,1,0
Zone 6,3262,E-Club of District 3262,Active,38,87653,2,0
Zone 6,3262,E-Club of Mahodadhi,Active,29,223409,0,0
Zone 6,3262,Gopalpur-On-Sea,Active,10,86065,0,0
Zone 6,3262,Jagatsinghpur,Active,13,25397,0,0
Zone 6,3262,Jajpur,Active,17,30113,0,0
Zone 6,3262,Jaraka,Active,31,84819,0,0
Zone 6,3262,Jatni,Active,28,16033,1,0
Zone 6,3262,Joda,Active,40,67975,0,0
Zone 6,3262,Kalinga Nagar,Active,29,86063,1,0
Zone 6,3262,Kendujhar Green,Active,10,88670,0,0
Zone 6,3262,Khandagiri,Active,16,224218,0,0
Zone 6,3262,Khurda,Active,28,16041,1,0
Zone 6,3262,Malkangiri,Active,17,87420,0,0
Zone 6,3262,Midtown Bhadrak,Active,41,68915,0,0
Zone 6,3262,Muniguda Royal,Active,11,87880,0,0
Zone 6,3262,Nayagarh Excellency,Active,20,226557,0,0
Zone 6,3262,Paradip,Active,27,53714,0,0
Zone 6,3262,Puri,Active,55,16056,0,0
Zone 6,3262,Puri Midtown,Active,10,224886,0,0
Zone 6,3262,Puri Sagar,Active,20,90395,0,0
Zone 6,3262,"Rajdhani, Bhubaneswar",Active,24,223451,1,0
Zone 6,3262,Saswata Balasore,Active,31,87039,0,0
Zone 6,3262,Shri Jagannath Dham,Active,67,55874,0,0
Zone 6,3262,Smart City Bhubaneswar,Active,6,223224,0,0
Zone 6,3262,Srikshetra Puri,Active,14,84844,0,0
Zone 6,3262,Talcher,Active,31,223268,0,0
Zone 6,3291,Aadhunik Kolkata,Active,11,224463,0,0
Zone 6,3291,Aarohee Calcutta,Active,18,222305,0,0
Zone 6,3291,Ankuran Kolkata,Active,11,225841,0,0
Zone 6,3291,Arunoday Howrah,Active,14,223562,0,0
Zone 6,3291,Ballygunge,Active,28,16145,0,0
Zone 6,3291,Ballygunge Uptown,Active,14,86748,0,0
Zone 6,3291,Barrackpore,Active,23,16147,0,0
Zone 6,3291,Belvedere Gardens Calcutta,Active,14,31255,0,0
Zone 6,3291,Bengal Presidency,Active,9,224598,0,0
Zone 6,3291,Bidhannagar,Active,29,60877,0,0
Zone 6,3291,Calcutta Acropolis,Active,18,90657,0,0
Zone 6,3291,Calcutta Amory,Active,18,223498,0,0
Zone 6,3291,Calcutta Camaraderie,Active,6,90658,0,0
Zone 6,3291,Calcutta Changemakers,Active,18,227528,0,0
Zone 6,3291,Calcutta Dalhousie,Active,24,64914,0,0
Zone 6,3291,Calcutta Down Town,Active,6,16154,0,0
Zone 6,3291,Calcutta East Central,Active,16,31146,0,0
Zone 6,3291,Calcutta Elite,Active,19,226389,0,0
Zone 6,3291,Calcutta Harmony,Active,10,85514,0,0
Zone 6,3291,Calcutta Laketown,Active,9,62884,0,0
Zone 6,3291,Calcutta Lansdowne,Active,12,30033,0,0
Zone 6,3291,Calcutta Magnum,Active,13,73242,0,0
Zone 6,3291,Calcutta Marvel,Active,15,227917,0,0
Zone 6,3291,Calcutta Mega City,Active,33,63155,0,0
Zone 6,3291,Calcutta Metro City,Active,23,30869,0,0
Zone 6,3291,Calcutta Metropolitan Harmony,Active,16,228121,0,0
Zone 6,3291,Calcutta Metro South,Active,16,28107,0,0
Zone 6,3291,Calcutta Mid South,Active,17,29325,0,0
Zone 6,3291,Calcutta Midtown,Active,51,16155,0,0
Zone 6,3291,Calcutta Mid West,Active,12,16156,0,0
Zone 6,3291,Calcutta Millennium,Active,16,87557,0,0
Zone 6,3291,Calcutta Nabodiganta,Active,12,80413,0,0
Zone 6,3291,Calcutta New Alipore,Active,15,28922,0,0
Zone 6,3291,Calcutta New Town,Active,23,53568,0,0
Zone 6,3291,Calcutta Pointers,Active,42,223406,0,0
Zone 6,3291,Calcutta South City,Active,32,29914,0,0
Zone 6,3291,Calcutta Southeast,Active,12,16157,0,0
Zone 6,3291,Calcutta South Extension,Active,14,55996,0,0
Zone 6,3291,Calcutta South Suburban,Active,16,30169,0,0
Zone 6,3291,Calcutta South West,Active,41,16197,0,0
Zone 6,3291,Calcutta Sunderban,Active,11,226375,0,0
Zone 6,3291,Calcutta Uniworld City,Active,12,223145,0,0
Zone 6,3291,Calcutta West Ridge,Active,22,27153,0,0
Zone 6,3291,Central Gardens Calcutta,Active,13,53865,0,0
Zone 6,3291,Chandan Nagar,Active,24,16158,0,0
Zone 6,3291,Contai,Active,40,24383,0,0
Zone 6,3291,Cossipore,Active,17,16160,0,0
Zone 6,3291,Dakshin Barasat,Active,12,55938,0,0
Zone 6,3291,Domkal Murshidabad,Active,22,81323,0,0
Zone 6,3291,East Calcutta,Active,34,16167,0,0
Zone 6,3291,Ganga Heritage,Active,10,56002,0,0
Zone 6,3291,Greater Calcutta,Active,18,58471,0,0
Zone 6,3291,Haldia,Active,16,22851,0,0
Zone 6,3291,Hooghly,Active,27,16172,0,0
Zone 6,3291,Howrah Gangadharpur,Active,9,76581,0,0
Zone 6,3291,Humanity Kolkata,Active,16,225832,0,0
Zone 6,3291,Jhargram Green,Active,10,58342,0,0
Zone 6,3291,Jodhpur Gardens Calcutta,Active,16,30122,0,0
Zone 6,3291,Joka,Active,6,16178,0,0
Zone 6,3291,Kabitirtha-Calcutta,Active,27,30920,0,0
Zone 6,3291,Kalyani Spandan,Active,9,227737,0,0
Zone 6,3291,Kharagpur,Active,8,16181,0,0
Zone 6,3291,Kolkata Benevolence,Active,37,222538,0,0
Zone 6,3291,Kolkata Galaxy,Active,5,222302,0,0
Zone 6,3291,Kolkata Lakes,Active,17,225875,0,0
Zone 6,3291,Kolkata Subhash Sarovar,Active,18,224172,0,0
Zone 6,3291,Kolkata Synergy,Active,18,228018,0,0
Zone 6,3291,Kolkata Temple City,Active,14,90396,0,0
Zone 6,3291,Kolkata Urbana,Active,24,222016,0,0
Zone 6,3291,Krishnanagar Riddhi,Active,16,227139,0,0
Zone 6,3291,Manbhum,Active,42,227232,0,0
Zone 6,3291,Midnapore,Active,24,16183,0,0
Zone 6,3291,North Calcutta,Active,19,16186,0,0
Zone 6,3291,Port Blair NextGen,Active,28,223161,0,0
Zone 6,3291,Purulia,Active,90,16189,0,0
Zone 6,3291,Rabindra Sarobar,Active,22,29776,0,0
Zone 6,3291,Salt Lake Central,Active,27,30032,0,0
Zone 6,3291,Salt Lake Down Town,Active,25,23958,0,0
Zone 6,3291,Salt Lake Mid Town,Active,12,23959,0,0
Zone 6,3291,Salt Lake Silicon Valley,Active,24,90507,0,0
Zone 6,3291,Sonargaon Kolkata,Active,11,89646,0,0
Zone 6,3291,Sonarpur,Active,22,23960,0,0
Zone 6,3291,South Calcutta,Active,23,16196,0,0
Zone 6,3291,Sundarban,Active,13,23172,0,0
Zone 6,3292,Samdrup Paro,Active,16,227868,0,0
Zone 6,3292,Thimphu,Active,21,84427,0,0
Zone 6,3292,Baglung,Active,45,74282,1,0
Zone 6,3292,Bajra Manasalu Gorkha,Active,29,88042,1,0
Zone 6,3292,Bardibas,Active,43,88281,1,0
Zone 6,3292,Bhadgaon,Active,62,85919,1,0
Zone 6,3292,Biratnagar Central,Active,27,87222,1,0
Zone 6,3292,Biratnagar Gemini,Active,20,228205,0,0
Zone 6,3292,Biratnagar Mid Town,Active,36,56012,0,0
Zone 6,3292,Birtamode,Active,35,83243,1,0
Zone 6,3292,Boudha,Active,18,90233,0,0
Zone 6,3292,Budhanilkantha,Active,22,64061,1,0
Zone 6,3292,Burtibang Dhorpatan,Active,12,90184,0,0
Zone 6,3292,Capital Butwal,Active,27,221964,0,0
Zone 6,3292,Central Banke,Active,26,222032,0,0
Zone 6,3292,Central Kapilvastu,Active,22,223422,0,0
Zone 6,3292,Central Lumbini,Active,31,88035,4,0
Zone 6,3292,Chandragiri,Active,21,80893,2,0
Zone 6,3292,Charumati Kathmandu,Active,12,60815,1,0
Zone 6,3292,Damak,Active,52,84190,1,0
Zone 6,3292,Damauli,Active,34,53984,2,0
Zone 6,3292,Dang,Active,34,83999,1,0
Zone 6,3292,Dhading,Active,31,87325,1,0
Zone 6,3292,Dharan,Active,55,22892,1,0
Zone 6,3292,Dhulikhel Shikhalapur,Active,14,226059,0,0
Zone 6,3292,Durbarmarg,Active,24,83172,1,0
Zone 6,3292,E-Club of Medicofusion Hybrid Nepal,Active,42,221981,0,0
Zone 6,3292,E-Club of Namobuddha,Active,18,226271,0,0
Zone 6,3292,Gaidakot,Active,38,88552,1,0
Zone 6,3292,"Gandaki, Pokhara",Active,14,225051,0,0
Zone 6,3292,Gokarneshwor,Active,17,224871,1,0
Zone 6,3292,Gongabu,Active,22,87762,1,0
Zone 6,3292,Gorkha,Active,32,60435,0,0
Zone 6,3292,Greenland Kathmandu,Active,32,222560,0,0
Zone 6,3292,Hetauda,Active,46,28748,1,0
Zone 6,3292,Himalayan Golfers,Active,52,224581,1,0
Zone 6,3292,Himalaya Patan,Active,27,63381,1,0
Zone 6,3292,Ilam,Active,10,224522,0,0
Zone 6,3292,Itahari Yugal,Active,19,223568,0,0
Zone 6,3292,Jawalakhel,Active,32,62759,2,0
Zone 6,3292,Kakarvitta,Active,28,82923,1,0
Zone 6,3292,Kamaladi Kathmandu,Active,24,225928,1,0
Zone 6,3292,Kapan,Active,19,88043,0,0
Zone 6,3292,Kathmandu Heritage,Active,38,225897,0,0
Zone 6,3292,Kathmandu Kalanki,Active,14,91092,2,0
Zone 6,3292,Kathmandu Metro,Active,36,64060,2,0
Zone 6,3292,Kathmandu North,Active,34,29915,4,0
Zone 6,3292,Kathmandu North East,Active,29,63859,1,0
Zone 6,3292,Kathmandu West,Active,44,56015,1,0
Zone 6,3292,Kawasoti,Active,29,89526,1,0
Zone 6,3292,Kirtipur,Active,28,91249,2,0
Zone 6,3292,Kopundol,Active,25,56013,1,0
Zone 6,3292,Lahan,Active,17,90894,0,0
Zone 6,3292,Lamahi,Active,24,90717,1,0
Zone 6,3292,Lamjung,Active,14,71663,1,0
Zone 6,3292,Lekhnath,Active,21,83560,1,0
Zone 6,3292,Lumbini,Active,19,225133,0,0
Zone 6,3292,Lumbini Stars,Active,16,90503,1,0
Zone 6,3292,Makawanpur,Active,39,86741,1,0
Zone 6,3292,Manigram,Active,18,88039,1,0
Zone 6,3292,Nagarjun,Active,35,64357,2,0
Zone 6,3292,Nawalparasi,Active,23,221930,0,0
Zone 6,3292,Nawalpur Kawasoti,Active,13,89317,1,0
Zone 6,3292,Naxal Shakti,Active,22,224183,1,0
Zone 6,3292,Nepal Mandal Kathmandu,Active,20,228139,1,0
Zone 6,3292,New Road City Kathmandu,Active,44,65321,1,0
Zone 6,3292,Nyatapola,Active,24,221922,0,0
Zone 6,3292,Palpa Lumbini,Active,37,89336,2,0
Zone 6,3292,Palpa Tansen,Active,26,56014,1,0
Zone 6,3292,Parbat,Active,35,83175,2,0
Zone 6,3292,Patan Durbar Square,Active,21,62761,1,0
Zone 6,3292,Patan East,Active,21,222217,0,0
Zone 6,3292,Pokhara Capital,Active,20,226212,0,0
Zone 6,3292,Pokhara Paradise,Active,22,225032,0,0
Zone 6,3292,Pokhara Valley,Active,38,226771,0,0
Zone 6,3292,Purbi Chitwan,Active,32,222611,0,0
Zone 6,3292,Rajdhani,Active,31,60167,1,0
Zone 6,3292,Rampur,Active,19,222151,0,0
Zone 6,3292,Rapti,Active,25,225137,0,0
Zone 6,3292,Resunga Gulmi,Active,19,225457,0,0
Zone 6,3292,Sainbu Bhainsepati,Active,21,82616,1,0
Zone 6,3292,Solukhumbu,Active,16,224543,0,0
Zone 6,3292,Surunga,Active,26,89425,1,0
Zone 6,3292,Tinau Butwal,Active,33,88151,1,0
Zone 6,3292,Tinkune Kathmandu,Active,17,226462,1,0
Zone 6,3292,Tripureswor,Active,61,60878,1,0
Zone 6,3292,Tulsipur City,Active,33,76761,1,0
Zone 6,3292,Urlabari,Active,13,87238,1,0
Zone 6,3292,Vision Kathmandu,Active,42,227143,1,0
Zone 6,3292,Waling,Active,13,87245,1,0